# Created by FreeCAD <https://www.freecad.org>
v 21.742250 22.328953 2.000000
v 38.293190 33.053795 2.000000
v 35.393021 36.142162 2.000000
v 32.244595 38.977016 2.000000
v 23.992498 19.891396 2.000000
v 40.924763 29.733580 2.000000
v 19.245653 24.513514 2.000000
v 28.869995 41.538479 2.000000
v 25.970901 17.228460 2.000000
v 43.269276 26.204803 2.000000
v 16.530996 26.420328 2.000000
v 25.292892 43.808575 2.000000
v 27.655045 14.370320 2.000000
v 45.310284 22.492220 2.000000
v 13.629036 28.027788 2.000000
v 21.538380 45.771389 2.000000
v 29.025845 11.349359 2.000000
v 48.426758 14.620901 2.000000
v 47.033474 18.621870 2.000000
v 10.572653 29.317684 2.000000
v 17.632792 47.413147 2.000000
v 13.603520 48.722336 2.000000
v 30.067770 8.199804 2.000000
v 49.480366 10.517376 2.000000
v 7.396478 30.275396 2.000000
v 9.478831 49.689774 2.000000
v 30.769016 4.957342 2.000000
v 50.186901 6.340080 2.000000
v 4.136498 30.890078 2.000000
v 5.287654 50.308674 2.000000
v 31.121635 1.658712 2.000000
v 50.541412 2.118313 2.000000
v 0.829650 31.154762 2.000000
v 1.059389 50.574692 2.000000
v -3.176308 50.485966 2.000000
v 31.121635 -1.658712 2.000000
v 50.186901 -6.340080 2.000000
v 50.541412 -2.118313 2.000000
v -2.486598 31.066452 2.000000
v -7.389725 50.043118 2.000000
v 30.769016 -4.957342 2.000000
v 49.480366 -10.517376 2.000000
v -5.774673 30.626144 2.000000
v -11.551309 49.249256 2.000000
v 30.067770 -8.199804 2.000000
v 48.426758 -14.620901 2.000000
v -8.997317 29.838831 2.000000
v -15.631867 48.109943 2.000000
v 29.025845 -11.349359 2.000000
v 45.310284 -22.492220 2.000000
v 47.033474 -18.621870 2.000000
v -12.118019 28.713432 2.000000
v -19.602781 46.633171 2.000000
v -23.436193 44.829304 2.000000
v 27.655045 -14.370320 2.000000
v 43.269276 -26.204803 2.000000
v -15.101419 27.262697 2.000000
v -27.105219 42.710991 2.000000
v 25.970901 -17.228460 2.000000
v 40.924763 -29.733580 2.000000
v -17.913713 25.503067 2.000000
v -30.584122 40.293091 2.000000
v 23.992498 -19.891396 2.000000
v 38.293190 -33.053795 2.000000
v -20.523039 23.454475 2.000000
v -33.848499 37.592564 2.000000
v 21.742250 -22.328953 2.000000
v 35.393021 -36.142162 2.000000
v -22.899830 21.140137 2.000000
v -36.875450 34.628353 2.000000
v 32.244595 -38.977016 2.000000
v 19.245653 -24.513514 2.000000
v -39.643749 31.421249 2.000000
v -25.017157 18.586269 2.000000
v 28.869995 -41.538479 2.000000
v 16.530996 -26.420328 2.000000
v -42.133976 27.993746 2.000000
v -26.851028 15.821815 2.000000
v 25.292892 -43.808575 2.000000
v 13.629036 -28.027788 2.000000
v -44.328663 24.369888 2.000000
v -28.380669 12.878092 2.000000
v 21.538380 -45.771389 2.000000
v 10.572653 -29.317684 2.000000
v -46.212414 20.575092 2.000000
v 17.632792 -47.413147 2.000000
v -47.772022 16.635979 2.000000
v -29.588743 9.788454 2.000000
v 13.603520 -48.722336 2.000000
v 7.396478 -30.275396 2.000000
v -48.996540 12.580173 2.000000
v -30.461565 6.587910 2.000000
v 9.478831 -49.689774 2.000000
v 4.136498 -30.890078 2.000000
v -49.877384 8.436129 2.000000
v -30.989246 3.312722 2.000000
v 5.287654 -50.308674 2.000000
v 0.829650 -31.154762 2.000000
v -50.408375 4.232910 2.000000
v -31.165808 0.000000 2.000000
v 1.059389 -50.574692 2.000000
v -50.585785 0.000000 2.000000
v -3.176308 -50.485966 2.000000
v -2.486598 -31.066452 2.000000
v -50.408375 -4.232910 2.000000
v -30.989246 -3.312722 2.000000
v -7.389725 -50.043118 2.000000
v -5.774673 -30.626144 2.000000
v -49.877384 -8.436129 2.000000
v -30.461565 -6.587910 2.000000
v -11.551309 -49.249256 2.000000
v -8.997317 -29.838831 2.000000
v -48.996540 -12.580173 2.000000
v -29.588743 -9.788454 2.000000
v -15.631867 -48.109943 2.000000
v -12.118019 -28.713432 2.000000
v -47.772022 -16.635979 2.000000
v -28.380669 -12.878092 2.000000
v -19.602781 -46.633171 2.000000
v -46.212414 -20.575092 2.000000
v -23.436193 -44.829304 2.000000
v -15.101419 -27.262697 2.000000
v -44.328663 -24.369888 2.000000
v -26.851028 -15.821815 2.000000
v -27.105219 -42.710991 2.000000
v -17.913713 -25.503067 2.000000
v -42.133976 -27.993746 2.000000
v -25.017157 -18.586269 2.000000
v -30.584122 -40.293091 2.000000
v -20.523039 -23.454475 2.000000
v -39.643749 -31.421249 2.000000
v -22.899830 -21.140137 2.000000
v -33.848499 -37.592564 2.000000
v -36.875450 -34.628353 2.000000
v -51.822395 4.294126 0.585786
v -51.964542 0.000000 0.900479
v -51.859947 0.000000 1.199391
v -52.000000 0.000000 0.585786
v -50.726627 -4.203328 1.964543
v -50.900478 0.000000 1.964543
v -51.199390 0.000000 1.859949
v -51.024517 -4.228012 1.859949
v -51.291748 -4.250155 1.691463
v -51.467533 0.000000 1.691463
v -51.691463 0.000000 1.467534
v -51.514912 -4.268647 1.467534
v -51.682819 -4.282561 1.199391
v -51.787056 -4.291198 0.900479
v -51.822395 -4.294126 0.585786
v -50.206261 -8.377943 1.964543
v -50.501099 -8.427143 1.859949
v -50.765583 -8.471277 1.691463
v -50.986458 -8.508135 1.467534
v -51.152645 -8.535867 1.199391
v -51.255814 -8.553082 0.900479
v -51.290787 -8.558919 0.585786
v -49.342937 -12.495329 1.964543
v -49.632702 -12.568707 1.859949
v -49.892643 -12.634533 1.691463
v -50.109718 -12.689504 1.467534
v -50.273048 -12.730865 1.199391
v -50.374443 -12.756541 0.900479
v -50.408813 -12.765245 0.585786
v -48.142551 -16.527359 1.964543
v -48.425266 -16.624414 1.859949
v -48.678883 -16.711481 1.691463
v -48.890678 -16.784191 1.467534
v -49.050034 -16.838898 1.199391
v -49.148960 -16.872860 0.900479
v -49.182495 -16.884373 0.585786
v -46.613300 -20.446489 1.964543
v -46.887035 -20.566561 1.859949
v -47.132595 -20.674273 1.691463
v -47.337662 -20.764225 1.467534
v -47.491959 -20.831903 1.199391
v -47.587742 -20.873919 0.900479
v -47.620213 -20.888163 0.585786
v -44.765636 -24.225950 1.964543
v -45.028519 -24.368217 1.859949
v -45.264347 -24.495838 1.691463
v -45.461285 -24.602417 1.467534
v -45.609463 -24.682608 1.199391
v -45.701450 -24.732389 0.900479
v -45.732635 -24.749264 0.585786
v -42.862415 -28.003412 1.859949
v -43.086895 -28.150072 1.691463
v -43.274361 -28.272551 1.467534
v -43.415409 -28.364704 1.199391
v -43.502972 -28.421911 0.900479
v -43.532658 -28.441305 0.585786
v -40.403515 -31.447317 1.859949
v -40.615116 -31.612013 1.691463
v -40.791828 -31.749554 1.467534
v -40.924786 -31.853041 1.199391
v -41.007324 -31.917282 0.900479
v -41.035305 -31.939060 0.585786
v -37.668617 -34.676403 1.859949
v -37.865894 -34.858013 1.691463
v -38.030647 -35.009674 1.467534
v -38.154606 -35.123787 1.199391
v -38.231556 -35.194626 0.900479
v -38.257645 -35.218643 0.585786
v -34.676403 -37.668617 1.859949
v -34.858013 -37.865894 1.691463
v -35.009674 -38.030647 1.467534
v -35.123787 -38.154606 1.199391
v -35.194626 -38.231556 0.900479
v -35.218643 -38.257645 0.585786
v -31.447317 -40.403515 1.859949
v -31.612013 -40.615116 1.691463
v -31.749554 -40.791828 1.467534
v -31.853041 -40.924786 1.199391
v -31.917282 -41.007324 0.900479
v -31.939060 -41.035305 0.585786
v -28.441305 -43.532658 0.585786
v -28.003412 -42.862415 1.859949
v -28.150072 -43.086895 1.691463
v -28.272551 -43.274361 1.467534
v -28.364704 -43.415409 1.199391
v -28.421911 -43.502972 0.900479
v -24.368217 -45.028519 1.859949
v -24.495838 -45.264347 1.691463
v -24.602417 -45.461285 1.467534
v -24.682608 -45.609463 1.199391
v -24.732389 -45.701450 0.900479
v -24.749264 -45.732635 0.585786
v -20.888163 -47.620213 0.585786
v -20.566561 -46.887035 1.859949
v -20.674273 -47.132595 1.691463
v -20.764225 -47.337662 1.467534
v -20.831903 -47.491959 1.199391
v -20.873919 -47.587742 0.900479
v -16.624414 -48.425266 1.859949
v -16.711481 -48.678883 1.691463
v -16.784191 -48.890678 1.467534
v -16.838898 -49.050034 1.199391
v -16.872860 -49.148960 0.900479
v -16.884373 -49.182495 0.585786
v -12.568707 -49.632702 1.859949
v -12.634533 -49.892643 1.691463
v -12.689504 -50.109718 1.467534
v -12.730865 -50.273048 1.199391
v -12.756541 -50.374443 0.900479
v -12.765245 -50.408813 0.585786
v -8.427143 -50.501099 1.859949
v -8.471277 -50.765583 1.691463
v -8.508135 -50.986458 1.467534
v -8.535867 -51.152645 1.199391
v -8.553082 -51.255814 0.900479
v -8.558919 -51.290787 0.585786
v -4.294126 -51.822395 0.585786
v -4.250155 -51.291748 1.691463
v -4.268647 -51.514912 1.467534
v -4.282561 -51.682819 1.199391
v -0.000000 -52.000000 0.585786
v -4.291198 -51.787056 0.900479
v 0.000000 -51.467533 1.691463
v 0.000000 -51.691463 1.467534
v 0.000000 -51.859947 1.199391
v 4.294126 -51.822395 0.585786
v 0.000000 -51.964542 0.900479
v 4.250155 -51.291748 1.691463
v 4.268647 -51.514912 1.467534
v 5.320549 -50.621639 1.964543
v 4.282561 -51.682819 1.199391
v 5.351794 -50.918915 1.859949
v 4.291198 -51.787056 0.900479
v 5.379822 -51.185589 1.691463
v 5.403229 -51.408291 1.467534
v 5.420841 -51.575855 1.199391
v 8.558919 -51.290787 0.585786
v 5.431774 -51.679874 0.900479
v 8.377943 -50.206261 1.964543
v 8.427143 -50.501099 1.859949
v 8.471277 -50.765583 1.691463
v 8.508135 -50.986458 1.467534
v 9.537799 -49.998890 1.964543
v 8.535867 -51.152645 1.199391
v 9.593809 -50.292507 1.859949
v 8.553082 -51.255814 0.900479
v 9.644054 -50.555904 1.691463
v 9.686014 -50.775864 1.467534
v 9.717586 -50.941368 1.199391
v 12.765245 -50.408813 0.585786
v 9.737185 -51.044109 0.900479
v 12.495329 -49.342937 1.964543
v 12.568707 -49.632702 1.859949
v 12.634533 -49.892643 1.691463
v 12.689504 -50.109718 1.467534
v 13.688148 -49.025436 1.964543
v 12.730865 -50.273048 1.199391
v 13.768531 -49.313335 1.859949
v 12.756541 -50.374443 0.900479
v 13.840640 -49.571602 1.691463
v 13.900859 -49.787281 1.467534
v 13.946168 -49.949562 1.199391
v 16.884373 -49.182495 0.585786
v 13.974296 -50.050301 0.900479
v 16.527359 -48.142551 1.964543
v 16.624414 -48.425266 1.859949
v 16.711481 -48.678883 1.691463
v 16.784191 -48.890678 1.467534
v 16.838898 -49.050034 1.199391
v 17.742483 -47.708103 1.964543
v 16.872860 -49.148960 0.900479
v 17.846676 -47.988266 1.859949
v 17.940144 -48.239594 1.691463
v 18.018200 -48.449478 1.467534
v 18.076929 -48.607395 1.199391
v 20.888163 -47.620213 0.585786
v 18.113386 -48.705429 0.900479
v 20.446489 -46.613300 1.964543
v 20.566561 -46.887035 1.859949
v 20.674273 -47.132595 1.691463
v 20.764225 -47.337662 1.467534
v 20.831903 -47.491959 1.199391
v 21.672369 -46.056129 1.964543
v 20.873919 -47.587742 0.900479
v 21.799641 -46.326595 1.859949
v 21.913811 -46.569218 1.691463
v 22.009155 -46.771835 1.467534
v 22.080893 -46.924286 1.199391
v 24.749264 -45.732635 0.585786
v 22.125425 -47.018925 0.900479
v 24.225950 -44.765636 1.964543
v 24.368217 -45.028519 1.859949
v 24.495838 -45.264347 1.691463
v 24.602417 -45.461285 1.467534
v 24.682608 -45.609463 1.199391
v 25.450239 -44.081108 1.964543
v 24.732389 -45.701450 0.900479
v 25.599695 -44.339973 1.859949
v 25.733767 -44.572193 1.691463
v 25.845732 -44.766121 1.467534
v 25.929974 -44.912033 1.199391
v 25.982271 -45.002613 0.900479
v 28.441305 -43.532658 0.585786
v 27.839924 -42.612175 1.964543
v 28.003412 -42.862415 1.859949
v 28.150072 -43.086895 1.691463
v 28.272551 -43.274361 1.467534
v 28.364704 -43.415409 1.199391
v 29.049593 -41.796886 1.964543
v 28.421911 -43.502972 0.900479
v 29.220186 -42.042339 1.859949
v 29.373220 -42.262524 1.691463
v 29.501019 -42.446404 1.467534
v 29.597176 -42.584755 1.199391
v 31.939060 -41.035305 0.585786
v 29.656870 -42.670643 0.900479
v 31.263721 -40.167629 1.964543
v 31.447317 -40.403515 1.859949
v 31.612013 -40.615116 1.691463
v 31.749554 -40.791828 1.467534
v 31.853041 -40.924786 1.199391
v 32.445187 -39.219494 1.964543
v 31.917282 -41.007324 0.900479
v 32.635719 -39.449810 1.859949
v 32.806641 -39.656418 1.691463
v 32.949379 -39.828957 1.467534
v 33.056774 -39.958778 1.199391
v 35.218643 -38.257645 0.585786
v 33.123447 -40.039368 0.900479
v 34.858013 -37.865894 1.691463
v 35.009674 -38.030647 1.467534
v 35.123787 -38.154606 1.199391
v 35.613197 -36.367001 1.964543
v 35.194626 -38.231556 0.900479
v 35.822338 -36.580566 1.859949
v 36.009949 -36.772148 1.691463
v 36.166622 -36.932137 1.467534
v 36.284504 -37.052517 1.199391
v 36.357685 -37.127247 0.900479
v 38.257645 -35.218643 0.585786
v 37.865894 -34.858013 1.691463
v 38.030647 -35.009674 1.467534
v 38.154606 -35.123787 1.199391
v 38.231556 -35.194626 0.900479
v 38.531410 -33.259422 1.964543
v 38.757687 -33.454739 1.859949
v 38.960670 -33.629948 1.691463
v 39.130180 -33.776268 1.467534
v 39.257725 -33.886360 1.199391
v 41.035305 -31.939060 0.585786
v 39.336903 -33.954704 0.900479
v 40.615116 -31.612013 1.691463
v 40.791828 -31.749554 1.467534
v 40.924786 -31.853041 1.199391
v 41.007324 -31.917282 0.900479
v 41.179352 -29.918550 1.964543
v 41.421177 -30.094246 1.859949
v 41.638111 -30.251858 1.691463
v 41.819271 -30.383480 1.467534
v 41.955582 -30.482513 1.199391
v 43.532658 -28.441305 0.585786
v 42.040199 -30.543991 0.900479
v 43.086895 -28.150072 1.691463
v 43.274361 -28.272551 1.467534
v 43.415409 -28.364704 1.199391
v 43.502972 -28.421911 0.900479
v 43.538448 -26.367823 1.964543
v 43.794128 -26.522667 1.859949
v 44.023491 -26.661573 1.691463
v 44.215031 -26.777575 1.467534
v 44.359146 -26.864855 1.199391
v 44.448612 -26.919037 0.900479
v 45.732635 -24.749264 0.585786
v 45.264347 -24.495838 1.691463
v 45.461285 -24.602417 1.467534
v 45.609463 -24.682608 1.199391
v 45.701450 -24.732389 0.900479
v 45.592155 -22.632143 1.964543
v 45.859898 -22.765051 1.859949
v 46.100075 -22.884275 1.691463
v 46.300652 -22.983843 1.467534
v 46.451565 -23.058758 1.199391
v 47.620213 -20.888163 0.585786
v 46.545254 -23.105265 0.900479
v 47.132595 -20.674273 1.691463
v 47.337662 -20.764225 1.467534
v 47.491959 -20.831903 1.199391
v 47.587742 -20.873919 0.900479
v 47.326069 -18.737717 1.964543
v 47.603989 -18.847754 1.859949
v 47.853302 -18.946463 1.691463
v 48.061508 -19.028896 1.467534
v 48.218163 -19.090921 1.199391
v 49.182495 -16.884373 0.585786
v 48.315411 -19.129423 0.900479
v 48.678883 -16.711481 1.691463
v 48.890678 -16.784191 1.467534
v 49.050034 -16.838898 1.199391
v 49.148960 -16.872860 0.900479
v 48.728020 -14.711857 1.964543
v 49.014175 -14.798252 1.859949
v 49.270874 -14.875754 1.691463
v 49.485245 -14.940476 1.467534
v 49.646542 -14.989174 1.199391
v 49.746670 -15.019405 0.900479
v 50.408813 -12.765245 0.585786
v 49.892643 -12.634533 1.691463
v 50.109718 -12.689504 1.467534
v 50.273048 -12.730865 1.199391
v 50.374443 -12.756541 0.900479
v 49.788181 -10.582805 1.964543
v 50.080563 -10.644952 1.859949
v 50.342846 -10.700702 1.691463
v 50.561882 -10.747259 1.467534
v 50.726685 -10.782290 1.199391
v 50.828991 -10.804036 0.900479
v 51.290787 -8.558919 0.585786
v 50.765583 -8.471277 1.691463
v 50.986458 -8.508135 1.467534
v 51.152645 -8.535867 1.199391
v 51.255814 -8.553082 0.900479
v 50.499115 -6.379521 1.964543
v 50.795670 -6.416985 1.859949
v 51.061699 -6.450593 1.691463
v 51.283859 -6.478658 1.467534
v 51.451019 -6.499775 1.199391
v 51.822395 -4.294126 0.585786
v 51.554787 -6.512884 0.900479
v 51.291748 -4.250155 1.691463
v 51.514912 -4.268647 1.467534
v 51.682819 -4.282561 1.199391
v 51.787056 -4.291198 0.900479
v 50.855831 -2.131491 1.964543
v 51.154480 -2.144008 1.859949
v 51.422390 -2.155237 1.691463
v 51.646122 -2.164614 1.467534
v 51.814457 -2.171669 1.199391
v 52.000000 -0.000000 0.585786
v 51.918961 -2.176049 0.900479
v 51.467533 -0.000000 1.691463
v 51.691463 -0.000000 1.467534
v 51.859947 -0.000000 1.199391
v 51.964542 -0.000000 0.900479
v 50.855831 2.131491 1.964543
v 51.154480 2.144008 1.859949
v 51.422390 2.155237 1.691463
v 51.646122 2.164614 1.467534
v 51.814457 2.171669 1.199391
v 51.918961 2.176049 0.900479
v 51.822395 4.294126 0.585786
v 51.291748 4.250155 1.691463
v 51.514912 4.268647 1.467534
v 51.682819 4.282561 1.199391
v 51.787056 4.291198 0.900479
v 50.499115 6.379521 1.964543
v 50.795670 6.416985 1.859949
v 51.061699 6.450593 1.691463
v 51.283859 6.478658 1.467534
v 51.451019 6.499775 1.199391
v 51.554787 6.512884 0.900479
v 51.290787 8.558919 0.585786
v 50.765583 8.471277 1.691463
v 50.986458 8.508135 1.467534
v 51.152645 8.535867 1.199391
v 51.255814 8.553082 0.900479
v 49.788181 10.582805 1.964543
v 50.080563 10.644952 1.859949
v 50.342846 10.700702 1.691463
v 50.561882 10.747259 1.467534
v 50.726685 10.782290 1.199391
v 50.408813 12.765245 0.585786
v 50.828991 10.804036 0.900479
v 49.892643 12.634533 1.691463
v 50.109718 12.689504 1.467534
v 50.273048 12.730865 1.199391
v 50.374443 12.756541 0.900479
v 48.728020 14.711857 1.964543
v 49.014175 14.798252 1.859949
v 49.270874 14.875754 1.691463
v 49.485245 14.940476 1.467534
v 49.646542 14.989174 1.199391
v 49.746670 15.019405 0.900479
v 49.182495 16.884373 0.585786
v 48.678883 16.711481 1.691463
v 48.890678 16.784191 1.467534
v 49.050034 16.838898 1.199391
v 49.148960 16.872860 0.900479
v 47.326069 18.737717 1.964543
v 47.603989 18.847754 1.859949
v 47.853302 18.946463 1.691463
v 48.061508 19.028896 1.467534
v 48.218163 19.090921 1.199391
v 48.315411 19.129423 0.900479
v 47.620213 20.888163 0.585786
v 47.132595 20.674273 1.691463
v 47.337662 20.764225 1.467534
v 47.491959 20.831903 1.199391
v 47.587742 20.873919 0.900479
v 45.592155 22.632143 1.964543
v 45.859898 22.765051 1.859949
v 46.100075 22.884275 1.691463
v 46.300652 22.983843 1.467534
v 46.451565 23.058758 1.199391
v 45.732635 24.749264 0.585786
v 46.545254 23.105265 0.900479
v 45.264347 24.495838 1.691463
v 45.461285 24.602417 1.467534
v 45.609463 24.682608 1.199391
v 45.701450 24.732389 0.900479
v 43.538448 26.367823 1.964543
v 43.794128 26.522667 1.859949
v 44.023491 26.661573 1.691463
v 44.215031 26.777575 1.467534
v 44.359146 26.864855 1.199391
v 43.532658 28.441305 0.585786
v 44.448612 26.919037 0.900479
v 43.086895 28.150072 1.691463
v 43.274361 28.272551 1.467534
v 43.415409 28.364704 1.199391
v 43.502972 28.421911 0.900479
v 41.179352 29.918550 1.964543
v 41.421177 30.094246 1.859949
v 41.638111 30.251858 1.691463
v 41.819271 30.383480 1.467534
v 41.955582 30.482513 1.199391
v 42.040199 30.543991 0.900479
v 41.035305 31.939060 0.585786
v 40.615116 31.612013 1.691463
v 40.791828 31.749554 1.467534
v 40.924786 31.853041 1.199391
v 41.007324 31.917282 0.900479
v 38.531410 33.259422 1.964543
v 38.757687 33.454739 1.859949
v 38.960670 33.629948 1.691463
v 39.130180 33.776268 1.467534
v 39.257725 33.886360 1.199391
v 38.257645 35.218643 0.585786
v 39.336903 33.954704 0.900479
v 37.865894 34.858013 1.691463
v 38.030647 35.009674 1.467534
v 38.154606 35.123787 1.199391
v 38.231556 35.194626 0.900479
v 35.613197 36.367001 1.964543
v 35.822338 36.580566 1.859949
v 36.009949 36.772148 1.691463
v 36.166622 36.932137 1.467534
v 36.284504 37.052517 1.199391
v 35.218643 38.257645 0.585786
v 36.357685 37.127247 0.900479
v 34.858013 37.865894 1.691463
v 35.009674 38.030647 1.467534
v 35.123787 38.154606 1.199391
v 35.194626 38.231556 0.900479
v 32.445187 39.219494 1.964543
v 32.635719 39.449810 1.859949
v 32.806641 39.656418 1.691463
v 32.949379 39.828957 1.467534
v 33.056774 39.958778 1.199391
v 31.263721 40.167629 1.964543
v 33.123447 40.039368 0.900479
v 31.939060 41.035305 0.585786
v 31.447317 40.403515 1.859949
v 31.612013 40.615116 1.691463
v 31.749554 40.791828 1.467534
v 31.853041 40.924786 1.199391
v 31.917282 41.007324 0.900479
v 29.049593 41.796886 1.964543
v 29.220186 42.042339 1.859949
v 29.373220 42.262524 1.691463
v 29.501019 42.446404 1.467534
v 29.597176 42.584755 1.199391
v 27.839924 42.612175 1.964543
v 28.441305 43.532658 0.585786
v 29.656870 42.670643 0.900479
v 28.003412 42.862415 1.859949
v 28.150072 43.086895 1.691463
v 28.272551 43.274361 1.467534
v 28.364704 43.415409 1.199391
v 28.421911 43.502972 0.900479
v 25.450239 44.081108 1.964543
v 25.599695 44.339973 1.859949
v 25.733767 44.572193 1.691463
v 25.845732 44.766121 1.467534
v 25.929974 44.912033 1.199391
v 24.225950 44.765636 1.964543
v 24.749264 45.732635 0.585786
v 25.982271 45.002613 0.900479
v 24.368217 45.028519 1.859949
v 24.495838 45.264347 1.691463
v 24.602417 45.461285 1.467534
v 24.682608 45.609463 1.199391
v 24.732389 45.701450 0.900479
v 21.672369 46.056129 1.964543
v 21.799641 46.326595 1.859949
v 21.913811 46.569218 1.691463
v 22.009155 46.771835 1.467534
v 22.080893 46.924286 1.199391
v 20.446489 46.613300 1.964543
v 22.125425 47.018925 0.900479
v 20.888163 47.620213 0.585786
v 20.566561 46.887035 1.859949
v 20.674273 47.132595 1.691463
v 20.764225 47.337662 1.467534
v 20.831903 47.491959 1.199391
v 20.873919 47.587742 0.900479
v 17.742483 47.708103 1.964543
v 17.846676 47.988266 1.859949
v 17.940144 48.239594 1.691463
v 18.018200 48.449478 1.467534
v 18.076929 48.607395 1.199391
v 16.527359 48.142551 1.964543
v 16.884373 49.182495 0.585786
v 18.113386 48.705429 0.900479
v 16.624414 48.425266 1.859949
v 16.711481 48.678883 1.691463
v 16.784191 48.890678 1.467534
v 16.838898 49.050034 1.199391
v 16.872860 49.148960 0.900479
v 13.688148 49.025436 1.964543
v 13.768531 49.313335 1.859949
v 13.840640 49.571602 1.691463
v 13.900859 49.787281 1.467534
v 12.495329 49.342937 1.964543
v 13.946168 49.949562 1.199391
v 12.568707 49.632702 1.859949
v 12.765245 50.408813 0.585786
v 13.974296 50.050301 0.900479
v 12.634533 49.892643 1.691463
v 12.689504 50.109718 1.467534
v 12.730865 50.273048 1.199391
v 12.756541 50.374443 0.900479
v 9.537799 49.998890 1.964543
v 9.593809 50.292507 1.859949
v 9.644054 50.555904 1.691463
v 9.686014 50.775864 1.467534
v 8.377943 50.206261 1.964543
v 9.717586 50.941368 1.199391
v 8.427143 50.501099 1.859949
v 9.737185 51.044109 0.900479
v 8.558919 51.290787 0.585786
v 8.471277 50.765583 1.691463
v 8.508135 50.986458 1.467534
v 8.535867 51.152645 1.199391
v 8.553082 51.255814 0.900479
v 5.320549 50.621639 1.964543
v 5.351794 50.918915 1.859949
v 5.379822 51.185589 1.691463
v 5.403229 51.408291 1.467534
v 4.203328 50.726627 1.964543
v 5.420841 51.575855 1.199391
v 4.228012 51.024517 1.859949
v 4.294126 51.822395 0.585786
v 5.431774 51.679874 0.900479
v 4.250155 51.291748 1.691463
v 4.268647 51.514912 1.467534
v 4.282561 51.682819 1.199391
v 4.291198 51.787056 0.900479
v 1.065979 50.889317 1.964543
v 1.072239 51.188160 1.859949
v 0.000000 52.000000 0.585786
v 1.077855 51.456245 1.691463
v 1.082544 51.680126 1.467534
v 1.086073 51.848576 1.199391
v 1.088263 51.953148 0.900479
v -3.196068 50.800037 1.964543
v -3.214836 51.098362 1.859949
v -4.294126 51.822395 0.585786
v -3.231673 51.365974 1.691463
v -3.245734 51.589462 1.467534
v -3.256313 51.757614 1.199391
v -3.262881 51.862003 0.900479
v -7.435696 50.354435 1.964543
v -7.479362 50.650139 1.859949
v -8.558919 51.290787 0.585786
v -7.518533 50.915409 1.691463
v -7.551246 51.136936 1.467534
v -7.575859 51.303612 1.199391
v -7.591138 51.407085 0.900479
v -11.623169 49.555634 1.964543
v -11.691425 49.846645 1.859949
v -12.765245 50.408813 0.585786
v -11.752656 50.107704 1.691463
v -11.803791 50.325718 1.467534
v -11.842264 50.489754 1.199391
v -11.866149 50.591583 0.900479
v -15.729113 48.409233 1.964543
v -15.821482 48.693516 1.859949
v -15.904343 48.948532 1.691463
v -16.884373 49.182495 0.585786
v -15.973540 49.161503 1.467534
v -16.025606 49.321743 1.199391
v -16.057926 49.421215 0.900479
v -19.724730 46.923275 1.964543
v -19.840563 47.198833 1.859949
v -19.944471 47.446022 1.691463
v -20.888163 47.620213 0.585786
v -20.031248 47.652454 1.467534
v -20.096539 47.807777 1.199391
v -20.137070 47.904198 0.900479
v -23.581989 45.108185 1.964543
v -23.720474 45.373085 1.859949
v -23.844704 45.610714 1.691463
v -24.749264 45.732635 0.585786
v -23.948450 45.809158 1.467534
v -24.026508 45.958473 1.199391
v -24.074966 46.051163 0.900479
v -27.273840 42.976696 1.964543
v -27.434006 43.229076 1.859949
v -27.577684 43.455475 1.691463
v -28.441305 43.532658 0.585786
v -27.697672 43.644547 1.467534
v -27.787951 43.786804 1.199391
v -27.843994 43.875114 0.900479
v -30.774384 40.543755 1.964543
v -30.955107 40.781845 1.859949
v -31.117226 40.995430 1.691463
v -31.939060 41.035305 0.585786
v -31.252613 41.173798 1.467534
v -31.354479 41.308002 1.199391
v -31.417717 41.391312 0.900479
v -34.059067 37.826427 1.964543
v -34.259079 38.048561 1.859949
v -34.438503 38.247833 1.691463
v -35.218643 38.257645 0.585786
v -34.588341 38.414242 1.467534
v -34.701080 38.539452 1.199391
v -34.771065 38.617180 0.900479
v -37.104851 34.843777 1.964543
v -37.322750 35.048393 1.859949
v -37.518219 35.231953 1.691463
v -37.681454 35.385242 1.467534
v -38.257645 35.218643 0.585786
v -37.804276 35.500576 1.199391
v -37.880520 35.572178 0.900479
v -39.890373 31.616720 1.964543
v -40.124626 31.802387 1.859949
v -40.334770 31.968945 1.691463
v -40.510262 32.108036 1.467534
v -41.035305 31.939060 0.585786
v -40.642303 32.212692 1.199391
v -40.724274 32.277660 0.900479
v -42.396091 28.167894 1.964543
v -42.645061 28.333311 1.859949
v -42.868401 28.481699 1.691463
v -43.054916 28.605619 1.467534
v -43.532658 28.441305 0.585786
v -43.195251 28.698858 1.199391
v -43.282372 28.756739 0.900479
v -44.604431 24.521492 1.964543
v -44.866367 24.665495 1.859949
v -45.101345 24.794674 1.691463
v -45.297573 24.902552 1.467534
v -45.732635 24.749264 0.585786
v -45.445221 24.983721 1.199391
v -45.536877 25.034109 0.900479
v -46.499901 20.703091 1.964543
v -46.772972 20.824669 1.859949
v -47.017933 20.933733 1.691463
v -47.222500 21.024813 1.467534
v -47.376419 21.093342 1.199391
v -47.620213 20.888163 0.585786
v -47.471973 21.135883 0.900479
v -48.069210 16.739470 1.964543
v -48.351494 16.837772 1.859949
v -48.604725 16.925955 1.691463
v -48.816196 16.999598 1.467534
v -48.975311 17.055008 1.199391
v -49.182495 16.884373 0.585786
v -49.074085 17.089405 0.900479
v -49.301346 12.658434 1.964543
v -49.590866 12.732771 1.859949
v -49.850586 12.799456 1.691463
v -50.067482 12.855145 1.467534
v -50.230675 12.897045 1.199391
v -50.408813 12.765245 0.585786
v -50.331982 12.923057 0.900479
v -50.187672 8.488609 1.964543
v -50.482395 8.538458 1.859949
v -50.746784 8.583177 1.691463
v -50.967579 8.620521 1.467534
v -51.133705 8.648619 1.199391
v -51.236832 8.666061 0.900479
v -51.290787 8.558919 0.585786
v -50.721962 4.259242 1.964543
v -51.019829 4.284255 1.859949
v -51.287029 4.306692 1.691463
v -51.510174 4.325430 1.467534
v -51.678070 4.339529 1.199391
v -51.782295 4.348281 0.900479
v -27.124355 0.000000 9.000000
v -26.821400 -4.042675 9.000000
v -25.919296 -7.995044 9.000000
v -24.438200 -11.768817 9.000000
v -22.825087 -3.440328 16.000000
v -23.082903 0.000000 16.000000
v -22.411194 -15.279694 9.000000
v -22.057396 -6.803805 16.000000
v -19.883560 -18.449247 9.000000
v -20.796978 -10.015297 16.000000
v -18.828775 -2.837981 23.000000
v -19.041452 0.000000 23.000000
v -15.000000 0.000000 30.000000
v -14.824206 -2.289739 30.000000
v -16.911758 -21.206675 9.000000
v -19.071991 -13.003062 16.000000
v -18.195494 -5.612566 23.000000
v -14.300946 -4.525809 30.000000
v -13.562178 -23.490381 9.000000
v -16.920965 -15.700362 16.000000
v -17.155756 -8.261776 23.000000
v -13.442483 -6.655797 30.000000
v -9.909640 -25.249352 9.000000
v -14.391955 -18.046942 16.000000
v -15.732786 -10.726432 23.000000
v -12.268940 -8.629780 30.000000
v -6.035737 -26.444292 9.000000
v -11.541451 -19.990381 16.000000
v -13.958372 -12.951476 23.000000
v -10.807824 -10.401487 30.000000
v -2.027006 -27.048510 9.000000
v -8.433132 -21.487268 16.000000
v -11.872151 -14.887207 23.000000
v -9.093381 -11.929393 30.000000
v 2.027006 -27.048510 9.000000
v -5.136429 -22.504168 16.000000
v -9.520726 -16.490381 23.000000
v -7.165797 -13.177684 30.000000
v 6.035737 -26.444292 9.000000
v -1.724988 -23.018360 16.000000
v -6.956624 -17.725187 23.000000
v -5.070253 -14.117101 30.000000
v 9.909640 -25.249352 9.000000
v 1.724988 -23.018360 16.000000
v -4.237122 -18.564043 23.000000
v -2.855867 -14.725625 30.000000
v 13.562178 -23.490381 9.000000
v 5.136429 -22.504168 16.000000
v -1.422969 -18.988209 23.000000
v -0.574541 -14.988993 30.000000
v 16.911758 -21.206675 9.000000
v 8.433132 -21.487268 16.000000
v 1.422969 -18.988209 23.000000
v 1.720251 -14.901031 30.000000
v 19.883560 -18.449247 9.000000
v 11.541451 -19.990381 16.000000
v 4.237122 -18.564043 23.000000
v 3.974723 -14.463802 30.000000
v 22.411194 -15.279694 9.000000
v 14.391955 -18.046942 16.000000
v 6.956624 -17.725187 23.000000
v 6.136030 -13.687554 30.000000
v 24.438200 -11.768817 9.000000
v 16.920965 -15.700362 16.000000
v 9.520726 -16.490381 23.000000
v 8.153513 -12.590482 30.000000
v 25.919296 -7.995044 9.000000
v 19.071991 -13.003062 16.000000
v 11.872151 -14.887207 23.000000
v 9.979885 -11.198298 30.000000
v 26.821400 -4.042675 9.000000
v 20.796978 -10.015297 16.000000
v 13.958372 -12.951476 23.000000
v 11.572338 -9.543636 30.000000
v 27.124355 0.000000 9.000000
v 22.057396 -6.803805 16.000000
v 15.732786 -10.726432 23.000000
v 12.893544 -7.665280 30.000000
v 26.821400 4.042675 9.000000
v 22.825087 -3.440328 16.000000
v 17.155756 -8.261776 23.000000
v 13.912537 -5.607256 30.000000
v 25.919296 7.995044 9.000000
v 23.082903 0.000000 16.000000
v 18.195494 -5.612566 23.000000
v 14.605432 -3.417803 30.000000
v 24.438200 11.768817 9.000000
v 22.825087 3.440328 16.000000
v 18.828775 -2.837981 23.000000
v 14.955987 -1.148239 30.000000
v 22.411194 15.279694 9.000000
v 22.057396 6.803805 16.000000
v 19.041452 0.000000 23.000000
v 14.955987 1.148239 30.000000
v 19.883560 18.449247 9.000000
v 20.796978 10.015297 16.000000
v 18.828775 2.837981 23.000000
v 14.605432 3.417803 30.000000
v 16.911758 21.206675 9.000000
v 19.071991 13.003062 16.000000
v 18.195494 5.612566 23.000000
v 13.912537 5.607256 30.000000
v 13.562178 23.490381 9.000000
v 16.920965 15.700362 16.000000
v 17.155756 8.261776 23.000000
v 12.893544 7.665280 30.000000
v 9.909640 25.249352 9.000000
v 14.391955 18.046942 16.000000
v 15.732786 10.726432 23.000000
v 11.572338 9.543636 30.000000
v 6.035737 26.444292 9.000000
v 11.541451 19.990381 16.000000
v 13.958372 12.951476 23.000000
v 9.979885 11.198298 30.000000
v 2.027006 27.048510 9.000000
v 8.433132 21.487268 16.000000
v 11.872151 14.887207 23.000000
v 8.153513 12.590482 30.000000
v -2.027006 27.048510 9.000000
v 5.136429 22.504168 16.000000
v 9.520726 16.490381 23.000000
v 6.136030 13.687554 30.000000
v -6.035737 26.444292 9.000000
v 1.724988 23.018360 16.000000
v 6.956624 17.725187 23.000000
v 3.974723 14.463802 30.000000
v -9.909640 25.249352 9.000000
v -1.724988 23.018360 16.000000
v 4.237122 18.564043 23.000000
v 1.720251 14.901031 30.000000
v -13.562178 23.490381 9.000000
v -5.136429 22.504168 16.000000
v 1.422969 18.988209 23.000000
v -0.574541 14.988993 30.000000
v -16.911758 21.206675 9.000000
v -8.433132 21.487268 16.000000
v -1.422969 18.988209 23.000000
v -2.855867 14.725625 30.000000
v -19.883560 18.449247 9.000000
v -11.541451 19.990381 16.000000
v -4.237122 18.564043 23.000000
v -5.070253 14.117101 30.000000
v -22.411194 15.279694 9.000000
v -14.391955 18.046942 16.000000
v -6.956624 17.725187 23.000000
v -7.165797 13.177684 30.000000
v -24.438200 11.768817 9.000000
v -16.920965 15.700362 16.000000
v -9.520726 16.490381 23.000000
v -9.093381 11.929393 30.000000
v -25.919296 7.995044 9.000000
v -19.071991 13.003062 16.000000
v -11.872151 14.887207 23.000000
v -10.807824 10.401487 30.000000
v -26.821400 4.042675 9.000000
v -20.796978 10.015297 16.000000
v -13.958372 12.951476 23.000000
v -12.268940 8.629780 30.000000
v -22.057396 6.803805 16.000000
v -15.732786 10.726432 23.000000
v -13.442483 6.655797 30.000000
v -22.825087 3.440328 16.000000
v -17.155756 8.261776 23.000000
v -14.300946 4.525809 30.000000
v -18.195494 5.612566 23.000000
v -14.824206 2.289739 30.000000
v -18.828775 2.837981 23.000000
v -51.996117 -0.635411 -9.089798
v -52.000000 -0.000000 -9.164213
v -52.000000 -0.000000 -13.000000
v -51.985836 -1.213561 -8.881959
v -51.973747 -1.652099 -8.612638
v -51.822395 -4.294126 -13.000000
v -51.962448 -1.975863 -8.326925
v -51.951744 -2.239668 -8.009954
v -51.942436 -2.446050 -7.670930
v -51.935078 -2.597611 -7.316941
v -51.930031 -2.696641 -6.953311
v -51.927254 -2.749608 -6.460666
v -51.993973 -0.791611 -3.780613
v -51.982933 -1.332188 -4.008434
v -51.998405 -0.407140 -3.694519
v -52.000000 0.000000 -3.664214
v -51.290787 -8.558919 -13.000000
v -51.929722 -2.702599 -5.905823
v -51.937878 -2.541002 -5.362638
v -51.950954 -2.257950 -4.844449
v -51.967632 -1.834454 -4.365487
v -50.408813 -12.765245 -13.000000
v -49.182495 -16.884373 -13.000000
v -47.620213 -20.888163 -13.000000
v -45.732635 -24.749264 -13.000000
v -43.532658 -28.441305 -13.000000
v -41.035305 -31.939060 -13.000000
v -38.257645 -35.218643 -13.000000
v -35.218643 -38.257645 -13.000000
v -31.939060 -41.035305 -13.000000
v -28.441305 -43.532658 -13.000000
v -24.749264 -45.732635 -13.000000
v -20.888163 -47.620213 -13.000000
v -16.884373 -49.182495 -13.000000
v -12.765245 -50.408813 -13.000000
v -8.558919 -51.290787 -13.000000
v -4.294126 -51.822395 -13.000000
v -0.000000 -52.000000 -13.000000
v 4.294126 -51.822395 -13.000000
v 8.558919 -51.290787 -13.000000
v 12.765245 -50.408813 -13.000000
v 16.884373 -49.182495 -13.000000
v 24.017443 -46.121170 -7.979770
v 20.888163 -47.620213 -13.000000
v 24.749264 -45.732635 -13.000000
v 23.767635 -46.250401 -7.463802
v 23.624084 -46.323887 -6.921064
v 24.382475 -45.929237 -8.450026
v 23.582417 -46.345116 -6.366485
v 23.629827 -46.320961 -5.874156
v 24.865032 -45.669796 -8.836922
v 23.718115 -46.275814 -5.510928
v 25.394550 -45.377491 -9.074571
v 23.852859 -46.206505 -5.157533
v 25.694195 -45.208500 -9.141538
v 24.036070 -46.111465 -4.818778
v 26.000000 -45.033321 -9.164213
v 26.552271 -44.709919 -9.088709
v 28.441305 -43.532658 -13.000000
v 27.053488 -44.408432 -8.876404
v 27.424082 -44.180534 -8.606918
v 27.693575 -44.012112 -8.325456
v 27.913641 -43.872871 -8.013011
v 25.447777 -45.347664 -3.738629
v 26.000000 -45.033321 -3.664214
v 24.941944 -45.627838 -3.946468
v 24.556107 -45.836639 -4.215796
v 24.269962 -45.988792 -4.501635
v 26.527086 -44.724865 -3.732880
v 28.086298 -43.762539 -7.678438
v 28.213621 -43.680565 -7.328882
v 28.316101 -43.614201 -6.849306
v 31.939060 -41.035305 -13.000000
v 28.343307 -43.596523 -6.303302
v 28.120964 -43.740273 -5.232879
v 28.279028 -43.638248 -5.760752
v 27.863377 -43.904808 -4.735265
v 27.494188 -44.136944 -4.286478
v 27.003668 -44.438744 -3.923872
v 35.218643 -38.257645 -13.000000
v 38.257645 -35.218643 -13.000000
v 41.035305 -31.939060 -13.000000
v 43.532658 -28.441305 -13.000000
v 45.732635 -24.749264 -13.000000
v 47.620213 -20.888163 -13.000000
v 49.182495 -16.884373 -13.000000
v 50.408813 -12.765245 -13.000000
v 51.290787 -8.558919 -13.000000
v 51.822395 -4.294126 -13.000000
v 52.000000 -0.000000 -13.000000
v 51.822395 4.294126 -13.000000
v 51.290787 8.558919 -13.000000
v 50.408813 12.765245 -13.000000
v 49.182495 16.884373 -13.000000
v 47.620213 20.888163 -13.000000
v 45.732635 24.749264 -13.000000
v 43.532658 28.441305 -13.000000
v 41.035305 31.939060 -13.000000
v 38.257645 35.218643 -13.000000
v 35.218643 38.257645 -13.000000
v 31.939060 41.035305 -13.000000
v 27.933384 43.860302 -7.979769
v 28.170202 43.708576 -7.463802
v 28.441305 43.532658 -13.000000
v 28.305622 43.621002 -6.921064
v 27.584648 44.080463 -8.450026
v 28.344839 43.595528 -6.366485
v 28.300215 43.624512 -5.874156
v 27.118687 44.368649 -8.836922
v 26.600786 44.681072 -9.074571
v 24.749264 45.732635 -13.000000
v 26.304611 44.856075 -9.141538
v 26.000000 45.033321 -9.164213
v 25.443790 45.349899 -9.088709
v 24.932085 45.633224 -8.876404
v 27.417643 44.184532 -4.215796
v 27.043894 44.414276 -3.946468
v 27.692480 44.012798 -4.501635
v 27.915667 43.871582 -4.818778
v 28.089577 43.760437 -5.157533
v 28.216974 43.678398 -5.510928
v 26.548340 44.712254 -3.738629
v 24.549467 45.840199 -8.606954
v 24.269430 45.989071 -8.326171
v 24.039639 46.109604 -8.015279
v 20.888163 47.620213 -13.000000
v 23.858397 46.203648 -7.682936
v 23.723879 46.272861 -7.335887
v 23.614372 46.328838 -6.859108
v 23.583685 46.344471 -6.313769
v 24.469971 45.882683 -4.292665
v 24.085821 46.085499 -4.742853
v 24.975534 45.609459 -3.928009
v 25.464996 45.337997 -3.734016
v 26.000000 45.033321 -3.664214
v 23.650211 46.310555 -5.770479
v 23.816004 46.225513 -5.241659
v 16.884373 49.182495 -13.000000
v 12.765245 50.408813 -13.000000
v 8.558919 51.290787 -13.000000
v 4.294126 51.822395 -13.000000
v 0.000000 52.000000 -13.000000
v -4.294126 51.822395 -13.000000
v -8.558919 51.290787 -13.000000
v -12.765245 50.408813 -13.000000
v -16.884373 49.182495 -13.000000
v -20.888163 47.620213 -13.000000
v -24.749264 45.732635 -13.000000
v -28.441305 43.532658 -13.000000
v -31.939060 41.035305 -13.000000
v -35.218643 38.257645 -13.000000
v -38.257645 35.218643 -13.000000
v -41.035305 31.939060 -13.000000
v -43.532658 28.441305 -13.000000
v -45.732635 24.749264 -13.000000
v -47.620213 20.888163 -13.000000
v -49.182495 16.884373 -13.000000
v -50.408813 12.765245 -13.000000
v -51.290787 8.558919 -13.000000
v -51.950954 2.257950 -7.983978
v -51.937878 2.541002 -7.465789
v -51.822395 4.294126 -13.000000
v -51.929722 2.702599 -6.922605
v -51.967632 1.834453 -8.462940
v -51.927254 2.749608 -6.367761
v -51.982933 1.332187 -8.819993
v -51.993973 0.791611 -9.047814
v -51.998405 0.407140 -9.133908
v -51.942436 2.446050 -5.157496
v -51.951744 2.239668 -4.818473
v -51.935078 2.597611 -5.511486
v -51.930031 2.696641 -5.875116
v -51.962448 1.975863 -4.501502
v -51.973747 1.652099 -4.215789
v -51.996117 0.635411 -3.738629
v -51.985836 1.213561 -3.946468
v 1.069324 0.947339 30.000000
v 0.811539 1.175717 30.000000
v 1.264965 0.663905 30.000000
v 0.506589 1.335767 30.000000
v 1.387090 0.341887 30.000000
v 0.172199 1.418186 30.000000
v 1.428603 0.000000 30.000000
v -0.172199 1.418186 30.000000
v 1.387090 -0.341887 30.000000
v -0.506589 1.335767 30.000000
v 1.264965 -0.663905 30.000000
v -0.811539 1.175717 30.000000
v 1.069324 -0.947339 30.000000
v -1.069324 0.947339 30.000000
v 0.811539 -1.175717 30.000000
v -1.264965 0.663905 30.000000
v 0.506589 -1.335767 30.000000
v -1.387090 0.341887 30.000000
v 0.172199 -1.418186 30.000000
v -1.428603 0.000000 30.000000
v -0.172199 -1.418186 30.000000
v -1.387090 -0.341887 30.000000
v -0.506589 -1.335767 30.000000
v -1.264965 -0.663905 30.000000
v -0.811539 -1.175717 30.000000
v -1.069324 -0.947339 30.000000
v -36.448433 34.227356 -13.000000
v -33.456532 37.157242 -13.000000
v -39.184673 31.057388 -13.000000
v -30.229956 39.826496 -13.000000
v -41.646061 27.669577 -13.000000
v -26.791340 42.216396 -13.000000
v -43.815334 24.087685 -13.000000
v -23.164803 44.310181 -13.000000
v -45.677273 20.336832 -13.000000
v -19.375780 46.093159 -13.000000
v -47.218819 16.443333 -13.000000
v -15.450850 47.552826 -13.000000
v -48.429157 12.434494 -13.000000
v -11.417543 48.678944 -13.000000
v -49.299801 8.338437 -13.000000
v -7.304152 49.463615 -13.000000
v -49.824642 4.183892 -13.000000
v -3.139526 49.901337 -13.000000
v -50.000000 -0.000000 -13.000000
v 1.047121 49.989033 -13.000000
v -49.824642 -4.183892 -13.000000
v 5.226423 49.726093 -13.000000
v -49.299801 -8.338437 -13.000000
v 9.369065 49.114361 -13.000000
v -48.429157 -12.434494 -13.000000
v 13.445991 48.158127 -13.000000
v -47.218819 -16.443333 -13.000000
v 17.428602 46.864098 -13.000000
v -45.677273 -20.336832 -13.000000
v 21.288965 45.241352 -13.000000
v -43.815334 -24.087685 -13.000000
v 25.000000 43.301270 -13.000000
v -41.646061 -27.669577 -13.000000
v 28.535679 41.057461 -13.000000
v -39.184673 -31.057388 -13.000000
v 31.871199 38.525661 -13.000000
v -36.448433 -34.227356 -13.000000
v 34.983166 35.723633 -13.000000
v -33.456532 -37.157242 -13.000000
v 37.849754 32.671032 -13.000000
v -30.229956 -39.826496 -13.000000
v 40.450851 29.389263 -13.000000
v -26.791340 -42.216396 -13.000000
v 42.768211 25.901350 -13.000000
v -23.164803 -44.310181 -13.000000
v 44.785587 22.231758 -13.000000
v -19.375780 -46.093159 -13.000000
v 46.488823 18.406227 -13.000000
v -15.450850 -47.552826 -13.000000
v 47.865974 14.451590 -13.000000
v -11.417543 -48.678944 -13.000000
v 48.907379 10.395584 -13.000000
v -7.304152 -49.463615 -13.000000
v 49.605736 6.266662 -13.000000
v -3.139526 -49.901337 -13.000000
v 49.956142 2.093783 -13.000000
v 1.047121 -49.989033 -13.000000
v 49.956142 -2.093783 -13.000000
v 5.226423 -49.726093 -13.000000
v 49.605736 -6.266662 -13.000000
v 9.369065 -49.114361 -13.000000
v 48.907379 -10.395584 -13.000000
v 13.445991 -48.158127 -13.000000
v 47.865974 -14.451590 -13.000000
v 17.428602 -46.864098 -13.000000
v 46.488823 -18.406227 -13.000000
v 21.288965 -45.241352 -13.000000
v 44.785587 -22.231758 -13.000000
v 42.768211 -25.901350 -13.000000
v 25.000000 -43.301270 -13.000000
v 40.450851 -29.389263 -13.000000
v 28.535679 -41.057461 -13.000000
v 31.871199 -38.525661 -13.000000
v 37.849754 -32.671032 -13.000000
v 34.983166 -35.723633 -13.000000
v -50.000000 0.000000 -3.664214
v -49.995964 0.635371 -3.738620
v -49.985271 1.213485 -3.946430
v -49.972702 1.652039 -4.215744
v -49.960941 1.975952 -4.501594
v -49.949806 2.239868 -4.818754
v -49.940132 2.446063 -5.157521
v -49.932487 2.597447 -5.511014
v -49.927238 2.696475 -5.874282
v -49.924339 2.749585 -6.366464
v -49.926029 2.718781 -6.827408
v -49.931114 2.623699 -7.238048
v -49.939308 2.462860 -7.637661
v -49.950100 2.233278 -8.018886
v -49.962734 1.930065 -8.373129
v -49.976166 1.543658 -8.690091
v -49.988354 1.079123 -8.943639
v -49.996845 0.561796 -9.106217
v -50.000000 -0.000000 -9.164213
v -49.995964 -0.635371 -9.089808
v -49.985271 -1.213485 -8.881997
v -49.972702 -1.652039 -8.612682
v -49.960941 -1.975952 -8.326834
v -49.949806 -2.239868 -8.009673
v -49.940132 -2.446063 -7.670906
v -49.932487 -2.597447 -7.317414
v -49.927238 -2.696474 -6.954145
v -49.924339 -2.749585 -6.461964
v -49.926029 -2.718781 -6.001019
v -49.931114 -2.623699 -5.590380
v -49.939308 -2.462860 -5.190766
v -49.950100 -2.233278 -4.809542
v -49.962734 -1.930065 -4.455298
v -49.976166 -1.543658 -4.138336
v -49.988354 -1.079123 -3.884788
v -49.996845 -0.561796 -3.722209
v 25.000000 -43.301270 -3.664214
v 24.447735 -43.615459 -3.738620
v 23.941727 -43.895260 -3.946430
v 23.555641 -44.103649 -4.215744
v 23.269245 -44.255421 -4.501594
v 23.035120 -44.377735 -4.818754
v 22.851717 -44.472450 -5.157511
v 22.716827 -44.541508 -5.510891
v 22.628435 -44.586475 -5.874105
v 22.580959 -44.610538 -6.366421
v 22.622663 -44.589405 -6.920988
v 22.766357 -44.516209 -7.463709
v 23.016390 -44.387451 -7.979658
v 23.381695 -44.196114 -8.449899
v 23.864511 -43.937286 -8.836802
v 24.394192 -43.645428 -9.074492
v 24.922482 -43.345932 -9.162758
v 25.451664 -43.037342 -9.114000
v 25.941782 -42.743702 -8.937071
v 26.359013 -42.487675 -8.662386
v 26.694323 -42.277809 -8.323620
v 26.955957 -42.111473 -7.938635
v 27.147638 -41.988163 -7.523226
v 27.273090 -41.906784 -7.089508
v 27.335470 -41.866119 -6.646747
v 27.336853 -41.865219 -6.202009
v 27.277637 -41.903824 -5.760675
v 27.156347 -41.982529 -5.329007
v 26.970003 -42.102482 -4.915105
v 26.714178 -42.265266 -4.529433
v 26.378370 -42.475658 -4.182258
v 25.963661 -42.730415 -3.902613
v 25.504543 -43.006027 -3.727063
v 25.000000 43.301270 -3.664214
v 25.548229 42.980087 -3.738620
v 26.043545 42.681774 -3.946430
v 26.417059 42.451607 -4.215744
v 26.691694 42.279469 -4.501594
v 26.914684 42.137867 -4.818754
v 27.088415 42.026394 -5.157511
v 27.215662 41.944103 -5.510891
v 27.298803 41.890038 -5.874105
v 27.343380 41.860954 -6.366421
v 27.304226 41.886505 -6.920988
v 27.168991 41.974350 -7.463709
v 26.932465 42.126503 -7.979658
v 26.584110 42.347198 -8.449899
v 26.118551 42.635918 -8.836802
v 25.600952 42.948704 -9.074492
v 25.077438 43.256470 -9.162758
v 24.545599 43.560459 -9.114000
v 24.046240 43.838093 -8.937071
v 23.615904 44.071407 -8.662389
v 23.267115 44.256538 -8.324345
v 22.993233 44.399452 -7.941343
v 22.791172 44.503510 -7.528752
v 22.657700 44.571613 -7.097878
v 22.590179 44.605873 -6.656954
v 22.587225 44.607368 -6.212232
v 22.648842 44.576115 -5.770440
v 22.776274 44.511139 -5.338170
v 22.971987 44.410446 -4.923493
v 23.239515 44.271038 -4.536883
v 23.588236 44.086224 -4.188467
v 24.015152 43.855129 -3.907029
v 24.487230 43.593296 -3.728269
v -6.976201 0.000000 26.666666
v -9.750000 0.000000 25.000000
v -9.573805 1.845200 25.000000
v -4.202402 0.000000 28.333334
v -9.573805 -1.845200 25.000000
v -6.738492 1.805574 26.666666
v -9.051587 3.623709 25.000000
v -6.041567 3.488101 26.666666
v -8.202222 5.271248 25.000000
v -4.932919 4.932919 26.666666
v -7.056407 6.728271 25.000000
v -5.655555 7.942115 25.000000
v -4.059208 1.087662 28.333334
v -3.488101 6.041567 26.666666
v -4.050296 8.868912 25.000000
v -3.639387 2.101201 28.333334
v -1.805574 6.738492 26.666666
v -2.298650 9.475163 25.000000
v -0.463924 9.738956 25.000000
v -2.971547 2.971547 28.333334
v -0.000000 6.976201 26.666666
v 1.387570 9.650759 25.000000
v -2.101201 3.639387 28.333334
v 1.805574 6.738492 26.666666
v 3.188913 9.213758 25.000000
v -1.087662 4.059208 28.333334
v 3.488101 6.041567 26.666666
v 4.875000 8.443748 25.000000
v 6.384892 7.368558 25.000000
v -0.000000 4.202402 28.333334
v 4.932919 4.932919 26.666666
v 7.664018 6.027050 25.000000
v 1.087662 4.059208 28.333334
v 6.041567 3.488101 26.666666
v 8.666145 4.467709 25.000000
v 2.101201 3.639387 28.333334
v 6.738492 1.805574 26.666666
v 9.355057 2.746892 25.000000
v 9.705852 0.926796 25.000000
v 2.971547 2.971547 28.333334
v 6.976201 0.000000 26.666666
v 9.705852 -0.926796 25.000000
v 3.639387 2.101201 28.333334
v 6.738492 -1.805574 26.666666
v 9.355057 -2.746892 25.000000
v 8.666145 -4.467709 25.000000
v 4.059208 1.087662 28.333334
v 6.041567 -3.488101 26.666666
v 7.664018 -6.027050 25.000000
v 4.202402 0.000000 28.333334
v 4.932919 -4.932919 26.666666
v 6.384892 -7.368558 25.000000
v 4.059208 -1.087662 28.333334
v 3.488101 -6.041567 26.666666
v 4.875000 -8.443748 25.000000
v 3.188913 -9.213758 25.000000
v 3.639387 -2.101201 28.333334
v 1.805574 -6.738492 26.666666
v 1.387570 -9.650759 25.000000
v 2.971547 -2.971547 28.333334
v 0.000000 -6.976201 26.666666
v -0.463924 -9.738956 25.000000
v 2.101201 -3.639387 28.333334
v -1.805574 -6.738492 26.666666
v -2.298650 -9.475163 25.000000
v -4.050296 -8.868912 25.000000
v 1.087662 -4.059208 28.333334
v -3.488101 -6.041567 26.666666
v -5.655555 -7.942115 25.000000
v 0.000000 -4.202402 28.333334
v -4.932919 -4.932919 26.666666
v -7.056407 -6.728271 25.000000
v -8.202222 -5.271248 25.000000
v -1.087662 -4.059208 28.333334
v -6.041567 -3.488101 26.666666
v -9.051587 -3.623709 25.000000
v -2.101201 -3.639387 28.333334
v -6.738492 -1.805574 26.666666
v -2.971547 -2.971547 28.333334
v -3.639387 -2.101201 28.333334
v -4.059208 -1.087662 28.333334
v -50.000000 0.000000 0.000000
v -49.824642 -4.183892 0.000000
v -49.299801 -8.338437 0.000000
v -48.429157 -12.434494 0.000000
v -47.218819 -16.443333 0.000000
v -45.677273 -20.336832 0.000000
v -43.815334 -24.087685 0.000000
v -41.646061 -27.669577 0.000000
v -39.184673 -31.057388 0.000000
v -36.448433 -34.227356 0.000000
v -33.456532 -37.157242 0.000000
v -30.229956 -39.826496 0.000000
v -26.791340 -42.216396 0.000000
v -23.164803 -44.310181 0.000000
v -19.375780 -46.093159 0.000000
v -15.450850 -47.552826 0.000000
v -11.417543 -48.678944 0.000000
v -7.304152 -49.463615 0.000000
v -3.139526 -49.901337 0.000000
v 1.047121 -49.989033 0.000000
v 5.226423 -49.726093 0.000000
v 9.369065 -49.114361 0.000000
v 13.445991 -48.158127 0.000000
v 17.428602 -46.864098 0.000000
v 21.288965 -45.241352 0.000000
v 25.000000 -43.301270 0.000000
v 28.535679 -41.057461 0.000000
v 31.871199 -38.525661 0.000000
v 34.983166 -35.723633 0.000000
v 37.849754 -32.671032 0.000000
v 40.450851 -29.389263 0.000000
v 42.768211 -25.901350 0.000000
v 44.785587 -22.231758 0.000000
v 46.488823 -18.406227 0.000000
v 47.865974 -14.451590 0.000000
v 48.907379 -10.395584 0.000000
v 49.605736 -6.266662 0.000000
v 49.956142 -2.093783 0.000000
v 49.956142 2.093783 -0.000000
v 49.605736 6.266662 -0.000000
v 48.907379 10.395584 -0.000000
v 47.865974 14.451590 -0.000000
v 46.488823 18.406227 -0.000000
v 44.785587 22.231758 -0.000000
v 42.768211 25.901350 -0.000000
v 40.450851 29.389263 -0.000000
v 37.849754 32.671032 -0.000000
v 34.983166 35.723633 -0.000000
v 31.871199 38.525661 -0.000000
v 28.535679 41.057461 -0.000000
v 25.000000 43.301270 -0.000000
v 21.288965 45.241352 -0.000000
v 17.428602 46.864098 -0.000000
v 13.445991 48.158127 -0.000000
v 9.369065 49.114361 -0.000000
v 5.226423 49.726093 -0.000000
v 1.047121 49.989033 -0.000000
v -3.139526 49.901337 -0.000000
v -7.304152 49.463615 -0.000000
v -11.417543 48.678944 -0.000000
v -15.450850 47.552826 -0.000000
v -19.375780 46.093159 -0.000000
v -23.164803 44.310181 -0.000000
v -26.791340 42.216396 -0.000000
v -30.229956 39.826496 -0.000000
v -33.456532 37.157242 -0.000000
v -36.448433 34.227356 -0.000000
v -39.184673 31.057388 -0.000000
v -41.646061 27.669577 -0.000000
v -43.815334 24.087685 -0.000000
v -45.677273 20.336832 -0.000000
v -47.218819 16.443333 -0.000000
v -48.429157 12.434494 -0.000000
v -49.299801 8.338437 -0.000000
v -49.824642 4.183892 -0.000000
v -9.750000 -0.000000 19.627916
v -9.601334 1.696137 19.558346
v -9.159856 3.340589 19.488773
v -8.356637 5.022860 19.412580
v -7.887916 5.730906 21.877914
v -7.887916 5.730906 20.122004
v -7.247909 6.521527 19.336390
v -7.441923 6.299228 20.092518
v -6.955072 6.832968 20.063028
v -5.896055 7.765244 19.261314
v -5.905518 7.758050 20.005886
v -6.822027 6.965805 21.811270
v -4.734328 8.523417 19.948742
v -4.310398 8.745454 19.185122
v -5.565150 8.005722 21.744619
v -2.567087 9.405985 19.108927
v -3.465666 9.113267 19.891598
v -3.939756 8.918566 21.668425
v -0.730062 9.722628 19.032738
v -2.125631 9.515471 19.834454
v -0.741876 9.721733 19.777311
v -2.170301 9.505382 21.592230
v 0.657154 9.727828 19.720169
v 1.133739 9.683859 18.956547
v -0.321544 9.744696 21.516039
v 2.956018 9.291095 18.880358
v 2.012882 9.539957 19.664268
v 1.538973 9.627774 21.439848
v 4.669971 8.558846 18.804180
v 3.791739 8.982494 19.588078
v 3.343223 9.158895 21.363655
v 6.213640 7.513532 18.727983
v 5.431869 8.096745 19.511892
v 5.025197 8.355230 21.287466
v 7.530062 6.193599 18.651793
v 6.873618 6.914902 19.435698
v 6.523527 7.246108 21.211275
v 8.571135 4.647380 18.575605
v 8.063997 5.480369 19.359509
v 7.783389 5.872082 21.135084
v 9.299038 2.930937 18.499405
v 8.959613 3.845495 19.283319
v 8.758685 4.283448 21.058895
v 9.686886 1.107586 18.423214
v 9.527735 2.069969 19.207127
v 9.413801 2.538274 20.982708
v 9.720617 -0.756378 18.347019
v 9.747545 0.218770 19.130936
v 9.724829 0.700148 20.906511
v 9.399025 -2.592456 18.270834
v 9.611032 -1.640299 19.054750
v 9.680338 -1.163429 20.830322
v 8.733686 -4.334194 18.194630
v 9.123152 -3.439564 18.978558
v 9.281912 -2.984732 20.754122
v 7.749184 -5.917150 18.118439
v 8.301743 -5.113079 18.902363
v 8.544227 -4.696670 20.677933
v 6.481364 -7.283847 18.042248
v 7.176888 -6.599605 18.826170
v 7.494149 -6.237006 20.601742
v 4.976643 -8.384243 17.966057
v 5.789643 -7.844906 18.749977
v 6.170192 -7.549254 20.525555
v 3.290109 -9.178110 17.889872
v 4.191270 -8.803168 18.673809
v 4.620616 -8.585594 20.449364
v 1.483100 -9.636541 17.813677
v 2.439041 -9.440000 18.597610
v 2.902077 -9.308086 20.373169
v -0.377977 -9.742672 17.737488
v 0.597790 -9.731658 18.521418
v 1.077554 -9.690273 20.296978
v -2.225538 -9.492602 17.661287
v -1.265068 -9.667581 18.445236
v -0.786602 -9.718219 20.220778
v -3.991513 -8.895523 17.585094
v -3.082379 -9.249944 18.369022
v -2.621815 -9.390879 20.144587
v -5.611550 -7.973269 17.508905
v -4.477801 -8.660935 18.307150
v -4.361164 -8.720250 20.068398
v -7.026533 -6.759463 17.432711
v -6.044312 -7.650412 18.230961
v -5.941107 -7.730832 19.992205
v -8.184502 -5.298721 17.356525
v -7.211183 -6.562115 18.165773
v -8.184933 -5.298055 18.100582
v -7.166972 -6.610372 19.924349
v -9.043653 -3.643468 18.024389
v -9.043396 -3.644104 17.280329
v -8.184923 -5.298070 19.856489
v -9.043645 -3.643486 19.780302
v -9.571789 -1.855631 17.948195
v -9.571714 -1.856012 17.204124
v -9.571788 -1.855633 19.704107
v -9.750000 -0.000000 17.872011
v -9.750000 -0.000000 17.127918
v -7.146793 6.632183 -0.000000
v -5.789062 7.845334 -0.000000
v -8.255289 5.187745 -0.000000
v -4.263652 8.913357 -0.000000
v -9.075894 3.562392 -0.000000
v -2.564107 9.675585 -0.000000
v -9.579991 1.812805 -0.000000
v -0.728423 10.112347 -0.000000
v -9.750000 0.000000 0.000000
v 1.168680 10.199991 -0.000000
v -9.579988 -1.812827 0.000000
v 3.061127 9.933141 -0.000000
v -9.075878 -3.562434 0.000000
v 4.883399 9.318734 -0.000000
v -8.255254 -5.187802 0.000000
v 6.572763 8.375564 -0.000000
v -7.146731 -6.632249 0.000000
v 8.071333 7.133430 -0.000000
v -5.788971 -7.845400 0.000000
v 9.238681 5.758704 -0.000000
v -4.392452 -8.839027 0.000000
v 10.162677 4.209517 -0.000000
v -2.844388 -9.575579 0.000000
v 10.752767 2.319059 -0.000000
v -1.200707 -10.034443 0.000000
v 10.994322 0.353433 -0.000000
v 0.506715 -10.209709 0.000000
v 10.879512 -1.623652 0.000000
v 2.229020 -10.094706 0.000000
v 10.600241 -2.938525 0.000000
v 3.917232 -9.691075 0.000000
v 10.162676 -4.209517 0.000000
v 5.523582 -9.008603 0.000000
v 9.251981 -5.740054 0.000000
v 7.002880 -8.064791 0.000000
v 8.103727 -7.101044 0.000000
v -10.821752 -1.972351 16.477982
v -11.000020 0.000000 16.406250
v -10.292718 -3.880774 16.549711
v -9.430057 -5.663436 16.621443
v -8.261735 -7.262522 16.693176
v -6.825624 -8.626201 16.764908
v -5.168270 -9.710276 16.836639
v -3.343390 -10.479608 16.908371
v -1.410138 -10.909260 16.980103
v 0.568821 -10.985304 17.051834
v 2.529340 -10.705276 17.123566
v 4.407873 -10.078252 17.195297
v 6.143531 -9.124556 17.267029
v 7.680057 -7.875101 17.338760
v 8.967645 -6.370385 17.410494
v 9.964561 -4.659182 17.482225
v 10.638491 -2.796959 17.553957
v 10.967588 -0.844078 17.625689
v 10.941188 1.136163 17.697420
v 10.560145 3.079576 17.769152
v 9.836811 4.923171 17.840883
v 8.794630 6.607189 17.912615
v 7.467384 8.077044 17.984346
v 5.898095 9.285094 18.056080
v 4.137629 10.192180 18.127811
v 2.243048 10.768901 18.199543
v 0.275762 10.996564 18.271275
v -1.700465 10.867790 18.343006
v -3.621576 10.386753 18.414738
v -5.425298 9.569044 18.486469
v -7.053166 8.441170 18.558201
v -8.452414 7.039688 18.629932
v -9.577687 5.410027 18.701666
v -10.392516 3.605005 18.773397
v -10.847081 1.827916 18.839823
v -11.000023 0.000000 18.906250
v -10.821743 -1.972438 18.977983
v -10.292664 -3.880941 19.049719
v -9.429976 -5.663576 19.121450
v -8.261623 -7.262649 19.193182
v -6.825484 -8.626313 19.264914
v -5.168110 -9.710363 19.336645
v -3.343222 -10.479666 19.408377
v -1.409966 -10.909286 19.480108
v 0.568995 -10.985298 19.551840
v 2.529513 -10.705237 19.623573
v 4.408038 -10.078183 19.695305
v 6.143680 -9.124461 19.767036
v 7.680182 -7.874983 19.838768
v 8.967745 -6.370249 19.910500
v 9.964633 -4.659030 19.982231
v 10.638535 -2.796793 20.053963
v 10.967604 -0.843901 20.125694
v 10.941173 1.136343 20.197426
v 10.560101 3.079750 20.269159
v 9.836739 4.923329 20.340891
v 8.794533 6.607327 20.412622
v 7.467264 8.077159 20.484354
v 5.897954 9.285185 20.556086
v 4.137470 10.192245 20.627817
v 2.242878 10.768938 20.699549
v 0.275589 10.996571 20.771280
v -1.700634 10.867766 20.843012
v -3.621740 10.386699 20.914743
v -5.425456 9.568961 20.986477
v -7.053303 8.441062 21.058208
v -8.037177 7.510285 21.107229
v -8.899208 6.465653 21.156250
v -8.899214 6.465657 20.843750
v -11.000030 0.000000 18.593750
v -10.821751 -1.972437 18.665483
v -10.292671 -3.880939 18.737219
v -9.429984 -5.663575 18.808949
v -8.261632 -7.262649 18.880682
v -6.825493 -8.626314 18.952414
v -5.168119 -9.710366 19.024145
v -3.343231 -10.479671 19.095877
v -1.409975 -10.909291 19.167608
v 0.568986 -10.985306 19.239340
v 2.529505 -10.705247 19.311071
v 4.408031 -10.078194 19.382803
v 6.143675 -9.124473 19.454535
v 7.680179 -7.874996 19.526266
v 8.967743 -6.370263 19.598000
v 9.964634 -4.659044 19.669731
v 10.638537 -2.796807 19.741463
v 10.967609 -0.843915 19.813194
v 10.941181 1.136329 19.884926
v 10.560111 3.079737 19.956657
v 9.836752 4.923318 20.028389
v 8.794548 6.607317 20.100121
v 7.467281 8.077152 20.171852
v 5.897973 9.285181 20.243584
v 4.137490 10.192245 20.315317
v 2.242898 10.768941 20.387049
v 0.275609 10.996577 20.458780
v -1.700616 10.867777 20.530512
v -3.621723 10.386712 20.602243
v -5.425439 9.568977 20.673975
v -7.053290 8.441082 20.745707
v -8.037174 7.510298 20.794729
v -9.603653 1.682956 17.802990
v -9.602015 1.692275 17.058508
v -9.168988 3.315440 17.733961
v -9.162540 3.333219 16.989096
v -8.370394 4.999900 17.657768
v -8.360673 5.016137 16.912905
v -7.265760 6.501632 17.581573
v -7.253157 6.515689 16.836712
v -5.895556 7.765623 17.505383
v -5.895870 7.765385 16.761307
v -4.309846 8.745726 17.429193
v -4.310184 8.745559 16.685116
v -2.566462 9.406156 17.352997
v -2.566875 9.406043 16.608921
v -0.729395 9.722678 17.276808
v -0.729850 9.722644 16.532732
v 1.134392 9.683783 17.200615
v 1.133952 9.683834 16.456541
v 2.956661 9.290891 17.124424
v 2.956223 9.291030 16.380352
v 4.670567 8.558522 17.048246
v 4.670247 8.558697 16.304171
v 6.214172 7.513092 16.972052
v 6.213874 7.513339 16.227974
v 7.530484 6.193086 16.895861
v 7.530228 6.193396 16.151783
v 8.571465 4.646772 16.819674
v 8.571302 4.647070 16.075594
v 9.299176 2.930497 16.743483
v 9.298963 2.931175 15.999417
v 9.686946 1.107059 16.667290
v 9.686873 1.107688 15.923222
v 9.720578 -0.756879 16.591095
v 9.720628 -0.756243 15.847028
v 9.398893 -2.592935 16.514910
v 9.399072 -2.592288 15.770844
v 8.733398 -4.334774 16.438700
v 8.733709 -4.334147 15.694634
v 7.748782 -5.917676 16.362509
v 7.749213 -5.917111 15.618444
v 6.480881 -7.284277 16.286318
v 6.481400 -7.283815 15.542253
v 4.976063 -8.384587 16.210125
v 4.976686 -8.384217 15.466063
v 3.289415 -9.178358 16.133938
v 3.290153 -9.178094 15.389876
v 1.482405 -9.636648 16.057745
v 1.483146 -9.636534 15.313682
v -0.378709 -9.742643 15.981556
v -0.377930 -9.742673 15.237493
v -2.226107 -9.492469 15.905361
v -2.225497 -9.492612 15.161291
v -3.992063 -8.895277 15.829168
v -3.991475 -8.895540 15.085100
v -5.612032 -7.972929 15.752978
v -5.611515 -7.973294 15.008910
v -7.026978 -6.759001 15.676781
v -7.026511 -6.759486 14.932715
v -8.184925 -5.298066 15.600589
v -8.184490 -5.298738 14.856528
v -9.043664 -3.643439 15.524397
v -9.043388 -3.644123 14.780333
v -9.571788 -1.855637 15.448205
v -9.571712 -1.856022 14.704127
v -9.750000 -0.000000 15.372017
v -9.750000 -0.000000 14.627922
v -9.703082 0.955349 0.333010
v -9.750000 -0.000000 0.372056
v -9.562781 1.901504 0.293961
v -9.122898 3.440237 0.228578
v -8.301399 5.113636 0.152385
v -7.176384 6.600152 0.076191
v 9.243176 5.963532 0.071732
v 8.024073 7.524248 0.143464
v 6.544879 8.841076 0.215196
v 4.853544 9.871331 0.286927
v 3.004889 10.581621 0.358659
v 1.058835 10.948923 0.430391
v -0.921542 10.961331 0.502123
v -2.872049 10.618443 0.573855
v -4.729465 9.931374 0.645587
v -6.433580 8.922393 0.717319
v -7.929158 7.624207 0.789050
v -9.167722 6.078893 0.860782
v -10.109126 4.336541 0.932514
v -10.722860 2.453623 1.004246
v -10.930497 1.234612 1.048998
v -11.000004 0.000000 1.093750
v 10.752767 -2.319057 0.071732
v 10.994322 -0.353428 0.143464
v 10.879512 1.623656 0.215196
v 10.412057 3.548112 0.286927
v 9.607110 5.357562 0.358659
v 8.490762 6.993354 0.430391
v 7.099197 8.402466 0.502123
v 5.477523 9.539224 0.573855
v 3.678305 10.366780 0.645587
v 1.759859 10.858312 0.717318
v -0.215630 10.997887 0.789050
v -2.184133 10.780981 0.860782
v -4.081841 10.214625 0.932514
v -5.847242 9.317177 1.004246
v -7.423111 8.117726 1.075978
v -8.758368 6.655152 1.147710
v -9.809734 4.976861 1.219441
v -10.543134 3.137250 1.291173
v -10.885185 1.585170 1.348711
v -11.000003 0.000000 1.406250
v -4.189980 -8.803782 0.076192
v -2.437810 -9.440317 0.152384
v -0.596374 -9.731744 0.228583
v 1.266612 -9.667377 0.304772
v 3.083440 -9.249589 0.380967
v 4.787393 -8.493725 0.457154
v 6.316432 -7.427327 0.533346
v 7.614547 -6.089431 0.609536
v 8.634346 -4.528860 0.685730
v 9.338542 -2.802523 0.761932
v 9.701221 -0.974079 0.838119
v 9.709295 0.889994 0.914307
v 9.362388 2.721799 0.990506
v 8.673386 4.453637 1.066684
v 7.667102 6.023126 1.142884
v 6.380682 7.372204 1.219073
v 4.860890 8.451879 1.295268
v 3.163594 9.222482 1.371454
v 1.350563 9.656008 1.447644
v -0.511884 9.736553 1.523835
v -2.355588 9.461168 1.600025
v -4.113305 8.839866 1.676222
v -5.720515 7.895455 1.752413
v -7.118644 6.662388 1.828605
v -8.256535 5.185763 1.904797
v -9.092583 3.519579 1.980988
v -9.538745 2.018622 2.044958
v -9.697042 1.014823 2.086447
v -9.750000 -0.000000 2.127935
v -9.750000 -0.000000 2.872049
v -9.603659 1.682927 2.803030
v -9.169011 3.315377 2.734003
v -8.370429 4.999842 2.657810
v -7.265807 6.501580 2.581615
v -5.895606 7.765586 2.505424
v -4.309904 8.745697 2.429235
v -2.566523 9.406139 2.353039
v -0.729467 9.722673 2.276850
v 1.134328 9.683790 2.200656
v 2.956585 9.290915 2.124466
v 4.670671 8.558465 2.048281
v 6.214231 7.513043 1.972087
v 7.530504 6.193061 1.895898
v 8.571585 4.646551 1.819702
v 9.299124 2.930666 1.743528
v 9.686943 1.107082 1.667329
v 9.720588 -0.756750 1.591139
v 9.398930 -2.592804 1.514955
v 8.733449 -4.334671 1.438743
v 7.748822 -5.917623 1.362551
v 6.480935 -7.284229 1.286359
v 4.976152 -8.384534 1.210168
v 3.289523 -9.178319 1.133981
v 1.482491 -9.636635 1.057787
v -0.378594 -9.742647 0.981599
v -2.226059 -9.492479 0.905402
v -3.992018 -8.895296 0.829209
v -5.611992 -7.972957 0.753018
v -7.026935 -6.759046 0.676821
v -8.184893 -5.298117 0.600630
v -9.043645 -3.643486 0.524438
v -9.571782 -1.855663 0.448244
v -10.821758 -1.972346 16.165482
v -11.000026 0.000000 16.093750
v -10.292728 -3.880765 16.237211
v -9.430068 -5.663429 16.308943
v -8.261748 -7.262516 16.380674
v -6.825638 -8.626198 16.452406
v -5.168285 -9.710275 16.524137
v -3.343406 -10.479609 16.595869
v -1.410154 -10.909264 16.667603
v 0.568805 -10.985311 16.739334
v 2.529326 -10.705285 16.811066
v 4.407861 -10.078263 16.882797
v 6.143520 -9.124570 16.954529
v 7.680048 -7.875117 17.026260
v 8.967639 -6.370403 17.097992
v 9.964559 -4.659202 17.169724
v 10.638492 -2.796980 17.241455
v 10.967593 -0.844098 17.313189
v 10.941196 1.136143 17.384920
v 10.560157 3.079558 17.456652
v 9.836826 4.923154 17.528383
v 8.794648 6.607175 17.600115
v 7.467405 8.077034 17.671846
v 5.898118 9.285087 17.743578
v 4.137653 10.192177 17.815310
v 2.243073 10.768902 17.887041
v 0.275787 10.996570 17.958773
v -1.700441 10.867800 18.030504
v -3.621553 10.386767 18.102238
v -5.425278 9.569062 18.173969
v -7.053149 8.441192 18.245701
v -8.452400 7.039713 18.317432
v -9.577679 5.410054 18.389164
v -10.392512 3.605035 18.460896
v -10.847085 1.827931 18.527323
v -10.821749 -1.972350 13.977981
v -11.000017 0.000000 13.906250
v -10.292715 -3.880774 14.049712
v -9.430054 -5.663435 14.121444
v -8.261732 -7.262521 14.193175
v -6.825622 -8.626200 14.264907
v -5.168267 -9.710274 14.336638
v -3.343388 -10.479606 14.408371
v -1.410136 -10.909257 14.480103
v 0.568823 -10.985301 14.551834
v 2.529342 -10.705273 14.623567
v 4.407875 -10.078248 14.695298
v 6.143532 -9.124552 14.767030
v 7.680057 -7.875096 14.838761
v 8.967645 -6.370380 14.910493
v 9.964561 -4.659177 14.982224
v 10.638489 -2.796955 15.053957
v 10.967587 -0.844073 15.125689
v 10.941185 1.136167 15.197420
v 10.560142 3.079580 15.269152
v 9.836806 4.923174 15.340884
v 8.794624 6.607192 15.412616
v 7.467378 8.077046 15.484347
v 5.898088 9.285094 15.556079
v 4.137622 10.192180 15.627811
v 2.243041 10.768899 15.699543
v 0.275755 10.996561 15.771275
v -1.700471 10.867786 15.843006
v -3.621581 10.386747 15.914738
v -5.425303 9.569037 15.986470
v -7.053170 8.441162 16.058203
v -8.452416 7.039680 16.129934
v -9.577689 5.410018 16.201666
v -10.392516 3.604996 16.273397
v -10.847079 1.827911 16.339823
v -9.675242 1.205065 14.578619
v -9.603659 1.682925 15.302998
v -9.452116 2.391651 14.529316
v -9.169011 3.315379 15.233971
v -9.012490 3.719880 14.472171
v -8.370428 4.999844 15.157778
v -8.387290 4.971504 14.415028
v -7.589378 6.120771 14.357882
v -7.265804 6.501584 15.081583
v -6.635188 7.144002 14.300738
v -5.895607 7.765585 15.005392
v -5.544328 8.020157 14.243590
v -4.309904 8.745697 14.929202
v -4.339326 8.731136 14.186444
v -3.044931 9.262337 14.129297
v -2.566519 9.406140 14.853006
v -1.687843 9.602795 14.072150
v -0.729452 9.722673 14.776816
v -0.295888 9.745508 14.014999
v 1.134337 9.683789 14.700624
v 1.102089 9.687512 13.957852
v 2.477404 9.430003 13.900702
v 2.956602 9.290909 14.624434
v 3.801706 8.978281 13.843553
v 4.670519 8.558548 14.548256
v 5.047771 8.341612 13.786400
v 6.214127 7.513129 14.472059
v 6.189930 7.533077 13.729243
v 7.204506 6.569443 13.672091
v 7.530450 6.193126 14.395869
v 8.070726 5.470454 13.614937
v 8.571437 4.646822 14.319683
v 8.770735 4.258721 13.557779
v 9.299172 2.930509 14.243489
v 9.290047 2.959311 13.500625
v 9.618060 1.598566 13.443455
v 9.686943 1.107080 14.167296
v 9.747844 0.205037 13.386291
v 9.720580 -0.756856 14.091103
v 9.676785 -1.192611 13.329131
v 9.398898 -2.592918 14.014917
v 9.406329 -2.565829 13.271966
v 8.941999 -3.886277 13.214796
v 8.733398 -4.334773 13.938706
v 8.293620 -5.126243 13.157645
v 7.748782 -5.917676 13.862516
v 7.474424 -6.260631 13.100493
v 6.480879 -7.284279 13.786324
v 6.501336 -7.266026 13.043345
v 5.394338 -8.121799 12.986197
v 4.976076 -8.384580 13.710133
v 4.176220 -8.810318 12.929046
v 3.289470 -9.178339 13.633946
v 2.872146 -9.317365 12.871898
v 1.482432 -9.636644 13.557753
v 1.508886 -9.632537 12.814748
v 0.114601 -9.749327 12.757599
v -0.378648 -9.742645 13.481565
v -1.282109 -9.665336 12.700448
v -2.226125 -9.492464 13.405367
v -2.652335 -9.382304 12.643301
v -3.992080 -8.895268 13.329174
v -3.967960 -8.906054 12.586154
v -5.201833 -8.246420 12.529008
v -5.612048 -7.972919 13.252983
v -6.328609 -7.416955 12.471862
v -7.026976 -6.759003 13.176786
v -7.325037 -6.434775 12.414716
v -8.184924 -5.298068 13.100595
v -8.184936 -5.298051 12.356498
v -9.043664 -3.643439 13.024404
v -9.043658 -3.643454 12.280306
v -9.571788 -1.855637 12.948211
v -9.571787 -1.855639 12.204114
v -9.750000 -0.000000 12.872024
v -9.750000 -0.000000 12.127924
v -10.821736 -1.972344 1.165481
v -10.292706 -3.880761 1.237211
v -9.430046 -5.663423 1.308943
v -8.261726 -7.262507 1.380675
v -6.825617 -8.626186 1.452407
v -5.168264 -9.710260 1.524139
v -3.343386 -10.479592 1.595870
v -1.410136 -10.909245 1.667602
v 0.568822 -10.985288 1.739334
v 2.529340 -10.705259 1.811066
v 4.407872 -10.078235 1.882798
v 6.143528 -9.124538 1.954530
v 7.680051 -7.875083 2.026262
v 8.967638 -6.370368 2.097993
v 9.964551 -4.659166 2.169725
v 10.638478 -2.796943 2.241457
v 10.967574 -0.844063 2.313189
v 10.941171 1.136176 2.384921
v 10.560125 3.079588 2.456653
v 9.836788 4.923180 2.528384
v 8.794606 6.607195 2.600116
v 7.467358 8.077047 2.671848
v 5.898067 9.285092 2.743580
v 4.137600 10.192174 2.815312
v 2.243020 10.768890 2.887043
v 0.275735 10.996549 2.958775
v -1.700490 10.867770 3.030507
v -3.621598 10.386728 3.102239
v -5.425317 9.569015 3.173971
v -7.053181 8.441136 3.245703
v -8.452423 7.039652 3.317435
v -9.577691 5.409988 3.389166
v -10.392512 3.604965 3.460898
v -10.847069 1.827896 3.527324
v -11.000008 0.000000 3.593750
v -10.821734 -1.972349 1.477981
v -10.292701 -3.880771 1.549712
v -9.430039 -5.663432 1.621444
v -8.261719 -7.262515 1.693176
v -6.825607 -8.626192 1.764907
v -5.168253 -9.710265 1.836639
v -3.343375 -10.479595 1.908371
v -1.410124 -10.909245 1.980103
v 0.568834 -10.985287 2.051835
v 2.529351 -10.705256 2.123567
v 4.407882 -10.078229 2.195298
v 6.143537 -9.124531 2.267030
v 7.680059 -7.875074 2.338762
v 8.967644 -6.370358 2.410494
v 9.964556 -4.659154 2.482226
v 10.638480 -2.796931 2.553957
v 10.967573 -0.844050 2.625689
v 10.941169 1.136189 2.697421
v 10.560121 3.079600 2.769153
v 9.836782 4.923191 2.840885
v 8.794597 6.607204 2.912617
v 7.467348 8.077055 2.984349
v 5.898056 9.285098 3.056080
v 4.137588 10.192178 3.127812
v 2.243007 10.768891 3.199544
v 0.275721 10.996548 3.271276
v -1.700503 10.867766 3.343008
v -3.621611 10.386723 3.414739
v -5.425329 9.569007 3.486471
v -7.053191 8.441127 3.558203
v -8.452431 7.039640 3.629935
v -9.577697 5.409975 3.701667
v -10.392516 3.604951 3.773398
v -10.847069 1.827888 3.839824
v -11.000006 0.000000 3.906250
v -9.571785 -1.855648 2.204125
v -9.043651 -3.643471 2.280318
v -8.184926 -5.298065 2.356509
v -7.311581 -6.450061 2.415558
v -6.277465 -7.460290 2.474608
v -4.742911 -8.518644 2.550797
v -3.034892 -9.265632 2.626990
v -1.215980 -9.673877 2.703181
v 0.647346 -9.728486 2.779371
v 2.487078 -9.427457 2.855563
v 4.235835 -8.781811 2.931754
v 5.829963 -7.814988 3.007954
v 7.210716 -6.562627 3.084142
v 8.327969 -5.070250 3.160336
v 9.140718 -3.392604 3.236527
v 9.619327 -1.590931 3.312718
v 9.746293 0.268850 3.388906
v 9.516950 2.119001 3.465103
v 8.939805 3.891321 3.541285
v 8.035740 5.521719 3.617480
v 6.838035 6.950092 3.693668
v 5.390185 8.124556 3.769865
v 3.745587 9.001837 3.846047
v 1.963751 9.550193 3.922244
v 0.110298 9.749376 3.998432
v -1.747304 9.592155 4.074626
v -3.540859 9.084317 4.150813
v -5.205039 8.244396 4.227003
v -6.679023 7.103038 4.303197
v -7.908728 5.702150 4.379383
v -8.849418 4.092714 4.455574
v -9.466598 2.333673 4.531765
v -9.678890 1.175407 4.579850
v -9.750000 -0.000000 4.627933
v -9.750000 -0.000000 5.372043
v -9.602977 1.686813 5.302862
v -9.166326 3.322796 5.233675
v -8.366382 5.006611 5.157482
v -7.260571 6.507426 5.081289
v -5.889346 7.770335 5.005097
v -4.302857 8.749166 4.928908
v -2.558939 9.408205 4.852712
v -0.721629 9.723258 4.776522
v 1.142134 9.682873 4.700329
v 2.964073 9.288528 4.624139
v 4.677582 8.554690 4.547954
v 6.220294 7.508024 4.471759
v 7.535501 6.186980 4.395570
v 8.575344 4.639609 4.319374
v 9.301627 2.922710 4.243182
v 9.687866 1.098978 4.166990
v 9.719949 -0.764915 4.090799
v 9.396708 -2.600842 4.014608
v 8.729936 -4.341742 3.938415
v 7.744079 -5.923829 3.862226
v 6.475076 -7.289437 3.786033
v 4.969411 -8.388532 3.709842
v 3.282181 -9.180947 3.633656
v 1.474780 -9.637817 3.557462
v -0.386387 -9.742341 3.481274
v -2.226091 -9.492472 3.405394
v -3.992043 -8.895285 3.329201
v -5.612016 -7.972940 3.253011
v -7.026939 -6.759041 3.176815
v -8.184897 -5.298110 3.100623
v -9.043646 -3.643482 3.024431
v -9.571783 -1.855661 2.948238
v -10.821754 -1.972345 13.665481
v -11.000022 0.000000 13.593750
v -10.292725 -3.880764 13.737211
v -9.430064 -5.663427 13.808943
v -8.261744 -7.262515 13.880675
v -6.825635 -8.626196 13.952407
v -5.168281 -9.710272 14.024138
v -3.343403 -10.479607 14.095870
v -1.410151 -10.909261 14.167602
v 0.568808 -10.985307 14.239334
v 2.529328 -10.705281 14.311066
v 4.407862 -10.078259 14.382797
v 6.143522 -9.124565 14.454529
v 7.680048 -7.875112 14.526260
v 8.967639 -6.370398 14.597993
v 9.964558 -4.659196 14.669724
v 10.638489 -2.796974 14.741456
v 10.967590 -0.844092 14.813188
v 10.941193 1.136149 14.884919
v 10.560152 3.079563 14.956652
v 9.836820 4.923159 15.028383
v 8.794641 6.607178 15.100115
v 7.467397 8.077036 15.171846
v 5.898109 9.285088 15.243579
v 4.137644 10.192176 15.315310
v 2.243064 10.768900 15.387042
v 0.275778 10.996566 15.458774
v -1.700449 10.867795 15.530505
v -3.621560 10.386761 15.602238
v -5.425285 9.569055 15.673969
v -7.053154 8.441182 15.745701
v -8.452404 7.039703 15.817432
v -9.577681 5.410043 15.889164
v -10.392512 3.605023 15.960896
v -10.847082 1.827925 16.027323
v -10.821746 -1.972350 11.477981
v -11.000014 0.000000 11.406250
v -10.292712 -3.880773 11.549712
v -9.430051 -5.663435 11.621444
v -8.261730 -7.262520 11.693175
v -6.825619 -8.626198 11.764907
v -5.168264 -9.710272 11.836638
v -3.343385 -10.479604 11.908371
v -1.410134 -10.909255 11.980103
v 0.568825 -10.985298 12.051834
v 2.529344 -10.705269 12.123567
v 4.407876 -10.078244 12.195298
v 6.143533 -9.124548 12.267030
v 7.680058 -7.875092 12.338761
v 8.967645 -6.370376 12.410493
v 9.964560 -4.659173 12.482225
v 10.638487 -2.796950 12.553957
v 10.967584 -0.844069 12.625689
v 10.941181 1.136171 12.697420
v 10.560137 3.079584 12.769153
v 9.836802 4.923178 12.840884
v 8.794620 6.607194 12.912616
v 7.467372 8.077048 12.984347
v 5.898082 9.285095 13.056080
v 4.137615 10.192179 13.127811
v 2.243034 10.768898 13.199543
v 0.275748 10.996558 13.271275
v -1.700478 10.867783 13.343006
v -3.621587 10.386743 13.414739
v -5.425308 9.569032 13.486470
v -7.053174 8.441155 13.558202
v -8.452419 7.039672 13.629934
v -9.577690 5.410009 13.701666
v -10.392516 3.604987 13.773397
v -10.847077 1.827907 13.839824
v -9.696560 1.019420 12.086248
v -9.593788 1.738310 12.800708
v -9.536827 2.027665 12.044570
v -9.130136 3.420983 12.729384
v -9.087996 3.531403 11.980460
v -8.312161 5.096122 12.653192
v -8.249782 5.196499 11.904269
v -7.190297 6.584992 12.576998
v -7.109965 6.671648 11.828077
v -5.895289 7.765826 12.505383
v -5.710234 7.902893 11.751884
v -4.309536 8.745878 12.429192
v -4.101796 8.845211 11.675694
v -2.566139 9.406243 12.352997
v -2.343313 9.464215 11.599499
v -0.729054 9.722704 12.276807
v -0.499237 9.737209 11.523308
v 1.134734 9.683743 12.200614
v 1.363093 9.654246 11.447117
v 2.956978 9.290790 12.124424
v 3.175581 9.218361 11.370927
v 4.670985 8.558294 12.048241
v 4.770379 8.503292 11.299506
v 6.214517 7.512807 11.972046
v 6.301564 7.439945 11.223313
v 7.530747 6.192765 11.895856
v 7.602365 6.104632 11.147121
v 8.571723 4.646296 11.819665
v 8.571364 4.646957 11.075594
v 9.299267 2.930210 11.743483
v 9.299115 2.930693 10.999402
v 9.686990 1.106676 11.667287
v 9.686922 1.107267 10.923210
v 9.720557 -0.757140 11.591098
v 9.720603 -0.756554 10.847020
v 9.398784 -2.593331 11.514907
v 9.398935 -2.592780 10.770828
v 8.733502 -4.334563 11.438723
v 8.733678 -4.334210 10.694636
v 7.748840 -5.917600 11.362526
v 7.749186 -5.917147 10.618448
v 6.480997 -7.284174 11.286337
v 6.481358 -7.283853 10.542255
v 4.976191 -8.384512 11.210145
v 4.976644 -8.384243 10.466066
v 3.289543 -9.178312 11.133956
v 3.290103 -9.178112 10.389880
v 1.482511 -9.636632 11.057762
v 1.483096 -9.636541 10.313685
v -0.378571 -9.742648 10.981574
v -0.377981 -9.742671 10.237496
v -2.226043 -9.492483 10.905377
v -2.225498 -9.492611 10.161297
v -3.992004 -8.895303 10.829185
v -3.991483 -8.895536 10.085105
v -5.611979 -7.972967 10.752994
v -5.611519 -7.973290 10.008916
v -7.026871 -6.759111 10.676800
v -7.026521 -6.759475 9.932720
v -8.184850 -5.298182 10.600608
v -8.184499 -5.298725 9.856533
v -9.043594 -3.643611 10.524417
v -9.043395 -3.644107 9.780337
v -9.571787 -1.855640 10.448217
v -9.571714 -1.856016 9.704132
v -9.750000 -0.000000 10.372030
v -9.750000 -0.000000 9.627927
v -10.821740 -1.972344 3.665481
v -10.292710 -3.880762 3.737211
v -9.430050 -5.663424 3.808943
v -8.261730 -7.262509 3.880675
v -6.825621 -8.626188 3.952407
v -5.168267 -9.710263 4.024138
v -3.343390 -10.479595 4.095870
v -1.410139 -10.909247 4.167603
v 0.568819 -10.985291 4.239334
v 2.529338 -10.705263 4.311066
v 4.407870 -10.078239 4.382798
v 6.143527 -9.124544 4.454530
v 7.680051 -7.875089 4.526261
v 8.967638 -6.370374 4.597993
v 9.964553 -4.659172 4.669725
v 10.638480 -2.796949 4.741457
v 10.967577 -0.844069 4.813189
v 10.941175 1.136171 4.884921
v 10.560131 3.079583 4.956652
v 9.836795 4.923176 5.028384
v 8.794613 6.607192 5.100116
v 7.467366 8.077044 5.171848
v 5.898076 9.285091 5.243580
v 4.137609 10.192174 5.315311
v 2.243029 10.768892 5.387043
v 0.275743 10.996552 5.458775
v -1.700482 10.867775 5.530507
v -3.621590 10.386735 5.602239
v -5.425311 9.569023 5.673971
v -7.053175 8.441146 5.745702
v -8.452419 7.039662 5.817434
v -9.577688 5.409999 5.889166
v -10.392512 3.604977 5.960897
v -10.847072 1.827901 6.027324
v -11.000011 0.000000 6.093750
v -10.821737 -1.972349 3.977981
v -10.292704 -3.880772 4.049712
v -9.430042 -5.663432 4.121444
v -8.261722 -7.262516 4.193175
v -6.825610 -8.626194 4.264907
v -5.168256 -9.710266 4.336639
v -3.343378 -10.479597 4.408371
v -1.410126 -10.909247 4.480103
v 0.568832 -10.985290 4.551835
v 2.529350 -10.705258 4.623567
v 4.407881 -10.078233 4.695298
v 6.143536 -9.124536 4.767030
v 7.680058 -7.875079 4.838762
v 8.967644 -6.370362 4.910494
v 9.964557 -4.659159 4.982225
v 10.638482 -2.796936 5.053957
v 10.967576 -0.844055 5.125689
v 10.941172 1.136184 5.197421
v 10.560125 3.079596 5.269153
v 9.836786 4.923188 5.340885
v 8.794602 6.607202 5.412617
v 7.467354 8.077053 5.484348
v 5.898062 9.285098 5.556080
v 4.137595 10.192178 5.627812
v 2.243014 10.768893 5.699543
v 0.275728 10.996551 5.771276
v -1.700497 10.867770 5.843007
v -3.621605 10.386727 5.914739
v -5.425323 9.569014 5.986471
v -7.053186 8.441133 6.058203
v -8.452428 7.039649 6.129935
v -9.577695 5.409984 6.201666
v -10.392516 3.604960 6.273398
v -10.847071 1.827893 6.339824
v -11.000009 0.000000 6.406250
v -9.571785 -1.855648 4.704122
v -9.043651 -3.643471 4.780315
v -8.184926 -5.298065 4.856506
v -7.311582 -6.450060 4.915555
v -6.277469 -7.460288 4.974606
v -4.742915 -8.518642 5.050794
v -3.034896 -9.265631 5.126987
v -1.215985 -9.673877 5.203177
v 0.647340 -9.728487 5.279367
v 2.487075 -9.427458 5.355561
v 4.235825 -8.781816 5.431750
v 5.829950 -7.814997 5.507951
v 7.210707 -6.562637 5.584139
v 8.327962 -5.070261 5.660333
v 9.140739 -3.392548 5.736526
v 9.619346 -1.590815 5.812720
v 9.746292 0.268882 5.888905
v 9.516939 2.119050 5.965103
v 8.939712 3.891536 6.041291
v 8.035400 5.522213 6.117502
v 6.837640 6.950480 6.193687
v 5.389953 8.124709 6.269874
v 3.744923 9.002113 6.346074
v 1.963217 9.550303 6.422263
v 0.109686 9.749383 6.498455
v -1.747753 9.592072 6.574642
v -3.541214 9.084179 6.650826
v -5.205564 8.244064 6.727026
v -6.679492 7.102596 6.803221
v -7.908723 5.702157 6.879380
v -8.849401 4.092751 6.955570
v -9.385524 2.640918 7.018795
v -9.658451 1.332975 7.073363
v -9.750000 -0.000000 7.127930
v -9.750000 -0.000000 7.872036
v -9.602935 1.687053 7.802845
v -9.166162 3.323250 7.733648
v -8.366133 5.007027 7.657455
v -7.260244 6.507792 7.581262
v -5.888955 7.770631 7.505071
v -4.302419 8.749382 7.428881
v -2.558456 9.408337 7.352685
v -0.721118 9.723296 7.276495
v 1.142638 9.682813 7.200302
v 2.964561 9.288373 7.124112
v 4.678002 8.554461 7.047927
v 6.220670 7.507713 6.971733
v 7.535812 6.186602 6.895544
v 8.575553 4.639222 6.819349
v 9.301618 2.922740 6.743176
v 9.687882 1.098830 6.666977
v 9.719938 -0.765047 6.590787
v 9.396716 -2.600814 6.514603
v 8.729710 -4.342196 6.438387
v 7.743730 -5.924284 6.362196
v 6.474665 -7.289803 6.286004
v 4.968931 -8.388816 6.209813
v 3.281633 -9.181143 6.133626
v 1.474205 -9.637906 6.057432
v -0.386968 -9.742318 5.981245
v -2.226138 -9.492461 5.905386
v -3.992089 -8.895265 5.829193
v -5.612056 -7.972912 5.753002
v -7.026973 -6.759006 5.676806
v -8.184922 -5.298070 5.600615
v -9.043664 -3.643440 5.524423
v -9.571788 -1.855636 5.448230
v -10.821751 -1.972345 11.165481
v -11.000018 0.000000 11.093750
v -10.292721 -3.880764 11.237211
v -9.430061 -5.663426 11.308943
v -8.261741 -7.262513 11.380675
v -6.825631 -8.626194 11.452407
v -5.168278 -9.710270 11.524138
v -3.343400 -10.479604 11.595870
v -1.410148 -10.909258 11.667602
v 0.568811 -10.985303 11.739334
v 2.529331 -10.705276 11.811066
v 4.407864 -10.078254 11.882797
v 6.143523 -9.124559 11.954529
v 7.680049 -7.875106 12.026261
v 8.967639 -6.370392 12.097993
v 9.964556 -4.659190 12.169724
v 10.638487 -2.796968 12.241456
v 10.967587 -0.844086 12.313188
v 10.941188 1.136154 12.384920
v 10.560146 3.079568 12.456652
v 9.836814 4.923163 12.528383
v 8.794634 6.607182 12.600115
v 7.467390 8.077038 12.671847
v 5.898101 9.285089 12.743579
v 4.137636 10.192176 12.815310
v 2.243055 10.768898 12.887042
v 0.275769 10.996562 12.958774
v -1.700457 10.867790 13.030506
v -3.621568 10.386754 13.102238
v -5.425291 9.569047 13.173969
v -7.053160 8.441173 13.245702
v -8.452408 7.039693 13.317433
v -9.577682 5.410032 13.389165
v -10.392512 3.605011 13.460896
v -10.847079 1.827919 13.527323
v -10.821743 -1.972350 8.977981
v -11.000011 0.000000 8.906250
v -10.292709 -3.880773 9.049712
v -9.430048 -5.663434 9.121444
v -8.261727 -7.262518 9.193175
v -6.825616 -8.626197 9.264907
v -5.168262 -9.710270 9.336638
v -3.343383 -10.479601 9.408371
v -1.410131 -10.909252 9.480103
v 0.568827 -10.985295 9.551834
v 2.529346 -10.705265 9.623567
v 4.407878 -10.078240 9.695298
v 6.143534 -9.124543 9.767030
v 7.680058 -7.875087 9.838761
v 8.967645 -6.370371 9.910493
v 9.964559 -4.659168 9.982225
v 10.638485 -2.796945 10.053957
v 10.967581 -0.844064 10.125689
v 10.941178 1.136176 10.197421
v 10.560133 3.079588 10.269153
v 9.836797 4.923181 10.340884
v 8.794614 6.607197 10.412616
v 7.467366 8.077050 10.484348
v 5.898076 9.285096 10.556080
v 4.137608 10.192179 10.627811
v 2.243027 10.768896 10.699543
v 0.275741 10.996555 10.771275
v -1.700484 10.867778 10.843007
v -3.621593 10.386738 10.914739
v -5.425313 9.569025 10.986470
v -7.053178 8.441148 11.058203
v -8.452422 7.039664 11.129934
v -9.577692 5.410001 11.201666
v -10.392516 3.604978 11.273397
v -10.847075 1.827902 11.339824
v -9.668479 1.258177 9.576440
v -9.598309 1.713177 10.301757
v -9.425280 2.495316 9.524951
v -9.147826 3.373391 10.231463
v -8.778178 4.243357 9.448769
v -8.338501 5.052910 10.155263
v -7.810029 5.836604 9.372571
v -7.224411 6.547548 10.079071
v -6.556530 7.216260 9.296385
v -5.846359 7.802729 10.002888
v -5.063277 8.332210 9.220193
v -4.253959 8.773046 9.926674
v -3.385169 9.143475 9.144011
v -2.506644 9.422273 9.850489
v -1.582969 9.620640 9.067814
v -0.667410 9.727130 9.774291
v 0.277018 9.746063 8.991622
v 1.195943 9.676373 9.698104
v 2.126676 9.515238 8.915439
v 3.015743 9.271881 9.621911
v 3.899307 8.936324 8.839223
v 4.724999 8.528591 9.545732
v 5.454073 8.081805 8.766723
v 6.261919 7.473343 9.469535
v 6.892511 6.896070 8.690532
v 7.569817 6.144947 9.393343
v 8.021806 5.541943 8.618477
v 8.600891 4.592077 9.317159
v 8.929938 3.913911 8.542285
v 9.317837 2.870613 9.240942
v 9.511611 2.142840 8.466095
v 9.693844 1.044931 9.164758
v 9.745573 0.293773 8.389918
v 9.715518 -0.819274 9.088560
v 9.623365 -1.566315 8.313730
v 9.382044 -2.653255 9.012374
v 9.149298 -3.369399 8.237531
v 8.705576 -4.390382 8.936182
v 8.340870 -5.048999 8.161345
v 7.748710 -5.917770 8.862524
v 7.227528 -6.544108 8.085157
v 6.480771 -7.284375 8.786331
v 5.850015 -7.799989 8.008970
v 4.975964 -8.384646 8.710140
v 4.258549 -8.770819 7.932778
v 3.289328 -9.178390 8.633953
v 2.511287 -9.421038 7.856580
v 1.482304 -9.636663 8.557760
v 0.672536 -9.726778 7.780396
v -0.378795 -9.742640 8.481572
v -1.191024 -9.676981 7.704201
v -2.226078 -9.492476 8.405382
v -3.011180 -9.273365 7.628002
v -3.992065 -8.895276 8.329187
v -4.721106 -8.530748 7.551809
v -5.612018 -7.972939 8.252997
v -6.258361 -7.476325 7.475621
v -7.026972 -6.759007 8.176800
v -7.303326 -6.459407 7.416061
v -8.184922 -5.298071 8.100609
v -8.184926 -5.298065 7.356503
v -9.043663 -3.643440 8.024416
v -9.043651 -3.643472 7.280312
v -9.571788 -1.855636 7.948224
v -9.571785 -1.855648 7.204120
v -10.821744 -1.972344 6.165481
v -10.292714 -3.880762 6.237211
v -9.430054 -5.663424 6.308943
v -8.261734 -7.262510 6.380675
v -6.825624 -8.626190 6.452407
v -5.168271 -9.710265 6.524138
v -3.343393 -10.479598 6.595870
v -1.410142 -10.909251 6.667602
v 0.568816 -10.985295 6.739334
v 2.529335 -10.705268 6.811066
v 4.407868 -10.078244 6.882798
v 6.143526 -9.124549 6.954529
v 7.680050 -7.875095 7.026261
v 8.967638 -6.370380 7.097993
v 9.964554 -4.659178 7.169725
v 10.638483 -2.796955 7.241457
v 10.967580 -0.844075 7.313189
v 10.941179 1.136165 7.384920
v 10.560136 3.079578 7.456652
v 9.836802 4.923172 7.528384
v 8.794621 6.607188 7.600116
v 7.467374 8.077043 7.671847
v 5.898084 9.285090 7.743579
v 4.137618 10.192175 7.815311
v 2.243038 10.768894 7.887043
v 0.275752 10.996555 7.958775
v -1.700474 10.867780 8.030506
v -3.621583 10.386741 8.102239
v -5.425304 9.569031 8.173970
v -7.053170 8.441154 8.245702
v -8.452415 7.039672 8.317433
v -9.577686 5.410010 8.389166
v -10.392512 3.604989 8.460897
v -10.847074 1.827907 8.527324
v -11.000014 0.000000 8.593750
v -10.821740 -1.972350 6.477981
v -10.292706 -3.880772 6.549712
v -9.430045 -5.663433 6.621444
v -8.261724 -7.262517 6.693175
v -6.825613 -8.626195 6.764907
v -5.168259 -9.710268 6.836639
v -3.343380 -10.479599 6.908371
v -1.410129 -10.909249 6.980103
v 0.568829 -10.985292 7.051835
v 2.529348 -10.705262 7.123567
v 4.407879 -10.078237 7.195298
v 6.143535 -9.124539 7.267030
v 7.680058 -7.875083 7.338762
v 8.967644 -6.370367 7.410493
v 9.964558 -4.659163 7.482225
v 10.638484 -2.796941 7.553957
v 10.967579 -0.844059 7.625689
v 10.941175 1.136180 7.697421
v 10.560129 3.079592 7.769153
v 9.836791 4.923184 7.840885
v 8.794608 6.607199 7.912616
v 7.467360 8.077051 7.984348
v 5.898069 9.285097 8.056080
v 4.137601 10.192179 8.127811
v 2.243021 10.768895 8.199543
v 0.275735 10.996553 8.271276
v -1.700491 10.867774 8.343007
v -3.621599 10.386732 8.414739
v -5.425319 9.569019 8.486471
v -7.053183 8.441141 8.558203
v -8.452425 7.039656 8.629934
v -9.577693 5.409992 8.701666
v -10.392516 3.604969 8.773397
v -10.847073 1.827897 8.839824
v -10.821748 -1.972345 8.665481
v -10.292717 -3.880763 8.737211
v -9.430058 -5.663425 8.808944
v -8.261738 -7.262512 8.880675
v -6.825628 -8.626192 8.952407
v -5.168274 -9.710267 9.024138
v -3.343396 -10.479601 9.095870
v -1.410145 -10.909254 9.167603
v 0.568814 -10.985299 9.239334
v 2.529333 -10.705273 9.311066
v 4.407866 -10.078249 9.382797
v 6.143524 -9.124555 9.454530
v 7.680049 -7.875101 9.526261
v 8.967638 -6.370386 9.597993
v 9.964555 -4.659184 9.669724
v 10.638485 -2.796962 9.741456
v 10.967584 -0.844080 9.813189
v 10.941184 1.136160 9.884920
v 10.560142 3.079573 9.956652
v 9.836807 4.923167 10.028383
v 8.794627 6.607185 10.100116
v 7.467382 8.077041 10.171847
v 5.898093 9.285089 10.243579
v 4.137627 10.192175 10.315310
v 2.243047 10.768896 10.387043
v 0.275761 10.996559 10.458775
v -1.700465 10.867785 10.530506
v -3.621575 10.386747 10.602238
v -5.425298 9.569038 10.673970
v -7.053165 8.441164 10.745702
v -8.452412 7.039682 10.817433
v -9.577684 5.410021 10.889165
v -10.392512 3.605000 10.960896
v -10.847076 1.827913 11.027324
v -28.988791 -3.208479 2.000000
v -29.165808 0.000000 2.000000
v -25.624355 0.000000 8.133975
v -18.541452 0.000000 20.401924
v -14.824206 2.289739 26.535898
v -15.000000 0.000000 26.535898
v -28.988791 3.208479 2.000000
v -18.324154 -2.830339 20.401924
v -14.824206 -2.289739 26.535898
v -17.677353 -5.594338 20.401924
v -14.300946 -4.525809 26.535898
v -16.616211 -8.227210 20.401924
v -13.442483 -6.655797 26.535898
v -12.268940 -8.629780 26.535898
v -21.824102 -3.370939 14.267949
v -22.082903 0.000000 14.267949
v -15.165598 -10.667243 20.401924
v -21.053761 -6.662867 14.267949
v -13.359516 -12.857245 20.401924
v -10.807824 -10.401487 26.535898
v -19.789938 -9.798622 14.267949
v -25.324049 -3.911540 8.133975
v -28.459890 -6.378011 2.000000
v -11.240299 -14.745885 20.401924
v -9.093381 -11.929393 26.535898
v -7.165797 -13.177684 26.535898
v -18.062256 -12.704706 14.267949
v -24.430168 -7.731396 8.133975
v -27.585524 -9.470122 2.000000
v -8.857619 -16.288893 20.401924
v -15.911209 -15.313004 14.267949
v -22.963665 -11.370035 8.133975
v -26.376307 -12.447279 2.000000
v -24.846918 -15.273343 2.000000
v -6.267323 -17.450104 20.401924
v -5.070253 -14.117101 26.535898
v -13.387218 -17.562376 14.267949
v -20.958912 -14.742170 8.133975
v -23.015921 -17.914009 2.000000
v -3.530128 -18.202297 20.401924
v -2.855867 -14.725625 26.535898
v -10.549440 -19.400101 14.267949
v -18.462902 -17.768761 8.133975
v -20.905540 -20.337225 2.000000
v -18.541397 -22.513573 2.000000
v -0.710188 -18.527845 20.401924
v -0.574541 -14.988993 26.535898
v 1.720251 -14.901031 26.535898
v -7.464394 -20.783106 14.267949
v -15.534136 -20.378868 8.133975
v -15.952185 -24.416636 2.000000
v 2.126397 -18.419117 20.401924
v -4.204389 -21.678970 14.267949
v -12.241262 -22.511311 8.133975
v -13.169335 -26.023315 2.000000
v 4.913142 -17.878660 20.401924
v 3.974723 -14.463802 26.535898
v -0.845836 -22.066698 14.267949
v -8.661465 -24.116108 8.133975
v -10.226627 -27.314106 2.000000
v -7.159782 -28.273342 2.000000
v 7.584726 -16.919142 20.401924
v 6.136030 -13.687554 26.535898
v 2.532543 -21.937202 14.267949
v -4.878650 -25.155643 8.133975
v -4.006027 -28.889376 2.000000
v 10.078531 -15.563054 20.401924
v 8.153513 -12.590482 26.535898
v 9.979885 -11.198298 26.535898
v 5.851561 -21.293518 14.267949
v -0.981483 -25.605553 8.133975
v -0.803645 -29.154734 2.000000
v 2.408493 -29.066191 2.000000
v 12.336104 -13.842180 20.401924
v 9.033423 -20.150730 14.267949
v 2.938689 -25.455288 8.133975
v 5.591395 -28.624825 2.000000
v 14.304529 -11.796859 20.401924
v 11.572338 -9.543636 26.535898
v 12.893544 -7.665280 26.535898
v 12.003550 -18.535625 14.267949
v 6.789980 -24.708374 8.133975
v 8.706426 -27.835993 2.000000
v 15.937669 -9.475028 20.401924
v 14.692324 -16.486063 14.267949
v 10.482121 -23.382317 8.133975
v 11.715772 -26.709269 2.000000
v 14.582904 -25.258329 2.000000
v 17.197243 -6.931111 20.401924
v 13.912537 -5.607256 26.535898
v 14.605432 -3.417803 26.535898
v 17.036722 -14.050080 14.267949
v 13.928568 -21.508198 8.133975
v 17.273020 -23.500790 2.000000
v 18.053726 -4.224735 20.401924
v 18.981792 -11.284777 14.267949
v 17.048542 -19.129946 8.133975
v 19.753464 -21.457981 2.000000
v 21.994129 -19.154703 2.000000
v 18.487047 -1.419334 20.401924
v 14.955987 -1.148239 26.535898
v 20.481947 -8.254967 14.267949
v 19.768913 -16.303303 8.133975
v 23.967813 -16.618912 2.000000
v 18.487047 1.419334 20.401924
v 14.955987 1.148239 26.535898
v 21.502022 -5.031667 14.267949
v 22.025917 -13.094524 8.133975
v 25.650562 -13.881390 2.000000
v 18.053726 4.224735 20.401924
v 14.605432 3.417803 26.535898
v 22.018108 -1.690430 14.267949
v 23.766653 -9.578821 8.133975
v 27.021948 -10.975367 2.000000
v 28.065323 -7.936117 2.000000
v 17.197243 6.931111 20.401924
v 13.912537 5.607256 26.535898
v 22.018108 1.690430 14.267949
v 24.950317 -5.838599 8.133975
v 28.768024 -4.800534 2.000000
v 15.937669 9.475028 20.401924
v 12.893544 7.665280 26.535898
v 21.502022 5.031667 14.267949
v 25.549170 -1.961525 8.133975
v 29.121519 -1.606679 2.000000
v 14.304529 11.796859 20.401924
v 11.572338 9.543636 26.535898
v 20.481947 8.254967 14.267949
v 25.549170 1.961525 8.133975
v 29.121519 1.606679 2.000000
v 28.768024 4.800534 2.000000
v 12.336104 13.842180 20.401924
v 9.979885 11.198298 26.535898
v 18.981792 11.284777 14.267949
v 24.950317 5.838599 8.133975
v 28.065323 7.936117 2.000000
v 10.078531 15.563054 20.401924
v 8.153513 12.590482 26.535898
v 17.036722 14.050080 14.267949
v 23.766653 9.578821 8.133975
v 27.021948 10.975367 2.000000
v 25.650562 13.881390 2.000000
v 7.584726 16.919142 20.401924
v 6.136030 13.687554 26.535898
v 3.974723 14.463802 26.535898
v 14.692324 16.486063 14.267949
v 22.025917 13.094524 8.133975
v 23.967813 16.618912 2.000000
v 4.913142 17.878660 20.401924
v 1.720251 14.901031 26.535898
v 12.003550 18.535625 14.267949
v 19.768913 16.303303 8.133975
v 21.994129 19.154703 2.000000
v 2.126397 18.419117 20.401924
v 9.033423 20.150730 14.267949
v 17.048542 19.129946 8.133975
v 19.753464 21.457981 2.000000
v 17.273020 23.500790 2.000000
v -0.710188 18.527845 20.401924
v -0.574541 14.988993 26.535898
v -2.855867 14.725625 26.535898
v 5.851561 21.293518 14.267949
v 13.928568 21.508198 8.133975
v 14.582904 25.258329 2.000000
v -3.530128 18.202297 20.401924
v 2.532543 21.937202 14.267949
v 10.482121 23.382317 8.133975
v 11.715772 26.709269 2.000000
v 8.706426 27.835993 2.000000
v -6.267323 17.450104 20.401924
v -5.070253 14.117101 26.535898
v -0.845836 22.066698 14.267949
v 6.789980 24.708374 8.133975
v 5.591395 28.624825 2.000000
v -8.857619 16.288893 20.401924
v -7.165797 13.177684 26.535898
v -9.093381 11.929393 26.535898
v -4.204389 21.678970 14.267949
v 2.938689 25.455288 8.133975
v 2.408493 29.066191 2.000000
v -11.240299 14.745885 20.401924
v -10.807824 10.401487 26.535898
v -7.464394 20.783106 14.267949
v -0.981483 25.605553 8.133975
v -0.803645 29.154734 2.000000
v -4.006027 28.889376 2.000000
v -13.359516 12.857245 20.401924
v -10.549440 19.400101 14.267949
v -4.878650 25.155643 8.133975
v -7.159782 28.273342 2.000000
v -15.165598 10.667243 20.401924
v -12.268940 8.629780 26.535898
v -13.387218 17.562376 14.267949
v -8.661465 24.116108 8.133975
v -10.226627 27.314106 2.000000
v -13.169335 26.023315 2.000000
v -16.616211 8.227210 20.401924
v -13.442483 6.655797 26.535898
v -14.300946 4.525809 26.535898
v -15.911209 15.313004 14.267949
v -12.241262 22.511311 8.133975
v -15.952185 24.416636 2.000000
v -17.677353 5.594338 20.401924
v -18.062256 12.704706 14.267949
v -15.534136 20.378868 8.133975
v -18.541397 22.513573 2.000000
v -18.324154 2.830339 20.401924
v -19.789938 9.798622 14.267949
v -18.462902 17.768761 8.133975
v -20.905540 20.337225 2.000000
v -23.015921 17.914009 2.000000
v -21.053761 6.662867 14.267949
v -20.958912 14.742170 8.133975
v -24.846918 15.273343 2.000000
v -21.824102 3.370939 14.267949
v -22.963665 11.370035 8.133975
v -26.376307 12.447279 2.000000
v -27.585524 9.470122 2.000000
v -24.430168 7.731396 8.133975
v -28.459890 6.378011 2.000000
v -25.324049 3.911540 8.133975
v -15.000000 0.000000 2.000000
v -14.824206 -2.289739 2.000000
v -14.300946 -4.525809 2.000000
v -13.442483 -6.655797 2.000000
v -12.268940 -8.629780 2.000000
v -10.807824 -10.401487 2.000000
v -9.093381 -11.929393 2.000000
v -7.165797 -13.177684 2.000000
v -5.070253 -14.117101 2.000000
v -2.855867 -14.725625 2.000000
v -0.574541 -14.988993 2.000000
v 1.720251 -14.901031 2.000000
v 3.974723 -14.463802 2.000000
v 6.136030 -13.687554 2.000000
v 8.153513 -12.590482 2.000000
v 9.979885 -11.198298 2.000000
v 11.572338 -9.543636 2.000000
v 12.893544 -7.665280 2.000000
v 13.912537 -5.607256 2.000000
v 14.605432 -3.417803 2.000000
v 14.955987 -1.148239 2.000000
v 14.955987 1.148239 2.000000
v 14.605432 3.417803 2.000000
v 13.912537 5.607256 2.000000
v 12.893544 7.665280 2.000000
v 11.572338 9.543636 2.000000
v 9.979885 11.198298 2.000000
v 8.153513 12.590482 2.000000
v 6.136030 13.687554 2.000000
v 3.974723 14.463802 2.000000
v 1.720251 14.901031 2.000000
v -0.574541 14.988993 2.000000
v -2.855867 14.725625 2.000000
v -5.070253 14.117101 2.000000
v -7.165797 13.177684 2.000000
v -9.093381 11.929393 2.000000
v -10.807824 10.401487 2.000000
v -12.268940 8.629780 2.000000
v -13.442483 6.655797 2.000000
v -14.300946 4.525809 2.000000
v -14.824206 2.289739 2.000000
vn 0.000000 0.000000 1.000000
vn 0.000000 0.000000 1.000000
vn 0.000000 0.000000 1.000000
vn 0.000000 -0.000000 1.000000
vn 0.000000 0.000000 1.000000
vn -0.000000 0.000000 1.000000
vn 0.000000 0.000000 1.000000
vn 0.000000 -0.000000 1.000000
vn 0.000000 0.000000 1.000000
vn -0.000000 0.000000 1.000000
vn 0.000000 0.000000 1.000000
vn 0.000000 -0.000000 1.000000
vn 0.000000 0.000000 1.000000
vn -0.000000 0.000000 1.000000
vn 0.000000 0.000000 1.000000
vn 0.000000 0.000000 1.000000
vn 0.000000 -0.000000 1.000000
vn 0.000000 0.000000 1.000000
vn 0.000000 0.000000 1.000000
vn -0.000000 0.000000 1.000000
vn 0.000000 0.000000 1.000000
vn 0.000000 -0.000000 1.000000
vn -0.000000 0.000000 1.000000
vn 0.000000 0.000000 1.000000
vn 0.000000 -0.000000 1.000000
vn 0.000000 0.000000 1.000000
vn 0.000000 0.000000 1.000000
vn -0.000000 0.000000 1.000000
vn 0.000000 -0.000000 1.000000
vn 0.000000 0.000000 1.000000
vn -0.000000 0.000000 1.000000
vn 0.000000 0.000000 1.000000
vn 0.000000 -0.000000 1.000000
vn 0.000000 0.000000 1.000000
vn 0.000000 0.000000 1.000000
vn -0.000000 0.000000 1.000000
vn 0.000000 0.000000 1.000000
vn 0.000000 -0.000000 1.000000
vn -0.000000 0.000000 1.000000
vn 0.000000 0.000000 1.000000
vn 0.000000 -0.000000 1.000000
vn 0.000000 0.000000 1.000000
vn -0.000000 0.000000 1.000000
vn 0.000000 0.000000 1.000000
vn 0.000000 -0.000000 1.000000
vn 0.000000 0.000000 1.000000
vn 0.000000 0.000000 1.000000
vn 0.000000 0.000000 1.000000
vn -0.000000 0.000000 1.000000
vn 0.000000 -0.000000 1.000000
vn 0.000000 0.000000 1.000000
vn 0.000000 0.000000 1.000000
vn 0.000000 0.000000 1.000000
vn -0.000000 0.000000 1.000000
vn 0.000000 -0.000000 1.000000
vn 0.000000 0.000000 1.000000
vn 0.000000 0.000000 1.000000
vn -0.000000 0.000000 1.000000
vn 0.000000 -0.000000 1.000000
vn 0.000000 0.000000 1.000000
vn 0.000000 0.000000 1.000000
vn -0.000000 0.000000 1.000000
vn 0.000000 -0.000000 1.000000
vn 0.000000 0.000000 1.000000
vn -0.000000 0.000000 1.000000
vn 0.000000 -0.000000 1.000000
vn 0.000000 -0.000000 1.000000
vn -0.000000 0.000000 1.000000
vn 0.000000 -0.000000 1.000000
vn 0.000000 0.000000 1.000000
vn 0.000000 0.000000 1.000000
vn -0.000000 0.000000 1.000000
vn 0.000000 -0.000000 1.000000
vn 0.000000 0.000000 1.000000
vn 0.000000 0.000000 1.000000
vn -0.000000 0.000000 1.000000
vn 0.000000 -0.000000 1.000000
vn 0.000000 0.000000 1.000000
vn 0.000000 0.000000 1.000000
vn -0.000000 0.000000 1.000000
vn 0.000000 0.000000 1.000000
vn 0.000000 -0.000000 1.000000
vn -0.000000 0.000000 1.000000
vn 0.000000 -0.000000 1.000000
vn -0.000000 0.000000 1.000000
vn 0.000000 0.000000 1.000000
vn 0.000000 -0.000000 1.000000
vn 0.000000 0.000000 1.000000
vn -0.000000 0.000000 1.000000
vn 0.000000 0.000000 1.000000
vn 0.000000 -0.000000 1.000000
vn 0.000000 0.000000 1.000000
vn -0.000000 0.000000 1.000000
vn 0.000000 0.000000 1.000000
vn 0.000000 -0.000000 1.000000
vn 0.000000 0.000000 1.000000
vn 0.000000 0.000000 1.000000
vn -0.000000 0.000000 1.000000
vn 0.000000 -0.000000 1.000000
vn 0.000000 0.000000 1.000000
vn -0.000000 0.000000 1.000000
vn 0.000000 0.000000 1.000000
vn 0.000000 -0.000000 1.000000
vn 0.000000 0.000000 1.000000
vn -0.000000 0.000000 1.000000
vn 0.000000 0.000000 1.000000
vn 0.000000 -0.000000 1.000000
vn 0.000000 0.000000 1.000000
vn -0.000000 0.000000 1.000000
vn 0.000000 0.000000 1.000000
vn 0.000000 0.000000 1.000000
vn 0.000000 -0.000000 1.000000
vn -0.000000 0.000000 1.000000
vn 0.000000 0.000000 1.000000
vn 0.000000 -0.000000 1.000000
vn 0.000000 0.000000 1.000000
vn -0.000000 0.000000 1.000000
vn 0.000000 -0.000000 1.000000
vn -0.000000 0.000000 1.000000
vn 0.000000 0.000000 1.000000
vn 0.000000 -0.000000 1.000000
vn 0.000000 0.000000 1.000000
vn 0.000000 0.000000 1.000000
vn -0.000000 0.000000 1.000000
vn 0.000000 0.000000 1.000000
vn 0.000000 -0.000000 1.000000
vn 0.000000 0.000000 1.000000
vn -0.000000 0.000000 1.000000
vn 0.000000 0.000000 1.000000
vn 0.000000 -0.000000 1.000000
vn 0.000000 0.000000 1.000000
vn -0.000000 0.000000 1.000000
vn -0.000000 0.000000 1.000000
vn 0.000000 -0.000000 1.000000
vn -0.942434 0.055365 0.329776
vn -0.992874 0.041065 0.111871
vn -0.111154 -0.004659 0.993792
vn -0.111963 -0.004631 0.993702
vn -0.330248 -0.013659 0.943795
vn -0.139467 -0.798476 0.585649
vn -0.330250 -0.013659 0.943795
vn -0.531899 -0.022000 0.846522
vn -0.531905 -0.021999 0.846519
vn -0.706802 -0.029233 0.706807
vn -0.706805 -0.029233 0.706804
vn -0.846208 -0.034999 0.531702
vn -0.846209 -0.034999 0.531700
vn -0.943165 -0.039010 0.330028
vn -0.943164 -0.039010 0.330031
vn -0.992874 -0.041066 0.111871
vn -0.992873 -0.041065 0.111880
vn -0.109603 -0.013846 0.993879
vn -0.221774 -0.027644 0.974706
vn -0.330650 -0.024193 0.943443
vn -0.187399 -0.573044 0.797811
vn -0.528273 -0.065849 0.846517
vn -0.528265 -0.065849 0.846522
vn -0.701976 -0.087502 0.706805
vn -0.701977 -0.087502 0.706804
vn -0.840429 -0.104759 0.531700
vn -0.840426 -0.104759 0.531705
vn -0.936722 -0.116762 0.330027
vn -0.986091 -0.122916 0.111880
vn -0.986092 -0.122917 0.111868
vn -0.936721 -0.116762 0.330031
vn -0.107330 -0.022814 0.993962
vn -0.219487 -0.046022 0.974529
vn -0.327538 -0.051366 0.943441
vn -0.199598 -0.451456 0.869683
vn -0.521031 -0.109249 0.846517
vn -0.131908 -0.837280 0.530624
vn -0.521024 -0.109247 0.846522
vn -0.692353 -0.145171 0.706805
vn -0.692355 -0.145171 0.706802
vn -0.923880 -0.193717 0.330031
vn -0.828904 -0.173803 0.531706
vn -0.828904 -0.173803 0.531705
vn -0.972574 -0.203927 0.111869
vn -0.923879 -0.193717 0.330032
vn -0.972574 -0.203927 0.111864
vn -0.104360 -0.031508 0.994040
vn -0.322197 -0.078183 0.943439
vn -0.199785 -0.387777 0.899842
vn -0.146382 -0.771577 0.619065
vn -0.525494 -0.103474 0.844481
vn -0.318928 -0.094949 0.943011
vn -0.678002 -0.201850 0.706802
vn -0.678000 -0.201849 0.706805
vn -0.811720 -0.241660 0.531706
vn -0.811722 -0.241660 0.531702
vn -0.904727 -0.269349 0.330032
vn -0.904728 -0.269349 0.330028
vn -0.952412 -0.283546 0.111864
vn -0.952412 -0.283545 0.111867
vn -0.100719 -0.039878 0.994115
vn -0.314664 -0.104464 0.943437
vn -0.194408 -0.353767 0.914907
vn -0.515314 -0.146114 0.844454
vn -0.310659 -0.121219 0.942760
vn -0.149919 -0.719292 0.678338
vn -0.659017 -0.257149 0.706803
vn -0.659015 -0.257149 0.706805
vn -0.788993 -0.307867 0.531702
vn -0.788989 -0.307865 0.531709
vn -0.879395 -0.343141 0.330028
vn -0.879396 -0.343141 0.330025
vn -0.925743 -0.361226 0.111871
vn -0.925744 -0.361226 0.111867
vn -0.096440 -0.047873 0.994187
vn -0.304998 -0.130029 0.943434
vn -0.185590 -0.335952 0.923413
vn -0.145433 -0.680007 0.718638
vn -0.501685 -0.187762 0.844427
vn -0.300207 -0.146762 0.942516
vn -0.760872 -0.371967 0.531709
vn -0.028084 -0.892780 0.449617
vn -0.635532 -0.310693 0.706802
vn -0.635531 -0.310692 0.706803
vn -0.760874 -0.371969 0.531705
vn -0.848055 -0.414589 0.330029
vn -0.892752 -0.436440 0.111872
vn -0.892752 -0.436440 0.111871
vn -0.848056 -0.414589 0.330025
vn -0.186157 -0.112741 0.976030
vn -0.484715 -0.228145 0.844394
vn -0.134921 -0.651323 0.746709
vn -0.376502 -0.224347 0.898841
vn -0.015597 -0.871681 0.489825
vn -0.658612 -0.273565 0.700994
vn -0.727560 -0.433531 0.531702
vn -0.727558 -0.433531 0.531705
vn -0.853661 -0.508672 0.111871
vn -0.810922 -0.483205 0.330027
vn -0.853661 -0.508671 0.111877
vn -0.810922 -0.483205 0.330029
vn -0.175565 -0.127556 0.976169
vn -0.464510 -0.266990 0.844362
vn -0.119709 -0.630635 0.766792
vn -0.357193 -0.255031 0.898539
vn 0.001470 -0.852618 0.522532
vn -0.634379 -0.326063 0.700889
vn -0.689274 -0.492132 0.531703
vn -0.689273 -0.492131 0.531705
vn -0.768251 -0.548521 0.330024
vn -0.768250 -0.548520 0.330027
vn -0.808739 -0.577429 0.111877
vn -0.808740 -0.577430 0.111870
vn -0.163821 -0.141407 0.976303
vn -0.100701 -0.615673 0.781541
vn -0.441210 -0.304040 0.844330
vn -0.335371 -0.284045 0.898246
vn -0.605997 -0.376398 0.700779
vn 0.022648 -0.835420 0.549145
vn -0.646279 -0.547370 0.531705
vn -0.646278 -0.547369 0.531707
vn -0.720331 -0.610089 0.330024
vn -0.720331 -0.610089 0.330022
vn -0.758294 -0.642241 0.111880
vn -0.758294 -0.642242 0.111870
vn -0.151010 -0.154207 0.976430
vn -0.414981 -0.339052 0.844296
vn -0.078538 -0.604639 0.792618
vn -0.573664 -0.424245 0.700660
vn -0.311180 -0.311180 0.897961
vn 0.047433 -0.819639 0.570914
vn -0.598869 -0.598869 0.531706
vn 0.188840 -0.919517 0.344714
vn -0.598869 -0.598869 0.531707
vn -0.667490 -0.667490 0.330022
vn -0.667490 -0.667490 0.330022
vn -0.702667 -0.702667 0.111880
vn -0.702667 -0.702667 0.111880
vn -0.137224 -0.165875 0.976553
vn -0.053728 -0.596074 0.801130
vn -0.386002 -0.371796 0.844257
vn 0.075397 -0.804775 0.588773
vn -0.537594 -0.469294 0.700539
vn -0.610089 -0.720331 0.330022
vn 0.221285 -0.904997 0.363335
vn -0.347965 -0.410842 0.842691
vn -0.671558 -0.527236 0.520607
vn -0.642242 -0.758293 0.111880
vn -0.642242 -0.758295 0.111870
vn -0.577430 -0.808740 0.111869
vn -0.610089 -0.720331 0.330024
vn -0.122559 -0.176339 0.976670
vn -0.354466 -0.402054 0.844219
vn -0.026679 -0.588866 0.807790
vn -0.498038 -0.511257 0.700410
vn 0.106082 -0.790243 0.603542
vn -0.548521 -0.768251 0.330024
vn 0.255852 -0.889021 0.379712
vn -0.627349 -0.579362 0.520358
vn -0.313144 -0.438586 0.842367
vn -0.577429 -0.808739 0.111877
vn -0.548520 -0.768250 0.330027
vn -0.107119 -0.185536 0.976781
vn -0.320588 -0.429629 0.844181
vn 0.002246 -0.582125 0.813096
vn 0.139075 -0.775503 0.615835
vn -0.455262 -0.549869 0.700272
vn -0.276107 -0.463367 0.842055
vn -0.579167 -0.627743 0.520100
vn 0.292247 -0.871356 0.394119
vn -0.508672 -0.853661 0.111877
vn -0.483205 -0.810922 0.330027
vn -0.483205 -0.810922 0.330028
vn -0.508672 -0.853662 0.111871
vn -0.436439 -0.892751 0.111872
vn -0.091011 -0.193409 0.976888
vn -0.284603 -0.454350 0.844137
vn 0.032729 -0.575179 0.817372
vn -0.409547 -0.584882 0.700131
vn 0.173961 -0.760050 0.626148
vn -0.237106 -0.485008 0.841753
vn -0.527337 -0.672080 0.519831
vn -0.414589 -0.848055 0.330029
vn 0.330155 -0.851769 0.406801
vn -0.436440 -0.892752 0.111871
vn -0.414589 -0.848056 0.330025
vn -0.074346 -0.199911 0.976989
vn -0.246749 -0.476049 0.844092
vn 0.064449 -0.567460 0.820875
vn -0.361205 -0.616080 0.699983
vn 0.210349 -0.743442 0.634860
vn -0.196409 -0.503352 0.841463
vn 0.369252 -0.830042 0.417951
vn -0.472206 -0.712110 0.519539
vn -0.343141 -0.879395 0.330028
vn -0.361226 -0.925743 0.111871
vn -0.343141 -0.879396 0.330025
vn -0.361226 -0.925744 0.111867
vn -0.057238 -0.205004 0.977086
vn -0.207282 -0.494593 0.844045
vn 0.097108 -0.558537 0.823776
vn -0.310557 -0.643275 0.699823
vn 0.247862 -0.725305 0.642260
vn -0.154296 -0.518269 0.841183
vn -0.269349 -0.904728 0.330028
vn 0.409159 -0.805958 0.427808
vn -0.414130 -0.747585 0.519243
vn -0.283546 -0.952412 0.111867
vn -0.269349 -0.904727 0.330032
vn -0.283546 -0.952412 0.111864
vn -0.039804 -0.208659 0.977178
vn -0.166469 -0.509872 0.843990
vn 0.130420 -0.548079 0.826196
vn -0.257935 -0.666293 0.699660
vn 0.286112 -0.705309 0.648597
vn -0.111055 -0.529648 0.840916
vn -0.353498 -0.778302 0.518927
vn 0.449524 -0.779343 0.436523
vn 0.587066 -0.775073 0.233702
vn -0.193717 -0.923879 0.330032
vn -0.203927 -0.972574 0.111864
vn -0.193717 -0.923880 0.330031
vn -0.203927 -0.972573 0.111869
vn -0.122917 -0.986092 0.111869
vn -0.033445 -0.318204 0.947432
vn -0.203691 -0.685005 0.699484
vn 0.324733 -0.683202 0.654051
vn -0.290706 -0.804085 0.518591
vn 0.489971 -0.750049 0.444246
vn -0.041065 -0.992873 0.111880
vn -0.378377 -0.870579 0.314521
vn 0.627510 -0.740649 0.240147
vn -0.078207 -0.627417 0.774746
vn -0.122916 -0.986091 0.111880
vn -0.006693 -0.319505 0.947561
vn -0.148175 -0.699299 0.699303
vn 0.363346 -0.658777 0.658781
vn -0.226154 -0.824790 0.518243
vn 0.530112 -0.717963 0.451121
vn 0.041065 -0.992874 0.111871
vn -0.026143 -0.632079 0.774463
vn -0.309126 -0.897652 0.314106
vn 0.667118 -0.703147 0.246045
vn -0.041066 -0.992874 0.111871
vn 0.020043 -0.318582 0.947683
vn -0.091755 -0.709106 0.699106
vn -0.168887 -0.128466 0.977228
vn -0.160263 -0.840310 0.517875
vn -0.030801 -0.334619 0.941850
vn 0.026157 -0.632408 0.774194
vn -0.238109 -0.919196 0.313662
vn 0.041066 -0.992873 0.111880
vn 0.049780 -0.529722 0.846709
vn 0.066160 -0.704027 0.707084
vn 0.066160 -0.704027 0.707085
vn 0.079219 -0.843028 0.532003
vn 0.079222 -0.843022 0.532013
vn 0.123693 -0.992318 0.002247
vn 0.092971 -0.989353 0.111968
vn 0.088310 -0.939750 0.330261
vn 0.088308 -0.939751 0.330256
vn 0.014719 -0.099674 0.994911
vn 0.015080 -0.110996 0.993706
vn 0.044481 -0.327404 0.943837
vn 0.044481 -0.327406 0.943836
vn 0.071648 -0.527366 0.846612
vn 0.071648 -0.527363 0.846613
vn 0.095215 -0.700831 0.706944
vn 0.095215 -0.700831 0.706944
vn 0.019707 -0.110225 0.993711
vn 0.058132 -0.325140 0.943877
vn 0.114004 -0.839126 0.531856
vn 0.114004 -0.839123 0.531860
vn 0.058133 -0.325143 0.943876
vn 0.133777 -0.984672 0.111912
vn 0.127075 -0.935340 0.330139
vn 0.127076 -0.935337 0.330147
vn 0.093641 -0.523755 0.846706
vn 0.124453 -0.696093 0.707083
vn 0.093642 -0.523748 0.846711
vn 0.149026 -0.833524 0.532005
vn 0.124456 -0.696097 0.707078
vn 0.149023 -0.833519 0.532013
vn 0.205215 -0.978716 -0.001178
vn 0.174892 -0.978202 0.111956
vn 0.166123 -0.929155 0.330263
vn 0.166122 -0.929157 0.330259
vn 0.022941 -0.097810 0.994941
vn 0.024254 -0.109357 0.993707
vn 0.071543 -0.322571 0.943838
vn 0.071543 -0.322572 0.943837
vn 0.115236 -0.519571 0.846621
vn 0.115236 -0.519572 0.846620
vn 0.153144 -0.690487 0.706948
vn 0.153144 -0.690489 0.706945
vn 0.183362 -0.826736 0.531870
vn 0.028802 -0.108205 0.993711
vn 0.183364 -0.826740 0.531863
vn 0.084961 -0.319189 0.943875
vn 0.084961 -0.319188 0.943875
vn 0.215169 -0.970144 0.111910
vn 0.204388 -0.921535 0.330149
vn 0.204388 -0.921534 0.330153
vn 0.136857 -0.514157 0.846707
vn 0.136857 -0.514154 0.846709
vn 0.181891 -0.683340 0.707080
vn 0.181891 -0.683342 0.707078
vn 0.217800 -0.818251 0.532004
vn 0.217801 -0.818248 0.532008
vn 0.285334 -0.958418 -0.004377
vn 0.242791 -0.912129 0.330261
vn 0.242789 -0.912134 0.330251
vn 0.255607 -0.960277 0.111951
vn 0.030961 -0.095290 0.994968
vn 0.033260 -0.106959 0.993707
vn 0.098110 -0.315504 0.943839
vn 0.098110 -0.315504 0.943839
vn 0.158027 -0.508191 0.846622
vn 0.158027 -0.508189 0.846623
vn 0.251452 -0.808630 0.531873
vn 0.210010 -0.675358 0.706956
vn 0.210010 -0.675360 0.706955
vn 0.251454 -0.808634 0.531866
vn 0.037697 -0.105437 0.993711
vn 0.111201 -0.311023 0.943874
vn 0.295070 -0.948899 0.111914
vn 0.280286 -0.901356 0.330147
vn 0.280286 -0.901353 0.330154
vn 0.111201 -0.311023 0.943874
vn 0.179125 -0.501001 0.846706
vn 0.238066 -0.665856 0.707079
vn 0.179125 -0.501002 0.846706
vn 0.238066 -0.665856 0.707079
vn 0.285068 -0.797317 0.531998
vn 0.285068 -0.797317 0.531998
vn 0.363498 -0.931566 -0.007389
vn 0.334547 -0.935706 0.111952
vn 0.317774 -0.888792 0.330256
vn 0.317774 -0.888793 0.330254
vn 0.038729 -0.092133 0.994993
vn 0.042036 -0.103823 0.993707
vn 0.123996 -0.306252 0.943840
vn 0.123995 -0.306251 0.943841
vn 0.199723 -0.493288 0.846627
vn 0.199724 -0.493289 0.846627
vn 0.265423 -0.655557 0.706962
vn 0.317804 -0.784929 0.531872
vn 0.265424 -0.655559 0.706960
vn 0.354244 -0.874933 0.330157
vn 0.317801 -0.784925 0.531879
vn 0.046332 -0.101939 0.993711
vn 0.354244 -0.874933 0.330156
vn 0.372930 -0.921085 0.111920
vn 0.136671 -0.300704 0.943874
vn 0.136671 -0.300701 0.943875
vn 0.220154 -0.484381 0.846704
vn 0.220154 -0.484383 0.846702
vn 0.292594 -0.643766 0.707075
vn 0.292594 -0.643763 0.707077
vn 0.350359 -0.770858 0.532002
vn 0.350360 -0.770860 0.531999
vn 0.439174 -0.898344 -0.010200
vn 0.390558 -0.859302 0.330251
vn 0.411172 -0.904657 0.111956
vn 0.390558 -0.859302 0.330251
vn 0.046194 -0.088361 0.995017
vn 0.050520 -0.099968 0.993707
vn 0.149023 -0.294881 0.943842
vn 0.149021 -0.294877 0.943843
vn 0.240037 -0.474976 0.846629
vn 0.240036 -0.474972 0.846631
vn 0.318997 -0.631218 0.706968
vn 0.318998 -0.631222 0.706965
vn 0.381951 -0.755789 0.531880
vn 0.381951 -0.755788 0.531881
vn 0.054646 -0.097735 0.993711
vn 0.425749 -0.842454 0.330164
vn 0.448208 -0.886895 0.111923
vn 0.425750 -0.842456 0.330160
vn 0.161197 -0.288303 0.943874
vn 0.161197 -0.288305 0.943873
vn 0.259659 -0.464406 0.846702
vn 0.259659 -0.464404 0.846703
vn 0.345099 -0.617217 0.707071
vn 0.413229 -0.739069 0.531995
vn 0.345099 -0.617215 0.707073
vn 0.413230 -0.739070 0.531993
vn 0.460639 -0.823860 0.330252
vn 0.460639 -0.823861 0.330250
vn 0.511843 -0.858984 -0.012802
vn 0.484952 -0.867345 0.111956
vn 0.053311 -0.084004 0.995038
vn 0.058654 -0.095420 0.993708
vn 0.173017 -0.281467 0.943844
vn 0.173016 -0.281466 0.943844
vn 0.278688 -0.453374 0.846632
vn 0.278687 -0.453371 0.846633
vn 0.370363 -0.602512 0.706973
vn 0.370363 -0.602512 0.706973
vn 0.443455 -0.721420 0.531885
vn 0.443455 -0.721420 0.531884
vn 0.062582 -0.092856 0.993711
vn 0.494307 -0.804146 0.330166
vn 0.520382 -0.846566 0.111930
vn 0.494307 -0.804146 0.330167
vn 0.184606 -0.273906 0.943873
vn 0.184606 -0.273905 0.943873
vn 0.297370 -0.441218 0.846698
vn 0.297369 -0.441217 0.846699
vn 0.395214 -0.586393 0.707071
vn 0.395214 -0.586393 0.707071
vn 0.473239 -0.702162 0.531990
vn 0.473239 -0.702161 0.531992
vn 0.581010 -0.813754 -0.015213
vn 0.555374 -0.824030 0.111960
vn 0.527531 -0.782718 0.330249
vn 0.527531 -0.782716 0.330252
vn 0.060034 -0.079092 0.995058
vn 0.066383 -0.090214 0.993708
vn 0.195812 -0.266105 0.943846
vn 0.195812 -0.266105 0.943846
vn 0.315407 -0.428632 0.846636
vn 0.315409 -0.428634 0.846635
vn 0.419164 -0.569635 0.706978
vn 0.501888 -0.682055 0.531892
vn 0.419163 -0.569634 0.706979
vn 0.501888 -0.682056 0.531891
vn 0.070084 -0.087332 0.993711
vn 0.588956 -0.800377 0.111924
vn 0.559442 -0.760269 0.330175
vn 0.559443 -0.760272 0.330168
vn 0.206737 -0.257613 0.943872
vn 0.333021 -0.414974 0.846696
vn 0.206738 -0.257615 0.943872
vn 0.333019 -0.414972 0.846698
vn 0.442593 -0.551511 0.707069
vn 0.442594 -0.551514 0.707066
vn 0.529971 -0.660393 0.531989
vn 0.590773 -0.736157 0.330242
vn 0.529971 -0.660392 0.531990
vn 0.646200 -0.762969 -0.017422
vn 0.621952 -0.775011 0.111952
vn 0.590771 -0.736156 0.330247
vn 0.212137 -0.235603 0.948414
vn 0.132080 -0.035590 0.990600
vn 0.237068 -0.232272 0.943318
vn 0.349943 -0.400924 0.846640
vn 0.465063 -0.532816 0.706982
vn 0.465062 -0.532813 0.706985
vn 0.556846 -0.637970 0.531899
vn 0.556846 -0.637970 0.531898
vn -0.016264 -0.171277 0.985089
vn 0.620706 -0.711134 0.330170
vn 0.653451 -0.748647 0.111936
vn 0.620705 -0.711131 0.330177
vn 0.195501 -0.270253 0.942732
vn 0.486909 -0.512813 0.707066
vn 0.366363 -0.385854 0.846696
vn 0.486914 -0.512816 0.707060
vn 0.583036 -0.614052 0.531987
vn 0.583035 -0.614051 0.531987
vn 0.649924 -0.684501 0.330239
vn 0.706973 -0.706973 -0.019420
vn 0.684224 -0.720626 0.111962
vn 0.649923 -0.684498 0.330246
vn 0.255930 -0.211357 0.943307
vn 0.135691 -0.023322 0.990477
vn 0.382056 -0.370441 0.846644
vn 0.230975 -0.216900 0.948475
vn 0.507741 -0.492306 0.706989
vn 0.507745 -0.492311 0.706984
vn 0.607950 -0.589470 0.531905
vn 0.607950 -0.589470 0.531904
vn 0.713423 -0.691735 0.111938
vn 0.677671 -0.657070 0.330183
vn 0.677672 -0.657073 0.330175
vn 0.001007 -0.168793 0.985651
vn 0.218324 -0.251944 0.942793
vn 0.397175 -0.354067 0.846693
vn 0.527856 -0.470563 0.707063
vn 0.527859 -0.470567 0.707058
vn 0.632064 -0.563461 0.531984
vn 0.632063 -0.563460 0.531986
vn 0.762913 -0.646153 -0.021232
vn 0.741760 -0.661254 0.111961
vn 0.704576 -0.628105 0.330236
vn 0.704575 -0.628102 0.330244
vn 0.248186 -0.196710 0.948530
vn 0.272972 -0.188902 0.943293
vn 0.411525 -0.337397 0.846647
vn 0.138211 -0.010652 0.990346
vn 0.546907 -0.448395 0.706990
vn 0.654844 -0.536888 0.531912
vn 0.546904 -0.448391 0.706995
vn 0.654846 -0.536890 0.531908
vn 0.768458 -0.630036 0.111929
vn 0.729946 -0.598461 0.330187
vn 0.729947 -0.598463 0.330180
vn 0.017557 -0.164873 0.986159
vn 0.239388 -0.231800 0.942848
vn 0.425233 -0.319825 0.846693
vn 0.565149 -0.425056 0.707060
vn 0.565152 -0.425060 0.707056
vn 0.676718 -0.508971 0.531979
vn 0.676716 -0.508967 0.531985
vn 0.813636 -0.580926 -0.022837
vn 0.794164 -0.597304 0.111949
vn 0.754352 -0.567361 0.330235
vn 0.754352 -0.567360 0.330236
vn 0.263655 -0.175172 0.948578
vn 0.139599 0.002327 0.990205
vn 0.288064 -0.165059 0.943279
vn 0.438141 -0.302015 0.846652
vn 0.582285 -0.401376 0.706995
vn 0.582282 -0.401373 0.706999
vn 0.697205 -0.480590 0.531920
vn 0.697208 -0.480594 0.531911
vn 0.818171 -0.563974 0.111938
vn 0.777169 -0.535711 0.330185
vn 0.777168 -0.535710 0.330188
vn 0.033300 -0.159609 0.986619
vn 0.258554 -0.209980 0.942899
vn 0.450350 -0.283370 0.846691
vn 0.598532 -0.376609 0.707054
vn 0.598530 -0.376608 0.707056
vn 0.716689 -0.450955 0.531974
vn 0.716689 -0.450956 0.531973
vn 0.798905 -0.502688 0.330236
vn 0.858802 -0.511735 -0.024234
vn 0.841068 -0.529218 0.111956
vn 0.798905 -0.502688 0.330236
vn 0.139817 0.015521 0.990056
vn 0.277278 -0.152435 0.948620
vn 0.301090 -0.139993 0.943264
vn 0.461725 -0.264545 0.846656
vn 0.613630 -0.351579 0.707001
vn 0.613631 -0.351579 0.707000
vn 0.734743 -0.420970 0.531918
vn 0.734743 -0.420970 0.531919
vn 0.819010 -0.469251 0.330193
vn 0.862221 -0.494009 0.111933
vn 0.819009 -0.469251 0.330193
vn 0.048163 -0.153098 0.987037
vn 0.275704 -0.186660 0.942945
vn 0.472358 -0.244956 0.846685
vn 0.627771 -0.325552 0.707049
vn 0.627768 -0.325549 0.707054
vn 0.751697 -0.389818 0.531972
vn 0.837928 -0.434536 0.330234
vn 0.751698 -0.389818 0.531970
vn 0.898100 -0.439054 -0.025446
vn 0.882150 -0.457470 0.111949
vn 0.837925 -0.434536 0.330242
vn 0.138835 0.028834 0.989896
vn 0.311952 -0.113879 0.943249
vn 0.482120 -0.225248 0.846655
vn 0.288965 -0.128655 0.948655
vn 0.640725 -0.299348 0.707009
vn 0.767192 -0.358434 0.531922
vn 0.640728 -0.299350 0.707006
vn 0.767189 -0.358433 0.531928
vn 0.900304 -0.420623 0.111934
vn 0.855179 -0.399541 0.330205
vn 0.855182 -0.399544 0.330194
vn 0.062073 -0.145440 0.987418
vn 0.290740 -0.162020 0.942985
vn 0.491086 -0.204843 0.846684
vn 0.652663 -0.272241 0.707047
vn 0.781500 -0.325982 0.531972
vn 0.652659 -0.272238 0.707052
vn 0.781500 -0.325982 0.531971
vn 0.931265 -0.363381 -0.026445
vn 0.917126 -0.382554 0.111947
vn 0.871152 -0.363377 0.330228
vn 0.871153 -0.363378 0.330226
vn 0.298635 -0.103996 0.948684
vn 0.136631 0.042165 0.989724
vn 0.320571 -0.086908 0.943229
vn 0.499168 -0.184388 0.846659
vn 0.663386 -0.245048 0.707016
vn 0.663389 -0.245049 0.707012
vn 0.794328 -0.293415 0.531931
vn 0.794330 -0.293417 0.531926
vn 0.932153 -0.344327 0.111931
vn 0.885435 -0.327070 0.330196
vn 0.885434 -0.327069 0.330201
vn 0.074973 -0.136737 0.987766
vn 0.303554 -0.136244 0.943023
vn 0.506418 -0.163311 0.846682
vn 0.673038 -0.217043 0.707045
vn 0.805900 -0.259889 0.531961
vn 0.673039 -0.217044 0.707043
vn 0.805895 -0.259889 0.531970
vn 0.898345 -0.289703 0.330224
vn 0.958072 -0.285231 -0.027246
vn 0.945754 -0.304991 0.111942
vn 0.898344 -0.289702 0.330228
vn 0.306224 -0.078625 0.948707
vn 0.133194 0.055409 0.989540
vn 0.326865 -0.059260 0.943211
vn 0.512764 -0.142253 0.846663
vn 0.681461 -0.189054 0.707014
vn 0.681461 -0.189053 0.707015
vn 0.815965 -0.226367 0.531939
vn 0.815967 -0.226369 0.531935
vn 0.909558 -0.252333 0.330200
vn 0.957550 -0.265648 0.111931
vn 0.909556 -0.252332 0.330208
vn 0.086803 -0.127092 0.988085
vn 0.314080 -0.109527 0.943057
vn 0.518245 -0.120649 0.846679
vn 0.688757 -0.160346 0.707039
vn 0.688754 -0.160344 0.707042
vn 0.824717 -0.191998 0.531958
vn 0.824715 -0.191997 0.531961
vn 0.919320 -0.214022 0.330219
vn 0.967834 -0.225314 0.111938
vn 0.919318 -0.214019 0.330228
vn 0.978338 -0.205136 -0.027841
vn 0.128514 0.068462 0.989342
vn 0.330790 -0.031138 0.943191
vn 0.522810 -0.099134 0.846665
vn 0.311683 -0.052717 0.948723
vn 0.694812 -0.131748 0.707021
vn 0.831960 -0.157754 0.531936
vn 0.694811 -0.131748 0.707022
vn 0.831959 -0.157754 0.531938
vn 0.927385 -0.175849 0.330203
vn 0.976318 -0.185128 0.111936
vn 0.927383 -0.175848 0.330211
vn 0.097516 -0.116611 0.988379
vn 0.322257 -0.082068 0.943088
vn 0.526484 -0.077152 0.846677
vn 0.699704 -0.102535 0.707037
vn 0.837824 -0.122776 0.531956
vn 0.699708 -0.102537 0.707033
vn 0.837819 -0.122776 0.531963
vn 0.991925 -0.123644 -0.028244
vn 0.983214 -0.144081 0.111941
vn 0.933928 -0.136859 0.330224
vn 0.933931 -0.136861 0.330216
vn 0.122592 0.081217 0.989128
vn 0.314971 -0.026449 0.948733
vn 0.332306 -0.002741 0.943168
vn 0.529235 -0.055330 0.846669
vn 0.703359 -0.073535 0.707021
vn 0.703356 -0.073534 0.707024
vn 0.842186 -0.088047 0.531950
vn 0.842193 -0.088050 0.531938
vn 0.988327 -0.103326 0.111949
vn 0.938792 -0.098147 0.330206
vn 0.938791 -0.098146 0.330211
vn 0.107073 -0.105399 0.988649
vn 0.328036 -0.054067 0.943117
vn 0.531077 -0.033119 0.846676
vn 0.705810 -0.044015 0.707032
vn 0.705810 -0.044015 0.707032
vn 0.845136 -0.052704 0.531947
vn 0.845137 -0.052704 0.531946
vn 0.998742 -0.041308 -0.028442
vn 0.991787 -0.061850 0.111951
vn 0.942075 -0.058750 0.330218
vn 0.942073 -0.058749 0.330222
vn 0.316071 -0.000000 0.948736
vn 0.115440 0.093565 0.988898
vn 0.331389 0.025729 0.943143
vn 0.531997 -0.011143 0.846673
vn 0.707030 -0.014810 0.707028
vn 0.707027 -0.014809 0.707031
vn 0.846595 -0.017734 0.531942
vn 0.846594 -0.017733 0.531944
vn 0.943698 -0.019768 0.330218
vn 0.993497 -0.020811 0.111941
vn 0.943697 -0.019768 0.330219
vn 0.115440 -0.093565 0.988898
vn 0.331389 -0.025729 0.943143
vn 0.531997 0.011143 0.846673
vn 0.707030 0.014809 0.707028
vn 0.707027 0.014810 0.707031
vn 0.846594 0.017734 0.531944
vn 0.846595 0.017733 0.531942
vn 0.993497 0.020811 0.111941
vn 0.998742 0.041308 -0.028442
vn 0.943698 0.019768 0.330218
vn 0.943697 0.019768 0.330219
vn 0.107073 0.105399 0.988649
vn 0.328036 0.054067 0.943117
vn 0.531077 0.033119 0.846676
vn 0.705810 0.044015 0.707032
vn 0.314971 0.026449 0.948733
vn 0.705810 0.044015 0.707032
vn 0.845137 0.052704 0.531946
vn 0.845136 0.052704 0.531947
vn 0.991787 0.061850 0.111951
vn 0.942073 0.058749 0.330222
vn 0.942075 0.058749 0.330218
vn 0.122592 -0.081217 0.989128
vn 0.332306 0.002741 0.943168
vn 0.529236 0.055330 0.846669
vn 0.703356 0.073534 0.707024
vn 0.703359 0.073534 0.707021
vn 0.842185 0.088049 0.531950
vn 0.842193 0.088048 0.531938
vn 0.938791 0.098146 0.330211
vn 0.988327 0.103326 0.111949
vn 0.991925 0.123644 -0.028244
vn 0.938792 0.098147 0.330206
vn 0.097516 0.116611 0.988379
vn 0.311683 0.052717 0.948723
vn 0.322257 0.082068 0.943088
vn 0.526484 0.077152 0.846677
vn 0.699708 0.102536 0.707033
vn 0.837819 0.122775 0.531963
vn 0.699703 0.102536 0.707037
vn 0.837824 0.122777 0.531956
vn 0.983214 0.144081 0.111941
vn 0.933931 0.136859 0.330216
vn 0.933928 0.136860 0.330224
vn 0.128514 -0.068462 0.989342
vn 0.330790 0.031138 0.943191
vn 0.522810 0.099134 0.846665
vn 0.694812 0.131748 0.707021
vn 0.694811 0.131748 0.707022
vn 0.831959 0.157754 0.531938
vn 0.831960 0.157754 0.531936
vn 0.978338 0.205136 -0.027841
vn 0.976318 0.185128 0.111936
vn 0.927382 0.175849 0.330211
vn 0.927385 0.175848 0.330202
vn 0.306224 0.078625 0.948707
vn 0.086803 0.127092 0.988085
vn 0.314080 0.109527 0.943057
vn 0.518246 0.120649 0.846679
vn 0.688753 0.160345 0.707042
vn 0.824717 0.191998 0.531958
vn 0.688757 0.160345 0.707039
vn 0.824715 0.191997 0.531961
vn 0.967834 0.225314 0.111938
vn 0.919321 0.214020 0.330219
vn 0.919317 0.214021 0.330228
vn 0.133194 -0.055409 0.989540
vn 0.326865 0.059260 0.943211
vn 0.512764 0.142253 0.846663
vn 0.681460 0.189054 0.707015
vn 0.681462 0.189054 0.707014
vn 0.815965 0.226368 0.531939
vn 0.815968 0.226368 0.531935
vn 0.909558 0.252332 0.330200
vn 0.958072 0.285231 -0.027246
vn 0.957550 0.265648 0.111931
vn 0.909555 0.252333 0.330208
vn 0.506418 0.163311 0.846682
vn 0.298635 0.103996 0.948684
vn 0.074973 0.136737 0.987766
vn 0.303554 0.136244 0.943023
vn 0.805895 0.259887 0.531970
vn 0.673039 0.217044 0.707043
vn 0.673038 0.217044 0.707045
vn 0.805900 0.259890 0.531961
vn 0.898346 0.289702 0.330224
vn 0.945754 0.304991 0.111942
vn 0.898344 0.289702 0.330228
vn 0.136631 -0.042165 0.989724
vn 0.320571 0.086908 0.943229
vn 0.499168 0.184388 0.846659
vn 0.663389 0.245049 0.707012
vn 0.663386 0.245048 0.707015
vn 0.794331 0.293416 0.531926
vn 0.794327 0.293416 0.531931
vn 0.932153 0.344327 0.111931
vn 0.885434 0.327069 0.330201
vn 0.931265 0.363381 -0.026445
vn 0.885435 0.327069 0.330196
vn 0.062073 0.145440 0.987418
vn 0.290740 0.162020 0.942985
vn 0.491086 0.204843 0.846684
vn 0.288965 0.128655 0.948655
vn 0.652664 0.272240 0.707047
vn 0.652659 0.272239 0.707052
vn 0.781500 0.325982 0.531971
vn 0.781500 0.325982 0.531972
vn 0.917126 0.382554 0.111947
vn 0.871153 0.363378 0.330226
vn 0.871152 0.363378 0.330228
vn 0.138835 -0.028834 0.989896
vn 0.311952 0.113879 0.943249
vn 0.482120 0.225248 0.846655
vn 0.640728 0.299349 0.707006
vn 0.640725 0.299349 0.707009
vn 0.767189 0.358433 0.531928
vn 0.855182 0.399544 0.330194
vn 0.767192 0.358434 0.531922
vn 0.898100 0.439054 -0.025446
vn 0.900304 0.420623 0.111934
vn 0.855179 0.399541 0.330205
vn 0.277278 0.152435 0.948620
vn 0.048163 0.153098 0.987037
vn 0.275704 0.186660 0.942945
vn 0.472358 0.244956 0.846685
vn 0.627768 0.325549 0.707054
vn 0.627771 0.325552 0.707049
vn 0.751698 0.389818 0.531970
vn 0.837926 0.434535 0.330242
vn 0.751697 0.389818 0.531972
vn 0.882150 0.457470 0.111949
vn 0.837928 0.434537 0.330234
vn 0.139817 -0.015521 0.990056
vn 0.301090 0.139993 0.943264
vn 0.461725 0.264545 0.846656
vn 0.613631 0.351579 0.707000
vn 0.613630 0.351579 0.707001
vn 0.734742 0.420970 0.531919
vn 0.734743 0.420970 0.531918
vn 0.858802 0.511735 -0.024234
vn 0.862221 0.494009 0.111933
vn 0.819009 0.469251 0.330194
vn 0.819009 0.469251 0.330193
vn 0.263655 0.175172 0.948578
vn 0.033300 0.159609 0.986619
vn 0.258554 0.209980 0.942899
vn 0.450350 0.283370 0.846691
vn 0.598532 0.376609 0.707054
vn 0.598530 0.376608 0.707056
vn 0.798905 0.502688 0.330236
vn 0.716689 0.450956 0.531973
vn 0.716689 0.450956 0.531974
vn 0.798905 0.502688 0.330236
vn 0.841068 0.529218 0.111956
vn 0.139599 -0.002327 0.990205
vn 0.288064 0.165059 0.943279
vn 0.438141 0.302015 0.846652
vn 0.582282 0.401374 0.706999
vn 0.582285 0.401375 0.706995
vn 0.777168 0.535710 0.330188
vn 0.697204 0.480591 0.531920
vn 0.697209 0.480593 0.531911
vn 0.818171 0.563974 0.111938
vn 0.777169 0.535711 0.330186
vn 0.813636 0.580926 -0.022837
vn 0.017557 0.164873 0.986159
vn 0.239388 0.231800 0.942848
vn 0.248186 0.196710 0.948530
vn 0.425233 0.319825 0.846693
vn 0.565152 0.425059 0.707056
vn 0.565148 0.425057 0.707060
vn 0.676715 0.508968 0.531985
vn 0.676719 0.508970 0.531979
vn 0.754352 0.567361 0.330236
vn 0.794164 0.597304 0.111949
vn 0.754352 0.567361 0.330235
vn 0.138211 0.010652 0.990346
vn 0.272972 0.188902 0.943293
vn 0.546904 0.448391 0.706995
vn 0.411525 0.337397 0.846647
vn 0.546907 0.448395 0.706990
vn 0.654846 0.536890 0.531908
vn 0.729947 0.598463 0.330180
vn 0.654844 0.536888 0.531912
vn 0.762913 0.646153 -0.021232
vn 0.768458 0.630036 0.111929
vn 0.729946 0.598461 0.330187
vn 0.001007 0.168793 0.985651
vn 0.230975 0.216900 0.948475
vn 0.218324 0.251944 0.942793
vn 0.397175 0.354067 0.846693
vn 0.527860 0.470566 0.707058
vn 0.527855 0.470564 0.707063
vn 0.632063 0.563460 0.531986
vn 0.632065 0.563461 0.531984
vn 0.741760 0.661254 0.111961
vn 0.704574 0.628103 0.330244
vn 0.704578 0.628104 0.330236
vn 0.135691 0.023322 0.990477
vn 0.255930 0.211357 0.943307
vn 0.382056 0.370441 0.846644
vn 0.507740 0.492307 0.706989
vn 0.507745 0.492310 0.706984
vn 0.607950 0.589470 0.531904
vn 0.607950 0.589470 0.531905
vn 0.706973 0.706973 -0.019419
vn 0.713423 0.691735 0.111938
vn 0.677673 0.657072 0.330175
vn 0.677670 0.657071 0.330183
vn -0.016264 0.171277 0.985089
vn 0.212137 0.235603 0.948414
vn 0.195501 0.270253 0.942732
vn 0.366363 0.385854 0.846696
vn 0.486914 0.512816 0.707060
vn 0.486909 0.512813 0.707066
vn 0.583035 0.614051 0.531987
vn 0.649923 0.684498 0.330246
vn 0.583036 0.614051 0.531987
vn 0.649924 0.684501 0.330239
vn 0.684224 0.720626 0.111962
vn 0.132080 0.035590 0.990600
vn 0.237068 0.232272 0.943318
vn 0.349943 0.400924 0.846640
vn 0.465064 0.532816 0.706982
vn 0.465062 0.532814 0.706985
vn 0.556846 0.637970 0.531899
vn 0.556846 0.637970 0.531898
vn 0.070084 0.087332 0.993711
vn 0.060034 0.079092 0.995058
vn 0.620707 0.711133 0.330170
vn 0.620705 0.711132 0.330178
vn 0.646200 0.762969 -0.017422
vn 0.653451 0.748647 0.111936
vn 0.206738 0.257615 0.943872
vn 0.206737 0.257613 0.943872
vn 0.442594 0.551514 0.707067
vn 0.333021 0.414974 0.846696
vn 0.333019 0.414972 0.846698
vn 0.442593 0.551511 0.707069
vn 0.529971 0.660392 0.531990
vn 0.529971 0.660393 0.531989
vn 0.590771 0.736156 0.330247
vn 0.621952 0.775011 0.111952
vn 0.590773 0.736157 0.330242
vn 0.066383 0.090214 0.993708
vn 0.195812 0.266105 0.943846
vn 0.195812 0.266105 0.943846
vn 0.315409 0.428634 0.846635
vn 0.315407 0.428632 0.846636
vn 0.419163 0.569634 0.706979
vn 0.419164 0.569635 0.706978
vn 0.501888 0.682056 0.531892
vn 0.501888 0.682055 0.531892
vn 0.062582 0.092856 0.993711
vn 0.053311 0.084004 0.995038
vn 0.184606 0.273905 0.943873
vn 0.581010 0.813754 -0.015213
vn 0.559444 0.760271 0.330168
vn 0.559441 0.760269 0.330175
vn 0.588956 0.800377 0.111924
vn 0.184606 0.273906 0.943873
vn 0.297369 0.441217 0.846699
vn 0.297370 0.441218 0.846698
vn 0.395214 0.586393 0.707070
vn 0.395214 0.586393 0.707071
vn 0.473240 0.702162 0.531990
vn 0.473238 0.702161 0.531992
vn 0.527531 0.782716 0.330252
vn 0.555374 0.824030 0.111960
vn 0.527531 0.782718 0.330249
vn 0.058654 0.095420 0.993708
vn 0.173016 0.281466 0.943844
vn 0.173017 0.281467 0.943844
vn 0.278688 0.453373 0.846632
vn 0.370363 0.602512 0.706973
vn 0.278686 0.453372 0.846633
vn 0.370363 0.602512 0.706973
vn 0.443455 0.721420 0.531884
vn 0.443455 0.721420 0.531884
vn 0.046194 0.088361 0.995017
vn 0.054646 0.097735 0.993711
vn 0.161197 0.288303 0.943874
vn 0.511843 0.858984 -0.012802
vn 0.494307 0.804146 0.330166
vn 0.494307 0.804146 0.330167
vn 0.520382 0.846566 0.111930
vn 0.161197 0.288305 0.943873
vn 0.259660 0.464406 0.846702
vn 0.259658 0.464404 0.846703
vn 0.345098 0.617215 0.707073
vn 0.345100 0.617217 0.707071
vn 0.413230 0.739070 0.531993
vn 0.460639 0.823861 0.330250
vn 0.413229 0.739069 0.531995
vn 0.460639 0.823860 0.330252
vn 0.484952 0.867345 0.111956
vn 0.050520 0.099968 0.993707
vn 0.149021 0.294877 0.943843
vn 0.149023 0.294881 0.943842
vn 0.240035 0.474972 0.846631
vn 0.240038 0.474976 0.846629
vn 0.318999 0.631222 0.706964
vn 0.318997 0.631218 0.706968
vn 0.381951 0.755789 0.531880
vn 0.381951 0.755788 0.531881
vn 0.046332 0.101939 0.993711
vn 0.038729 0.092133 0.994993
vn 0.425749 0.842455 0.330164
vn 0.448208 0.886895 0.111923
vn 0.425750 0.842456 0.330160
vn 0.439174 0.898344 -0.010200
vn 0.136670 0.300701 0.943875
vn 0.136672 0.300703 0.943874
vn 0.220155 0.484383 0.846702
vn 0.220153 0.484381 0.846704
vn 0.292593 0.643763 0.707077
vn 0.292595 0.643765 0.707075
vn 0.350360 0.770860 0.531998
vn 0.390558 0.859302 0.330251
vn 0.350359 0.770859 0.532002
vn 0.390558 0.859302 0.330251
vn 0.411172 0.904657 0.111956
vn 0.042036 0.103823 0.993707
vn 0.123995 0.306251 0.943841
vn 0.123996 0.306252 0.943840
vn 0.199724 0.493289 0.846626
vn 0.199723 0.493288 0.846627
vn 0.265424 0.655559 0.706960
vn 0.265423 0.655557 0.706962
vn 0.317801 0.784925 0.531879
vn 0.317804 0.784929 0.531872
vn 0.037697 0.105437 0.993711
vn 0.111201 0.311023 0.943874
vn 0.030961 0.095290 0.994968
vn 0.363498 0.931566 -0.007389
vn 0.372930 0.921085 0.111920
vn 0.354244 0.874933 0.330157
vn 0.354244 0.874933 0.330156
vn 0.111201 0.311023 0.943874
vn 0.179125 0.501002 0.846706
vn 0.238066 0.665856 0.707079
vn 0.179125 0.501001 0.846706
vn 0.238066 0.665856 0.707079
vn 0.285068 0.797317 0.531998
vn 0.317774 0.888793 0.330254
vn 0.285068 0.797317 0.531998
vn 0.317774 0.888792 0.330256
vn 0.334547 0.935706 0.111952
vn 0.033260 0.106959 0.993707
vn 0.098110 0.315504 0.943839
vn 0.098110 0.315504 0.943839
vn 0.158027 0.508189 0.846623
vn 0.210010 0.675358 0.706956
vn 0.158028 0.508191 0.846622
vn 0.210010 0.675360 0.706955
vn 0.022941 0.097810 0.994941
vn 0.028802 0.108205 0.993711
vn 0.251454 0.808635 0.531866
vn 0.251452 0.808630 0.531873
vn 0.084961 0.319188 0.943875
vn 0.084961 0.319189 0.943875
vn 0.136857 0.514157 0.846707
vn 0.285334 0.958418 -0.004377
vn 0.280286 0.901354 0.330154
vn 0.280287 0.901356 0.330147
vn 0.295070 0.948899 0.111914
vn 0.136857 0.514154 0.846709
vn 0.181892 0.683341 0.707078
vn 0.181891 0.683340 0.707080
vn 0.217801 0.818251 0.532004
vn 0.217799 0.818249 0.532008
vn 0.242792 0.912133 0.330251
vn 0.242788 0.912130 0.330261
vn 0.255607 0.960277 0.111951
vn 0.024254 0.109357 0.993707
vn 0.071543 0.322572 0.943837
vn 0.071543 0.322571 0.943838
vn 0.115236 0.519571 0.846620
vn 0.115236 0.519571 0.846621
vn 0.153143 0.690487 0.706948
vn 0.153144 0.690489 0.706945
vn 0.019707 0.110224 0.993711
vn 0.014719 0.099674 0.994911
vn 0.183362 0.826736 0.531870
vn 0.183364 0.826740 0.531863
vn 0.204388 0.921534 0.330153
vn 0.058133 0.325143 0.943876
vn 0.058132 0.325140 0.943877
vn 0.215169 0.970144 0.111910
vn 0.204388 0.921535 0.330149
vn 0.205215 0.978716 -0.001178
vn 0.093640 0.523748 0.846711
vn 0.093644 0.523755 0.846706
vn 0.124456 0.696097 0.707078
vn 0.124453 0.696093 0.707083
vn 0.149023 0.833519 0.532013
vn 0.149026 0.833524 0.532005
vn 0.166123 0.929157 0.330259
vn 0.174892 0.978202 0.111956
vn 0.166122 0.929156 0.330263
vn 0.015080 0.110996 0.993706
vn 0.044481 0.327404 0.943837
vn 0.044481 0.327406 0.943836
vn 0.071647 0.527363 0.846613
vn 0.071648 0.527366 0.846612
vn 0.095215 0.700831 0.706944
vn 0.095215 0.700831 0.706944
vn 0.010476 0.111481 0.993711
vn 0.006346 0.100864 0.994880
vn 0.114004 0.839126 0.531856
vn 0.127076 0.935337 0.330147
vn 0.114003 0.839123 0.531860
vn 0.030903 0.328850 0.943877
vn 0.030902 0.328847 0.943877
vn 0.123693 0.992318 0.002247
vn 0.133777 0.984672 0.111912
vn 0.127075 0.935340 0.330139
vn 0.049780 0.529722 0.846709
vn 0.049778 0.529717 0.846713
vn 0.066160 0.704027 0.707085
vn 0.066160 0.704027 0.707085
vn 0.079219 0.843023 0.532013
vn 0.079222 0.843028 0.532003
vn 0.092971 0.989353 0.111968
vn 0.088310 0.939751 0.330256
vn 0.088308 0.939750 0.330261
vn 0.005801 0.111866 0.993706
vn 0.017111 0.329977 0.943834
vn 0.017111 0.329979 0.943833
vn -0.648839 0.263442 0.713867
vn -0.508069 0.465923 0.724418
vn 0.027560 0.531495 0.846613
vn 0.036626 0.706327 0.706938
vn 0.027561 0.531499 0.846611
vn -0.340969 0.668365 0.661081
vn 0.036626 0.706325 0.706940
vn 0.043854 0.845701 0.531852
vn 0.043855 0.845706 0.531845
vn 0.048883 0.942666 0.330139
vn -0.178450 0.834240 0.521727
vn 0.048883 0.942664 0.330143
vn 0.041324 0.999129 0.005847
vn 0.051461 0.992384 0.111922
vn -0.054661 0.942618 0.329368
vn -0.002347 0.112037 0.993701
vn -0.011714 0.111447 0.993701
vn -0.002347 0.112036 0.993701
vn -0.016182 0.772498 0.634811
vn -0.688114 0.201138 0.697168
vn 0.264915 0.333838 0.904640
vn -0.565034 0.413836 0.713776
vn 0.178704 0.532239 0.827518
vn -0.411791 0.631948 0.656559
vn 0.100599 0.707364 0.699654
vn -0.257034 0.814138 0.520684
vn 0.036779 0.847278 0.529874
vn -0.136372 0.934328 0.329292
vn -0.008112 0.943998 0.329851
vn -0.041323 0.999099 0.009665
vn -0.080801 0.768771 0.634400
vn -0.011714 0.111447 0.993701
vn -0.020998 0.110076 0.993701
vn 0.231830 0.354629 0.905811
vn -0.722019 0.133505 0.678870
vn 0.130584 0.545222 0.828058
vn -0.617925 0.354492 0.701786
vn 0.039355 0.713227 0.699828
vn -0.480243 0.587479 0.651334
vn -0.034871 0.847342 0.529901
vn -0.334495 0.786303 0.519462
vn -0.086927 0.940023 0.329849
vn -0.217468 0.918877 0.329201
vn -0.123682 0.992228 0.013671
vn -0.020998 0.110077 0.993701
vn -0.144913 0.759664 0.633964
vn -0.749837 0.060914 0.658812
vn 0.197289 0.372237 0.906927
vn -0.665866 0.288009 0.688240
vn 0.081663 0.553905 0.828565
vn -0.545544 0.534810 0.645260
vn -0.022082 0.713807 0.699994
vn -0.410208 0.750586 0.518025
vn -0.106228 0.841357 0.529938
vn -0.205182 0.978560 0.017883
vn -0.297375 0.896254 0.329086
vn -0.165123 0.929484 0.329839
vn -0.208073 0.745233 0.633508
vn -0.030136 0.107933 0.993701
vn -0.030136 0.107933 0.993701
vn -0.039062 0.105033 0.993701
vn 0.161585 0.386573 0.907993
vn 0.032324 0.558243 0.829048
vn -0.707945 0.214543 0.672893
vn -0.606852 0.473809 0.638150
vn -0.083265 0.709123 0.700151
vn -0.483519 0.706857 0.516297
vn -0.176795 0.829387 0.529963
vn -0.285265 0.958189 0.022301
vn -0.375536 0.866467 0.328948
vn -0.242156 0.912454 0.329830
vn -0.039061 0.105033 0.993701
vn -0.115215 0.309805 0.943794
vn -0.115216 0.309806 0.943793
vn -0.292195 0.785689 0.545266
vn -0.743175 0.134369 0.655466
vn -0.017054 0.558232 0.829510
vn -0.663239 0.404350 0.629774
vn -0.143749 0.699227 0.700298
vn -0.553754 0.654939 0.514210
vn -0.246066 0.811519 0.529989
vn -0.363376 0.931254 0.026906
vn -0.451402 0.829537 0.328792
vn -0.317484 0.889053 0.329832
vn -0.047713 0.101396 0.993701
vn -0.047713 0.101396 0.993701
vn -0.140735 0.299077 0.943794
vn -0.357105 0.758887 0.544579
vn -0.140735 0.299077 0.943794
vn -0.066096 0.553906 0.829952
vn -0.770505 0.047872 0.635633
vn -0.203096 0.684209 0.700436
vn -0.713661 0.326334 0.619834
vn -0.313557 0.787889 0.530012
vn -0.620186 0.594625 0.511655
vn -0.390588 0.859451 0.329826
vn -0.524413 0.785505 0.328592
vn -0.438976 0.897939 0.031720
vn -0.056030 0.097048 0.993701
vn -0.056031 0.097048 0.993701
vn -0.165267 0.286251 0.943794
vn -0.165268 0.286253 0.943793
vn -0.419587 0.726746 0.543862
vn -0.788814 -0.044388 0.613027
vn -0.114442 0.545333 0.830370
vn -0.756932 0.239678 0.607955
vn -0.260868 0.664184 0.700576
vn -0.682016 0.525637 0.508487
vn -0.378790 0.758675 0.530029
vn -0.594031 0.734384 0.328341
vn -0.460956 0.823854 0.329824
vn -0.511539 0.858474 0.036727
vn -0.063955 0.092019 0.993701
vn -0.188642 0.271420 0.943793
vn -0.063955 0.092019 0.993701
vn -0.071430 0.086345 0.993701
vn -0.479205 0.689484 0.543115
vn -0.188643 0.271421 0.943793
vn -0.161723 0.532599 0.830773
vn -0.796925 -0.141657 0.587235
vn -0.316664 0.639327 0.700703
vn -0.791670 0.144376 0.593645
vn -0.441304 0.724084 0.530050
vn -0.738340 0.447582 0.504503
vn -0.528100 0.782515 0.329819
vn -0.580566 0.813133 0.041926
vn -0.659716 0.676150 0.328018
vn -0.071431 0.086345 0.993701
vn -0.210693 0.254684 0.943793
vn -0.535539 0.647356 0.542336
vn -0.210693 0.254684 0.943793
vn -0.207595 0.515831 0.831158
vn -0.793619 -0.242947 0.557804
vn -0.370084 0.609830 0.700818
vn -0.816245 0.040517 0.576283
vn -0.788060 0.359935 0.499408
vn -0.500662 0.684372 0.530069
vn -0.645574 0.762229 0.047338
vn -0.720911 0.610712 0.327595
vn -0.591552 0.735723 0.329816
vn -0.078405 0.080065 0.993701
vn -0.078405 0.080064 0.993701
vn -0.231265 0.236161 0.943793
vn -0.231265 0.236160 0.943793
vn -0.588195 0.600645 0.541529
vn -0.251727 0.495180 0.831523
vn -0.828715 -0.071623 0.555069
vn -0.420736 0.575909 0.700935
vn -0.829805 0.261945 0.492756
vn -0.556452 0.639825 0.530080
vn -0.706116 0.706116 0.052932
vn -0.777056 0.537805 0.327032
vn -0.650871 0.683803 0.329819
vn -0.084829 0.073223 0.993701
vn -0.084830 0.073223 0.993701
vn -0.250216 0.215980 0.943793
vn -0.250217 0.215982 0.943792
vn -0.677516 0.584816 0.446052
vn -0.402997 0.347857 0.846516
vn -0.402997 0.347858 0.846515
vn -0.826748 -0.191470 0.528986
vn -0.468268 0.537829 0.701046
vn -0.861730 0.152563 0.483887
vn -0.608271 0.590759 0.530104
vn -0.761769 0.645184 0.058707
vn -0.827514 0.456932 0.326241
vn -0.705648 0.627124 0.329813
vn -0.090659 0.065868 0.993701
vn -0.090659 0.065868 0.993701
vn -0.267410 0.194285 0.943793
vn -0.267413 0.194287 0.943792
vn -0.430697 0.312920 0.846511
vn -0.724564 0.526426 0.444841
vn -0.430692 0.312916 0.846515
vn -0.512340 0.495875 0.701153
vn -0.807589 -0.317812 0.496786
vn -0.655772 0.537533 0.530115
vn -0.881196 0.030448 0.471769
vn -0.755500 0.566079 0.329810
vn -0.871493 0.367165 0.325100
vn -0.812143 0.579860 0.064701
vn -0.095853 0.058051 0.993701
vn -0.095853 0.058051 0.993701
vn -0.282730 0.171227 0.943793
vn -0.282731 0.171228 0.943792
vn -0.455371 0.275783 0.846511
vn -0.766603 0.464272 0.443590
vn -0.455366 0.275779 0.846515
vn -0.552654 0.450360 0.701249
vn -0.768085 -0.448584 0.456965
vn -0.698613 0.480519 0.530134
vn -0.884262 -0.106175 0.454761
vn -0.800084 0.501095 0.329802
vn -0.907910 0.266721 0.323355
vn -0.856894 0.510598 0.070873
vn -0.100374 0.049826 0.993701
vn -0.100374 0.049826 0.993701
vn -0.296065 0.146968 0.943793
vn -0.296068 0.146969 0.943792
vn -0.476845 0.236708 0.846515
vn -0.803338 0.398781 0.442291
vn -0.476847 0.236709 0.846514
vn -0.588913 0.401619 0.701345
vn -0.736508 0.420128 0.530140
vn -0.864776 -0.259020 0.430199
vn -0.839085 0.432625 0.329805
vn -0.895707 0.437885 0.077237
vn -0.934917 0.152268 0.320539
vn -0.104191 0.041252 0.993701
vn -0.104192 0.041253 0.993701
vn -0.107279 0.032389 0.993701
vn -0.307325 0.121678 0.943793
vn -0.307327 0.121679 0.943792
vn -0.494983 0.195978 0.846513
vn -0.494980 0.195976 0.846516
vn -0.657743 0.260419 0.706793
vn -0.874165 0.346107 0.340654
vn -0.657742 0.260419 0.706794
vn -0.769180 0.356787 0.530155
vn -0.812988 -0.428932 0.393786
vn -0.928315 0.362229 0.083795
vn -0.948762 0.017389 0.315514
vn -0.872245 0.361148 0.329788
vn -0.316431 0.095536 0.943792
vn -0.107279 0.032389 0.993701
vn -0.316431 0.095536 0.943793
vn -0.509642 0.153870 0.846516
vn -0.509644 0.153871 0.846514
vn -0.900752 0.271953 0.338655
vn -0.677226 0.204467 0.706794
vn -0.677221 0.204465 0.706800
vn -0.714103 -0.612545 0.338887
vn -0.796415 0.290946 0.530164
vn -0.954491 0.284165 0.090536
vn -0.940099 -0.151390 0.305443
vn -0.899322 0.287162 0.329786
vn -0.109613 0.023299 0.993701
vn -0.109612 0.023299 0.993701
vn -0.323315 0.068723 0.943793
vn -0.520733 0.110685 0.846514
vn -0.323317 0.068723 0.943792
vn -0.520732 0.110685 0.846514
vn -0.691956 0.147080 0.706799
vn -0.921073 0.195780 0.336594
vn -0.691955 0.147079 0.706800
vn -0.818020 0.223069 0.530173
vn -0.879933 -0.382915 0.281238
vn -0.920136 0.211180 0.329776
vn -0.974057 0.204238 0.097469
vn -0.111178 0.014045 0.993701
vn -0.111964 0.004693 0.993701
vn -0.111177 0.014045 0.993701
vn -0.111963 0.004693 0.993701
vn -0.330247 0.013841 0.943793
vn -0.327928 0.041427 0.943794
vn -0.330244 0.013841 0.943794
vn -0.327934 0.041428 0.943792
vn -0.531904 0.022293 0.846511
vn -0.528173 0.066724 0.846511
vn -0.531901 0.022293 0.846513
vn -0.528168 0.066723 0.846514
vn -0.701837 0.088663 0.706798
vn -0.706794 0.029624 0.706799
vn -0.701836 0.088662 0.706799
vn -0.706795 0.029623 0.706798
vn -0.840254 0.106149 0.531701
vn -0.965663 0.121992 0.229375
vn -0.846189 0.035466 0.531701
vn -0.840256 0.106149 0.531697
vn -0.846194 0.035465 0.531693
vn -0.973294 0.040792 0.225909
vn -0.934540 0.133735 0.329773
vn -0.658317 -0.723328 0.208363
vn -0.986879 0.123015 0.104585
vn -0.865104 -0.046108 0.499468
vn -0.865104 0.046108 0.499468
vn -0.857259 -0.138117 0.496015
vn -0.860382 -0.064477 0.505554
vn -0.837034 -0.228268 0.497261
vn -0.805106 -0.314803 0.502695
vn -0.840449 -0.191827 0.506802
vn -0.769971 -0.400098 0.497058
vn -0.804475 -0.315733 0.503122
vn -0.864207 -0.064763 0.498950
vn -0.864207 -0.064763 0.498950
vn -0.723543 -0.479981 0.496088
vn -0.746530 -0.431010 0.506876
vn -0.844902 -0.192843 0.498950
vn -0.844902 -0.192844 0.498950
vn -0.666778 -0.552803 0.499816
vn -0.604514 -0.620827 0.499136
vn -0.674670 -0.538031 0.505315
vn -0.806724 -0.316616 0.498950
vn -0.806724 -0.316616 0.498950
vn -0.864207 -0.064763 0.498950
vn -0.864207 -0.064763 0.498950
vn -0.864207 -0.064763 0.498950
vn -0.863840 -0.066321 0.499381
vn -0.586761 -0.632379 0.505775
vn -0.536225 -0.682999 0.495958
vn -0.750524 -0.433315 0.498950
vn -0.750524 -0.433315 0.498950
vn -0.844902 -0.192844 0.498950
vn -0.845111 -0.192891 0.498579
vn -0.843335 -0.197348 0.499840
vn -0.844902 -0.192843 0.498950
vn -0.460127 -0.735389 0.497481
vn -0.485647 -0.712314 0.506711
vn -0.378153 -0.777662 0.502237
vn -0.677559 -0.540335 0.498950
vn -0.677559 -0.540335 0.498950
vn -0.803093 -0.323676 0.500275
vn -0.806724 -0.316616 0.498950
vn -0.807111 -0.316768 0.498226
vn -0.806724 -0.316616 0.498950
vn -0.294400 -0.816363 0.496870
vn -0.374876 -0.778437 0.503491
vn -0.589458 -0.635285 0.498950
vn -0.589459 -0.635285 0.498950
vn -0.750524 -0.433315 0.498950
vn -0.750524 -0.433315 0.498950
vn -0.751051 -0.433620 0.497892
vn -0.744069 -0.442353 0.500686
vn -0.206052 -0.843416 0.496178
vn -0.254075 -0.823691 0.506931
vn -0.488190 -0.716044 0.498950
vn -0.488191 -0.716044 0.498950
vn -0.677559 -0.540336 0.498950
vn -0.677559 -0.540335 0.498950
vn -0.678177 -0.540828 0.497575
vn -0.589459 -0.635285 0.498950
vn -0.667651 -0.550608 0.501073
vn -0.114930 -0.858260 0.500180
vn -0.023072 -0.866398 0.498820
vn -0.128636 -0.853446 0.505057
vn -0.376017 -0.780807 0.498950
vn -0.255444 -0.828129 0.498950
vn -0.376017 -0.780807 0.498950
vn -0.589459 -0.635285 0.498950
vn -0.590112 -0.635989 0.497278
vn -0.575636 -0.645914 0.501436
vn 0.069284 -0.865601 0.495917
vn 0.000000 -0.862547 0.505977
vn -0.255444 -0.828129 0.498950
vn -0.488190 -0.716044 0.498950
vn -0.470185 -0.726049 0.501776
vn -0.488822 -0.716970 0.496998
vn -0.488190 -0.716044 0.498950
vn 0.128501 -0.852551 0.506601
vn 0.160708 -0.852321 0.497716
vn 0.249715 -0.828158 0.501794
vn 0.000000 -0.866631 0.498950
vn -0.129165 -0.856951 0.498950
vn -0.129164 -0.856951 0.498950
vn -0.376568 -0.781952 0.496737
vn -0.376017 -0.780807 0.498950
vn -0.353768 -0.789146 0.502092
vn -0.376017 -0.780807 0.498950
vn 0.337469 -0.799627 0.496699
vn 0.254608 -0.825420 0.503842
vn 0.000000 -0.866631 0.498950
vn -0.229115 -0.833736 0.502385
vn -0.255859 -0.829475 0.496495
vn -0.255444 -0.828129 0.498950
vn -0.255444 -0.828129 0.498950
vn 0.420668 -0.759435 0.496284
vn 0.373993 -0.776604 0.506967
vn 0.129165 -0.856951 0.498950
vn 0.255444 -0.828129 0.498950
vn 0.129164 -0.856951 0.498950
vn -0.129394 -0.858471 0.496271
vn -0.129165 -0.856951 0.498950
vn -0.129165 -0.856951 0.498950
vn -0.099142 -0.858784 0.502654
vn 0.486285 -0.713248 0.504781
vn 0.497595 -0.708406 0.500560
vn 0.570849 -0.652387 0.498520
vn 0.255444 -0.828128 0.498950
vn 0.000000 -0.866631 0.498950
vn 0.000000 -0.866631 0.498950
vn 0.000000 -0.868285 0.496066
vn 0.033107 -0.863711 0.502899
vn 0.638066 -0.589035 0.495893
vn 0.586608 -0.632213 0.506160
vn 0.376017 -0.780807 0.498950
vn 0.376017 -0.780807 0.498950
vn 0.129427 -0.858692 0.495879
vn 0.129165 -0.856951 0.498950
vn 0.164539 -0.848408 0.503121
vn 0.129165 -0.856951 0.498950
vn 0.696108 -0.517167 0.497968
vn 0.745447 -0.439250 0.501367
vn 0.674139 -0.537608 0.506472
vn 0.488191 -0.716044 0.498950
vn 0.488190 -0.716044 0.498950
vn 0.255991 -0.829903 0.495711
vn 0.255444 -0.828129 0.498950
vn 0.292080 -0.813239 0.503320
vn 0.255444 -0.828129 0.498950
vn 0.790441 -0.358673 0.496545
vn 0.747901 -0.431801 0.504174
vn 0.589459 -0.635285 0.498950
vn 0.589458 -0.635285 0.498950
vn 0.376017 -0.780807 0.498950
vn 0.376860 -0.782557 0.495561
vn 0.412749 -0.759033 0.503495
vn 0.376017 -0.780807 0.498950
vn 0.824163 -0.272647 0.496406
vn 0.802371 -0.314907 0.506986
vn 0.677559 -0.540335 0.498950
vn 0.677559 -0.540335 0.498950
vn 0.589459 -0.635285 0.498950
vn 0.488190 -0.716044 0.498950
vn 0.488190 -0.716044 0.498950
vn 0.489327 -0.717710 0.495430
vn 0.523724 -0.687061 0.503647
vn 0.845916 -0.182946 0.500955
vn 0.862130 -0.092161 0.498236
vn 0.841772 -0.192129 0.504487
vn 0.750524 -0.433315 0.498950
vn 0.750524 -0.433315 0.498950
vn 0.589459 -0.635285 0.498950
vn 0.677559 -0.540336 0.498950
vn 0.590874 -0.636811 0.495318
vn 0.622411 -0.599011 0.503776
vn 0.868388 0.000000 0.495885
vn 0.859931 -0.064443 0.506325
vn 0.806724 -0.316616 0.498950
vn 0.806724 -0.316616 0.498950
vn 0.750524 -0.433315 0.498950
vn 0.677559 -0.540335 0.498950
vn 0.679228 -0.541666 0.495225
vn 0.706506 -0.496945 0.503881
vn 0.862130 0.092161 0.498236
vn 0.845916 0.182946 0.500955
vn 0.859931 0.064443 0.506325
vn 0.844902 -0.192843 0.498950
vn 0.844902 -0.192844 0.498950
vn 0.750524 -0.433315 0.498950
vn 0.752409 -0.434404 0.495150
vn 0.774041 -0.383252 0.503962
vn 0.824163 0.272647 0.496406
vn 0.841772 0.192129 0.504487
vn 0.864207 -0.064763 0.498950
vn 0.864207 -0.064763 0.498950
vn 0.806724 -0.316616 0.498950
vn 0.806724 -0.316616 0.498950
vn 0.823440 -0.260594 0.504021
vn 0.808780 -0.317423 0.495094
vn 0.790441 0.358673 0.496545
vn 0.802371 0.314907 0.506986
vn 0.864207 0.064763 0.498950
vn 0.864207 0.064763 0.498950
vn 0.844902 -0.192843 0.498950
vn 0.844902 -0.192844 0.498950
vn 0.853549 -0.131839 0.504056
vn 0.864207 -0.064763 0.498950
vn 0.847077 -0.193340 0.495056
vn 0.745447 0.439250 0.501367
vn 0.696108 0.517167 0.497968
vn 0.747901 0.431801 0.504174
vn 0.844902 0.192844 0.498950
vn 0.844902 0.192843 0.498950
vn 0.864207 -0.064763 0.498950
vn 0.863664 0.000000 0.504067
vn 0.866442 -0.064931 0.495038
vn 0.638066 0.589035 0.495893
vn 0.674139 0.537608 0.506472
vn 0.806724 0.316616 0.498950
vn 0.806724 0.316616 0.498950
vn 0.864207 0.064763 0.498950
vn 0.866442 0.064931 0.495038
vn 0.853549 0.131839 0.504056
vn 0.864207 0.064763 0.498950
vn 0.570849 0.652387 0.498520
vn 0.497595 0.708406 0.500560
vn 0.586608 0.632213 0.506160
vn 0.750524 0.433315 0.498950
vn 0.750524 0.433315 0.498950
vn 0.844902 0.192844 0.498950
vn 0.847077 0.193340 0.495056
vn 0.806724 0.316616 0.498950
vn 0.823440 0.260594 0.504021
vn 0.844902 0.192843 0.498950
vn 0.420668 0.759435 0.496284
vn 0.486285 0.713248 0.504781
vn 0.677559 0.540335 0.498950
vn 0.677559 0.540335 0.498950
vn 0.750524 0.433315 0.498950
vn 0.808780 0.317423 0.495094
vn 0.774041 0.383252 0.503962
vn 0.806724 0.316616 0.498950
vn 0.337469 0.799627 0.496699
vn 0.373993 0.776604 0.506967
vn 0.589458 0.635285 0.498950
vn 0.589459 0.635285 0.498950
vn 0.750524 0.433315 0.498950
vn 0.752409 0.434404 0.495150
vn 0.677559 0.540335 0.498950
vn 0.706506 0.496945 0.503881
vn 0.249715 0.828158 0.501794
vn 0.160708 0.852321 0.497716
vn 0.254608 0.825420 0.503842
vn 0.488191 0.716044 0.498950
vn 0.376017 0.780807 0.498950
vn 0.488190 0.716044 0.498950
vn 0.677559 0.540335 0.498950
vn 0.679228 0.541666 0.495225
vn 0.622411 0.599011 0.503776
vn 0.069284 0.865601 0.495917
vn 0.128501 0.852551 0.506601
vn 0.376017 0.780807 0.498950
vn 0.589459 0.635285 0.498950
vn 0.589459 0.635285 0.498950
vn 0.590874 0.636811 0.495318
vn 0.523724 0.687061 0.503647
vn -0.000000 0.862547 0.505977
vn -0.023072 0.866398 0.498820
vn -0.114930 0.858260 0.500180
vn 0.255444 0.828129 0.498950
vn 0.255444 0.828128 0.498950
vn 0.488190 0.716044 0.498950
vn 0.488190 0.716044 0.498950
vn 0.489327 0.717710 0.495430
vn 0.412749 0.759033 0.503495
vn -0.128636 0.853446 0.505057
vn -0.206052 0.843416 0.496178
vn 0.129165 0.856951 0.498950
vn 0.000000 0.866631 0.498950
vn 0.129164 0.856951 0.498950
vn 0.376017 0.780807 0.498950
vn 0.255444 0.828129 0.498950
vn 0.376017 0.780807 0.498950
vn 0.376860 0.782557 0.495561
vn 0.292080 0.813239 0.503320
vn -0.294400 0.816363 0.496870
vn -0.254075 0.823691 0.506931
vn -0.000000 0.866631 0.498950
vn 0.255444 0.828129 0.498950
vn 0.255991 0.829903 0.495711
vn 0.164539 0.848408 0.503121
vn -0.378153 0.777662 0.502237
vn -0.460127 0.735389 0.497481
vn -0.374876 0.778437 0.503491
vn -0.129165 0.856951 0.498950
vn -0.129164 0.856951 0.498950
vn 0.129165 0.856951 0.498950
vn 0.129165 0.856951 0.498950
vn 0.033107 0.863711 0.502899
vn 0.129427 0.858692 0.495879
vn -0.536225 0.682999 0.495958
vn -0.485647 0.712314 0.506711
vn -0.255444 0.828129 0.498950
vn -0.255444 0.828129 0.498950
vn -0.000000 0.868285 0.496066
vn 0.000000 0.866631 0.498950
vn -0.000000 0.866631 0.498950
vn -0.099142 0.858784 0.502654
vn -0.586761 0.632379 0.505775
vn -0.604514 0.620827 0.499136
vn -0.666778 0.552803 0.499816
vn -0.376017 0.780807 0.498950
vn -0.376017 0.780807 0.498950
vn -0.129165 0.856951 0.498950
vn -0.129394 0.858471 0.496271
vn -0.129165 0.856951 0.498950
vn -0.229115 0.833736 0.502385
vn -0.674670 0.538031 0.505315
vn -0.723543 0.479981 0.496088
vn -0.488190 0.716044 0.498950
vn -0.488191 0.716044 0.498950
vn -0.255444 0.828129 0.498950
vn -0.255859 0.829475 0.496495
vn -0.255444 0.828129 0.498950
vn -0.353768 0.789146 0.502092
vn -0.746530 0.431010 0.506876
vn -0.769971 0.400098 0.497058
vn -0.589459 0.635285 0.498950
vn -0.589458 0.635285 0.498950
vn -0.488190 0.716044 0.498950
vn -0.376017 0.780807 0.498950
vn -0.376568 0.781952 0.496737
vn -0.376017 0.780807 0.498950
vn -0.470185 0.726049 0.501776
vn -0.804475 0.315733 0.503122
vn -0.805106 0.314803 0.502695
vn -0.837034 0.228268 0.497261
vn -0.750524 0.433315 0.498950
vn -0.677559 0.540335 0.498950
vn -0.677559 0.540335 0.498950
vn -0.488190 0.716044 0.498950
vn -0.488822 0.716970 0.496998
vn -0.575636 0.645914 0.501436
vn -0.860382 0.064477 0.505554
vn -0.840449 0.191827 0.506802
vn -0.857259 0.138117 0.496015
vn -0.750524 0.433315 0.498950
vn -0.589459 0.635285 0.498950
vn -0.589459 0.635285 0.498950
vn -0.590112 0.635989 0.497278
vn -0.677559 0.540336 0.498950
vn -0.667651 0.550608 0.501073
vn -0.806724 0.316616 0.498950
vn -0.806724 0.316616 0.498950
vn -0.744069 0.442353 0.500686
vn -0.678177 0.540828 0.497575
vn -0.677559 0.540335 0.498950
vn -0.864207 0.064763 0.498950
vn -0.844902 0.192844 0.498950
vn -0.844902 0.192843 0.498950
vn -0.864207 0.064763 0.498950
vn -0.803093 0.323676 0.500275
vn -0.750524 0.433315 0.498950
vn -0.750524 0.433315 0.498950
vn -0.751051 0.433620 0.497892
vn -0.843335 0.197348 0.499840
vn -0.807111 0.316768 0.498226
vn -0.806724 0.316616 0.498950
vn -0.844902 0.192843 0.498950
vn -0.806724 0.316616 0.498950
vn -0.863840 0.066321 0.499381
vn -0.864207 0.064763 0.498950
vn -0.864207 0.064763 0.498950
vn -0.864207 0.064763 0.498950
vn -0.845111 0.192891 0.498579
vn -0.844902 0.192844 0.498950
vn -0.999981 -0.006111 0.000000
vn -0.999827 -0.018503 -0.002014
vn -0.999501 -0.031063 -0.005716
vn -0.999052 -0.042627 -0.008795
vn -0.999100 -0.041323 -0.009582
vn -0.998832 -0.047928 -0.006159
vn -0.998625 -0.052234 -0.004380
vn -0.998437 -0.055805 -0.003138
vn -0.998259 -0.058943 -0.002198
vn -0.998017 -0.062930 -0.001140
vn -0.999766 -0.021477 0.002514
vn -0.999931 -0.011694 0.000740
vn -0.999992 -0.003916 -0.000000
vn -0.992233 -0.123682 0.013302
vn -0.997983 -0.063473 0.000938
vn -0.998312 -0.058037 0.002276
vn -0.998586 -0.053019 0.003761
vn -0.998903 -0.046405 0.006248
vn -0.999227 -0.037894 0.010486
vn -0.999112 -0.041323 0.008271
vn -0.992245 -0.123684 -0.012345
vn -0.994052 -0.108908 -0.000000
vn -0.978717 -0.205215 0.000000
vn -0.978717 -0.205215 -0.000000
vn -0.958427 -0.285336 -0.000000
vn -0.958427 -0.285336 -0.000000
vn -0.931591 -0.363508 -0.000000
vn -0.931591 -0.363508 -0.000000
vn -0.898391 -0.439197 0.000000
vn -0.898391 -0.439197 -0.000000
vn -0.859054 -0.511885 0.000000
vn -0.859054 -0.511885 -0.000000
vn -0.813848 -0.581077 0.000000
vn -0.813848 -0.581077 -0.000000
vn -0.763085 -0.646299 0.000000
vn -0.763085 -0.646299 -0.000000
vn -0.707107 -0.707107 -0.000000
vn -0.707107 -0.707107 -0.000000
vn -0.646299 -0.763085 0.000000
vn -0.646299 -0.763085 -0.000000
vn -0.581077 -0.813848 0.000000
vn -0.581077 -0.813848 -0.000000
vn -0.511885 -0.859054 -0.000000
vn -0.511885 -0.859054 0.000000
vn -0.439197 -0.898391 -0.000000
vn -0.439197 -0.898391 -0.000000
vn -0.363508 -0.931591 -0.000000
vn -0.363508 -0.931591 0.000000
vn -0.285336 -0.958427 -0.000000
vn -0.285336 -0.958427 -0.000000
vn -0.205215 -0.978717 -0.000000
vn -0.205215 -0.978717 0.000000
vn -0.123693 -0.992320 -0.000000
vn -0.123693 -0.992320 0.000000
vn -0.041325 -0.999146 -0.000000
vn 0.041325 -0.999146 0.000000
vn -0.041325 -0.999146 0.000000
vn 0.123693 -0.992320 0.000000
vn 0.041325 -0.999146 0.000000
vn 0.123693 -0.992320 0.000000
vn 0.205215 -0.978717 0.000000
vn 0.285336 -0.958427 0.000000
vn 0.205215 -0.978717 0.000000
vn 0.285336 -0.958427 0.000000
vn 0.439190 -0.898377 -0.005506
vn 0.444162 -0.895898 -0.009346
vn 0.438500 -0.898713 -0.005704
vn 0.464565 -0.885539 -0.000813
vn 0.431937 -0.901901 -0.002071
vn 0.427777 -0.903884 0.000000
vn 0.363508 -0.931591 0.000000
vn 0.363508 -0.931591 0.000000
vn 0.433075 -0.901354 0.002517
vn 0.473615 -0.880732 0.000124
vn 0.438223 -0.898851 0.005206
vn 0.483200 -0.875510 -0.000222
vn 0.442020 -0.896975 0.007382
vn 0.490915 -0.871205 -0.001879
vn 0.445963 -0.894997 0.009904
vn 0.496849 -0.867829 -0.003791
vn 0.506099 -0.862440 -0.007790
vn 0.511852 -0.858999 -0.011342
vn 0.517746 -0.855502 -0.007443
vn 0.525778 -0.850614 -0.003701
vn 0.531391 -0.847125 -0.001887
vn 0.535630 -0.844453 -0.000935
vn 0.439191 -0.898380 0.005015
vn 0.494444 -0.869206 0.002487
vn 0.484412 -0.874840 0.000365
vn 0.475995 -0.879448 -0.000099
vn 0.469296 -0.883041 0.000248
vn 0.463463 -0.886116 0.000953
vn 0.505736 -0.862661 0.006887
vn 0.539055 -0.842271 -0.000424
vn 0.541676 -0.840587 -0.000176
vn 0.543752 -0.839246 -0.000058
vn 0.577279 -0.816544 -0.002329
vn 0.581077 -0.813848 0.001039
vn 0.542548 -0.840025 0.000103
vn 0.538847 -0.842403 0.000392
vn 0.533365 -0.845884 0.001231
vn 0.525784 -0.850612 0.003291
vn 0.516840 -0.856051 0.007235
vn 0.511858 -0.859009 0.010260
vn 0.573787 -0.818990 0.004996
vn 0.580161 -0.814502 0.000000
vn 0.581077 -0.813848 -0.001317
vn 0.646299 -0.763085 0.000000
vn 0.646299 -0.763085 0.000000
vn 0.707107 -0.707107 0.000000
vn 0.707107 -0.707107 0.000000
vn 0.763085 -0.646299 0.000000
vn 0.813848 -0.581077 0.000000
vn 0.763085 -0.646299 0.000000
vn 0.859054 -0.511885 0.000000
vn 0.813848 -0.581077 0.000000
vn 0.859054 -0.511885 0.000000
vn 0.898391 -0.439197 0.000000
vn 0.931591 -0.363508 0.000000
vn 0.898391 -0.439197 0.000000
vn 0.931591 -0.363508 0.000000
vn 0.958427 -0.285336 0.000000
vn 0.958427 -0.285336 0.000000
vn 0.978717 -0.205215 0.000000
vn 0.978717 -0.205215 0.000000
vn 0.992320 -0.123693 0.000000
vn 0.992320 -0.123693 0.000000
vn 0.999146 -0.041325 0.000000
vn 0.999146 -0.041325 0.000000
vn 0.999146 0.041325 -0.000000
vn 0.999146 0.041325 0.000000
vn 0.992320 0.123693 0.000000
vn 0.992320 0.123693 0.000000
vn 0.978717 0.205215 0.000000
vn 0.978717 0.205215 0.000000
vn 0.958427 0.285336 0.000000
vn 0.958427 0.285336 0.000000
vn 0.931591 0.363508 0.000000
vn 0.931591 0.363508 0.000000
vn 0.898391 0.439197 0.000000
vn 0.898391 0.439197 0.000000
vn 0.859054 0.511885 0.000000
vn 0.859054 0.511885 0.000000
vn 0.813848 0.581077 0.000000
vn 0.813848 0.581077 0.000000
vn 0.763085 0.646299 0.000000
vn 0.763085 0.646299 0.000000
vn 0.707107 0.707107 0.000000
vn 0.707107 0.707107 0.000000
vn 0.646299 0.763085 0.000000
vn 0.646299 0.763085 0.000000
vn 0.539935 0.841707 -0.000306
vn 0.543245 0.839574 -0.000076
vn 0.581077 0.813848 0.001142
vn 0.534829 0.844959 -0.001035
vn 0.580176 0.814491 0.000000
vn 0.576239 0.817275 -0.003207
vn 0.575075 0.818091 0.003962
vn 0.527743 0.849399 -0.002904
vn 0.518825 0.854853 -0.006832
vn 0.510425 0.859859 -0.010411
vn 0.511852 0.858999 -0.011314
vn 0.503286 0.864095 -0.006571
vn 0.494377 0.869243 -0.002727
vn 0.484274 0.874916 -0.000378
vn 0.525489 0.850793 0.003475
vn 0.531231 0.847225 0.001767
vn 0.535569 0.844491 0.000870
vn 0.539054 0.842271 0.000392
vn 0.541727 0.840554 0.000160
vn 0.543617 0.839333 0.000061
vn 0.581077 0.813848 -0.001119
vn 0.517431 0.855697 0.006913
vn 0.475848 0.879527 0.000107
vn 0.469186 0.883099 -0.000284
vn 0.463399 0.886149 -0.001045
vn 0.439190 0.898378 -0.005416
vn 0.445506 0.895219 -0.010367
vn 0.441685 0.897137 -0.007722
vn 0.437448 0.899229 -0.005102
vn 0.431049 0.902327 -0.001610
vn 0.511858 0.859009 0.010257
vn 0.466424 0.884561 0.000504
vn 0.475538 0.879695 -0.000168
vn 0.484879 0.874581 0.000440
vn 0.494612 0.869110 0.002552
vn 0.505976 0.862519 0.006981
vn 0.434193 0.900814 0.003068
vn 0.440305 0.897826 0.006340
vn 0.446064 0.894946 0.009923
vn 0.439191 0.898381 0.004809
vn 0.427789 0.903879 0.000000
vn 0.363508 0.931591 0.000000
vn 0.363508 0.931591 0.000000
vn 0.285336 0.958427 0.000000
vn 0.285336 0.958427 0.000000
vn 0.205215 0.978717 0.000000
vn 0.205215 0.978717 0.000000
vn 0.123693 0.992320 0.000000
vn 0.123693 0.992320 0.000000
vn 0.041325 0.999146 0.000000
vn 0.041325 0.999146 0.000000
vn -0.041325 0.999146 0.000000
vn -0.041325 0.999146 0.000000
vn -0.123693 0.992320 0.000000
vn -0.123693 0.992320 0.000000
vn -0.205215 0.978717 0.000000
vn -0.205215 0.978717 0.000000
vn -0.285336 0.958427 0.000000
vn -0.285336 0.958427 0.000000
vn -0.363508 0.931591 0.000000
vn -0.363508 0.931591 0.000000
vn -0.439197 0.898391 0.000000
vn -0.439197 0.898391 0.000000
vn -0.511885 0.859054 0.000000
vn -0.511885 0.859054 0.000000
vn -0.581077 0.813848 0.000000
vn -0.581077 0.813848 0.000000
vn -0.646299 0.763085 0.000000
vn -0.646299 0.763085 0.000000
vn -0.707107 0.707107 0.000000
vn -0.707107 0.707107 0.000000
vn -0.763085 0.646299 0.000000
vn -0.763085 0.646299 0.000000
vn -0.813848 0.581077 0.000000
vn -0.813848 0.581077 0.000000
vn -0.859054 0.511885 0.000000
vn -0.859054 0.511885 0.000000
vn -0.898391 0.439197 0.000000
vn -0.898391 0.439197 0.000000
vn -0.931591 0.363508 0.000000
vn -0.931591 0.363508 0.000000
vn -0.958427 0.285336 0.000000
vn -0.978717 0.205215 0.000000
vn -0.958427 0.285336 0.000000
vn -0.978717 0.205215 0.000000
vn -0.998568 0.053344 -0.003939
vn -0.998296 0.058313 -0.002359
vn -0.998882 0.046804 -0.006602
vn -0.992235 0.123683 0.013116
vn -0.994052 0.108908 0.000000
vn -0.997971 0.063656 -0.000954
vn -0.999104 0.041323 -0.009090
vn -0.999201 0.038384 -0.011176
vn -0.999763 0.021598 -0.002801
vn -0.999931 0.011712 -0.000821
vn -0.999992 0.003916 0.000000
vn -0.998644 0.051895 0.004174
vn -0.998454 0.055504 0.003009
vn -0.998275 0.058673 0.002124
vn -0.998030 0.062725 0.001118
vn -0.992243 0.123684 -0.012510
vn -0.998852 0.047540 0.005835
vn -0.999076 0.042178 0.008284
vn -0.999981 0.006111 0.000000
vn -0.999828 0.018430 0.001810
vn -0.999516 0.030679 0.005091
vn -0.999107 0.041323 0.008756
vn 0.000000 0.000000 1.000000
vn 0.000000 0.000000 1.000000
vn 0.000000 0.000000 1.000000
vn 0.000000 0.000000 1.000000
vn -0.000000 0.000000 1.000000
vn 0.000000 0.000000 1.000000
vn 0.000000 -0.000000 1.000000
vn 0.000000 0.000000 1.000000
vn -0.000000 0.000000 1.000000
vn 0.000000 -0.000000 1.000000
vn 0.000000 0.000000 1.000000
vn 0.000000 0.000000 1.000000
vn 0.000000 0.000000 1.000000
vn 0.000000 -0.000000 1.000000
vn -0.000000 0.000000 1.000000
vn 0.000000 -0.000000 1.000000
vn -0.000000 0.000000 1.000000
vn 0.000000 0.000000 1.000000
vn 0.000000 -0.000000 1.000000
vn 0.000000 0.000000 1.000000
vn 0.000000 0.000000 1.000000
vn -0.000000 0.000000 1.000000
vn 0.000000 0.000000 1.000000
vn 0.000000 0.000000 1.000000
vn 0.000000 -0.000000 1.000000
vn 0.000000 0.000000 1.000000
vn -0.000000 0.000000 1.000000
vn 0.000000 -0.000000 1.000000
vn 0.000000 0.000000 1.000000
vn -0.000000 0.000000 1.000000
vn 0.000000 0.000000 1.000000
vn 0.000000 -0.000000 1.000000
vn -0.000000 0.000000 1.000000
vn 0.000000 -0.000000 1.000000
vn 0.000000 0.000000 1.000000
vn -0.000000 0.000000 1.000000
vn 0.000000 0.000000 1.000000
vn 0.000000 -0.000000 1.000000
vn -0.000000 0.000000 1.000000
vn 0.000000 0.000000 1.000000
vn 0.000000 -0.000000 1.000000
vn 0.000000 0.000000 1.000000
vn -0.000000 0.000000 1.000000
vn 0.000000 0.000000 1.000000
vn 0.000000 -0.000000 1.000000
vn 0.000000 0.000000 1.000000
vn -0.000000 0.000000 1.000000
vn 0.000000 -0.000000 1.000000
vn 0.000000 0.000000 1.000000
vn 0.000000 0.000000 1.000000
vn 0.000000 0.000000 1.000000
vn 0.000000 0.000000 1.000000
vn 0.000000 -0.000000 1.000000
vn 0.000000 0.000000 1.000000
vn -0.000000 0.000000 1.000000
vn 0.000000 0.000000 1.000000
vn 0.000000 -0.000000 1.000000
vn -0.000000 0.000000 1.000000
vn 0.000000 -0.000000 1.000000
vn 0.000000 0.000000 1.000000
vn -0.000000 0.000000 1.000000
vn 0.000000 0.000000 1.000000
vn 0.000000 -0.000000 1.000000
vn 0.000000 0.000000 1.000000
vn -0.000000 0.000000 1.000000
vn -0.000000 0.000000 1.000000
vn 0.000000 -0.000000 1.000000
vn 0.000000 0.000000 -1.000000
vn 0.000000 0.000000 -1.000000
vn -0.000000 0.000000 -1.000000
vn 0.000000 0.000000 -1.000000
vn 0.000000 0.000000 -1.000000
vn 0.000000 0.000000 -1.000000
vn -0.000000 0.000000 -1.000000
vn 0.000000 0.000000 -1.000000
vn 0.000000 0.000000 -1.000000
vn 0.000000 0.000000 -1.000000
vn -0.000000 0.000000 -1.000000
vn 0.000000 0.000000 -1.000000
vn 0.000000 0.000000 -1.000000
vn 0.000000 0.000000 -1.000000
vn -0.000000 0.000000 -1.000000
vn 0.000000 0.000000 -1.000000
vn 0.000000 0.000000 -1.000000
vn 0.000000 0.000000 -1.000000
vn -0.000000 0.000000 -1.000000
vn 0.000000 0.000000 -1.000000
vn 0.000000 0.000000 -1.000000
vn 0.000000 0.000000 -1.000000
vn -0.000000 0.000000 -1.000000
vn 0.000000 0.000000 -1.000000
vn 0.000000 0.000000 -1.000000
vn -0.000000 0.000000 -1.000000
vn 0.000000 0.000000 -1.000000
vn 0.000000 0.000000 -1.000000
vn 0.000000 0.000000 -1.000000
vn -0.000000 0.000000 -1.000000
vn 0.000000 0.000000 -1.000000
vn 0.000000 0.000000 -1.000000
vn 0.000000 0.000000 -1.000000
vn -0.000000 0.000000 -1.000000
vn 0.000000 0.000000 -1.000000
vn 0.000000 0.000000 -1.000000
vn 0.000000 0.000000 -1.000000
vn -0.000000 0.000000 -1.000000
vn 0.000000 0.000000 -1.000000
vn -0.000000 0.000000 -1.000000
vn -0.000000 0.000000 -1.000000
vn 0.000000 0.000000 -1.000000
vn 0.000000 0.000000 -1.000000
vn -0.000000 0.000000 -1.000000
vn -0.000000 0.000000 -1.000000
vn 0.000000 0.000000 -1.000000
vn 0.000000 0.000000 -1.000000
vn -0.000000 0.000000 -1.000000
vn -0.000000 0.000000 -1.000000
vn 0.000000 0.000000 -1.000000
vn 0.000000 0.000000 -1.000000
vn -0.000000 0.000000 -1.000000
vn -0.000000 0.000000 -1.000000
vn 0.000000 0.000000 -1.000000
vn 0.000000 0.000000 -1.000000
vn -0.000000 0.000000 -1.000000
vn -0.000000 0.000000 -1.000000
vn 0.000000 0.000000 -1.000000
vn 0.000000 0.000000 -1.000000
vn -0.000000 0.000000 -1.000000
vn -0.000000 0.000000 -1.000000
vn 0.000000 0.000000 -1.000000
vn 0.000000 0.000000 -1.000000
vn -0.000000 0.000000 -1.000000
vn -0.000000 0.000000 -1.000000
vn 0.000000 0.000000 -1.000000
vn 0.000000 0.000000 -1.000000
vn 0.000000 0.000000 -1.000000
vn -0.000000 0.000000 -1.000000
vn 0.000000 0.000000 -1.000000
vn 0.000000 0.000000 -1.000000
vn 0.000000 0.000000 -1.000000
vn -0.000000 0.000000 -1.000000
vn 0.000000 0.000000 -1.000000
vn 0.000000 0.000000 -1.000000
vn 0.000000 0.000000 -1.000000
vn -0.000000 0.000000 -1.000000
vn 0.000000 0.000000 -1.000000
vn 0.000000 0.000000 -1.000000
vn 0.000000 0.000000 -1.000000
vn -0.000000 0.000000 -1.000000
vn 0.000000 0.000000 -1.000000
vn 0.000000 0.000000 -1.000000
vn 0.000000 0.000000 -1.000000
vn -0.000000 0.000000 -1.000000
vn 0.000000 0.000000 -1.000000
vn 0.000000 0.000000 -1.000000
vn 0.000000 0.000000 -1.000000
vn -0.000000 0.000000 -1.000000
vn 0.000000 0.000000 -1.000000
vn 0.000000 0.000000 -1.000000
vn 0.000000 0.000000 -1.000000
vn 0.000000 0.000000 -1.000000
vn 0.000000 0.000000 -1.000000
vn 0.000000 0.000000 -1.000000
vn 0.000000 0.000000 -1.000000
vn 0.000000 0.000000 -1.000000
vn 0.000000 0.000000 -1.000000
vn 0.000000 0.000000 -1.000000
vn 0.000000 0.000000 -1.000000
vn 0.000000 0.000000 -1.000000
vn 0.000000 0.000000 -1.000000
vn 0.000000 0.000000 -1.000000
vn 0.000000 0.000000 -1.000000
vn 0.000000 0.000000 -1.000000
vn 0.000000 0.000000 -1.000000
vn 0.000000 0.000000 -1.000000
vn 0.000000 0.000000 -1.000000
vn 0.000000 0.000000 -1.000000
vn 0.000000 0.000000 -1.000000
vn 0.000000 0.000000 -1.000000
vn 0.000000 0.000000 -1.000000
vn 0.000000 0.000000 -1.000000
vn 0.000000 0.000000 -1.000000
vn -0.000000 0.000000 -1.000000
vn 0.000000 0.000000 -1.000000
vn -0.000000 0.000000 -1.000000
vn 0.000000 0.000000 -1.000000
vn -0.000000 0.000000 -1.000000
vn 0.000000 0.000000 -1.000000
vn -0.000000 0.000000 -1.000000
vn 0.000000 0.000000 -1.000000
vn 0.000000 0.000000 -1.000000
vn -0.000000 0.000000 -1.000000
vn -0.000000 0.000000 -1.000000
vn 0.000000 0.000000 -1.000000
vn -0.000000 0.000000 -1.000000
vn 0.000000 0.000000 -1.000000
vn 0.000000 0.000000 -1.000000
vn -0.000000 0.000000 -1.000000
vn -0.000000 0.000000 -1.000000
vn 0.000000 0.000000 -1.000000
vn -0.000000 0.000000 -1.000000
vn 0.000000 0.000000 -1.000000
vn -0.000000 0.000000 -1.000000
vn 0.000000 0.000000 -1.000000
vn 0.000000 0.000000 -1.000000
vn -0.000000 0.000000 -1.000000
vn -0.000000 0.000000 -1.000000
vn 0.000000 0.000000 -1.000000
vn 0.000000 0.000000 -1.000000
vn -0.000000 0.000000 -1.000000
vn -0.000000 0.000000 -1.000000
vn 0.000000 0.000000 -1.000000
vn -0.000000 0.000000 -1.000000
vn 0.000000 0.000000 -1.000000
vn -0.000000 0.000000 -1.000000
vn 0.000000 0.000000 -1.000000
vn -0.000000 0.000000 -1.000000
vn 0.000000 0.000000 -1.000000
vn 0.000000 0.000000 -1.000000
vn -0.000000 -0.116319 -0.993212
vn -0.000002 -0.338294 -0.941040
vn 0.000002 -0.116311 -0.993213
vn -0.000004 -0.523324 -0.852134
vn 0.000005 -0.338272 -0.941048
vn -0.000003 -0.661672 -0.749794
vn 0.000003 -0.523301 -0.852148
vn 0.000005 -0.768624 -0.639701
vn -0.000005 -0.661679 -0.749787
vn 0.000012 -0.854176 -0.519984
vn -0.000013 -0.768678 -0.639636
vn 0.000001 -0.919285 -0.393592
vn -0.000001 -0.854211 -0.519927
vn 0.000017 -0.919252 -0.393670
vn -0.000017 -0.964859 -0.262768
vn 0.000029 -0.964795 -0.263005
vn -0.000038 -0.994270 -0.106898
vn 0.000058 -0.994228 -0.107286
vn -0.000054 -0.997774 0.066680
vn 0.004037 -0.996423 0.084404
vn -0.002851 -0.974213 0.225610
vn 0.007150 -0.958488 0.285042
vn -0.004154 -0.927641 0.373450
vn 0.006897 -0.877661 0.479232
vn -0.001562 -0.856631 0.515926
vn 0.001976 -0.759740 0.650224
vn 0.006064 -0.749243 0.662267
vn -0.004397 -0.634112 0.773229
vn 0.008323 -0.579549 0.814895
vn -0.006351 -0.478954 0.877817
vn 0.007830 -0.388485 0.921422
vn -0.006589 -0.299705 0.954009
vn 0.003387 -0.218553 0.975819
vn -0.000000 0.116319 0.993212
vn -0.005830 -0.102653 0.994700
vn 0.000000 -0.074228 0.997241
vn -0.000002 0.338294 0.941040
vn 0.000002 0.116311 0.993213
vn -0.000004 0.523324 0.852134
vn 0.000005 0.338272 0.941049
vn -0.000003 0.661672 0.749794
vn 0.000003 0.523302 0.852148
vn 0.000005 0.768624 0.639701
vn -0.000005 0.661678 0.749788
vn 0.000012 0.854176 0.519984
vn -0.000013 0.768679 0.639635
vn 0.000001 0.919285 0.393592
vn -0.000001 0.854211 0.519926
vn -0.000017 0.964859 0.262768
vn 0.000018 0.919252 0.393671
vn -0.000038 0.994270 0.106898
vn 0.000029 0.964795 0.263004
vn 0.000059 0.994228 0.107286
vn 0.004037 0.996423 -0.084404
vn -0.000054 0.997774 -0.066680
vn 0.007150 0.958488 -0.285042
vn -0.002851 0.974213 -0.225610
vn 0.006897 0.877661 -0.479232
vn -0.004154 0.927641 -0.373450
vn -0.001562 0.856631 -0.515927
vn 0.001975 0.759740 -0.650224
vn 0.006064 0.749243 -0.662267
vn -0.004397 0.634112 -0.773229
vn 0.008322 0.579550 -0.814894
vn -0.006351 0.478955 -0.877817
vn 0.007830 0.388484 -0.921422
vn -0.006589 0.299705 -0.954009
vn 0.003387 0.218552 -0.975819
vn -0.005829 0.102653 -0.994700
vn 0.000000 0.074230 -0.997241
vn 0.100735 0.058159 -0.993212
vn 0.292972 0.169145 -0.941041
vn 0.100728 0.058158 -0.993213
vn 0.453217 0.261660 -0.852132
vn 0.292949 0.169140 -0.941049
vn 0.573048 0.330846 -0.749771
vn 0.453189 0.261654 -0.852148
vn 0.665705 0.384343 -0.639623
vn 0.573031 0.330842 -0.749786
vn 0.739772 0.427106 -0.519921
vn 0.665695 0.384341 -0.639634
vn 0.796092 0.459622 -0.393682
vn 0.739768 0.427106 -0.519927
vn 0.835528 0.482391 -0.263045
vn 0.796085 0.459622 -0.393695
vn 0.835524 0.482391 -0.263056
vn 0.861027 0.497110 -0.107306
vn 0.861021 0.497114 -0.107329
vn 0.862975 0.498235 0.083884
vn 0.862969 0.498240 0.083911
vn 0.830248 0.479339 0.284469
vn 0.830237 0.479342 0.284495
vn 0.760601 0.439126 0.478179
vn 0.760575 0.439127 0.478219
vn 0.651362 0.376055 0.659022
vn 0.651320 0.376052 0.659065
vn 0.499774 0.288531 0.816686
vn 0.499704 0.288522 0.816732
vn 0.316844 0.182913 0.930673
vn 0.316744 0.182894 0.930711
vn 0.165491 0.095535 0.981573
vn 0.128713 0.064604 0.989575
vn 0.054539 0.033967 0.997934
vn -0.104354 -0.053651 0.993092
vn -0.066560 -0.043363 0.996840
vn -0.298736 -0.165243 0.939921
vn -0.253537 -0.152391 0.955246
vn -0.458007 -0.260307 0.849982
vn -0.421075 -0.249413 0.872060
vn -0.574338 -0.331708 0.748402
vn -0.665523 -0.384131 0.639939
vn -0.561633 -0.328472 0.759391
vn -0.740001 -0.424378 0.521826
vn -0.673032 -0.392405 0.626934
vn -0.796460 -0.456066 0.397057
vn -0.757043 -0.442529 0.480680
vn -0.842107 -0.479763 0.246339
vn -0.816442 -0.476855 0.325626
vn -0.867669 -0.493603 0.059215
vn -0.851779 -0.497022 0.165654
vn -0.859590 -0.491533 -0.139643
vn -0.864433 -0.502735 0.003705
vn -0.855156 -0.493727 -0.157927
vn -0.818073 -0.467278 -0.335273
vn -0.821298 -0.474172 -0.317223
vn -0.741841 -0.419885 -0.522846
vn -0.761892 -0.443907 -0.471664
vn -0.625789 -0.351198 -0.696454
vn -0.678250 -0.397841 -0.617819
vn -0.465634 -0.259673 -0.846023
vn -0.568025 -0.334340 -0.752040
vn -0.282725 -0.160350 -0.945703
vn -0.430335 -0.251192 -0.867015
vn -0.269146 -0.156900 -0.950233
vn -0.097488 -0.054633 -0.993736
vn -0.092576 -0.053449 -0.994270
vn -0.100735 0.058159 -0.993212
vn -0.292970 0.169149 -0.941040
vn -0.100730 0.058154 -0.993213
vn -0.453211 0.261666 -0.852133
vn -0.292956 0.169133 -0.941048
vn -0.573047 0.330853 -0.749769
vn -0.453192 0.261646 -0.852150
vn -0.665703 0.384347 -0.639623
vn -0.573034 0.330839 -0.749785
vn -0.739772 0.427110 -0.519918
vn -0.665696 0.384339 -0.639635
vn -0.796089 0.459623 -0.393686
vn -0.739766 0.427102 -0.519932
vn -0.835527 0.482394 -0.263042
vn -0.796088 0.459621 -0.393690
vn -0.835524 0.482388 -0.263060
vn -0.861023 0.497115 -0.107308
vn -0.861024 0.497110 -0.107328
vn -0.862971 0.498241 0.083884
vn -0.862973 0.498233 0.083911
vn -0.830244 0.479347 0.284466
vn -0.830241 0.479334 0.284499
vn -0.760594 0.439135 0.478180
vn -0.760583 0.439114 0.478218
vn -0.651355 0.376068 0.659022
vn -0.651330 0.376033 0.659066
vn -0.499762 0.288551 0.816686
vn -0.499720 0.288495 0.816732
vn -0.316829 0.182938 0.930673
vn -0.316763 0.182862 0.930711
vn -0.165481 0.095552 0.981573
vn -0.120305 0.079167 0.989575
vn -0.056686 0.030249 0.997934
vn 0.098641 -0.063548 0.993092
vn 0.070833 -0.035961 0.996840
vn 0.292471 -0.176091 0.939922
vn 0.258743 -0.143375 0.955247
vn 0.454431 -0.266486 0.849987
vn 0.426537 -0.239955 0.872060
vn 0.574311 -0.331465 0.748530
vn 0.665049 -0.384073 0.640467
vn 0.565154 -0.322090 0.759512
vn 0.736887 -0.428273 0.523048
vn 0.675911 -0.386445 0.627538
vn 0.792434 -0.461235 0.399138
vn 0.761032 -0.433995 0.482160
vn 0.835892 -0.488966 0.249395
vn 0.820406 -0.468243 0.328149
vn 0.861118 -0.504497 0.062919
vn 0.855810 -0.488891 0.169040
vn 0.855914 -0.498927 -0.135954
vn 0.867582 -0.497239 0.007436
vn 0.855656 -0.494012 -0.154287
vn 0.814743 -0.475440 -0.331890
vn 0.822289 -0.474751 -0.313770
vn 0.736130 -0.433431 -0.519856
vn 0.766861 -0.438712 -0.468461
vn 0.619161 -0.367563 -0.693929
vn 0.685625 -0.389595 -0.614927
vn 0.460303 -0.274887 -0.844132
vn 0.576011 -0.326192 -0.749540
vn 0.282448 -0.165921 -0.944824
vn 0.435601 -0.248809 -0.865070
vn 0.272905 -0.156069 -0.949297
vn 0.096863 -0.057557 -0.993632
vn 0.093460 -0.053959 -0.994160
vn 0.514416 -0.049121 -0.856133
vn 0.514034 -0.062415 -0.855496
vn 0.514416 0.049121 -0.856133
vn 0.514034 0.062415 -0.855496
vn 0.499747 -0.146739 -0.853652
vn 0.504945 -0.066477 -0.860588
vn 0.462214 -0.238288 -0.854153
vn 0.468492 -0.194056 -0.861892
vn 0.405822 -0.311398 -0.859267
vn 0.404292 -0.317938 -0.857592
vn 0.339648 -0.391975 -0.854983
vn 0.513858 -0.067651 -0.855203
vn 0.482959 -0.183162 -0.856273
vn 0.513858 -0.067651 -0.855203
vn 0.514332 -0.067713 -0.854914
vn 0.260560 -0.451302 -0.853484
vn 0.309146 -0.402886 -0.861459
vn 0.478840 -0.198342 -0.855203
vn 0.411189 -0.315516 -0.855203
vn 0.424229 -0.292824 -0.856904
vn 0.479650 -0.198678 -0.854671
vn 0.478840 -0.198342 -0.855203
vn 0.169636 -0.490131 -0.854983
vn 0.073197 -0.509096 -0.857592
vn 0.194337 -0.469171 -0.861459
vn 0.412139 -0.316246 -0.854477
vn 0.341285 -0.385231 -0.857392
vn 0.411189 -0.315517 -0.855203
vn -0.024744 -0.519433 -0.854153
vn 0.066768 -0.507151 -0.859267
vn 0.198342 -0.478840 -0.855203
vn 0.315516 -0.411189 -0.855203
vn 0.238907 -0.455198 -0.857740
vn 0.316392 -0.412330 -0.854330
vn 0.315517 -0.411189 -0.855203
vn -0.066189 -0.502754 -0.861892
vn -0.122794 -0.506163 -0.853652
vn 0.067651 -0.513858 -0.855203
vn 0.122945 -0.498808 -0.857948
vn 0.198954 -0.480317 -0.854233
vn 0.198342 -0.478840 -0.855203
vn -0.214668 -0.470058 -0.856133
vn -0.299748 -0.420937 -0.856133
vn -0.194902 -0.470534 -0.860588
vn 0.067651 -0.513858 -0.855203
vn 0.067870 -0.515523 -0.854184
vn 0.000000 -0.513620 -0.858018
vn -0.376953 -0.359424 -0.853652
vn -0.310044 -0.404057 -0.860587
vn -0.067651 -0.513858 -0.855203
vn -0.122945 -0.498808 -0.857948
vn -0.067651 -0.513858 -0.855203
vn -0.067870 -0.515523 -0.854184
vn -0.437470 -0.281145 -0.854153
vn -0.402303 -0.308698 -0.861892
vn -0.198342 -0.478840 -0.855203
vn -0.238907 -0.455198 -0.857740
vn -0.198342 -0.478840 -0.855203
vn -0.198954 -0.480317 -0.854233
vn -0.315516 -0.411189 -0.855203
vn -0.477488 -0.191158 -0.857592
vn -0.509284 -0.098156 -0.854983
vn -0.472590 -0.195753 -0.859267
vn -0.315517 -0.411189 -0.855203
vn -0.341285 -0.385231 -0.857392
vn -0.316392 -0.412330 -0.854330
vn -0.521119 0.000000 -0.853484
vn -0.503483 -0.066285 -0.861459
vn -0.412139 -0.316246 -0.854477
vn -0.411189 -0.315517 -0.855203
vn -0.411189 -0.315516 -0.855203
vn -0.424229 -0.292824 -0.856904
vn -0.509284 0.098156 -0.854983
vn -0.477488 0.191158 -0.857592
vn -0.503483 0.066285 -0.861459
vn -0.478840 -0.198342 -0.855203
vn -0.479650 -0.198678 -0.854671
vn -0.482959 -0.183162 -0.856273
vn -0.478840 -0.198342 -0.855203
vn -0.437470 0.281145 -0.854153
vn -0.472590 0.195753 -0.859267
vn -0.513858 -0.067651 -0.855203
vn -0.514034 0.062415 -0.855496
vn -0.514034 -0.062415 -0.855496
vn -0.513858 -0.067651 -0.855203
vn -0.514332 -0.067713 -0.854914
vn -0.376953 0.359424 -0.853652
vn -0.402303 0.308698 -0.861892
vn -0.513858 0.067651 -0.855203
vn -0.482959 0.183162 -0.856273
vn -0.514332 0.067713 -0.854914
vn -0.513858 0.067651 -0.855203
vn -0.478840 0.198342 -0.855203
vn -0.299748 0.420937 -0.856133
vn -0.214668 0.470058 -0.856133
vn -0.310044 0.404057 -0.860587
vn -0.479650 0.198678 -0.854671
vn -0.424229 0.292824 -0.856904
vn -0.478840 0.198342 -0.855203
vn -0.122794 0.506163 -0.853652
vn -0.194902 0.470534 -0.860588
vn -0.411189 0.315517 -0.855203
vn -0.411189 0.315516 -0.855203
vn -0.412139 0.316246 -0.854477
vn -0.341285 0.385231 -0.857392
vn -0.315516 0.411189 -0.855203
vn -0.024744 0.519433 -0.854153
vn -0.066189 0.502754 -0.861892
vn -0.315517 0.411189 -0.855203
vn -0.316392 0.412330 -0.854330
vn -0.238907 0.455198 -0.857740
vn 0.073197 0.509096 -0.857592
vn 0.169636 0.490131 -0.854983
vn 0.066768 0.507151 -0.859267
vn -0.198342 0.478840 -0.855203
vn -0.067651 0.513858 -0.855203
vn -0.198342 0.478840 -0.855203
vn -0.198954 0.480317 -0.854233
vn -0.122945 0.498808 -0.857948
vn 0.260560 0.451302 -0.853484
vn 0.194337 0.469171 -0.861459
vn -0.067651 0.513858 -0.855203
vn -0.067870 0.515523 -0.854184
vn 0.000000 0.513620 -0.858018
vn 0.339648 0.391975 -0.854983
vn 0.404292 0.317938 -0.857592
vn 0.309146 0.402886 -0.861459
vn 0.198342 0.478840 -0.855203
vn 0.067651 0.513858 -0.855203
vn 0.067870 0.515523 -0.854184
vn 0.122945 0.498808 -0.857948
vn 0.067651 0.513858 -0.855203
vn 0.405822 0.311398 -0.859267
vn 0.462214 0.238288 -0.854153
vn 0.238907 0.455198 -0.857740
vn 0.198954 0.480317 -0.854233
vn 0.198342 0.478840 -0.855203
vn 0.499747 0.146739 -0.853652
vn 0.468492 0.194056 -0.861892
vn 0.504945 0.066477 -0.860588
vn 0.315516 0.411189 -0.855203
vn 0.316392 0.412330 -0.854330
vn 0.411189 0.315516 -0.855203
vn 0.315517 0.411189 -0.855203
vn 0.341285 0.385231 -0.857392
vn 0.424229 0.292824 -0.856904
vn 0.411189 0.315517 -0.855203
vn 0.412139 0.316246 -0.854477
vn 0.513858 0.067651 -0.855203
vn 0.482959 0.183162 -0.856273
vn 0.478840 0.198342 -0.855203
vn 0.513858 0.067651 -0.855203
vn 0.479650 0.198678 -0.854671
vn 0.478840 0.198342 -0.855203
vn 0.514332 0.067713 -0.854914
vn 0.999984 0.005615 0.000000
vn 0.999855 0.016949 -0.001711
vn 0.999567 0.028984 -0.005055
vn 0.999052 0.042494 -0.009469
vn 0.999074 0.041874 -0.009865
vn 0.998785 0.048890 -0.006225
vn 0.998538 0.053894 -0.004189
vn 0.998317 0.057930 -0.002846
vn 0.998110 0.061432 -0.001865
vn 0.997821 0.065975 -0.000751
vn 0.999980 0.006352 -0.000000
vn 0.999813 0.019245 0.002095
vn 0.999461 0.032294 0.005942
vn 0.992037 0.125323 0.012512
vn 0.999007 0.043746 0.008469
vn 0.998771 0.049208 0.005881
vn 0.998551 0.053656 0.004143
vn 0.998353 0.057302 0.002949
vn 0.998168 0.060471 0.002061
vn 0.997920 0.064455 0.001077
vn 0.999077 0.041874 0.009551
vn 0.992039 0.125324 -0.012366
vn 0.993814 0.111056 -0.000000
vn 0.978148 0.207912 0.000000
vn 0.978148 0.207912 -0.000000
vn 0.957320 0.289032 -0.000000
vn 0.957320 0.289032 -0.000000
vn 0.929776 0.368125 0.000000
vn 0.929776 0.368125 -0.000000
vn 0.895712 0.444635 0.000000
vn 0.895712 0.444635 -0.000000
vn 0.855364 0.518027 -0.000000
vn 0.855364 0.518027 -0.000000
vn 0.809017 0.587785 0.000000
vn 0.809017 0.587785 -0.000000
vn 0.756995 0.653420 0.000000
vn 0.756995 0.653420 -0.000000
vn 0.699663 0.714473 0.000000
vn 0.699663 0.714473 -0.000000
vn 0.637424 0.770513 0.000000
vn 0.637424 0.770513 -0.000000
vn 0.570714 0.821149 -0.000000
vn 0.570714 0.821149 0.000000
vn 0.500000 0.866025 -0.000000
vn 0.500000 0.866025 0.000000
vn 0.425779 0.904827 -0.000000
vn 0.425779 0.904827 0.000000
vn 0.348572 0.937282 -0.000000
vn 0.348572 0.937282 0.000000
vn 0.268919 0.963163 -0.000000
vn 0.268919 0.963163 0.000000
vn 0.187381 0.982287 -0.000000
vn 0.104529 0.994522 -0.000000
vn 0.187381 0.982287 0.000000
vn 0.104529 0.994522 -0.000000
vn 0.020942 0.999781 -0.000000
vn 0.020942 0.999781 0.000000
vn -0.062791 0.998027 0.000000
vn -0.146083 0.989272 0.000000
vn -0.062791 0.998027 0.000000
vn -0.146083 0.989272 0.000000
vn -0.228351 0.973579 0.000000
vn -0.228351 0.973579 0.000000
vn -0.309017 0.951056 0.000000
vn -0.309017 0.951056 0.000000
vn -0.449449 0.893301 -0.003008
vn -0.452673 0.891666 -0.004229
vn -0.446597 0.894733 -0.002088
vn -0.456619 0.889642 -0.006022
vn -0.443078 0.896483 -0.001090
vn -0.387484 0.921789 0.012699
vn -0.400730 0.916196 0.000000
vn -0.461443 0.887127 -0.008695
vn -0.463273 0.886160 -0.009940
vn -0.471582 0.881800 -0.006263
vn -0.483212 0.875501 -0.002197
vn -0.494489 0.869184 0.000000
vn -0.387486 0.921795 -0.012188
vn -0.442473 0.896782 0.000900
vn -0.447264 0.894399 0.002207
vn -0.451767 0.892128 0.003706
vn -0.457654 0.889109 0.006245
vn -0.505052 0.863089 0.000000
vn -0.465650 0.884902 0.010889
vn -0.515209 0.857062 -0.001852
vn -0.526122 0.850391 -0.005523
vn -0.535800 0.844287 -0.009918
vn -0.537393 0.843286 -0.008757
vn -0.542862 0.839803 -0.005629
vn -0.547075 0.837076 -0.003707
vn -0.550453 0.834862 -0.002448
vn -0.553644 0.832752 -0.001441
vn -0.463277 0.886167 0.009025
vn -0.481741 0.876310 0.002483
vn -0.493156 0.869941 0.000163
vn -0.503741 0.863855 -0.000122
vn -0.514349 0.857580 0.001537
vn -0.525411 0.850834 0.005027
vn -0.593213 0.805046 0.000215
vn -0.604547 0.796461 0.013125
vn -0.535802 0.844290 0.009510
vn -0.536862 0.843625 0.008759
vn -0.542412 0.840093 0.005652
vn -0.546722 0.837306 0.003726
vn -0.550189 0.835036 0.002462
vn -0.553403 0.832912 0.001470
vn -0.604550 0.796464 -0.012831
vn -0.593008 0.805196 0.000000
vn -0.669131 0.743145 0.000000
vn -0.669131 0.743145 0.000000
vn -0.728968 0.684548 0.000000
vn -0.728968 0.684548 0.000000
vn -0.783694 0.621148 0.000000
vn -0.783694 0.621148 0.000000
vn -0.832922 0.553391 0.000000
vn -0.832922 0.553391 0.000000
vn -0.876307 0.481754 0.000000
vn -0.876307 0.481754 0.000000
vn -0.913545 0.406737 0.000000
vn -0.913545 0.406737 0.000000
vn -0.944376 0.328867 0.000000
vn -0.944376 0.328867 0.000000
vn -0.968583 0.248690 0.000000
vn -0.968583 0.248690 0.000000
vn -0.985996 0.166769 0.000000
vn -0.985996 0.166769 0.000000
vn -0.996493 0.083678 0.000000
vn -0.996493 0.083678 0.000000
vn -1.000000 0.000000 0.000000
vn -1.000000 0.000000 0.000000
vn -0.996493 -0.083678 0.000000
vn -0.996493 -0.083678 0.000000
vn -0.985996 -0.166769 0.000000
vn -0.985996 -0.166769 0.000000
vn -0.968583 -0.248690 0.000000
vn -0.968583 -0.248690 0.000000
vn -0.944376 -0.328867 0.000000
vn -0.944376 -0.328867 0.000000
vn -0.913545 -0.406737 0.000000
vn -0.913545 -0.406737 0.000000
vn -0.876307 -0.481754 0.000000
vn -0.876307 -0.481754 0.000000
vn -0.832922 -0.553391 0.000000
vn -0.832922 -0.553391 0.000000
vn -0.783694 -0.621148 0.000000
vn -0.783694 -0.621148 0.000000
vn -0.728968 -0.684548 0.000000
vn -0.728968 -0.684548 0.000000
vn -0.669131 -0.743145 0.000000
vn -0.669131 -0.743145 0.000000
vn -0.548907 -0.835878 -0.003005
vn -0.545862 -0.837864 -0.004232
vn -0.551556 -0.834135 -0.002090
vn -0.542143 -0.840264 -0.006021
vn -0.593084 -0.805140 0.000000
vn -0.554837 -0.831958 -0.001090
vn -0.604551 -0.796465 0.012699
vn -0.537551 -0.843187 -0.008696
vn -0.535800 -0.844286 -0.009939
vn -0.527874 -0.849300 -0.006264
vn -0.516599 -0.856225 -0.002196
vn -0.505493 -0.862831 0.000000
vn -0.555402 -0.831582 0.000899
vn -0.550945 -0.834539 0.002205
vn -0.546716 -0.837310 0.003709
vn -0.604555 -0.796471 -0.012188
vn -0.541166 -0.840893 0.006244
vn -0.494880 -0.868961 0.000000
vn -0.533524 -0.845715 0.010888
vn -0.484483 -0.874799 -0.001887
vn -0.473170 -0.880953 -0.005611
vn -0.461480 -0.887109 -0.008677
vn -0.463273 -0.886160 -0.009923
vn -0.455757 -0.890087 -0.005580
vn -0.451316 -0.892357 -0.003678
vn -0.447707 -0.894177 -0.002424
vn -0.444269 -0.895892 -0.001416
vn -0.518034 -0.855357 0.002482
vn -0.506816 -0.862054 0.000163
vn -0.496247 -0.868181 -0.000121
vn -0.485510 -0.874230 0.001538
vn -0.474136 -0.880437 0.005028
vn -0.535805 -0.844294 0.009025
vn -0.387482 -0.921784 0.013094
vn -0.463275 -0.886163 0.009510
vn -0.462175 -0.886745 0.008763
vn -0.456366 -0.889774 0.005667
vn -0.451792 -0.892115 0.003737
vn -0.448130 -0.893965 0.002482
vn -0.444708 -0.895674 0.001494
vn -0.400794 -0.916168 0.000000
vn -0.401251 -0.915968 0.000414
vn -0.387483 -0.921787 -0.012861
vn -0.309017 -0.951056 0.000000
vn -0.309017 -0.951056 0.000000
vn -0.228351 -0.973579 0.000000
vn -0.228351 -0.973579 0.000000
vn -0.146083 -0.989272 0.000000
vn -0.146083 -0.989272 0.000000
vn -0.062791 -0.998027 0.000000
vn -0.062791 -0.998027 0.000000
vn 0.020942 -0.999781 0.000000
vn 0.020942 -0.999781 0.000000
vn 0.104529 -0.994522 0.000000
vn 0.104529 -0.994522 0.000000
vn 0.187381 -0.982287 0.000000
vn 0.187381 -0.982287 0.000000
vn 0.268919 -0.963163 0.000000
vn 0.268919 -0.963163 0.000000
vn 0.348572 -0.937282 0.000000
vn 0.348572 -0.937282 0.000000
vn 0.425779 -0.904827 0.000000
vn 0.425779 -0.904827 0.000000
vn 0.500000 -0.866025 0.000000
vn 0.500000 -0.866025 0.000000
vn 0.570714 -0.821149 0.000000
vn 0.570714 -0.821149 0.000000
vn 0.637424 -0.770513 0.000000
vn 0.637424 -0.770513 0.000000
vn 0.699663 -0.714473 0.000000
vn 0.699663 -0.714473 0.000000
vn 0.756995 -0.653420 0.000000
vn 0.756995 -0.653420 0.000000
vn 0.809017 -0.587785 0.000000
vn 0.809017 -0.587785 0.000000
vn 0.855364 -0.518027 0.000000
vn 0.855364 -0.518027 0.000000
vn 0.895712 -0.444635 0.000000
vn 0.895712 -0.444635 0.000000
vn 0.929776 -0.368125 0.000000
vn 0.957320 -0.289032 0.000000
vn 0.929776 -0.368125 0.000000
vn 0.957320 -0.289032 0.000000
vn 0.978148 -0.207912 0.000000
vn 0.978148 -0.207912 0.000000
vn 0.998345 -0.057430 -0.003004
vn 0.998543 -0.053801 -0.004232
vn 0.998161 -0.060585 -0.002093
vn 0.998762 -0.049377 -0.006022
vn 0.992035 -0.125323 0.012699
vn 0.993814 -0.111056 0.000000
vn 0.997914 -0.064542 -0.001086
vn 0.999073 -0.041874 -0.009940
vn 0.998996 -0.043944 -0.008694
vn 0.999452 -0.032490 -0.006260
vn 0.999812 -0.019282 -0.002198
vn 0.999980 -0.006352 0.000000
vn 0.997826 -0.065906 0.000746
vn 0.998116 -0.061322 0.001839
vn 0.998324 -0.057805 0.002795
vn 0.998546 -0.053749 0.004102
vn 0.992041 -0.125324 -0.012188
vn 0.998794 -0.048719 0.006078
vn 0.999063 -0.042289 0.009218
vn 0.999572 -0.028848 0.004805
vn 0.999855 -0.016925 0.001632
vn 0.999984 -0.005615 0.000000
vn 0.999078 -0.041874 0.009473
vn 0.996181 -0.087315 0.000000
vn 0.995469 -0.095056 -0.002432
vn 0.965822 -0.259196 0.002214
vn 0.959484 -0.281730 -0.004376
vn 0.902484 -0.430702 0.004396
vn 0.833845 -0.551999 0.000000
vn 0.787038 -0.616558 0.020680
vn 0.803937 -0.591739 0.059424
vn 0.888828 -0.458222 -0.004194
vn 0.831008 -0.556258 0.001762
vn 0.738548 -0.674145 -0.008693
vn 0.677724 -0.734142 0.041534
vn 0.661256 -0.750159 0.001155
vn 0.757178 -0.653171 0.006999
vn 0.785998 -0.618115 -0.011876
vn 0.547004 -0.837129 -0.001137
vn 0.526855 -0.848726 0.045704
vn 0.637555 -0.770400 0.002653
vn 0.654839 -0.755725 -0.008163
vn 0.355967 -0.932577 0.059900
vn 0.489788 -0.871836 0.003257
vn 0.499998 -0.866021 -0.003036
vn 0.171476 -0.984197 0.044184
vn 0.147478 -0.989065 0.001152
vn 0.314910 -0.949115 0.003444
vn 0.327066 -0.944996 -0.003232
vn 0.004310 -0.999990 -0.001133
vn -0.018907 -0.998776 0.045709
vn 0.128521 -0.991700 0.003619
vn 0.142314 -0.989816 -0.003417
vn -0.207930 -0.976315 0.059779
vn -0.062565 -0.998034 0.003783
vn -0.047582 -0.998861 -0.003590
vn -0.389926 -0.918905 0.059762
vn -0.235757 -0.971805 -0.003752
vn -0.251363 -0.967885 0.003936
vn -0.557674 -0.827904 0.059792
vn -0.430970 -0.902357 0.004079
vn -0.415412 -0.909625 -0.003904
vn -0.705054 -0.706629 0.059784
vn -0.594823 -0.803845 0.004215
vn -0.580052 -0.814569 -0.004045
vn -0.826651 -0.559531 0.059775
vn -0.723728 -0.690073 -0.004179
vn -0.736937 -0.675947 0.004342
vn -0.918032 -0.391971 0.059798
vn -0.852111 -0.523343 0.004460
vn -0.841246 -0.540636 -0.004305
vn -0.975856 -0.210074 0.059781
vn -0.936135 -0.351612 0.004570
vn -0.928359 -0.371659 -0.004422
vn -0.998001 -0.020504 0.059788
vn -0.985942 -0.167024 0.004677
vn -0.981919 -0.189249 -0.004531
vn -0.983662 0.169810 0.059773
vn -0.999708 0.023672 0.004774
vn -0.999989 0.000000 -0.004636
vn -0.933360 0.353924 0.059802
vn -0.976929 0.213508 0.004870
vn -0.981918 0.189249 -0.004732
vn -0.848934 0.525108 0.059778
vn -0.918436 0.395539 0.004954
vn -0.928357 0.371658 -0.004826
vn -0.733478 0.677079 0.059783
vn -0.841243 0.540634 -0.004910
vn -0.826371 0.563104 0.005036
vn -0.591208 0.804300 0.059780
vn -0.704098 0.710084 0.005109
vn -0.723725 0.690070 -0.004990
vn -0.427334 0.902116 0.059770
vn -0.556090 0.831106 0.005180
vn -0.580050 0.814566 -0.005063
vn -0.247834 0.966956 0.059785
vn -0.387747 0.921751 0.005246
vn -0.415409 0.909620 -0.005132
vn -0.059271 0.996451 0.059776
vn -0.205232 0.978699 0.005306
vn -0.235756 0.971798 -0.005197
vn 0.131466 0.989516 0.059793
vn -0.015208 0.999870 0.005365
vn -0.047581 0.998854 -0.005256
vn 0.317402 0.946405 0.059782
vn 0.175374 0.984487 0.005417
vn 0.142313 0.989807 -0.005314
vn 0.492378 0.868985 0.049282
vn 0.359535 0.933115 0.005465
vn 0.327063 0.944987 -0.005365
vn 0.648768 0.759389 0.049287
vn 0.530553 0.847634 0.005509
vn 0.499993 0.866013 -0.005412
vn 0.782542 0.621890 0.029693
vn 0.792203 0.610257 -0.000087
vn 0.674585 0.738194 0.002452
vn 0.654851 0.755738 -0.005455
vn 0.887580 0.460653 0.000102
vn 0.887549 0.460713 -0.000088
vn 0.790161 0.612899 -0.000539
vn 0.786050 0.618156 -0.002764
vn 0.887570 0.460672 0.000583
vn 0.959016 0.283353 -0.000049
vn 0.959030 0.283306 0.000088
vn 0.888835 0.458226 -0.000384
vn 0.959026 0.283319 0.000386
vn 0.995420 0.095600 0.000051
vn 0.995418 0.095618 0.000000
vn 0.959493 0.281733 -0.000190
vn 0.995420 0.095599 -0.000000
vn 0.995472 0.095056 0.000192
vn 0.682586 0.730388 -0.024693
vn 0.543111 0.838213 -0.049284
vn 0.389986 0.920106 -0.036285
vn 0.225953 0.972300 -0.059812
vn 0.036757 0.997535 -0.059767
vn -0.153758 0.986298 -0.059782
vn -0.338672 0.939003 -0.059792
vn -0.511181 0.857394 -0.059744
vn -0.664995 0.744451 -0.059783
vn -0.794525 0.604281 -0.059781
vn -0.895011 0.442019 -0.059786
vn -0.962779 0.263594 -0.059786
vn -0.995350 0.075539 -0.059776
vn -0.991533 -0.115274 -0.059785
vn -0.951470 -0.301880 -0.059785
vn -0.876625 -0.477446 -0.059781
vn -0.769737 -0.635555 -0.059780
vn -0.634708 -0.770435 -0.059788
vn -0.476480 -0.877151 -0.059774
vn -0.300838 -0.951800 -0.059782
vn -0.138393 -0.989942 -0.029372
vn 0.286190 -0.957715 -0.029612
vn 0.420279 -0.906886 -0.030373
vn -0.000000 -0.000000 -1.000000
vn 0.000000 -0.000000 -1.000000
vn -0.000000 -0.000000 -1.000000
vn -0.000000 -0.000000 -1.000000
vn -0.000000 -0.000000 -1.000000
vn 0.000000 -0.000000 -1.000000
vn 0.000000 -0.000000 -1.000000
vn -0.000000 -0.000000 -1.000000
vn 0.000000 -0.000000 -1.000000
vn -0.000000 -0.000000 -1.000000
vn -0.000000 -0.000000 -1.000000
vn 0.000000 -0.000000 -1.000000
vn 0.000000 -0.000000 -1.000000
vn 0.000000 -0.000000 -1.000000
vn -0.000000 -0.000000 -1.000000
vn -0.000000 -0.000000 -1.000000
vn -0.000000 -0.000000 -1.000000
vn -0.000000 -0.000000 -1.000000
vn 0.000000 -0.000000 -1.000000
vn 0.000000 -0.000000 -1.000000
vn -0.000000 -0.000000 -1.000000
vn 0.000000 -0.000000 -1.000000
vn -0.000000 -0.000000 -1.000000
vn -0.000000 -0.000000 -1.000000
vn -0.000000 -0.000000 -1.000000
vn -0.000000 -0.000000 -1.000000
vn 0.000000 -0.000000 -1.000000
vn -0.000000 -0.000000 -1.000000
vn 0.000000 -0.000000 -1.000000
vn 0.000000 -0.000000 -1.000000
vn -0.000000 -0.000000 -1.000000
vn 0.000000 -0.000000 -1.000000
vn -0.000000 -0.000000 -1.000000
vn 0.000000 -0.000000 -1.000000
vn 0.000000 -0.000000 -1.000000
vn 0.000000 -0.000000 -1.000000
vn 0.000000 -0.000000 -1.000000
vn 0.000000 -0.000000 -1.000000
vn -0.000000 -0.000000 -1.000000
vn 0.000000 -0.000000 -1.000000
vn -0.000000 -0.000000 -1.000000
vn 0.000000 -0.000000 -1.000000
vn 0.000000 -0.000000 -1.000000
vn 0.000000 -0.000000 -1.000000
vn 0.000000 -0.000000 -1.000000
vn -0.000000 -0.000000 -1.000000
vn -0.000000 -0.000000 -1.000000
vn 0.000000 -0.000000 -1.000000
vn 0.000000 -0.000000 -1.000000
vn 0.000000 -0.000000 -1.000000
vn -0.000000 -0.000000 -1.000000
vn 0.000000 -0.000000 -1.000000
vn 0.000000 -0.000000 -1.000000
vn 0.000000 -0.000000 -1.000000
vn 0.000000 -0.000000 -1.000000
vn 0.000000 -0.000000 -1.000000
vn 0.000000 -0.000000 -1.000000
vn 0.000000 -0.000000 -1.000000
vn 0.000000 -0.000000 -1.000000
vn 0.000000 -0.000000 -1.000000
vn 0.000000 -0.000000 -1.000000
vn -0.000000 -0.000000 -1.000000
vn -0.000000 -0.000000 -1.000000
vn 0.000000 -0.000000 -1.000000
vn 0.000000 -0.000000 -1.000000
vn 0.000000 -0.000000 -1.000000
vn 0.000000 -0.000000 -1.000000
vn -0.000000 -0.000000 -1.000000
vn 0.000000 -0.000000 -1.000000
vn 0.000000 -0.000000 -1.000000
vn 0.000000 -0.000000 -1.000000
vn 0.000000 -0.000000 -1.000000
vn 0.000000 -0.000000 -1.000000
vn 0.000000 -0.000000 -1.000000
vn 0.000000 -0.000000 -1.000000
vn 0.000000 -0.000000 -1.000000
vn 0.000000 -0.000000 -1.000000
vn 0.000000 -0.000000 -1.000000
vn 0.000000 -0.000000 -1.000000
vn 0.000000 -0.000000 -1.000000
vn 0.000000 -0.000000 -1.000000
vn 0.000000 -0.000000 -1.000000
vn 0.000000 -0.000000 -1.000000
vn -0.000000 -0.000000 -1.000000
vn 0.000000 -0.000000 -1.000000
vn -0.000000 -0.000000 -1.000000
vn -0.000000 -0.000000 -1.000000
vn -0.000000 -0.000000 -1.000000
vn -0.000000 -0.000000 -1.000000
vn -0.000000 -0.000000 -1.000000
vn -0.000000 -0.000000 -1.000000
vn -0.000000 -0.000000 -1.000000
vn -0.000000 -0.000000 -1.000000
vn -0.000000 -0.000000 -1.000000
vn -0.000000 -0.000000 -1.000000
vn -0.000000 -0.000000 -1.000000
vn -0.000000 -0.000000 -1.000000
vn 0.000000 -0.000000 -1.000000
vn -0.000000 -0.000000 -1.000000
vn -0.000000 -0.000000 -1.000000
vn -0.000000 -0.000000 -1.000000
vn 0.000000 -0.000000 -1.000000
vn -0.000000 -0.000000 -1.000000
vn -0.000000 -0.000000 -1.000000
vn -0.000000 -0.000000 -1.000000
vn -0.000000 -0.000000 -1.000000
vn -0.000000 -0.000000 -1.000000
vn -0.000000 -0.000000 -1.000000
vn -0.000000 -0.000000 -1.000000
vn -0.000000 -0.000000 -1.000000
vn -0.000000 -0.000000 -1.000000
vn 0.501378 0.012640 -0.865136
vn 0.499937 0.013693 -0.865954
vn 0.486767 0.106874 -0.866969
vn 0.492320 0.103995 -0.864179
vn 0.455115 0.196249 -0.868537
vn 0.468117 0.191821 -0.862596
vn 0.407658 0.277794 -0.869854
vn 0.428006 0.274076 -0.861216
vn 0.346123 0.348818 -0.870934
vn 0.373258 0.347844 -0.860048
vn 0.272691 0.406991 -0.871779
vn 0.305692 0.410503 -0.859093
vn 0.189918 0.450394 -0.872397
vn 0.227586 0.459809 -0.858359
vn 0.141618 0.494001 -0.857850
vn 0.100641 0.477601 -0.872794
vn 0.050753 0.511857 -0.857570
vn 0.007925 0.487719 -0.872965
vn -0.041862 0.512744 -0.857521
vn -0.085066 0.480392 -0.872919
vn -0.133021 0.496645 -0.857700
vn -0.175156 0.455857 -0.872648
vn -0.259247 0.414891 -0.872156
vn -0.219576 0.464155 -0.858106
vn -0.298559 0.416455 -0.858736
vn -0.334438 0.358823 -0.871434
vn -0.367284 0.355265 -0.859587
vn -0.398082 0.289481 -0.870478
vn -0.423463 0.282779 -0.860648
vn -0.447904 0.209130 -0.869279
vn -0.465255 0.201574 -0.861920
vn -0.482056 0.120442 -0.867823
vn -0.491383 0.114520 -0.863382
vn -0.501115 0.026290 -0.864981
vn -0.499268 0.024717 -0.866095
vn -0.493832 -0.068822 -0.866830
vn -0.498627 -0.065863 -0.864311
vn -0.469163 -0.160408 -0.868421
vn -0.481263 -0.155257 -0.862717
vn -0.428135 -0.245409 -0.869756
vn -0.447626 -0.240332 -0.861320
vn -0.372256 -0.320997 -0.870854
vn -0.398743 -0.318079 -0.860134
vn -0.303520 -0.384681 -0.871720
vn -0.336220 -0.385742 -0.859162
vn -0.224344 -0.434363 -0.872352
vn -0.262159 -0.440914 -0.858410
vn -0.137444 -0.468388 -0.872767
vn -0.179090 -0.481623 -0.857885
vn -0.045788 -0.485638 -0.872960
vn -0.089876 -0.506428 -0.857586
vn 0.047485 -0.485528 -0.872931
vn 0.002397 -0.514451 -0.857516
vn 0.139192 -0.468031 -0.872681
vn 0.094532 -0.505426 -0.857676
vn 0.226190 -0.433698 -0.872206
vn 0.183345 -0.479700 -0.858063
vn 0.265785 -0.438219 -0.858675
vn 0.305071 -0.384196 -0.871393
vn 0.339320 -0.382759 -0.859278
vn 0.372996 -0.320218 -0.870824
vn 0.401050 -0.314790 -0.860271
vn 0.428931 -0.244188 -0.869707
vn 0.449121 -0.236979 -0.861470
vn 0.468937 -0.162622 -0.868131
vn 0.481185 -0.155332 -0.862748
vn 0.491823 -0.078676 -0.867133
vn 0.498644 -0.073109 -0.863718
vn 0.501390 0.012631 -0.865129
vn 0.499935 0.013694 -0.865955
vn 0.486792 0.106853 -0.866958
vn 0.492306 0.103996 -0.864188
vn 0.455145 0.196226 -0.868527
vn 0.468095 0.191819 -0.862608
vn 0.414353 0.276576 -0.867074
vn 0.427984 0.274070 -0.861229
vn 0.362952 0.344668 -0.865719
vn 0.370544 0.344873 -0.862415
vn 0.293490 0.401860 -0.867394
vn 0.301485 0.403777 -0.863754
vn 0.210749 0.447888 -0.868897
vn 0.225165 0.453726 -0.862226
vn 0.121316 0.477615 -0.870153
vn 0.140602 0.488959 -0.860901
vn 0.050682 0.508135 -0.859785
vn 0.028263 0.490161 -0.871173
vn -0.041497 0.510486 -0.858884
vn -0.065226 0.485214 -0.871959
vn -0.132741 0.495841 -0.858209
vn -0.155971 0.463013 -0.872521
vn -0.219875 0.464656 -0.857758
vn -0.240895 0.424367 -0.872859
vn -0.299867 0.417982 -0.857538
vn -0.317106 0.370619 -0.872975
vn -0.382001 0.303593 -0.872873
vn -0.369943 0.357431 -0.857546
vn -0.433342 0.225562 -0.872546
vn -0.427690 0.285112 -0.857784
vn -0.469318 0.139151 -0.871996
vn -0.471145 0.203555 -0.858247
vn -0.498864 0.115610 -0.858935
vn -0.488624 0.047283 -0.871212
vn -0.509984 0.024340 -0.859839
vn -0.490468 -0.046919 -0.870196
vn -0.504235 -0.067094 -0.860956
vn -0.474647 -0.140242 -0.868932
vn -0.481960 -0.155556 -0.862274
vn -0.441520 -0.229458 -0.867415
vn -0.444083 -0.238044 -0.863786
vn -0.392215 -0.311636 -0.865477
vn -0.391888 -0.311633 -0.865626
vn -0.323947 -0.378049 -0.867258
vn -0.331439 -0.379265 -0.863890
vn -0.244981 -0.430354 -0.868781
vn -0.259225 -0.434927 -0.862346
vn -0.158082 -0.466916 -0.870057
vn -0.177659 -0.476561 -0.861004
vn -0.066254 -0.486625 -0.871095
vn -0.089509 -0.502606 -0.859870
vn 0.027355 -0.488916 -0.871902
vn 0.002196 -0.512051 -0.858952
vn 0.119558 -0.473795 -0.872482
vn 0.094283 -0.504485 -0.858257
vn 0.207220 -0.441828 -0.872839
vn 0.183552 -0.480114 -0.857788
vn 0.284785 -0.400033 -0.871132
vn 0.266902 -0.439746 -0.857547
vn 0.348482 -0.347762 -0.870415
vn 0.325090 -0.389031 -0.861958
vn 0.367196 -0.343572 -0.864364
vn 0.587786 0.809017 -0.000000
vn 0.587785 0.809017 0.000000
vn 0.498554 0.076465 0.863480
vn 0.490191 0.082700 0.867683
vn 0.479216 0.165250 0.862001
vn 0.462990 0.173812 0.869154
vn 0.443803 0.249407 0.860718
vn 0.419510 0.257803 0.870373
vn 0.393385 0.325987 0.859640
vn 0.370578 0.330240 0.868109
vn 0.326587 0.389250 0.861293
vn 0.314206 0.388769 0.866103
vn 0.249486 0.438561 0.863378
vn 0.238888 0.435751 0.867787
vn 0.166425 0.475335 0.863921
vn 0.164558 0.480351 0.861501
vn 0.077778 0.494533 0.865672
vn 0.077480 0.495071 0.865391
vn -0.011953 0.503859 0.863703
vn -0.018373 0.497183 0.867451
vn -0.102415 0.496106 0.862200
vn -0.112304 0.481969 0.868961
vn -0.190372 0.471836 0.860889
vn -0.201274 0.449678 0.870218
vn -0.272760 0.431720 0.859779
vn -0.346674 0.377003 0.858886
vn -0.282290 0.401608 0.871219
vn -0.409508 0.309493 0.858206
vn -0.352654 0.339498 0.871996
vn -0.459017 0.231451 0.857749
vn -0.410060 0.265570 0.872539
vn -0.493438 0.145534 0.857519
vn -0.452599 0.182408 0.872858
vn -0.511538 0.054699 0.857518
vn -0.478877 0.092883 0.872955
vn -0.512673 -0.037913 0.857746
vn -0.488026 0.000068 0.872829
vn -0.496811 -0.129093 0.858204
vn -0.479735 -0.092873 0.872485
vn -0.464533 -0.215686 0.858888
vn -0.454266 -0.182770 0.871916
vn -0.417016 -0.294709 0.859793
vn -0.412438 -0.266538 0.871122
vn -0.355977 -0.363464 0.860915
vn -0.355603 -0.341291 0.870096
vn -0.283614 -0.419632 0.862248
vn -0.285603 -0.404425 0.868833
vn -0.202522 -0.461378 0.863779
vn -0.204729 -0.453695 0.867322
vn -0.115585 -0.487381 0.865505
vn -0.115632 -0.487280 0.865556
vn -0.027540 -0.509094 0.860270
vn -0.033919 -0.501925 0.864246
vn 0.064370 -0.509919 0.857811
vn 0.037626 -0.494281 0.868488
vn 0.154769 -0.490159 0.857782
vn 0.107696 -0.481541 0.869781
vn 0.176054 -0.463155 0.868615
vn 0.238573 -0.450778 0.860164
vn 0.243148 -0.439180 0.864870
vn 0.315708 -0.400958 0.859977
vn 0.303315 -0.399554 0.865076
vn 0.368554 -0.344097 0.863577
vn 0.353317 -0.347198 0.868689
vn 0.410253 -0.298097 0.861876
vn 0.391955 -0.309658 0.866304
vn 0.414361 -0.280247 0.865891
vn 0.996202 -0.087070 0.001101
vn 0.996240 -0.086631 -0.000000
vn 0.965978 -0.258614 0.002189
vn 0.966321 -0.257339 -0.001096
vn 0.902801 -0.430052 0.002407
vn 0.903549 -0.428477 -0.002406
vn 0.804450 -0.594016 0.002401
vn 0.805483 -0.592614 -0.002406
vn 0.677346 -0.735664 -0.000050
vn 0.677971 -0.735085 -0.002401
vn 0.525794 -0.850612 -0.000048
vn 0.525764 -0.850631 0.000050
vn 0.354290 -0.935135 -0.000055
vn 0.354256 -0.935149 0.000049
vn 0.169798 -0.985479 0.000055
vn 0.169838 -0.985472 -0.000058
vn -0.020862 -0.999782 0.000059
vn -0.020821 -0.999783 -0.000057
vn -0.210761 -0.977538 0.000057
vn -0.210720 -0.977547 -0.000059
vn -0.392937 -0.919566 0.000059
vn -0.392902 -0.919580 -0.000047
vn -0.560759 -0.827979 0.000047
vn -0.560730 -0.827999 -0.000050
vn -0.708070 -0.706142 -0.000051
vn -0.708096 -0.706117 0.000049
vn -0.829520 -0.558478 -0.000043
vn -0.829539 -0.558449 0.000052
vn -0.920640 -0.390412 -0.000091
vn -0.920659 -0.390367 0.000044
vn -0.978114 -0.208071 -0.000081
vn -0.978127 -0.208011 0.000091
vn -0.999836 -0.018103 -0.000082
vn -0.999837 -0.018044 0.000082
vn -0.985007 0.172513 -0.000086
vn -0.984997 0.172572 0.000082
vn -0.934165 0.356840 -0.000090
vn -0.934143 0.356899 0.000086
vn -0.849165 0.528128 -0.000091
vn -0.849131 0.528183 0.000090
vn -0.733130 0.680088 -0.000089
vn -0.733086 0.680136 0.000092
vn -0.590295 0.807188 -0.000093
vn -0.590242 0.807227 0.000089
vn -0.425887 0.904776 -0.000101
vn -0.425824 0.904806 0.000093
vn -0.245907 0.969293 -0.000096
vn -0.245839 0.969311 0.000100
vn -0.056934 0.998378 -0.000099
vn -0.056864 0.998382 0.000097
vn 0.134127 0.990964 -0.000081
vn 0.134191 0.990955 0.000101
vn 0.320289 0.947320 -0.000082
vn 0.320345 0.947301 0.000080
vn 0.494730 0.869047 -0.000081
vn 0.494781 0.869018 0.000083
vn 0.651089 0.759001 -0.000086
vn 0.651135 0.758962 0.000082
vn 0.783643 0.621212 -0.000103
vn 0.783685 0.621159 0.000087
vn 0.887548 0.460715 -0.000095
vn 0.887581 0.460652 0.000103
vn 0.959015 0.283355 -0.000049
vn 0.959030 0.283305 0.000095
vn 0.995420 0.095601 0.000051
vn 0.995418 0.095619 0.000000
vn 0.998796 -0.049052 -0.000000
vn 0.987624 -0.092621 0.126569
vn 0.989013 -0.147212 -0.013483
vn 0.959728 -0.276520 0.049578
vn 0.961446 -0.273734 0.026307
vn 0.891523 -0.450111 0.050866
vn 0.895508 -0.441990 -0.052057
vn 0.792239 -0.607983 0.052096
vn 0.794930 -0.604349 -0.053372
vn 0.665293 -0.744581 -0.054635
vn -0.472786 -0.281988 0.834839
vn -0.355600 -0.301957 0.884517
vn -0.408477 -0.357665 0.839775
vn -0.326150 -0.412692 0.850477
vn -0.298805 -0.360493 0.883606
vn -0.242309 -0.457364 0.855631
vn -0.234187 -0.419465 0.877044
vn -0.154328 -0.488401 0.858864
vn -0.155706 -0.461810 0.873205
vn -0.063424 -0.504232 0.861236
vn -0.068727 -0.487397 0.870471
vn 0.028107 -0.504122 0.863175
vn 0.022896 -0.495601 0.868249
vn 0.117594 -0.487993 0.864890
vn 0.115641 -0.486033 0.866256
vn 0.203430 -0.459698 0.864461
vn 0.204430 -0.455819 0.866278
vn 0.283615 -0.417643 0.863213
vn 0.285132 -0.407242 0.867671
vn 0.355191 -0.361566 0.862038
vn 0.355931 -0.343380 0.869140
vn 0.415945 -0.293424 0.860751
vn 0.413081 -0.268013 0.870364
vn 0.463411 -0.214992 0.859668
vn 0.495834 -0.128900 0.858798
vn 0.454994 -0.183690 0.871343
vn 0.502615 -0.053936 0.862826
vn 0.483930 -0.101409 0.869211
vn 0.504360 0.002905 0.863489
vn 0.497054 -0.037929 0.866890
vn 0.499973 0.010839 0.865973
vn -0.738113 0.254110 -0.624994
vn -0.940535 0.199764 0.274752
vn -0.912902 0.126350 -0.388132
vn -0.959926 0.055743 0.274653
vn -0.970671 -0.047819 -0.235609
vn -0.975013 -0.119819 0.187065
vn -0.959383 -0.226782 -0.167791
vn -0.944989 -0.294970 0.141383
vn -0.907819 -0.398695 -0.130023
vn -0.875965 -0.464521 0.130023
vn -0.821618 -0.555012 -0.130022
vn -0.778477 -0.614058 0.130021
vn -0.708784 -0.693339 -0.130025
vn -0.655756 -0.743693 0.130019
vn -0.572977 -0.809191 -0.130026
vn -0.511778 -0.849222 0.130020
vn -0.418597 -0.898816 -0.130024
vn -0.351213 -0.927224 0.130021
vn -0.250649 -0.959307 -0.130024
vn -0.179263 -0.975172 0.130020
vn -0.074576 -0.988702 -0.130025
vn -0.001503 -0.991510 0.130019
vn 0.103913 -0.986050 -0.130026
vn 0.176306 -0.975711 0.130019
vn 0.279034 -0.951438 -0.130025
vn 0.348400 -0.928285 0.130020
vn 0.445111 -0.885985 -0.130024
vn 0.509201 -0.850770 0.130020
vn 0.596760 -0.791815 -0.130024
vn 0.653497 -0.745678 0.130021
vn 0.729067 -0.671978 -0.130025
vn 0.776612 -0.616416 0.130020
vn 0.837741 -0.530361 -0.130024
vn 0.874553 -0.467174 0.130021
vn 0.919262 -0.371553 -0.130022
vn 0.944147 -0.302790 0.130022
vn 0.971852 -0.217533 -0.090463
vn 0.985061 -0.166122 0.045377
vn 0.995209 -0.074388 -0.063452
vn 0.998419 -0.056209 -0.000003
vn 0.268073 0.376770 -0.886669
vn 0.231920 0.487442 -0.841792
vn 0.191785 0.421848 -0.886150
vn 0.144298 0.516884 -0.843806
vn 0.108228 0.452401 -0.885223
vn 0.054430 0.530255 -0.846089
vn 0.019938 0.468434 -0.883274
vn -0.035162 0.526596 -0.849388
vn -0.070816 0.468554 -0.880592
vn -0.121273 0.507234 -0.853233
vn -0.161369 0.452193 -0.877201
vn -0.201216 0.473608 -0.857443
vn -0.248914 0.419280 -0.873067
vn -0.272724 0.427458 -0.861917
vn -0.326869 0.366752 -0.871005
vn -0.327219 0.373769 -0.867885
vn -0.388076 0.296210 -0.872730
vn -0.390315 0.329305 -0.859775
vn -0.440095 0.261864 -0.858920
vn -0.436975 0.216781 -0.872960
vn -0.480945 0.182660 -0.857512
vn -0.470342 0.129666 -0.872906
vn -0.505599 0.093433 -0.857694
vn -0.486911 0.037775 -0.872634
vn -0.486068 -0.055773 -0.872140
vn -0.513474 0.001316 -0.858104
vn -0.504357 -0.090501 -0.858739
vn -0.467769 -0.147768 -0.871411
vn -0.478660 -0.178859 -0.859590
vn -0.432508 -0.235043 -0.870455
vn -0.437362 -0.260737 -0.860657
vn -0.381378 -0.314574 -0.869249
vn -0.382018 -0.333384 -0.861926
vn -0.315970 -0.383530 -0.867795
vn -0.314651 -0.394392 -0.863394
vn -0.239113 -0.441142 -0.864996
vn -0.236998 -0.440197 -0.866059
vn -0.150115 -0.475449 -0.866841
vn -0.154928 -0.478556 -0.864281
vn -0.056828 -0.492551 -0.868426
vn -0.066744 -0.501309 -0.862690
vn 0.037551 -0.492042 -0.869761
vn 0.024536 -0.507508 -0.861297
vn 0.129823 -0.474082 -0.870857
vn 0.115753 -0.496797 -0.860113
vn 0.216872 -0.439402 -0.871718
vn 0.203730 -0.469435 -0.859142
vn 0.295765 -0.389261 -0.872353
vn 0.285386 -0.426282 -0.858393
vn 0.363851 -0.325418 -0.872763
vn 0.357858 -0.368780 -0.857869
vn 0.418828 -0.250075 -0.872952
vn 0.418608 -0.298891 -0.857573
vn 0.459919 -0.173824 -0.870781
vn 0.465521 -0.219026 -0.857507
vn 0.484704 -0.112290 -0.867441
vn 0.489968 -0.139879 -0.860445
vn 0.499055 -0.061381 -0.864394
vn 0.502638 -0.067690 -0.861843
vn 0.998641 -0.052113 -0.000000
vn 0.987769 -0.155113 0.015895
vn 0.994962 -0.088454 -0.047192
vn 0.958587 -0.284078 0.020257
vn 0.965512 -0.258415 -0.031756
vn 0.893971 -0.447440 0.024740
vn 0.902887 -0.429166 -0.024741
vn 0.792473 -0.609405 0.024735
vn 0.804702 -0.593163 -0.024742
vn 0.662003 -0.749092 0.024736
vn 0.677099 -0.735476 -0.024735
vn 0.507335 -0.861394 0.024735
vn 0.524746 -0.850899 -0.024737
vn 0.353206 -0.935218 -0.024738
vn 0.334116 -0.942207 0.024738
vn 0.168754 -0.985348 -0.024736
vn 0.148681 -0.988576 0.024739
vn -0.021862 -0.999455 -0.024739
vn -0.042183 -0.998804 0.024738
vn -0.211679 -0.977026 -0.024739
vn -0.231506 -0.972519 0.024739
vn -0.393750 -0.918885 -0.024738
vn -0.412358 -0.910686 0.024739
vn -0.561434 -0.827151 -0.024744
vn -0.578142 -0.815561 0.024741
vn -0.708598 -0.705178 -0.024741
vn -0.722794 -0.690621 0.024739
vn -0.829858 -0.557425 -0.024742
vn -0.841026 -0.540428 0.024752
vn -0.920774 -0.389312 -0.024743
vn -0.928506 -0.370490 0.024756
vn -0.978035 -0.206963 -0.024763
vn -0.982046 -0.187010 0.024763
vn -0.999548 -0.017031 -0.024760
vn -0.999688 0.003319 0.024754
vn -0.984522 0.173505 -0.024754
vn -0.980786 0.193511 0.024759
vn -0.933498 0.357727 -0.024767
vn -0.926027 0.376646 0.024742
vn -0.837407 0.546019 0.024744
vn -0.848339 0.528874 -0.024739
vn -0.718180 0.695417 0.024740
vn -0.732176 0.680666 -0.024742
vn -0.572701 0.819391 0.024744
vn -0.589249 0.807573 -0.024739
vn -0.406289 0.913409 0.024742
vn -0.424785 0.904956 -0.024742
vn -0.225023 0.974039 0.024745
vn -0.244789 0.969261 -0.024743
vn -0.035530 0.999062 0.024742
vn -0.055844 0.998133 -0.024740
vn 0.155268 0.987562 0.024747
vn 0.135148 0.990516 -0.024744
vn 0.340395 0.939957 0.024746
vn 0.321203 0.946687 -0.024746
vn 0.513070 0.857990 0.024753
vn 0.495506 0.868252 -0.024745
vn 0.666122 0.745525 0.021764
vn 0.651701 0.758072 -0.024754
vn 0.793170 0.608708 0.018882
vn 0.784056 0.620279 -0.022574
vn 0.892578 0.450650 0.014788
vn 0.887778 0.459857 -0.019540
vn 0.960871 0.276853 0.008867
vn 0.959095 0.282674 -0.015261
vn 0.995414 0.095225 -0.009122
vn 0.995631 0.093373 0.000000
vn 0.995940 0.090016 -0.000020
vn 0.995940 0.090016 -0.000018
vn 0.963659 0.267135 -0.000024
vn 0.963659 0.267134 -0.000017
vn 0.900143 0.435594 -0.000022
vn 0.900143 0.435594 -0.000017
vn 0.807450 0.589937 -0.000024
vn 0.807450 0.589936 -0.000015
vn 0.688584 0.725157 -0.000025
vn 0.688585 0.725156 -0.000016
vn 0.547399 0.836872 -0.000024
vn 0.547399 0.836872 -0.000017
vn 0.388471 0.921461 -0.000016
vn 0.388470 0.921461 -0.000025
vn 0.216952 0.976182 -0.000017
vn 0.216951 0.976183 -0.000023
vn 0.038400 0.999262 -0.000014
vn 0.038399 0.999262 -0.000023
vn -0.141397 0.989953 -0.000014
vn -0.141398 0.989953 -0.000024
vn -0.316611 0.948555 -0.000022
vn -0.316611 0.948556 -0.000014
vn -0.481563 0.876411 -0.000023
vn -0.481562 0.876412 -0.000013
vn -0.630905 0.775860 -0.000024
vn -0.630904 0.775861 -0.000013
vn -0.759797 0.650161 -0.000025
vn -0.759796 0.650162 -0.000014
vn -0.864061 0.503388 -0.000024
vn -0.864060 0.503389 -0.000014
vn -0.940318 0.340297 -0.000025
vn -0.940317 0.340299 -0.000013
vn -0.986096 0.166177 -0.000026
vn -0.986096 0.166178 -0.000014
vn -0.999911 -0.013330 -0.000027
vn -0.999911 -0.013328 -0.000014
vn -0.981316 -0.192404 -0.000025
vn -0.981316 -0.192403 -0.000015
vn -0.930912 -0.365242 -0.000026
vn -0.930913 -0.365241 -0.000013
vn -0.850335 -0.526242 -0.000026
vn -0.850336 -0.526241 -0.000013
vn -0.742195 -0.670184 -0.000027
vn -0.742196 -0.670182 -0.000013
vn -0.609998 -0.792403 -0.000025
vn -0.609999 -0.792402 -0.000014
vn -0.458029 -0.888937 -0.000028
vn -0.458030 -0.888937 -0.000012
vn -0.291213 -0.956658 -0.000026
vn -0.291215 -0.956658 -0.000014
vn -0.114958 -0.993370 -0.000027
vn -0.114960 -0.993370 -0.000012
vn 0.065023 -0.997884 -0.000025
vn 0.065021 -0.997884 -0.000013
vn 0.242896 -0.970052 -0.000027
vn 0.242894 -0.970053 -0.000011
vn 0.412896 -0.910778 -0.000026
vn 0.412894 -0.910779 -0.000012
vn 0.569513 -0.821983 -0.000027
vn 0.569511 -0.821984 -0.000011
vn 0.707670 -0.706543 -0.000027
vn 0.707669 -0.706545 -0.000012
vn 0.822889 -0.568202 -0.000028
vn 0.822888 -0.568204 -0.000011
vn 0.911434 -0.411446 -0.000011
vn 0.911435 -0.411444 -0.000028
vn 0.968807 -0.247816 -0.000012
vn 0.968808 -0.247814 -0.000024
vn 0.996518 -0.083380 -0.000016
vn 0.996518 -0.083379 -0.000021
vn 0.501381 0.012641 -0.865134
vn 0.499940 0.013693 -0.865952
vn 0.486768 0.106875 -0.866968
vn 0.492323 0.103995 -0.864178
vn 0.455116 0.196251 -0.868536
vn 0.468119 0.191822 -0.862594
vn 0.407660 0.277796 -0.869852
vn 0.428007 0.274078 -0.861215
vn 0.346122 0.348821 -0.870932
vn 0.373261 0.347847 -0.860046
vn 0.272691 0.406994 -0.871777
vn 0.305693 0.410506 -0.859091
vn 0.189916 0.450397 -0.872396
vn 0.227588 0.459812 -0.858357
vn 0.141618 0.494003 -0.857849
vn 0.100639 0.477603 -0.872793
vn 0.050753 0.511859 -0.857569
vn 0.007922 0.487721 -0.872964
vn -0.041862 0.512746 -0.857519
vn -0.085069 0.480393 -0.872918
vn -0.133022 0.496646 -0.857699
vn -0.175159 0.455858 -0.872647
vn -0.259251 0.414892 -0.872155
vn -0.219577 0.464156 -0.858105
vn -0.298560 0.416456 -0.858736
vn -0.334441 0.358823 -0.871433
vn -0.367287 0.355265 -0.859585
vn -0.398087 0.289480 -0.870476
vn -0.423464 0.282780 -0.860647
vn -0.447909 0.209126 -0.869278
vn -0.465254 0.201574 -0.861920
vn -0.482064 0.120435 -0.867819
vn -0.491382 0.114520 -0.863382
vn -0.501114 0.026284 -0.864982
vn -0.499275 0.024716 -0.866091
vn -0.493826 -0.068831 -0.866832
vn -0.498632 -0.065865 -0.864308
vn -0.469175 -0.160410 -0.868414
vn -0.481270 -0.155259 -0.862713
vn -0.428147 -0.245399 -0.869752
vn -0.447621 -0.240329 -0.861323
vn -0.372270 -0.320990 -0.870850
vn -0.398740 -0.318077 -0.860136
vn -0.303537 -0.384677 -0.871716
vn -0.336218 -0.385742 -0.859163
vn -0.224357 -0.434360 -0.872350
vn -0.262159 -0.440914 -0.858410
vn -0.137455 -0.468388 -0.872765
vn -0.179090 -0.481625 -0.857884
vn -0.045798 -0.485640 -0.872958
vn -0.089876 -0.506430 -0.857584
vn 0.047475 -0.485531 -0.872929
vn 0.002397 -0.514454 -0.857515
vn 0.139182 -0.468036 -0.872680
vn 0.094534 -0.505430 -0.857673
vn 0.226180 -0.433703 -0.872206
vn 0.183347 -0.479704 -0.858060
vn 0.265787 -0.438223 -0.858672
vn 0.305178 -0.384033 -0.871427
vn 0.339242 -0.382685 -0.859341
vn 0.373359 -0.319993 -0.870751
vn 0.400941 -0.314717 -0.860348
vn 0.429274 -0.243908 -0.869616
vn 0.448977 -0.236917 -0.861563
vn 0.469209 -0.162381 -0.868030
vn 0.481108 -0.155314 -0.862793
vn 0.491939 -0.078583 -0.867076
vn 0.498646 -0.073109 -0.863717
vn 0.995940 0.090018 -0.000024
vn 0.995940 0.090017 -0.000021
vn 0.963656 0.267146 -0.000022
vn 0.963656 0.267146 -0.000023
vn 0.900135 0.435610 -0.000023
vn 0.900136 0.435610 -0.000019
vn 0.807440 0.589950 -0.000022
vn 0.807440 0.589949 -0.000019
vn 0.688573 0.725167 -0.000022
vn 0.688573 0.725167 -0.000019
vn 0.547386 0.836881 -0.000024
vn 0.547386 0.836880 -0.000018
vn 0.388456 0.921467 -0.000026
vn 0.388457 0.921467 -0.000020
vn 0.216935 0.976186 -0.000024
vn 0.216935 0.976186 -0.000021
vn 0.038384 0.999263 -0.000019
vn 0.038383 0.999263 -0.000025
vn -0.141413 0.989951 -0.000020
vn -0.141414 0.989951 -0.000027
vn -0.316626 0.948550 -0.000021
vn -0.316626 0.948550 -0.000025
vn -0.481576 0.876404 -0.000019
vn -0.481576 0.876404 -0.000025
vn -0.630917 0.775850 -0.000026
vn -0.630916 0.775851 -0.000019
vn -0.759807 0.650149 -0.000024
vn -0.759807 0.650149 -0.000020
vn -0.864069 0.503373 -0.000026
vn -0.864068 0.503374 -0.000017
vn -0.940323 0.340283 -0.000024
vn -0.940323 0.340283 -0.000018
vn -0.986098 0.166162 -0.000026
vn -0.986098 0.166163 -0.000017
vn -0.999911 -0.013345 -0.000027
vn -0.999911 -0.013344 -0.000018
vn -0.981313 -0.192419 -0.000025
vn -0.981313 -0.192418 -0.000019
vn -0.930907 -0.365257 -0.000027
vn -0.930907 -0.365256 -0.000017
vn -0.850326 -0.526256 -0.000026
vn -0.850327 -0.526255 -0.000018
vn -0.742184 -0.670196 -0.000026
vn -0.742185 -0.670195 -0.000017
vn -0.609986 -0.792412 -0.000027
vn -0.609987 -0.792412 -0.000017
vn -0.458015 -0.888945 -0.000029
vn -0.458016 -0.888944 -0.000016
vn -0.291199 -0.956663 -0.000027
vn -0.291200 -0.956662 -0.000018
vn -0.114943 -0.993372 -0.000028
vn -0.114944 -0.993372 -0.000016
vn 0.065038 -0.997883 -0.000030
vn 0.065036 -0.997883 -0.000017
vn 0.242911 -0.970049 -0.000028
vn 0.242909 -0.970049 -0.000018
vn 0.412909 -0.910772 -0.000026
vn 0.412908 -0.910773 -0.000016
vn 0.569526 -0.821974 -0.000029
vn 0.569524 -0.821975 -0.000013
vn 0.687233 -0.726437 -0.000024
vn 0.687232 -0.726438 -0.000018
vn 0.771297 -0.636476 -0.000023
vn 0.771296 -0.636476 -0.000019
vn 0.498552 0.076464 0.863481
vn 0.490186 0.082702 0.867685
vn 0.479218 0.165242 0.862001
vn 0.462985 0.173809 0.869158
vn 0.443807 0.249399 0.860718
vn 0.419506 0.257799 0.870376
vn 0.393391 0.325980 0.859640
vn 0.329593 0.392271 0.858774
vn 0.361388 0.331882 0.871351
vn 0.254529 0.445909 0.858126
vn 0.290729 0.393613 0.872093
vn 0.170740 0.484969 0.857702
vn 0.210031 0.440969 0.872602
vn 0.122090 0.472400 0.872888
vn 0.081092 0.508044 0.857506
vn 0.029930 0.486888 0.872951
vn -0.011320 0.514295 0.857538
vn -0.063293 0.483969 0.872793
vn -0.103300 0.503494 0.857801
vn -0.191662 0.476024 0.858293
vn -0.154398 0.463737 0.872416
vn -0.273354 0.432876 0.859009
vn -0.240271 0.426863 0.871813
vn -0.345568 0.375597 0.859948
vn -0.317964 0.374544 0.870986
vn -0.405856 0.306243 0.861101
vn -0.384786 0.308496 0.869925
vn -0.452208 0.227296 0.862464
vn -0.438388 0.230882 0.868625
vn -0.483121 0.141558 0.864034
vn -0.476833 0.144244 0.867078
vn -0.497698 0.052070 0.865786
vn -0.498670 0.051466 0.865262
vn -0.502734 -0.037984 0.863606
vn -0.495351 -0.044402 0.867557
vn -0.490298 -0.127952 0.862112
vn -0.475266 -0.137383 0.869050
vn -0.461485 -0.214555 0.860812
vn -0.438396 -0.224517 0.870288
vn -0.417131 -0.294767 0.859717
vn -0.358642 -0.365757 0.858835
vn -0.386166 -0.302896 0.871281
vn -0.287947 -0.425006 0.858171
vn -0.320480 -0.369918 0.872040
vn -0.207428 -0.470401 0.857728
vn -0.243667 -0.423377 0.872570
vn -0.119832 -0.500311 0.857514
vn -0.158417 -0.461523 0.872869
vn -0.028178 -0.513666 0.857527
vn -0.067657 -0.483088 0.872954
vn 0.064365 -0.509987 0.857771
vn 0.025510 -0.487382 0.872816
vn 0.154591 -0.489411 0.858242
vn 0.117897 -0.474258 0.872456
vn 0.239378 -0.452680 0.858940
vn 0.206353 -0.444133 0.871874
vn 0.315811 -0.401128 0.859860
vn 0.287843 -0.397988 0.871064
vn 0.381285 -0.336611 0.860997
vn 0.359549 -0.337319 0.870023
vn 0.433602 -0.261445 0.862343
vn 0.418968 -0.264103 0.868744
vn 0.471059 -0.178317 0.863890
vn 0.463972 -0.180740 0.867216
vn 0.492949 -0.093761 0.864991
vn 0.491897 -0.094374 0.865523
vn 0.502615 -0.008253 0.864471
vn 0.499991 -0.010365 0.865969
vn 0.998081 -0.061917 0.000000
vn 0.995293 -0.088195 -0.040175
vn 0.982671 -0.183780 0.024128
vn 0.949324 -0.312971 0.028868
vn 0.964702 -0.258894 -0.048200
vn 0.894538 -0.446980 -0.003253
vn 0.902020 -0.429570 -0.042763
vn 0.821502 -0.570197 0.003106
vn 0.803518 -0.593423 -0.047001
vn 0.731861 -0.680749 0.030989
vn 0.675036 -0.735355 -0.059830
vn 0.626863 -0.778595 0.028873
vn 0.523799 -0.850768 -0.042770
vn 0.508047 -0.861323 -0.003240
vn 0.379773 -0.925075 0.003091
vn 0.352072 -0.934793 -0.046993
vn 0.244444 -0.969168 0.030986
vn 0.167087 -0.984125 -0.059828
vn 0.103124 -0.994249 0.028888
vn -0.022588 -0.998828 -0.042794
vn -0.041580 -0.999130 -0.003203
vn -0.183915 -0.982937 0.003058
vn -0.212400 -0.976054 -0.046954
vn -0.321485 -0.946408 0.030971
vn -0.453750 -0.890659 0.028927
vn -0.394476 -0.916957 -0.059813
vn -0.577882 -0.816114 -0.003092
vn -0.561690 -0.826236 -0.042867
vn -0.688579 -0.725155 0.002956
vn -0.708666 -0.703984 -0.046887
vn -0.784211 -0.619722 0.030944
vn -0.864941 -0.501036 0.028969
vn -0.829414 -0.555422 -0.059832
vn -0.928629 -0.370998 -0.002976
vn -0.920493 -0.388393 -0.042941
vn -0.972123 -0.234454 0.002852
vn -0.977452 -0.205910 -0.046795
vn -0.995098 -0.093944 0.030909
vn -0.998349 0.049570 0.029032
vn -0.998086 -0.015565 -0.059851
vn -0.981126 0.193349 -0.002763
vn -0.983778 0.174146 -0.043047
vn -0.943406 0.331629 0.002656
vn -0.932439 0.358295 -0.046710
vn -0.886324 0.462038 0.030852
vn -0.811060 0.584240 0.029071
vn -0.846312 0.529314 -0.059850
vn -0.718478 0.695544 -0.002695
vn -0.731201 0.680797 -0.043137
vn -0.611693 0.791091 0.002592
vn -0.588056 0.807473 -0.046653
vn -0.492929 0.869523 0.030832
vn -0.363342 0.931201 0.029093
vn -0.422847 0.904223 -0.059847
vn -0.225143 0.974322 -0.002630
vn -0.243898 0.968839 -0.043185
vn -0.083574 0.996498 0.002533
vn -0.054901 0.997403 -0.046610
vn 0.058742 0.997798 0.030813
vn 0.201038 0.979151 0.029104
vn 0.136377 0.988846 -0.059868
vn 0.321723 0.945848 -0.043208
vn 0.340478 0.940249 -0.002596
vn 0.471369 0.881932 0.002500
vn 0.495902 0.867128 -0.046596
vn 0.591538 0.805689 0.030803
vn 0.700851 0.712713 0.029111
vn 0.651825 0.756003 -0.059865
vn 0.797516 0.603297 0.000002
vn 0.784050 0.619190 -0.043220
vn 0.887583 0.460648 -0.000002
vn 0.887583 0.460649 -0.000003
vn 0.959031 0.283302 0.000001
vn 0.959031 0.283302 0.000002
vn 0.995420 0.095599 0.000000
vn 0.995420 0.095598 0.000001
vn 0.498538 0.076463 0.863489
vn 0.490171 0.082701 0.867694
vn 0.479204 0.165240 0.862009
vn 0.462971 0.173807 0.869166
vn 0.443795 0.249395 0.860725
vn 0.419491 0.257795 0.870384
vn 0.393381 0.325973 0.859647
vn 0.329584 0.392262 0.858781
vn 0.361375 0.331876 0.871359
vn 0.254522 0.445899 0.858133
vn 0.290718 0.393604 0.872100
vn 0.170734 0.484957 0.857710
vn 0.210021 0.440959 0.872609
vn 0.122083 0.472387 0.872895
vn 0.081089 0.508030 0.857514
vn 0.029924 0.486874 0.872960
vn -0.011322 0.514281 0.857547
vn -0.063297 0.483955 0.872800
vn -0.103300 0.503480 0.857810
vn -0.191659 0.476010 0.858301
vn -0.154399 0.463723 0.872423
vn -0.273348 0.432862 0.859018
vn -0.240271 0.426848 0.871820
vn -0.345561 0.375585 0.859956
vn -0.317960 0.374531 0.870993
vn -0.405846 0.306233 0.861110
vn -0.384780 0.308484 0.869932
vn -0.452196 0.227286 0.862473
vn -0.438379 0.230870 0.868632
vn -0.483106 0.141551 0.864044
vn -0.476825 0.144234 0.867084
vn -0.497681 0.052066 0.865796
vn -0.498661 0.051457 0.865268
vn -0.502722 -0.037986 0.863613
vn -0.495337 -0.044406 0.867565
vn -0.490284 -0.127951 0.862120
vn -0.475248 -0.137384 0.869060
vn -0.461474 -0.214553 0.860819
vn -0.438390 -0.224514 0.870292
vn -0.417115 -0.294759 0.859728
vn -0.358630 -0.365749 0.858844
vn -0.386158 -0.302882 0.871289
vn -0.287936 -0.424996 0.858179
vn -0.320474 -0.369908 0.872046
vn -0.207419 -0.470389 0.857736
vn -0.243664 -0.423366 0.872576
vn -0.119825 -0.500299 0.857521
vn -0.158411 -0.461507 0.872878
vn -0.028173 -0.513653 0.857535
vn -0.067651 -0.483075 0.872961
vn 0.064367 -0.509974 0.857778
vn 0.025514 -0.487369 0.872823
vn 0.154590 -0.489396 0.858250
vn 0.117899 -0.474244 0.872463
vn 0.239375 -0.452666 0.858949
vn 0.206351 -0.444119 0.871882
vn 0.315806 -0.401115 0.859868
vn 0.287838 -0.397975 0.871071
vn 0.381277 -0.336599 0.861005
vn 0.359543 -0.337306 0.870031
vn 0.433592 -0.261434 0.862351
vn 0.418959 -0.264092 0.868751
vn 0.471048 -0.178308 0.863898
vn 0.463961 -0.180731 0.867223
vn 0.492937 -0.093755 0.864999
vn 0.491885 -0.094369 0.865531
vn 0.502602 -0.008251 0.864478
vn 0.499977 -0.010363 0.865976
vn 0.995940 0.090017 -0.000005
vn 0.995940 0.090017 -0.000003
vn 0.963659 0.267136 -0.000009
vn 0.963659 0.267135 -0.000001
vn 0.900143 0.435595 -0.000007
vn 0.900143 0.435594 -0.000003
vn 0.807449 0.589937 -0.000005
vn 0.807449 0.589937 -0.000000
vn 0.688583 0.725158 -0.000008
vn 0.688583 0.725157 0.000001
vn 0.547398 0.836873 -0.000006
vn 0.547398 0.836872 -0.000001
vn 0.388470 0.921462 0.000001
vn 0.388469 0.921462 -0.000005
vn 0.216950 0.976183 0.000001
vn 0.216949 0.976183 -0.000008
vn 0.038398 0.999263 -0.000001
vn 0.038397 0.999263 -0.000004
vn -0.141399 0.989953 0.000002
vn -0.141400 0.989953 -0.000007
vn -0.316614 0.948555 -0.000007
vn -0.316613 0.948555 -0.000000
vn -0.481565 0.876410 -0.000007
vn -0.481564 0.876411 0.000000
vn -0.630906 0.775859 -0.000007
vn -0.630906 0.775860 -0.000001
vn -0.759798 0.650159 -0.000008
vn -0.759798 0.650160 -0.000000
vn -0.864062 0.503385 -0.000006
vn -0.864062 0.503386 -0.000001
vn -0.940319 0.340295 -0.000008
vn -0.940319 0.340296 0.000001
vn -0.986096 0.166174 -0.000010
vn -0.986096 0.166175 -0.000001
vn -0.999911 -0.013333 -0.000006
vn -0.999911 -0.013332 -0.000003
vn -0.981315 -0.192408 -0.000008
vn -0.981315 -0.192407 0.000002
vn -0.930911 -0.365246 -0.000007
vn -0.930911 -0.365245 -0.000000
vn -0.850333 -0.526245 -0.000010
vn -0.850334 -0.526244 0.000000
vn -0.742193 -0.670186 -0.000007
vn -0.742193 -0.670186 -0.000002
vn -0.609995 -0.792405 -0.000008
vn -0.609996 -0.792405 -0.000000
vn -0.458025 -0.888939 -0.000007
vn -0.458026 -0.888939 -0.000000
vn -0.291209 -0.956659 -0.000010
vn -0.291210 -0.956659 0.000000
vn -0.114954 -0.993371 -0.000008
vn -0.114955 -0.993371 -0.000002
vn 0.065027 -0.997883 -0.000009
vn 0.065026 -0.997884 -0.000000
vn 0.242900 -0.970051 -0.000008
vn 0.242899 -0.970052 -0.000002
vn 0.412900 -0.910776 -0.000007
vn 0.412899 -0.910777 0.000000
vn 0.569516 -0.821980 -0.000007
vn 0.569516 -0.821980 0.000001
vn 0.707673 -0.706540 -0.000009
vn 0.707673 -0.706540 0.000001
vn 0.822892 -0.568198 -0.000008
vn 0.822891 -0.568199 -0.000001
vn 0.911437 -0.411440 -0.000000
vn 0.911437 -0.411439 -0.000007
vn 0.968808 -0.247811 0.000001
vn 0.968809 -0.247810 -0.000006
vn 0.996518 -0.083378 -0.000002
vn 0.996518 -0.083378 -0.000006
vn 0.501403 0.012634 -0.865122
vn 0.499951 0.013695 -0.865946
vn 0.486803 0.106858 -0.866951
vn 0.492324 0.103996 -0.864177
vn 0.455157 0.196230 -0.868519
vn 0.468115 0.191820 -0.862597
vn 0.421525 0.275276 -0.864025
vn 0.428004 0.274075 -0.861217
vn 0.374092 0.332329 -0.865802
vn 0.373350 0.347946 -0.859967
vn 0.308440 0.384589 -0.870032
vn 0.303885 0.407607 -0.861110
vn 0.230475 0.438381 -0.868737
vn 0.225027 0.453358 -0.862456
vn 0.143364 0.476908 -0.867183
vn 0.139572 0.483772 -0.863993
vn 0.050525 0.498574 -0.865373
vn 0.049994 0.498024 -0.865721
vn -0.045141 0.495442 -0.867467
vn -0.040170 0.502466 -0.863663
vn -0.137646 0.475361 -0.868957
vn -0.130490 0.489569 -0.862145
vn -0.224418 0.438613 -0.870204
vn -0.217278 0.460176 -0.860830
vn -0.302567 0.386586 -0.871209
vn -0.297483 0.415188 -0.859723
vn -0.369483 0.321129 -0.871985
vn -0.368264 0.356065 -0.858836
vn -0.422953 0.244530 -0.872534
vn -0.427118 0.284804 -0.858170
vn -0.461191 0.159426 -0.872861
vn -0.471959 0.203838 -0.857732
vn -0.482913 0.068731 -0.872967
vn -0.501207 0.115960 -0.857523
vn -0.487369 -0.024466 -0.872853
vn -0.513843 0.024212 -0.857543
vn -0.474381 -0.116975 -0.872514
vn -0.509448 -0.068227 -0.857792
vn -0.444314 -0.205624 -0.871954
vn -0.488225 -0.158163 -0.858266
vn -0.450968 -0.242502 -0.858965
vn -0.398124 -0.287364 -0.871160
vn -0.399055 -0.318376 -0.859879
vn -0.337273 -0.359329 -0.870132
vn -0.334369 -0.383232 -0.861006
vn -0.263739 -0.418968 -0.868855
vn -0.259242 -0.434946 -0.862332
vn -0.179911 -0.464086 -0.867327
vn -0.176344 -0.471866 -0.863855
vn -0.088552 -0.492915 -0.865560
vn -0.088605 -0.492962 -0.865527
vn 0.006548 -0.497691 -0.867330
vn 0.001479 -0.503831 -0.863801
vn 0.100366 -0.484815 -0.868839
vn 0.092488 -0.497940 -0.862266
vn 0.189746 -0.454881 -0.870103
vn 0.181253 -0.475332 -0.860934
vn 0.271700 -0.409035 -0.871131
vn 0.264662 -0.436668 -0.859811
vn 0.343494 -0.348940 -0.871925
vn 0.339776 -0.383192 -0.858904
vn 0.402732 -0.276695 -0.872495
vn 0.403937 -0.316690 -0.858220
vn 0.447441 -0.194796 -0.872841
vn 0.454883 -0.239430 -0.857762
vn 0.487890 -0.156894 -0.858690
vn 0.480605 -0.124126 -0.868108
vn 0.504101 -0.073449 -0.860516
vn 0.498921 -0.065534 -0.864166
vn 0.998175 -0.060388 0.000000
vn 0.995197 -0.088461 -0.041921
vn 0.983515 -0.179286 0.023548
vn 0.964611 -0.259448 -0.047042
vn 0.942748 -0.328209 0.059208
vn 0.900624 -0.430546 -0.059209
vn 0.863050 -0.501636 0.059209
vn 0.802219 -0.594086 -0.059210
vn 0.751807 -0.656720 0.059199
vn 0.674487 -0.735909 -0.059207
vn 0.613081 -0.787798 0.059210
vn 0.522100 -0.850827 -0.059205
vn 0.451940 -0.890082 0.059203
vn 0.350621 -0.934644 -0.059214
vn 0.274285 -0.959825 0.059196
vn 0.166327 -0.984292 -0.059201
vn 0.086599 -0.994482 0.059208
vn -0.024045 -0.997956 -0.059207
vn -0.104257 -0.992787 0.059201
vn -0.213537 -0.975139 -0.059202
vn -0.291304 -0.954796 0.059214
vn -0.395215 -0.916679 -0.059198
vn -0.467695 -0.881906 0.059193
vn -0.562453 -0.824706 -0.059211
vn -0.626987 -0.776776 0.059213
vn -0.709133 -0.702585 -0.059203
vn -0.763366 -0.643248 0.059199
vn -0.829890 -0.554776 -0.059213
vn -0.871836 -0.486205 0.059211
vn -0.920310 -0.386683 -0.059206
vn -0.948435 -0.311396 0.059187
vn -0.977083 -0.204458 -0.059201
vn -0.990363 -0.125203 0.059211
vn -0.998137 -0.014761 -0.059203
vn -0.996090 0.065577 0.059198
vn -0.982702 0.175475 -0.059202
vn -0.965403 0.253952 0.059202
vn -0.931342 0.359300 -0.059204
vn -0.899426 0.433046 0.059200
vn -0.845938 0.529986 -0.059197
vn -0.800566 0.596312 0.059208
vn -0.729608 0.681298 -0.059205
vn -0.672441 0.737779 0.059197
vn -0.586607 0.807705 -0.059200
vn -0.519728 0.852277 0.059219
vn -0.422169 0.904582 -0.059197
vn -0.348013 0.935619 0.059205
vn -0.242292 0.968395 -0.059211
vn -0.163584 0.984751 0.059207
vn -0.053558 0.996808 -0.059201
vn 0.026825 0.997885 0.059204
vn 0.136732 0.988863 -0.058772
vn 0.216245 0.974536 0.059307
vn 0.322077 0.944854 -0.059308
vn 0.397769 0.915567 0.059310
vn 0.496016 0.866286 -0.059306
vn 0.564752 0.823127 0.059305
vn 0.697621 0.715852 0.029703
vn 0.651826 0.756046 -0.059314
vn 0.796885 0.604131 0.000006
vn 0.784058 0.619277 -0.041815
vn 0.887582 0.460650 0.000001
vn 0.887581 0.460652 -0.000006
vn 0.959030 0.283304 0.000002
vn 0.959030 0.283305 -0.000002
vn 0.995420 0.095599 0.000000
vn 0.995420 0.095600 -0.000001
vn 0.995940 0.090016 -0.000017
vn 0.995940 0.090016 -0.000015
vn 0.963659 0.267135 -0.000021
vn 0.963659 0.267134 -0.000013
vn 0.900143 0.435594 -0.000019
vn 0.900143 0.435594 -0.000015
vn 0.807449 0.589937 -0.000020
vn 0.807450 0.589936 -0.000012
vn 0.688584 0.725157 -0.000021
vn 0.688585 0.725156 -0.000013
vn 0.547398 0.836872 -0.000020
vn 0.547399 0.836872 -0.000013
vn 0.388471 0.921461 -0.000012
vn 0.388470 0.921461 -0.000021
vn 0.216951 0.976182 -0.000013
vn 0.216950 0.976183 -0.000022
vn 0.038399 0.999262 -0.000014
vn 0.038399 0.999263 -0.000020
vn -0.141397 0.989953 -0.000011
vn -0.141398 0.989953 -0.000021
vn -0.316612 0.948555 -0.000019
vn -0.316611 0.948555 -0.000012
vn -0.481563 0.876411 -0.000021
vn -0.481562 0.876412 -0.000010
vn -0.630905 0.775860 -0.000021
vn -0.630904 0.775861 -0.000012
vn -0.759797 0.650160 -0.000022
vn -0.759796 0.650161 -0.000011
vn -0.864061 0.503387 -0.000022
vn -0.864060 0.503388 -0.000012
vn -0.940318 0.340297 -0.000021
vn -0.940318 0.340298 -0.000012
vn -0.986096 0.166177 -0.000022
vn -0.986096 0.166178 -0.000010
vn -0.999911 -0.013330 -0.000024
vn -0.999911 -0.013329 -0.000011
vn -0.981316 -0.192405 -0.000022
vn -0.981316 -0.192404 -0.000013
vn -0.930912 -0.365243 -0.000021
vn -0.930913 -0.365242 -0.000011
vn -0.850335 -0.526243 -0.000024
vn -0.850335 -0.526241 -0.000010
vn -0.742195 -0.670184 -0.000023
vn -0.742196 -0.670183 -0.000012
vn -0.609998 -0.792403 -0.000024
vn -0.609999 -0.792402 -0.000011
vn -0.458029 -0.888938 -0.000022
vn -0.458030 -0.888937 -0.000012
vn -0.291212 -0.956659 -0.000024
vn -0.291214 -0.956658 -0.000009
vn -0.114958 -0.993370 -0.000024
vn -0.114959 -0.993370 -0.000012
vn 0.065023 -0.997884 -0.000023
vn 0.065022 -0.997884 -0.000010
vn 0.242897 -0.970052 -0.000025
vn 0.242895 -0.970053 -0.000009
vn 0.412896 -0.910778 -0.000025
vn 0.412895 -0.910779 -0.000011
vn 0.569513 -0.821982 -0.000024
vn 0.569512 -0.821983 -0.000011
vn 0.707670 -0.706543 -0.000024
vn 0.707669 -0.706544 -0.000010
vn 0.822889 -0.568202 -0.000023
vn 0.822888 -0.568203 -0.000009
vn 0.911435 -0.411445 -0.000008
vn 0.911435 -0.411443 -0.000025
vn 0.968807 -0.247815 -0.000010
vn 0.968808 -0.247814 -0.000020
vn 0.996518 -0.083380 -0.000013
vn 0.996518 -0.083379 -0.000018
vn 0.501395 0.012632 -0.865126
vn 0.499942 0.013694 -0.865951
vn 0.486795 0.106854 -0.866956
vn 0.492316 0.103993 -0.864182
vn 0.455150 0.196225 -0.868524
vn 0.468107 0.191815 -0.862602
vn 0.422200 0.275145 -0.863737
vn 0.427996 0.274069 -0.861223
vn 0.375253 0.330307 -0.866073
vn 0.321011 0.376192 -0.869155
vn 0.374023 0.348686 -0.859375
vn 0.263420 0.417393 -0.869708
vn 0.307035 0.412657 -0.857580
vn 0.227675 0.460033 -0.858216
vn 0.202035 0.453985 -0.867802
vn 0.136372 0.485901 -0.863309
vn 0.140491 0.488361 -0.861258
vn 0.065221 0.495029 -0.866425
vn -0.005771 0.494263 -0.869293
vn 0.050709 0.509222 -0.859140
vn -0.076304 0.487743 -0.869646
vn -0.041857 0.512712 -0.857540
vn -0.146759 0.475229 -0.867536
vn -0.132640 0.495580 -0.858375
vn -0.217457 0.456342 -0.862824
vn -0.276253 0.415233 -0.866756
vn -0.216618 0.459033 -0.861606
vn -0.329414 0.368248 -0.869413
vn -0.298357 0.416217 -0.858922
vn -0.378509 0.317149 -0.869568
vn -0.369976 0.357468 -0.857516
vn -0.423655 0.261502 -0.867256
vn -0.426563 0.284497 -0.858548
vn -0.464836 0.200793 -0.862328
vn -0.480729 0.130775 -0.867063
vn -0.465181 0.201548 -0.861966
vn -0.490189 0.060482 -0.869515
vn -0.499210 0.115668 -0.858726
vn -0.493861 -0.010328 -0.869480
vn -0.513899 0.024210 -0.857509
vn -0.491541 -0.082063 -0.866979
vn -0.507915 -0.067891 -0.858728
vn -0.482897 -0.155083 -0.861835
vn -0.447596 -0.217660 -0.867342
vn -0.481898 -0.155522 -0.862315
vn -0.408766 -0.276963 -0.869599
vn -0.451558 -0.242884 -0.858547
vn -0.365177 -0.332921 -0.869373
vn -0.401947 -0.321101 -0.857516
vn -0.316408 -0.385701 -0.866672
vn -0.336455 -0.386064 -0.858925
vn -0.261949 -0.435358 -0.861305
vn -0.193658 -0.457976 -0.867614
vn -0.258970 -0.434388 -0.862694
vn -0.125526 -0.477407 -0.869670
vn -0.178866 -0.480829 -0.858377
vn -0.055911 -0.491204 -0.869248
vn -0.089882 -0.506507 -0.857539
vn 0.015612 -0.499207 -0.866342
vn 0.002161 -0.511731 -0.859143
vn 0.092113 -0.496571 -0.863095
vn 0.089471 -0.501116 -0.860743
vn 0.155333 -0.471871 -0.867876
vn 0.183234 -0.479465 -0.858218
vn 0.219550 -0.442010 -0.869727
vn 0.266865 -0.439708 -0.857578
vn 0.281262 -0.406875 -0.869105
vn 0.339195 -0.382639 -0.859380
vn 0.340683 -0.366058 -0.865989
vn 0.392649 -0.315562 -0.863856
vn 0.400162 -0.314203 -0.860899
vn 0.427054 -0.252953 -0.868124
vn 0.454401 -0.239226 -0.858074
vn 0.456089 -0.188380 -0.869768
vn 0.487843 -0.156884 -0.858718
vn 0.480119 -0.126350 -0.868056
vn 0.503661 -0.073422 -0.860776
vn 0.498886 -0.066303 -0.864127
vn 0.498550 0.076464 0.863482
vn 0.490184 0.082701 0.867687
vn 0.479215 0.165242 0.862002
vn 0.462983 0.173809 0.869159
vn 0.443805 0.249398 0.860719
vn 0.419504 0.257798 0.870377
vn 0.393389 0.325979 0.859641
vn 0.329592 0.392270 0.858775
vn 0.361387 0.331881 0.871352
vn 0.254528 0.445908 0.858127
vn 0.290729 0.393612 0.872093
vn 0.170739 0.484967 0.857703
vn 0.210030 0.440968 0.872602
vn 0.122090 0.472398 0.872889
vn 0.081092 0.508041 0.857507
vn 0.029929 0.486885 0.872953
vn -0.011321 0.514293 0.857540
vn -0.063295 0.483967 0.872794
vn -0.103300 0.503491 0.857803
vn -0.191662 0.476022 0.858294
vn -0.154399 0.463734 0.872417
vn -0.273352 0.432873 0.859011
vn -0.240272 0.426860 0.871814
vn -0.345567 0.375595 0.859949
vn -0.317962 0.374542 0.870987
vn -0.405855 0.306241 0.861103
vn -0.384785 0.308494 0.869927
vn -0.452206 0.227295 0.862465
vn -0.438386 0.230880 0.868626
vn -0.483119 0.141557 0.864036
vn -0.476831 0.144243 0.867079
vn -0.497694 0.052071 0.865788
vn -0.498669 0.051465 0.865263
vn -0.502732 -0.037985 0.863608
vn -0.495348 -0.044403 0.867559
vn -0.490295 -0.127952 0.862113
vn -0.475263 -0.137383 0.869052
vn -0.461482 -0.214555 0.860814
vn -0.438391 -0.224518 0.870290
vn -0.417129 -0.294766 0.859719
vn -0.358640 -0.365756 0.858836
vn -0.386162 -0.302896 0.871283
vn -0.287946 -0.425005 0.858171
vn -0.320477 -0.369917 0.872041
vn -0.207427 -0.470399 0.857729
vn -0.243663 -0.423378 0.872571
vn -0.119831 -0.500309 0.857515
vn -0.158413 -0.461521 0.872871
vn -0.028177 -0.513664 0.857528
vn -0.067655 -0.483086 0.872955
vn 0.064365 -0.509985 0.857772
vn 0.025513 -0.487381 0.872817
vn 0.154591 -0.489408 0.858243
vn 0.117900 -0.474256 0.872457
vn 0.239377 -0.452677 0.858942
vn 0.206355 -0.444130 0.871875
vn 0.315810 -0.401125 0.859862
vn 0.287845 -0.397985 0.871065
vn 0.381283 -0.336608 0.860999
vn 0.359551 -0.337315 0.870024
vn 0.433599 -0.261442 0.862345
vn 0.418968 -0.264100 0.868744
vn 0.471055 -0.178315 0.863893
vn 0.463972 -0.180737 0.867216
vn 0.492946 -0.093759 0.864993
vn 0.491897 -0.094372 0.865524
vn 0.502614 -0.008252 0.864472
vn 0.499989 -0.010365 0.865970
vn 0.998629 -0.052350 -0.000000
vn 0.987668 -0.155863 0.014758
vn 0.994500 -0.091463 -0.051024
vn 0.958298 -0.285526 0.011822
vn 0.963331 -0.266691 -0.029487
vn 0.893379 -0.449079 0.014223
vn 0.898246 -0.439262 -0.014223
vn 0.791579 -0.610902 0.014221
vn 0.798225 -0.602191 -0.014224
vn 0.661044 -0.749898 0.025937
vn 0.673321 -0.739231 -0.013312
vn 0.506240 -0.862002 0.025934
vn 0.524653 -0.850921 -0.025937
vn 0.353111 -0.935222 -0.025936
vn 0.332927 -0.942596 0.025933
vn 0.168660 -0.985333 -0.025932
vn 0.147442 -0.988731 0.025936
vn -0.021953 -0.999423 -0.025935
vn -0.043430 -0.998720 0.025933
vn -0.211762 -0.976977 -0.025933
vn -0.232714 -0.972199 0.025937
vn -0.393819 -0.918822 -0.025933
vn -0.408621 -0.912614 0.012797
vn -0.561211 -0.827559 -0.013708
vn -0.569891 -0.821606 0.013699
vn -0.715845 -0.698125 0.013704
vn -0.708457 -0.705621 -0.013698
vn -0.832786 -0.553596 -0.000091
vn -0.829802 -0.557890 -0.013703
vn -0.920652 -0.390383 -0.000066
vn -0.920675 -0.390330 0.000097
vn -0.978124 -0.208025 -0.000076
vn -0.978134 -0.207975 0.000064
vn -0.999837 -0.018065 -0.000076
vn -0.999838 -0.018010 0.000077
vn -0.985000 0.172554 -0.000073
vn -0.984991 0.172606 0.000075
vn -0.934155 0.356866 -0.000051
vn -0.934139 0.356908 0.000074
vn -0.849162 0.528132 -0.000074
vn -0.849139 0.528169 0.000050
vn -0.733128 0.680091 -0.000061
vn -0.733095 0.680127 0.000073
vn -0.590291 0.807190 -0.000068
vn -0.590253 0.807218 0.000063
vn -0.425883 0.904778 -0.000077
vn -0.425836 0.904800 0.000068
vn -0.245902 0.969295 -0.000075
vn -0.245850 0.969308 0.000076
vn -0.056930 0.998378 -0.000076
vn -0.056876 0.998381 0.000077
vn 0.134129 0.990964 -0.000072
vn 0.134182 0.990957 0.000076
vn 0.320289 0.947320 -0.000073
vn 0.320339 0.947303 0.000072
vn 0.494730 0.869047 -0.000072
vn 0.494775 0.869021 0.000074
vn 0.651089 0.759001 -0.000065
vn 0.651126 0.758969 0.000072
vn 0.783643 0.621211 -0.000083
vn 0.783676 0.621170 0.000065
vn 0.887548 0.460715 -0.000069
vn 0.887573 0.460666 0.000083
vn 0.959015 0.283354 -0.000050
vn 0.959027 0.283313 0.000068
vn 0.995418 0.095618 0.000000
vn 0.995420 0.095601 0.000049
vn 0.498541 0.076463 0.863488
vn 0.490174 0.082701 0.867692
vn 0.479207 0.165240 0.862007
vn 0.462973 0.173808 0.869165
vn 0.443797 0.249395 0.860724
vn 0.419494 0.257796 0.870383
vn 0.393383 0.325974 0.859646
vn 0.329585 0.392264 0.858780
vn 0.361377 0.331877 0.871358
vn 0.254523 0.445901 0.858132
vn 0.290721 0.393606 0.872099
vn 0.170734 0.484959 0.857709
vn 0.210023 0.440960 0.872608
vn 0.122085 0.472389 0.872894
vn 0.081089 0.508033 0.857512
vn 0.030136 0.486966 0.872901
vn -0.011321 0.514300 0.857535
vn -0.062909 0.483975 0.872818
vn -0.103305 0.503526 0.857782
vn -0.191681 0.476081 0.858257
vn -0.154015 0.463788 0.872456
vn -0.273395 0.432952 0.858957
vn -0.239893 0.426961 0.871869
vn -0.345639 0.375686 0.859880
vn -0.317592 0.374691 0.871058
vn -0.405961 0.306335 0.861019
vn -0.384427 0.308690 0.870015
vn -0.452351 0.227382 0.862367
vn -0.438047 0.231127 0.868732
vn -0.483311 0.141630 0.863916
vn -0.476512 0.144552 0.867203
vn -0.497918 0.052112 0.865657
vn -0.498369 0.051830 0.865414
vn -0.502519 -0.037988 0.863731
vn -0.495590 -0.043989 0.867442
vn -0.490110 -0.127920 0.862223
vn -0.475548 -0.137017 0.868954
vn -0.461329 -0.214500 0.860910
vn -0.438711 -0.224202 0.870210
vn -0.417012 -0.294698 0.859799
vn -0.358560 -0.365688 0.858899
vn -0.386500 -0.302632 0.871224
vn -0.287896 -0.424945 0.858218
vn -0.320835 -0.369708 0.871998
vn -0.207401 -0.470355 0.857759
vn -0.244039 -0.423215 0.872544
vn -0.119823 -0.500288 0.857528
vn -0.158795 -0.461405 0.872863
vn -0.028176 -0.513670 0.857525
vn -0.068040 -0.483020 0.872962
vn 0.064369 -0.510018 0.857752
vn 0.025122 -0.487360 0.872839
vn 0.154605 -0.489466 0.858207
vn 0.117509 -0.474282 0.872495
vn 0.239414 -0.452758 0.858890
vn 0.205964 -0.444204 0.871930
vn 0.315875 -0.401220 0.859794
vn 0.287460 -0.398107 0.871136
vn 0.381383 -0.336709 0.860915
vn 0.359176 -0.337487 0.870112
vn 0.433738 -0.261540 0.862246
vn 0.418608 -0.264324 0.868850
vn 0.471233 -0.178398 0.863779
vn 0.463632 -0.181014 0.867341
vn 0.493036 -0.093783 0.864939
vn 0.491626 -0.094608 0.865652
vn 0.502494 -0.008341 0.864541
vn 0.499980 -0.010363 0.865975
vn 0.995940 0.090017 -0.000008
vn 0.995940 0.090016 -0.000006
vn 0.963659 0.267135 -0.000012
vn 0.963659 0.267134 -0.000004
vn 0.900143 0.435595 -0.000010
vn 0.900143 0.435594 -0.000005
vn 0.807449 0.589937 -0.000008
vn 0.807450 0.589937 -0.000004
vn 0.688583 0.725158 -0.000010
vn 0.688584 0.725157 -0.000001
vn 0.547397 0.836873 -0.000012
vn 0.547398 0.836872 -0.000003
vn 0.388470 0.921461 -0.000005
vn 0.388469 0.921462 -0.000009
vn 0.216950 0.976183 -0.000002
vn 0.216950 0.976183 -0.000009
vn 0.038398 0.999263 -0.000002
vn 0.038397 0.999263 -0.000008
vn -0.141399 0.989953 -0.000001
vn -0.141400 0.989953 -0.000010
vn -0.316613 0.948555 -0.000009
vn -0.316612 0.948555 -0.000003
vn -0.481564 0.876411 -0.000009
vn -0.481564 0.876411 -0.000002
vn -0.630906 0.775859 -0.000011
vn -0.630905 0.775860 -0.000002
vn -0.759798 0.650159 -0.000012
vn -0.759797 0.650160 -0.000003
vn -0.864062 0.503386 -0.000010
vn -0.864061 0.503386 -0.000004
vn -0.940319 0.340295 -0.000009
vn -0.940318 0.340296 -0.000003
vn -0.986096 0.166175 -0.000010
vn -0.986096 0.166176 -0.000001
vn -0.999911 -0.013332 -0.000012
vn -0.999911 -0.013331 -0.000002
vn -0.981315 -0.192407 -0.000010
vn -0.981315 -0.192406 -0.000004
vn -0.930911 -0.365245 -0.000012
vn -0.930912 -0.365244 -0.000002
vn -0.850333 -0.526244 -0.000011
vn -0.850334 -0.526244 -0.000003
vn -0.742193 -0.670186 -0.000011
vn -0.742194 -0.670185 -0.000002
vn -0.609996 -0.792405 -0.000010
vn -0.609996 -0.792404 -0.000002
vn -0.458026 -0.888939 -0.000011
vn -0.458027 -0.888938 -0.000001
vn -0.291210 -0.956659 -0.000011
vn -0.291211 -0.956659 -0.000002
vn -0.114955 -0.993371 -0.000012
vn -0.114956 -0.993371 -0.000003
vn 0.065026 -0.997884 -0.000012
vn 0.065025 -0.997884 -0.000003
vn 0.242899 -0.970052 -0.000013
vn 0.242898 -0.970052 -0.000003
vn 0.412899 -0.910777 -0.000011
vn 0.412898 -0.910777 -0.000003
vn 0.569516 -0.821980 -0.000013
vn 0.569515 -0.821981 -0.000002
vn 0.707673 -0.706540 -0.000012
vn 0.707672 -0.706541 -0.000003
vn 0.822891 -0.568199 -0.000010
vn 0.822891 -0.568199 -0.000003
vn 0.911436 -0.411441 -0.000001
vn 0.911437 -0.411440 -0.000011
vn 0.968808 -0.247812 -0.000002
vn 0.968808 -0.247811 -0.000010
vn 0.996518 -0.083378 -0.000005
vn 0.996518 -0.083378 -0.000009
vn 0.501401 0.012634 -0.865123
vn 0.499949 0.013694 -0.865947
vn 0.486801 0.106857 -0.866952
vn 0.492322 0.103995 -0.864178
vn 0.455155 0.196229 -0.868520
vn 0.468113 0.191819 -0.862598
vn 0.421524 0.275275 -0.864026
vn 0.428002 0.274074 -0.861219
vn 0.374090 0.332327 -0.865803
vn 0.373349 0.347944 -0.859968
vn 0.308439 0.384587 -0.870033
vn 0.303884 0.407606 -0.861111
vn 0.230475 0.438379 -0.868738
vn 0.225027 0.453355 -0.862457
vn 0.143364 0.476905 -0.867184
vn 0.139572 0.483770 -0.863994
vn 0.050525 0.498572 -0.865375
vn 0.049995 0.498023 -0.865722
vn -0.045141 0.495440 -0.867468
vn -0.040170 0.502464 -0.863665
vn -0.137645 0.475359 -0.868958
vn -0.130489 0.489567 -0.862146
vn -0.224417 0.438612 -0.870205
vn -0.217277 0.460174 -0.860831
vn -0.302565 0.386585 -0.871210
vn -0.297482 0.415185 -0.859724
vn -0.369481 0.321129 -0.871987
vn -0.368262 0.356064 -0.858837
vn -0.422951 0.244527 -0.872536
vn -0.427116 0.284803 -0.858172
vn -0.461189 0.159421 -0.872863
vn -0.471957 0.203838 -0.857733
vn -0.482913 0.068727 -0.872967
vn -0.501205 0.115959 -0.857524
vn -0.487366 -0.024468 -0.872855
vn -0.513840 0.024212 -0.857544
vn -0.474375 -0.116981 -0.872516
vn -0.509446 -0.068226 -0.857794
vn -0.444303 -0.205642 -0.871956
vn -0.488221 -0.158161 -0.858269
vn -0.450960 -0.242496 -0.858971
vn -0.398112 -0.287392 -0.871156
vn -0.399047 -0.318368 -0.859886
vn -0.337264 -0.359351 -0.870126
vn -0.334364 -0.383225 -0.861011
vn -0.263718 -0.418983 -0.868853
vn -0.259234 -0.434929 -0.862342
vn -0.179885 -0.464114 -0.867317
vn -0.176340 -0.471850 -0.863864
vn -0.088521 -0.492899 -0.865572
vn -0.088607 -0.492976 -0.865519
vn 0.006573 -0.497677 -0.867338
vn 0.001480 -0.503844 -0.863793
vn 0.100384 -0.484800 -0.868845
vn 0.092490 -0.497948 -0.862261
vn 0.189762 -0.454858 -0.870112
vn 0.181255 -0.475336 -0.860931
vn 0.271719 -0.409009 -0.871138
vn 0.264666 -0.436674 -0.859807
vn 0.343508 -0.348930 -0.871923
vn 0.339780 -0.383196 -0.858901
vn 0.402730 -0.276695 -0.872496
vn 0.403935 -0.316689 -0.858222
vn 0.448996 -0.203690 -0.870008
vn 0.454880 -0.239429 -0.857763
vn 0.486413 -0.156550 -0.859590
vn 0.478647 -0.136067 -0.867400
vn 0.501489 -0.073286 -0.862055
vn 0.498780 -0.069622 -0.863928
vn 0.997650 -0.068519 -0.000000
vn 0.995562 -0.088139 -0.032985
vn 0.978830 -0.203244 0.024159
vn 0.964531 -0.259517 -0.048268
vn 0.937872 -0.344543 0.041069
vn 0.900603 -0.430591 -0.059203
vn 0.863049 -0.501639 0.059201
vn 0.802190 -0.594126 -0.059205
vn 0.751830 -0.656699 0.059146
vn 0.674451 -0.735943 -0.059192
vn 0.613132 -0.787759 0.059196
vn 0.522058 -0.850854 -0.059190
vn 0.451986 -0.890058 0.059205
vn 0.350574 -0.934662 -0.059203
vn 0.274326 -0.959814 0.059179
vn 0.166276 -0.984301 -0.059188
vn 0.086652 -0.994479 0.059185
vn -0.024097 -0.997956 -0.059191
vn -0.104199 -0.992794 0.059190
vn -0.213587 -0.975129 -0.059188
vn -0.291244 -0.954816 0.059187
vn -0.395261 -0.916660 -0.059179
vn -0.467649 -0.881929 0.059208
vn -0.562494 -0.824679 -0.059200
vn -0.626956 -0.776803 0.059184
vn -0.709168 -0.702550 -0.059188
vn -0.763329 -0.643293 0.059182
vn -0.829917 -0.554737 -0.059195
vn -0.871814 -0.486243 0.059222
vn -0.920320 -0.386666 -0.059170
vn -0.948430 -0.311410 0.059197
vn -0.977084 -0.204452 -0.059212
vn -0.990362 -0.125207 0.059209
vn -0.998137 -0.014746 -0.059200
vn -0.996091 0.065570 0.059190
vn -0.982702 0.175480 -0.059189
vn -0.965405 0.253943 0.059205
vn -0.931331 0.359323 -0.059235
vn -0.899427 0.433044 0.059197
vn -0.845908 0.530033 -0.059194
vn -0.800565 0.596314 0.059200
vn -0.729570 0.681340 -0.059196
vn -0.672440 0.737781 0.059191
vn -0.586562 0.807739 -0.059193
vn -0.519727 0.852278 0.059211
vn -0.422116 0.904607 -0.059192
vn -0.348011 0.935620 0.059196
vn -0.242235 0.968410 -0.059203
vn -0.163583 0.984752 0.059200
vn -0.053498 0.996812 -0.059194
vn 0.026826 0.997886 0.059195
vn 0.136762 0.988861 -0.058734
vn 0.216246 0.974536 0.059306
vn 0.322082 0.944852 -0.059308
vn 0.397770 0.915566 0.059310
vn 0.496020 0.866283 -0.059306
vn 0.564752 0.823127 0.059304
vn 0.697621 0.715851 0.029701
vn 0.651830 0.756042 -0.059314
vn 0.796886 0.604130 0.000000
vn 0.784062 0.619273 -0.041812
vn 0.887582 0.460650 -0.000004
vn 0.887582 0.460649 -0.000001
vn 0.959030 0.283304 -0.000001
vn 0.959031 0.283302 0.000005
vn 0.995420 0.095599 0.000000
vn 0.995420 0.095599 0.000002
vn 0.995940 0.090016 -0.000014
vn 0.995940 0.090016 -0.000012
vn 0.963659 0.267135 -0.000019
vn 0.963659 0.267134 -0.000011
vn 0.900143 0.435594 -0.000019
vn 0.900143 0.435594 -0.000012
vn 0.807450 0.589937 -0.000015
vn 0.807450 0.589936 -0.000012
vn 0.688583 0.725157 -0.000018
vn 0.688584 0.725156 -0.000008
vn 0.547398 0.836872 -0.000018
vn 0.547399 0.836872 -0.000012
vn 0.388471 0.921461 -0.000011
vn 0.388470 0.921461 -0.000017
vn 0.216951 0.976182 -0.000010
vn 0.216950 0.976183 -0.000019
vn 0.038399 0.999262 -0.000011
vn 0.038398 0.999263 -0.000017
vn -0.141397 0.989953 -0.000009
vn -0.141399 0.989953 -0.000018
vn -0.316612 0.948555 -0.000016
vn -0.316611 0.948555 -0.000010
vn -0.481563 0.876411 -0.000016
vn -0.481563 0.876412 -0.000008
vn -0.630905 0.775860 -0.000018
vn -0.630904 0.775861 -0.000007
vn -0.759797 0.650160 -0.000020
vn -0.759796 0.650161 -0.000009
vn -0.864061 0.503387 -0.000016
vn -0.864061 0.503387 -0.000010
vn -0.940318 0.340296 -0.000019
vn -0.940318 0.340298 -0.000007
vn -0.986096 0.166176 -0.000018
vn -0.986096 0.166177 -0.000009
vn -0.999911 -0.013331 -0.000021
vn -0.999911 -0.013330 -0.000008
vn -0.981315 -0.192406 -0.000020
vn -0.981316 -0.192404 -0.000010
vn -0.930912 -0.365243 -0.000020
vn -0.930913 -0.365242 -0.000010
vn -0.850334 -0.526243 -0.000018
vn -0.850335 -0.526242 -0.000009
vn -0.742194 -0.670185 -0.000018
vn -0.742195 -0.670184 -0.000007
vn -0.609997 -0.792404 -0.000021
vn -0.609998 -0.792403 -0.000007
vn -0.458028 -0.888938 -0.000022
vn -0.458029 -0.888937 -0.000010
vn -0.291212 -0.956659 -0.000020
vn -0.291213 -0.956658 -0.000010
vn -0.114957 -0.993370 -0.000020
vn -0.114958 -0.993370 -0.000008
vn 0.065024 -0.997884 -0.000020
vn 0.065022 -0.997884 -0.000008
vn 0.242897 -0.970052 -0.000021
vn 0.242896 -0.970052 -0.000008
vn 0.412897 -0.910778 -0.000022
vn 0.412896 -0.910778 -0.000008
vn 0.569514 -0.821982 -0.000018
vn 0.569513 -0.821982 -0.000009
vn 0.707671 -0.706542 -0.000020
vn 0.707670 -0.706543 -0.000005
vn 0.822890 -0.568201 -0.000022
vn 0.822889 -0.568202 -0.000007
vn 0.911435 -0.411444 -0.000008
vn 0.911436 -0.411443 -0.000021
vn 0.968808 -0.247814 -0.000007
vn 0.968808 -0.247813 -0.000016
vn 0.996518 -0.083379 -0.000009
vn 0.996518 -0.083379 -0.000015
vn 0.501385 0.012641 -0.865132
vn 0.499944 0.013694 -0.865949
vn 0.486773 0.106876 -0.866966
vn 0.492328 0.103996 -0.864175
vn 0.455120 0.196252 -0.868534
vn 0.468123 0.191824 -0.862592
vn 0.407663 0.277798 -0.869850
vn 0.428011 0.274080 -0.861212
vn 0.346126 0.348824 -0.870930
vn 0.373263 0.347850 -0.860044
vn 0.272693 0.406998 -0.871775
vn 0.305696 0.410510 -0.859088
vn 0.227589 0.459816 -0.858355
vn 0.189918 0.450401 -0.872393
vn 0.141619 0.494008 -0.857846
vn 0.100642 0.477608 -0.872790
vn 0.050753 0.511864 -0.857566
vn 0.007924 0.487725 -0.872961
vn -0.041863 0.512751 -0.857516
vn -0.085067 0.480399 -0.872915
vn -0.175159 0.455863 -0.872644
vn -0.133023 0.496651 -0.857696
vn -0.259252 0.414896 -0.872152
vn -0.219580 0.464161 -0.858102
vn -0.298563 0.416460 -0.858732
vn -0.334442 0.358827 -0.871431
vn -0.367291 0.355269 -0.859582
vn -0.398089 0.289484 -0.870474
vn -0.423469 0.282782 -0.860644
vn -0.447906 0.209141 -0.869275
vn -0.465269 0.201578 -0.861911
vn -0.482050 0.120454 -0.867824
vn -0.491394 0.114522 -0.863375
vn -0.501131 0.026303 -0.864971
vn -0.499270 0.024717 -0.866094
vn -0.493847 -0.068811 -0.866822
vn -0.498625 -0.065864 -0.864312
vn -0.469187 -0.160398 -0.868410
vn -0.481263 -0.155257 -0.862717
vn -0.431824 -0.244456 -0.868199
vn -0.447623 -0.240331 -0.861322
vn -0.377448 -0.318069 -0.869693
vn -0.397202 -0.316628 -0.861381
vn -0.308928 -0.382449 -0.870802
vn -0.335196 -0.384354 -0.860184
vn -0.233392 -0.433598 -0.870357
vn -0.261575 -0.439720 -0.859200
vn -0.148948 -0.466997 -0.871624
vn -0.178463 -0.479396 -0.859262
vn -0.057320 -0.485623 -0.872287
vn -0.089734 -0.504930 -0.858483
vn 0.036019 -0.486878 -0.872727
vn 0.002337 -0.513761 -0.857930
vn 0.127887 -0.470756 -0.872945
vn 0.094564 -0.505542 -0.857604
vn 0.215149 -0.437818 -0.872941
vn 0.183749 -0.480538 -0.857508
vn 0.294814 -0.389164 -0.872718
vn 0.266803 -0.439622 -0.857641
vn 0.364140 -0.326416 -0.872270
vn 0.340869 -0.384239 -0.858003
vn 0.403420 -0.316350 -0.858589
vn 0.420701 -0.251665 -0.871594
vn 0.461537 -0.174837 -0.869722
vn 0.452357 -0.238356 -0.859395
vn 0.486262 -0.156515 -0.859682
vn 0.483942 -0.112543 -0.867833
vn 0.505898 -0.073561 -0.859451
vn 0.499042 -0.061499 -0.864393
vn 0.498547 0.076464 0.863484
vn 0.490181 0.082701 0.867688
vn 0.479213 0.165242 0.862004
vn 0.462975 0.173811 0.869163
vn 0.443806 0.249399 0.860719
vn 0.419495 0.257803 0.870380
vn 0.393389 0.325979 0.859641
vn 0.329591 0.392269 0.858775
vn 0.361378 0.331883 0.871355
vn 0.254527 0.445907 0.858128
vn 0.290722 0.393613 0.872095
vn 0.170738 0.484965 0.857705
vn 0.210025 0.440967 0.872604
vn 0.122085 0.472396 0.872890
vn 0.081092 0.508038 0.857509
vn 0.029924 0.486882 0.872955
vn -0.011321 0.514290 0.857542
vn -0.063299 0.483965 0.872795
vn -0.103300 0.503489 0.857804
vn -0.191661 0.476019 0.858296
vn -0.154402 0.463731 0.872418
vn -0.273351 0.432870 0.859013
vn -0.240276 0.426856 0.871815
vn -0.345565 0.375591 0.859951
vn -0.317967 0.374537 0.870987
vn -0.405852 0.306239 0.861105
vn -0.384790 0.308490 0.869926
vn -0.452200 0.227290 0.862470
vn -0.438390 0.230872 0.868627
vn -0.483127 0.141560 0.864031
vn -0.476834 0.144249 0.867077
vn -0.497700 0.052071 0.865785
vn -0.498652 0.051480 0.865273
vn -0.502722 -0.037985 0.863613
vn -0.495358 -0.044385 0.867554
vn -0.490284 -0.127950 0.862119
vn -0.475273 -0.137366 0.869049
vn -0.461475 -0.214552 0.860819
vn -0.438411 -0.224501 0.870284
vn -0.417119 -0.294761 0.859725
vn -0.358634 -0.365751 0.858841
vn -0.386182 -0.302877 0.871280
vn -0.287942 -0.425000 0.858175
vn -0.320498 -0.369904 0.872039
vn -0.207424 -0.470395 0.857732
vn -0.243686 -0.423365 0.872570
vn -0.119829 -0.500306 0.857517
vn -0.158434 -0.461511 0.872872
vn -0.028176 -0.513663 0.857529
vn -0.067673 -0.483081 0.872957
vn 0.064366 -0.509985 0.857772
vn 0.025493 -0.487377 0.872819
vn 0.154591 -0.489409 0.858243
vn 0.117880 -0.474255 0.872460
vn 0.239379 -0.452680 0.858941
vn 0.206334 -0.444132 0.871879
vn 0.315813 -0.401128 0.859860
vn 0.287824 -0.397989 0.871070
vn 0.382650 -0.338033 0.859833
vn 0.357916 -0.339775 0.869741
vn 0.435508 -0.262820 0.860964
vn 0.414069 -0.267476 0.870059
vn 0.473515 -0.179488 0.862304
vn 0.459407 -0.184813 0.868786
vn 0.494293 -0.094134 0.864183
vn 0.488264 -0.097781 0.867201
vn 0.501034 -0.009522 0.865375
vn 0.499987 -0.010364 0.865971
vn 0.997908 -0.064657 0.000000
vn 0.995161 -0.089755 -0.039972
vn 0.981103 -0.191810 0.025408
vn 0.963313 -0.263535 -0.050772
vn 0.936969 -0.344243 0.059881
vn 0.898178 -0.435531 -0.059905
vn 0.854326 -0.516273 0.059906
vn 0.798865 -0.598521 -0.059894
vn 0.740451 -0.669437 0.059887
vn 0.670359 -0.739616 -0.059884
vn 0.599514 -0.798120 0.059894
vn 0.517321 -0.853690 -0.059931
vn 0.436668 -0.897628 0.059879
vn 0.345372 -0.936553 -0.059886
vn 0.257855 -0.964325 0.059903
vn 0.160812 -0.985165 -0.059906
vn 0.069601 -0.995775 0.059898
vn -0.029627 -0.997765 -0.059887
vn -0.121182 -0.990822 0.059884
vn -0.218977 -0.973890 -0.059899
vn -0.307560 -0.949639 0.059933
vn -0.400315 -0.914420 -0.059875
vn -0.479009 -0.876136 0.054188
vn -0.567025 -0.821549 -0.059494
vn -0.633067 -0.771808 0.059482
vn -0.713025 -0.698610 -0.059485
vn -0.765551 -0.641234 0.052455
vn -0.832997 -0.550263 -0.057680
vn -0.870714 -0.488393 0.057694
vn -0.922505 -0.381644 -0.057725
vn -0.947752 -0.313751 0.057676
vn -0.978286 -0.199076 -0.057669
vn -0.990141 -0.127658 0.057653
vn -0.998292 -0.009249 -0.057681
vn -0.996340 0.063098 0.057663
vn -0.981806 0.180918 -0.057661
vn -0.966117 0.251574 0.057685
vn -0.929429 0.364466 -0.057675
vn -0.900578 0.430852 0.057663
vn -0.844995 0.531993 -0.054469
vn -0.802095 0.594282 0.058938
vn -0.730159 0.680730 -0.058944
vn -0.674336 0.736069 0.058934
vn -0.587256 0.807253 -0.058938
vn -0.521923 0.850954 0.058943
vn -0.422890 0.904262 -0.058934
vn -0.350420 0.934735 0.058954
vn -0.243061 0.968218 -0.058948
vn -0.166115 0.984344 0.058930
vn -0.054347 0.996781 -0.058938
vn 0.024257 0.997966 0.058946
vn 0.136351 0.988906 -0.058940
vn 0.213759 0.975106 0.058958
vn 0.322071 0.944879 -0.058949
vn 0.395448 0.916595 0.058950
vn 0.496015 0.866311 -0.058943
vn 0.562668 0.824579 0.058943
vn 0.696255 0.717187 0.029519
vn 0.651830 0.756070 -0.058955
vn 0.796499 0.604640 0.000001
vn 0.784068 0.619325 -0.040922
vn 0.887582 0.460650 -0.000005
vn 0.887583 0.460648 -0.000000
vn 0.959030 0.283303 -0.000001
vn 0.959031 0.283302 0.000004
vn 0.995420 0.095599 0.000000
vn 0.995420 0.095599 0.000002
vn 0.498543 0.076464 0.863486
vn 0.490177 0.082701 0.867691
vn 0.479208 0.165240 0.862006
vn 0.462977 0.173807 0.869163
vn 0.443798 0.249396 0.860723
vn 0.419497 0.257795 0.870381
vn 0.393384 0.325975 0.859645
vn 0.329586 0.392265 0.858779
vn 0.361381 0.331877 0.871356
vn 0.254524 0.445902 0.858131
vn 0.290725 0.393607 0.872097
vn 0.170736 0.484961 0.857707
vn 0.210027 0.440961 0.872606
vn 0.122088 0.472391 0.872892
vn 0.081090 0.508035 0.857511
vn 0.030153 0.486974 0.872896
vn -0.011321 0.514303 0.857534
vn -0.062880 0.483978 0.872818
vn -0.103306 0.503532 0.857778
vn -0.191683 0.476088 0.858253
vn -0.153987 0.463795 0.872457
vn -0.273398 0.432960 0.858952
vn -0.239866 0.426971 0.871872
vn -0.345646 0.375695 0.859873
vn -0.317567 0.374704 0.871062
vn -0.405971 0.306344 0.861012
vn -0.384404 0.308707 0.870019
vn -0.452362 0.227389 0.862359
vn -0.438025 0.231146 0.868738
vn -0.483312 0.141631 0.863916
vn -0.476498 0.144559 0.867210
vn -0.497924 0.052113 0.865653
vn -0.498372 0.051833 0.865413
vn -0.502519 -0.037987 0.863732
vn -0.495597 -0.043982 0.867439
vn -0.490109 -0.127920 0.862224
vn -0.475550 -0.137014 0.868953
vn -0.461332 -0.214500 0.860908
vn -0.438727 -0.224197 0.870204
vn -0.417008 -0.294696 0.859802
vn -0.358557 -0.365685 0.858901
vn -0.386523 -0.302619 0.871219
vn -0.287895 -0.424943 0.858219
vn -0.320859 -0.369697 0.871994
vn -0.207401 -0.470355 0.857759
vn -0.244063 -0.423208 0.872541
vn -0.119823 -0.500290 0.857527
vn -0.158821 -0.461401 0.872860
vn -0.028177 -0.513673 0.857523
vn -0.068066 -0.483019 0.872960
vn 0.064368 -0.510023 0.857749
vn 0.025097 -0.487362 0.872839
vn 0.154607 -0.489473 0.858203
vn 0.117483 -0.474287 0.872496
vn 0.239416 -0.452766 0.858885
vn 0.205941 -0.444211 0.871931
vn 0.315880 -0.401229 0.859788
vn 0.287437 -0.398118 0.871138
vn 0.381390 -0.336718 0.860908
vn 0.359154 -0.337500 0.870116
vn 0.433749 -0.261547 0.862238
vn 0.418588 -0.264339 0.868855
vn 0.471246 -0.178404 0.863770
vn 0.463614 -0.181033 0.867346
vn 0.493045 -0.093786 0.864934
vn 0.491613 -0.094623 0.865658
vn 0.502490 -0.008346 0.864543
vn 0.499982 -0.010364 0.865974
vn 0.995940 0.090016 -0.000011
vn 0.995940 0.090016 -0.000009
vn 0.963659 0.267135 -0.000015
vn 0.963659 0.267134 -0.000007
vn 0.900143 0.435595 -0.000013
vn 0.900143 0.435594 -0.000008
vn 0.807449 0.589937 -0.000011
vn 0.807450 0.589936 -0.000006
vn 0.688583 0.725158 -0.000013
vn 0.688584 0.725157 -0.000004
vn 0.547398 0.836873 -0.000014
vn 0.547399 0.836872 -0.000006
vn 0.388470 0.921461 -0.000007
vn 0.388470 0.921462 -0.000013
vn 0.216951 0.976183 -0.000006
vn 0.216950 0.976183 -0.000015
vn 0.038398 0.999263 -0.000008
vn 0.038398 0.999263 -0.000011
vn -0.141398 0.989953 -0.000003
vn -0.141399 0.989953 -0.000013
vn -0.316613 0.948555 -0.000012
vn -0.316612 0.948555 -0.000005
vn -0.481564 0.876411 -0.000012
vn -0.481563 0.876411 -0.000004
vn -0.630906 0.775859 -0.000014
vn -0.630905 0.775860 -0.000004
vn -0.759798 0.650160 -0.000014
vn -0.759797 0.650160 -0.000006
vn -0.864062 0.503386 -0.000012
vn -0.864061 0.503387 -0.000006
vn -0.940318 0.340296 -0.000013
vn -0.940318 0.340297 -0.000004
vn -0.986096 0.166175 -0.000011
vn -0.986096 0.166176 -0.000005
vn -0.999911 -0.013332 -0.000012
vn -0.999911 -0.013331 -0.000002
vn -0.981315 -0.192407 -0.000012
vn -0.981315 -0.192406 -0.000003
vn -0.930911 -0.365245 -0.000016
vn -0.930912 -0.365243 -0.000004
vn -0.850334 -0.526244 -0.000015
vn -0.850334 -0.526243 -0.000007
vn -0.742193 -0.670186 -0.000014
vn -0.742194 -0.670185 -0.000006
vn -0.609996 -0.792404 -0.000013
vn -0.609997 -0.792404 -0.000005
vn -0.458026 -0.888938 -0.000014
vn -0.458028 -0.888938 -0.000003
vn -0.291211 -0.956659 -0.000013
vn -0.291212 -0.956659 -0.000004
vn -0.114955 -0.993371 -0.000012
vn -0.114956 -0.993371 -0.000003
vn 0.065026 -0.997884 -0.000015
vn 0.065024 -0.997884 -0.000002
vn 0.242899 -0.970052 -0.000014
vn 0.242897 -0.970052 -0.000005
vn 0.412898 -0.910777 -0.000014
vn 0.412897 -0.910778 -0.000004
vn 0.569515 -0.821981 -0.000013
vn 0.569514 -0.821981 -0.000004
vn 0.707672 -0.706541 -0.000015
vn 0.707671 -0.706542 -0.000002
vn 0.822891 -0.568199 -0.000015
vn 0.822890 -0.568200 -0.000004
vn 0.911436 -0.411442 -0.000004
vn 0.911436 -0.411441 -0.000014
vn 0.968808 -0.247812 -0.000003
vn 0.968808 -0.247811 -0.000011
vn 0.996518 -0.083379 -0.000006
vn 0.996518 -0.083378 -0.000009
vn 0.501399 0.012633 -0.865124
vn 0.499946 0.013694 -0.865948
vn 0.486799 0.106856 -0.866953
vn 0.492320 0.103995 -0.864180
vn 0.455153 0.196228 -0.868522
vn 0.468111 0.191817 -0.862599
vn 0.421105 0.275350 -0.864207
vn 0.428000 0.274072 -0.861220
vn 0.373654 0.333261 -0.865633
vn 0.373071 0.347638 -0.860213
vn 0.307718 0.385780 -0.869761
vn 0.303622 0.407186 -0.861402
vn 0.229572 0.439506 -0.868407
vn 0.224815 0.452821 -0.862793
vn 0.138609 0.478966 -0.866821
vn 0.143142 0.482363 -0.864197
vn 0.050538 0.499280 -0.864965
vn 0.048705 0.497405 -0.866150
vn -0.046299 0.494693 -0.867833
vn -0.040272 0.503086 -0.863297
vn -0.138667 0.474493 -0.869269
vn -0.130672 0.490079 -0.861828
vn -0.225305 0.437655 -0.870457
vn -0.217508 0.460575 -0.860558
vn -0.303311 0.385550 -0.871409
vn -0.297723 0.415471 -0.859503
vn -0.370089 0.320032 -0.872132
vn -0.368485 0.356246 -0.858666
vn -0.423418 0.243382 -0.872629
vn -0.427290 0.284900 -0.858053
vn -0.461512 0.158231 -0.872909
vn -0.472062 0.203873 -0.857668
vn -0.483095 0.067495 -0.872962
vn -0.501228 0.115963 -0.857510
vn -0.487408 -0.025715 -0.872795
vn -0.513776 0.024214 -0.857582
vn -0.474258 -0.118230 -0.872411
vn -0.509302 -0.068195 -0.857882
vn -0.488007 -0.158071 -0.858407
vn -0.444034 -0.206887 -0.871798
vn -0.450700 -0.242328 -0.859155
vn -0.399637 -0.286957 -0.870601
vn -0.399869 -0.319142 -0.859217
vn -0.339269 -0.355614 -0.870882
vn -0.335184 -0.384338 -0.860195
vn -0.268376 -0.414524 -0.869566
vn -0.260696 -0.437921 -0.860385
vn -0.186691 -0.457165 -0.869567
vn -0.177384 -0.475559 -0.861614
vn -0.096508 -0.486805 -0.868163
vn -0.089010 -0.497243 -0.863033
vn -0.001524 -0.502587 -0.864525
vn 0.001075 -0.499154 -0.866512
vn 0.093237 -0.490505 -0.866436
vn 0.091392 -0.493925 -0.864688
vn 0.183573 -0.461240 -0.868077
vn 0.179692 -0.472077 -0.863049
vn 0.266481 -0.415942 -0.869471
vn 0.262868 -0.434194 -0.861613
vn 0.339232 -0.356289 -0.870621
vn 0.337977 -0.381473 -0.860378
vn 0.399423 -0.284395 -0.871539
vn 0.402340 -0.315638 -0.859357
vn 0.445091 -0.202779 -0.872224
vn 0.453660 -0.238910 -0.858554
vn 0.487502 -0.156804 -0.858926
vn 0.479396 -0.130361 -0.867863
vn 0.502824 -0.073370 -0.861270
vn 0.498844 -0.067680 -0.864045
vn 0.995940 0.090016 -0.000014
vn 0.995940 0.090016 -0.000009
vn 0.963659 0.267135 -0.000015
vn 0.963659 0.267135 -0.000010
vn 0.900143 0.435594 -0.000016
vn 0.900143 0.435594 -0.000009
vn 0.807449 0.589937 -0.000015
vn 0.807450 0.589936 -0.000008
vn 0.688583 0.725157 -0.000015
vn 0.688584 0.725157 -0.000008
vn 0.547398 0.836873 -0.000015
vn 0.547398 0.836872 -0.000008
vn 0.388471 0.921461 -0.000008
vn 0.388470 0.921461 -0.000017
vn 0.216951 0.976183 -0.000009
vn 0.216950 0.976183 -0.000015
vn 0.038399 0.999263 -0.000008
vn 0.038398 0.999263 -0.000014
vn -0.141397 0.989953 -0.000006
vn -0.141399 0.989953 -0.000018
vn -0.316612 0.948555 -0.000014
vn -0.316612 0.948555 -0.000010
vn -0.481564 0.876411 -0.000017
vn -0.481563 0.876412 -0.000006
vn -0.630906 0.775860 -0.000017
vn -0.630905 0.775860 -0.000008
vn -0.759797 0.650160 -0.000014
vn -0.759797 0.650161 -0.000008
vn -0.864061 0.503386 -0.000015
vn -0.864061 0.503387 -0.000005
vn -0.940319 0.340296 -0.000018
vn -0.940318 0.340297 -0.000006
vn -0.986096 0.166176 -0.000018
vn -0.986096 0.166177 -0.000009
vn -0.999911 -0.013331 -0.000018
vn -0.999911 -0.013330 -0.000008
vn -0.981315 -0.192406 -0.000018
vn -0.981316 -0.192405 -0.000008
vn -0.930912 -0.365244 -0.000015
vn -0.930912 -0.365243 -0.000008
vn -0.850334 -0.526244 -0.000016
vn -0.850335 -0.526242 -0.000005
vn -0.742194 -0.670185 -0.000017
vn -0.742195 -0.670184 -0.000006
vn -0.609996 -0.792404 -0.000017
vn -0.609997 -0.792403 -0.000007
vn -0.458027 -0.888938 -0.000016
vn -0.458028 -0.888938 -0.000006
vn -0.291211 -0.956659 -0.000018
vn -0.291213 -0.956658 -0.000006
vn -0.114956 -0.993371 -0.000019
vn -0.114957 -0.993370 -0.000007
vn 0.065025 -0.997884 -0.000017
vn 0.065024 -0.997884 -0.000008
vn 0.242898 -0.970052 -0.000016
vn 0.242896 -0.970052 -0.000006
vn 0.412898 -0.910777 -0.000018
vn 0.412897 -0.910778 -0.000004
vn 0.569515 -0.821981 -0.000018
vn 0.569513 -0.821982 -0.000006
vn 0.707672 -0.706542 -0.000017
vn 0.707671 -0.706542 -0.000006
vn 0.822890 -0.568200 -0.000016
vn 0.822890 -0.568201 -0.000005
vn 0.911435 -0.411443 -0.000004
vn 0.911436 -0.411442 -0.000018
vn 0.968808 -0.247813 -0.000006
vn 0.968808 -0.247812 -0.000015
vn 0.996518 -0.083379 -0.000009
vn 0.996518 -0.083379 -0.000012
vn 0.498545 0.076463 0.863485
vn 0.490179 0.082701 0.867690
vn 0.479210 0.165241 0.862005
vn 0.462979 0.173808 0.869161
vn 0.443801 0.249397 0.860722
vn 0.419499 0.257796 0.870380
vn 0.393386 0.325976 0.859644
vn 0.329588 0.392267 0.858777
vn 0.361383 0.331878 0.871355
vn 0.254526 0.445905 0.858129
vn 0.290725 0.393608 0.872096
vn 0.170737 0.484964 0.857706
vn 0.210027 0.440964 0.872605
vn 0.122087 0.472393 0.872891
vn 0.081091 0.508037 0.857510
vn 0.029931 0.486883 0.872954
vn -0.011321 0.514288 0.857543
vn -0.063288 0.483962 0.872797
vn -0.103300 0.503487 0.857805
vn -0.191661 0.476019 0.858296
vn -0.154391 0.463731 0.872420
vn -0.273352 0.432871 0.859012
vn -0.240263 0.426858 0.871818
vn -0.345566 0.375593 0.859950
vn -0.317954 0.374541 0.870990
vn -0.405853 0.306240 0.861104
vn -0.384775 0.308494 0.869931
vn -0.453369 0.228005 0.861667
vn -0.437771 0.232366 0.868540
vn -0.484591 0.142125 0.863118
vn -0.474419 0.146676 0.867994
vn -0.499440 0.052401 0.864762
vn -0.496504 0.054291 0.866335
vn -0.497556 -0.038025 0.866598
vn -0.501092 -0.041158 0.864415
vn -0.488890 -0.127707 0.862947
vn -0.477561 -0.134586 0.868229
vn -0.460327 -0.214130 0.861538
vn -0.440926 -0.222136 0.869620
vn -0.416255 -0.294252 0.860319
vn -0.388891 -0.300935 0.870748
vn -0.358029 -0.365228 0.859316
vn -0.287573 -0.424542 0.858525
vn -0.323352 -0.368356 0.871641
vn -0.207245 -0.470066 0.857955
vn -0.246641 -0.422208 0.872301
vn -0.119779 -0.500155 0.857612
vn -0.161459 -0.460734 0.872728
vn -0.028184 -0.513720 0.857495
vn -0.070737 -0.482675 0.872938
vn 0.064378 -0.510259 0.857608
vn 0.022417 -0.487341 0.872924
vn 0.154700 -0.489887 0.857950
vn 0.114817 -0.474579 0.872692
vn 0.239658 -0.453330 0.858519
vn 0.203310 -0.444828 0.872235
vn 0.316317 -0.401890 0.859318
vn 0.284868 -0.399044 0.871559
vn 0.382067 -0.337424 0.860331
vn 0.356686 -0.338758 0.870642
vn 0.434687 -0.262226 0.861560
vn 0.416232 -0.265931 0.869501
vn 0.472445 -0.178977 0.862997
vn 0.461413 -0.182959 0.868115
vn 0.493691 -0.093965 0.864546
vn 0.489874 -0.096236 0.866465
vn 0.501747 -0.008946 0.864968
vn 0.499984 -0.010364 0.865972
vn 0.865039 0.047726 -0.499430
vn 0.864117 -0.066342 -0.498899
vn 0.865039 -0.047726 -0.499430
vn 0.864118 0.066342 -0.498898
vn 0.864117 0.066342 -0.498899
vn 0.843863 0.197471 -0.498898
vn 0.843863 0.197472 -0.498898
vn 0.803830 0.323973 -0.498899
vn 0.744955 0.442880 -0.498899
vn 0.803830 0.323972 -0.498898
vn 0.864118 0.066342 -0.498898
vn 0.864117 0.066342 -0.498898
vn 0.744955 0.442880 -0.498899
vn 0.843863 0.197472 -0.498899
vn 0.843863 0.197472 -0.498898
vn 0.668619 0.551406 -0.498899
vn 0.668619 0.551406 -0.498899
vn 0.803830 0.323972 -0.498898
vn 0.803830 0.323972 -0.498898
vn 0.744955 0.442880 -0.498898
vn 0.864117 0.066342 -0.498899
vn 0.859898 0.066018 -0.506179
vn 0.856768 0.142969 -0.495489
vn 0.864118 0.066342 -0.498898
vn 0.576611 0.647008 -0.498899
vn 0.471089 0.727445 -0.498899
vn 0.576612 0.647008 -0.498898
vn 0.744955 0.442880 -0.498898
vn 0.668619 0.551406 -0.498899
vn 0.843863 0.197472 -0.498899
vn 0.838835 0.196295 -0.507764
vn 0.843863 0.197472 -0.498898
vn 0.835231 0.236181 -0.496596
vn 0.803830 0.323972 -0.498899
vn 0.471088 0.727445 -0.498899
vn 0.668619 0.551406 -0.498899
vn 0.800909 0.325301 -0.502716
vn 0.763119 0.412979 -0.497089
vn 0.801247 0.322932 -0.503704
vn 0.803830 0.323972 -0.498899
vn 0.354524 0.790831 -0.498899
vn 0.354524 0.790831 -0.498899
vn 0.576611 0.647008 -0.498898
vn 0.576612 0.647008 -0.498898
vn 0.471089 0.727445 -0.498898
vn 0.744955 0.442880 -0.498898
vn 0.668619 0.551406 -0.498898
vn 0.744955 0.442880 -0.498899
vn 0.713873 0.494988 -0.495350
vn 0.740616 0.440300 -0.507566
vn 0.229649 0.835680 -0.498898
vn 0.229649 0.835680 -0.498899
vn 0.471088 0.727445 -0.498898
vn 0.668619 0.551406 -0.498898
vn 0.653656 0.569269 -0.498664
vn 0.586436 0.637039 -0.500273
vn 0.665125 0.548524 -0.506686
vn 0.576611 0.647008 -0.498898
vn 0.099391 0.860942 -0.498898
vn -0.033195 0.866024 -0.498898
vn 0.099392 0.860942 -0.498898
vn 0.354524 0.790831 -0.498898
vn 0.354524 0.790831 -0.498898
vn 0.576612 0.647008 -0.498899
vn 0.514350 0.699799 -0.495706
vn 0.574028 0.644109 -0.505583
vn -0.033195 0.866024 -0.498898
vn 0.229649 0.835680 -0.498899
vn 0.229649 0.835680 -0.498898
vn 0.099392 0.860942 -0.498898
vn 0.471088 0.727445 -0.498899
vn 0.434110 0.751900 -0.496181
vn 0.468246 0.723056 -0.507873
vn 0.471088 0.727445 -0.498899
vn -0.165004 0.850808 -0.498899
vn -0.165004 0.850808 -0.498898
vn 0.099391 0.860942 -0.498898
vn 0.229649 0.835680 -0.498899
vn 0.354524 0.790831 -0.498898
vn 0.353189 0.787854 -0.504523
vn 0.347487 0.792192 -0.501682
vn 0.258924 0.827824 -0.497661
vn 0.354524 0.790831 -0.498899
vn -0.292946 0.815649 -0.498898
vn -0.292946 0.815649 -0.498899
vn -0.033195 0.866025 -0.498898
vn -0.033195 0.866025 -0.498898
vn 0.228356 0.830976 -0.507280
vn 0.166544 0.852614 -0.495291
vn 0.229649 0.835680 -0.498899
vn -0.414021 0.761372 -0.498898
vn -0.525392 0.689249 -0.498898
vn -0.414021 0.761372 -0.498898
vn -0.165004 0.850808 -0.498898
vn -0.165004 0.850808 -0.498898
vn -0.292946 0.815649 -0.498898
vn 0.099392 0.860942 -0.498899
vn 0.098844 0.856198 -0.507104
vn 0.071612 0.864229 -0.497976
vn -0.023844 0.865007 -0.501193
vn 0.099391 0.860942 -0.498899
vn -0.525392 0.689249 -0.498898
vn -0.292946 0.815649 -0.498899
vn -0.033062 0.862545 -0.504899
vn -0.165004 0.850808 -0.498899
vn -0.033195 0.866024 -0.498898
vn -0.119267 0.860091 -0.496003
vn -0.033196 0.866024 -0.498899
vn -0.624448 0.600971 -0.498898
vn -0.708867 0.498606 -0.498898
vn -0.624448 0.600971 -0.498898
vn -0.525392 0.689249 -0.498898
vn -0.414021 0.761372 -0.498899
vn -0.414021 0.761372 -0.498898
vn -0.165004 0.850808 -0.498898
vn -0.164006 0.845662 -0.507895
vn -0.213182 0.841838 -0.495845
vn -0.708867 0.498606 -0.498899
vn -0.525391 0.689249 -0.498898
vn -0.292946 0.815649 -0.498898
vn -0.291699 0.812177 -0.505252
vn -0.292946 0.815649 -0.498898
vn -0.303514 0.810651 -0.500724
vn -0.391479 0.773583 -0.498310
vn -0.776671 0.384554 -0.498899
vn -0.826271 0.261489 -0.498899
vn -0.776671 0.384555 -0.498899
vn -0.624448 0.600971 -0.498898
vn -0.624448 0.600971 -0.498899
vn -0.414021 0.761372 -0.498899
vn -0.414021 0.761372 -0.498898
vn -0.411795 0.757279 -0.506906
vn -0.475142 0.727260 -0.495311
vn -0.826271 0.261489 -0.498898
vn -0.708867 0.498606 -0.498899
vn -0.708867 0.498606 -0.498898
vn -0.525391 0.689249 -0.498899
vn -0.525391 0.689249 -0.498899
vn -0.522379 0.685297 -0.507434
vn -0.551517 0.669670 -0.497365
vn -0.619843 0.602993 -0.502189
vn -0.856504 0.132295 -0.498898
vn -0.856504 0.132295 -0.498898
vn -0.776671 0.384554 -0.498898
vn -0.776671 0.384555 -0.498898
vn -0.708867 0.498606 -0.498898
vn -0.624448 0.600971 -0.498898
vn -0.624448 0.600971 -0.498899
vn -0.622265 0.598870 -0.504125
vn -0.685058 0.533202 -0.496378
vn -0.866660 0.000000 -0.498898
vn -0.866660 -0.000000 -0.498898
vn -0.826271 0.261489 -0.498898
vn -0.826271 0.261489 -0.498898
vn -0.708867 0.498606 -0.498899
vn -0.704612 0.495613 -0.507829
vn -0.739941 0.454840 -0.495588
vn -0.856504 -0.132295 -0.498898
vn -0.856504 -0.132295 -0.498898
vn -0.856504 0.132295 -0.498899
vn -0.866660 0.000000 -0.498899
vn -0.856504 0.132295 -0.498898
vn -0.776671 0.384554 -0.498898
vn -0.826271 0.261489 -0.498899
vn -0.776671 0.384554 -0.498899
vn -0.783279 0.369638 -0.499842
vn -0.819627 0.281378 -0.499038
vn -0.773029 0.382751 -0.505892
vn -0.826271 -0.261489 -0.498899
vn -0.826271 -0.261489 -0.498898
vn -0.866660 -0.000000 -0.498899
vn -0.826271 0.261489 -0.498899
vn -0.847635 0.189960 -0.495410
vn -0.822088 0.260165 -0.506443
vn -0.776671 -0.384554 -0.498899
vn -0.776671 -0.384555 -0.498899
vn -0.856504 -0.132295 -0.498898
vn -0.856503 -0.132295 -0.498899
vn -0.856503 0.132295 -0.498899
vn -0.862579 0.095470 -0.496832
vn -0.856503 0.132295 -0.498899
vn -0.851451 0.131515 -0.507676
vn -0.708867 -0.498606 -0.498898
vn -0.708867 -0.498606 -0.498899
vn -0.826271 -0.261489 -0.498898
vn -0.776671 -0.384555 -0.498898
vn -0.826271 -0.261489 -0.498898
vn -0.866660 0.000000 -0.498899
vn -0.864134 0.000000 -0.503261
vn -0.862579 -0.095470 -0.496832
vn -0.864134 -0.000000 -0.503261
vn -0.866660 -0.000000 -0.498899
vn -0.624447 -0.600971 -0.498898
vn -0.624448 -0.600971 -0.498898
vn -0.776671 -0.384554 -0.498898
vn -0.851451 -0.131515 -0.507676
vn -0.856503 -0.132295 -0.498898
vn -0.847635 -0.189960 -0.495410
vn -0.826271 -0.261489 -0.498899
vn -0.856503 -0.132295 -0.498899
vn -0.525392 -0.689249 -0.498898
vn -0.525392 -0.689249 -0.498898
vn -0.708867 -0.498606 -0.498898
vn -0.708867 -0.498606 -0.498898
vn -0.826271 -0.261489 -0.498899
vn -0.822088 -0.260165 -0.506443
vn -0.819627 -0.281378 -0.499038
vn -0.783279 -0.369638 -0.499842
vn -0.414021 -0.761372 -0.498898
vn -0.292946 -0.815649 -0.498898
vn -0.414021 -0.761372 -0.498899
vn -0.525392 -0.689249 -0.498898
vn -0.624448 -0.600971 -0.498899
vn -0.624448 -0.600971 -0.498899
vn -0.776671 -0.384554 -0.498899
vn -0.776671 -0.384554 -0.498899
vn -0.773029 -0.382751 -0.505892
vn -0.739941 -0.454840 -0.495588
vn -0.292946 -0.815649 -0.498899
vn -0.165004 -0.850808 -0.498899
vn -0.525391 -0.689249 -0.498898
vn -0.708867 -0.498606 -0.498898
vn -0.708867 -0.498606 -0.498899
vn -0.704612 -0.495613 -0.507829
vn -0.685058 -0.533202 -0.496378
vn -0.165004 -0.850808 -0.498898
vn -0.414021 -0.761372 -0.498899
vn -0.414021 -0.761372 -0.498898
vn -0.624448 -0.600971 -0.498898
vn -0.624448 -0.600971 -0.498899
vn -0.622265 -0.598870 -0.504125
vn -0.619843 -0.602993 -0.502189
vn -0.551517 -0.669670 -0.497365
vn -0.033195 -0.866024 -0.498898
vn 0.099391 -0.860942 -0.498898
vn -0.033195 -0.866024 -0.498898
vn -0.292946 -0.815649 -0.498898
vn -0.292946 -0.815649 -0.498899
vn -0.165004 -0.850808 -0.498898
vn -0.525391 -0.689249 -0.498899
vn -0.414021 -0.761372 -0.498899
vn -0.522379 -0.685297 -0.507434
vn -0.475142 -0.727260 -0.495311
vn -0.525391 -0.689249 -0.498899
vn 0.099392 -0.860942 -0.498898
vn -0.165004 -0.850808 -0.498898
vn -0.414021 -0.761372 -0.498898
vn -0.411795 -0.757279 -0.506906
vn -0.391479 -0.773583 -0.498310
vn -0.303514 -0.810651 -0.500724
vn 0.229649 -0.835680 -0.498898
vn 0.229649 -0.835680 -0.498899
vn -0.033195 -0.866025 -0.498898
vn -0.033195 -0.866024 -0.498898
vn -0.292946 -0.815649 -0.498898
vn -0.292946 -0.815649 -0.498898
vn -0.291699 -0.812177 -0.505252
vn -0.213182 -0.841838 -0.495845
vn 0.354524 -0.790831 -0.498899
vn 0.354524 -0.790831 -0.498899
vn 0.471089 -0.727445 -0.498899
vn 0.099391 -0.860942 -0.498898
vn 0.229649 -0.835680 -0.498899
vn 0.099392 -0.860942 -0.498898
vn -0.164006 -0.845662 -0.507895
vn -0.165004 -0.850808 -0.498898
vn -0.119267 -0.860091 -0.496003
vn -0.165004 -0.850808 -0.498899
vn 0.576611 -0.647008 -0.498899
vn 0.471088 -0.727445 -0.498899
vn 0.229649 -0.835680 -0.498898
vn -0.033196 -0.866024 -0.498898
vn -0.033195 -0.866024 -0.498899
vn -0.023844 -0.865007 -0.501193
vn 0.071612 -0.864229 -0.497976
vn -0.033062 -0.862545 -0.504899
vn 0.576612 -0.647008 -0.498898
vn 0.354524 -0.790831 -0.498898
vn 0.471089 -0.727445 -0.498898
vn 0.354524 -0.790831 -0.498898
vn 0.098844 -0.856198 -0.507104
vn 0.099391 -0.860942 -0.498899
vn 0.099392 -0.860942 -0.498899
vn 0.166544 -0.852614 -0.495291
vn 0.229649 -0.835680 -0.498899
vn 0.668619 -0.551406 -0.498899
vn 0.668619 -0.551406 -0.498898
vn 0.471088 -0.727445 -0.498898
vn 0.576612 -0.647008 -0.498898
vn 0.229649 -0.835680 -0.498898
vn 0.228356 -0.830976 -0.507280
vn 0.258924 -0.827824 -0.497661
vn 0.347487 -0.792192 -0.501682
vn 0.744955 -0.442880 -0.498899
vn 0.744955 -0.442880 -0.498899
vn 0.803830 -0.323973 -0.498899
vn 0.576611 -0.647008 -0.498898
vn 0.353189 -0.787854 -0.504523
vn 0.471088 -0.727445 -0.498899
vn 0.434110 -0.751900 -0.496181
vn 0.354524 -0.790831 -0.498899
vn 0.354524 -0.790831 -0.498899
vn 0.803830 -0.323972 -0.498898
vn 0.843863 -0.197471 -0.498898
vn 0.668619 -0.551406 -0.498899
vn 0.668619 -0.551406 -0.498899
vn 0.471088 -0.727445 -0.498899
vn 0.576611 -0.647008 -0.498899
vn 0.468246 -0.723056 -0.507873
vn 0.514350 -0.699799 -0.495706
vn 0.843863 -0.197472 -0.498898
vn 0.864117 -0.066342 -0.498898
vn 0.744955 -0.442880 -0.498898
vn 0.744955 -0.442880 -0.498898
vn 0.574028 -0.644109 -0.505583
vn 0.576612 -0.647008 -0.498898
vn 0.586436 -0.637039 -0.500273
vn 0.653656 -0.569269 -0.498664
vn 0.803830 -0.323972 -0.498898
vn 0.803830 -0.323972 -0.498898
vn 0.668619 -0.551406 -0.498898
vn 0.668619 -0.551406 -0.498898
vn 0.665125 -0.548524 -0.506686
vn 0.713873 -0.494988 -0.495350
vn 0.843863 -0.197472 -0.498899
vn 0.864117 -0.066342 -0.498898
vn 0.864118 -0.066342 -0.498898
vn 0.843863 -0.197472 -0.498898
vn 0.744955 -0.442880 -0.498898
vn 0.744955 -0.442880 -0.498899
vn 0.740616 -0.440300 -0.507566
vn 0.763119 -0.412979 -0.497089
vn 0.800909 -0.325301 -0.502716
vn 0.803830 -0.323972 -0.498899
vn 0.803830 -0.323972 -0.498899
vn 0.801247 -0.322932 -0.503704
vn 0.835231 -0.236181 -0.496596
vn 0.856768 -0.142969 -0.495489
vn 0.859898 -0.066018 -0.506179
vn 0.843863 -0.197472 -0.498899
vn 0.864117 -0.066342 -0.498899
vn 0.838835 -0.196295 -0.507764
vn 0.843863 -0.197472 -0.498898
vn 0.864118 -0.066342 -0.498898
vn -0.997066 -0.076549 -0.000000
vn -0.997066 -0.076549 0.000000
vn -0.973695 -0.227853 -0.000000
vn -0.973695 -0.227853 0.000000
vn -0.927502 -0.373817 -0.000000
vn -0.859570 -0.511019 -0.000000
vn -0.927502 -0.373817 0.000000
vn -0.771489 -0.636242 -0.000000
vn -0.859570 -0.511019 -0.000000
vn -0.771489 -0.636242 -0.000000
vn -0.665326 -0.746553 -0.000000
vn -0.665326 -0.746553 0.000000
vn -0.543568 -0.839365 -0.000000
vn -0.409069 -0.912504 -0.000000
vn -0.543568 -0.839365 0.000000
vn -0.409069 -0.912504 -0.000000
vn -0.264982 -0.964253 -0.000000
vn -0.114683 -0.993402 -0.000000
vn -0.264982 -0.964253 0.000000
vn -0.114683 -0.993402 -0.000000
vn 0.038303 -0.999266 0.000000
vn 0.038303 -0.999266 0.000000
vn 0.190391 -0.981708 0.000000
vn 0.190391 -0.981708 0.000000
vn 0.338017 -0.941140 0.000000
vn 0.338017 -0.941140 0.000000
vn 0.477720 -0.878512 0.000000
vn 0.477720 -0.878512 0.000000
vn 0.606225 -0.795293 0.000000
vn 0.606225 -0.795293 0.000000
vn 0.720521 -0.693433 0.000000
vn 0.720521 -0.693433 0.000000
vn 0.817929 -0.575319 0.000000
vn 0.817929 -0.575319 0.000000
vn 0.896166 -0.443720 0.000000
vn 0.896166 -0.443720 0.000000
vn 0.953396 -0.301721 0.000000
vn 0.953396 -0.301721 0.000000
vn 0.988280 -0.152649 0.000000
vn 0.988280 -0.152649 0.000000
vn 1.000000 0.000000 0.000000
vn 0.988280 0.152649 0.000000
vn 1.000000 0.000000 0.000000
vn 0.988280 0.152649 0.000000
vn 0.953396 0.301721 0.000000
vn 0.953396 0.301721 0.000000
vn 0.896166 0.443720 0.000000
vn 0.896166 0.443720 0.000000
vn 0.817929 0.575319 0.000000
vn 0.817929 0.575319 0.000000
vn 0.720521 0.693433 0.000000
vn 0.720521 0.693433 0.000000
vn 0.606225 0.795293 0.000000
vn 0.606225 0.795293 0.000000
vn 0.477720 0.878512 0.000000
vn 0.477720 0.878512 0.000000
vn 0.338017 0.941140 0.000000
vn 0.338017 0.941140 0.000000
vn 0.190391 0.981708 0.000000
vn 0.190391 0.981708 0.000000
vn 0.038303 0.999266 0.000000
vn 0.038303 0.999266 0.000000
vn -0.114683 0.993402 0.000000
vn -0.114683 0.993402 0.000000
vn -0.264982 0.964253 0.000000
vn -0.264982 0.964253 0.000000
vn -0.409069 0.912504 0.000000
vn -0.409069 0.912504 0.000000
vn -0.543568 0.839365 0.000000
vn -0.543568 0.839365 0.000000
vn -0.665326 0.746553 0.000000
vn -0.665326 0.746553 0.000000
vn -0.771489 0.636242 0.000000
vn -0.771489 0.636242 0.000000
vn -0.859570 0.511019 0.000000
vn -0.859570 0.511019 0.000000
vn -0.927502 0.373817 0.000000
vn -0.927502 0.373817 0.000000
vn -0.973695 0.227853 0.000000
vn -0.973695 0.227853 0.000000
vn -0.997066 0.076549 -0.000000
vn -0.997066 0.076549 0.000000
vn 0.000000 0.000000 1.000000
vn 0.000000 0.000000 1.000000
vn 0.000000 -0.000000 1.000000
vn 0.000000 0.000000 1.000000
vn -0.000000 0.000000 1.000000
vn 0.000000 0.000000 1.000000
vn 0.000000 0.000000 1.000000
vn 0.000000 -0.000000 1.000000
vn 0.000000 0.000000 1.000000
vn -0.000000 0.000000 1.000000
vn 0.000000 0.000000 1.000000
vn 0.000000 0.000000 1.000000
vn 0.000000 0.000000 1.000000
vn 0.000000 -0.000000 1.000000
vn -0.000000 0.000000 1.000000
vn 0.000000 0.000000 1.000000
vn 0.000000 -0.000000 1.000000
vn 0.000000 0.000000 1.000000
vn -0.000000 0.000000 1.000000
vn 0.000000 0.000000 1.000000
vn -0.000000 0.000000 1.000000
vn 0.000000 0.000000 1.000000
vn 0.000000 -0.000000 1.000000
vn 0.000000 -0.000000 1.000000
vn 0.000000 0.000000 1.000000
vn -0.000000 0.000000 1.000000
vn -0.000000 0.000000 1.000000
vn 0.000000 0.000000 1.000000
vn 0.000000 -0.000000 1.000000
vn 0.000000 0.000000 1.000000
vn -0.000000 0.000000 1.000000
vn 0.000000 0.000000 1.000000
vn 0.000000 0.000000 1.000000
vn 0.000000 0.000000 1.000000
vn 0.000000 -0.000000 1.000000
vn 0.000000 0.000000 1.000000
vn 0.000000 0.000000 1.000000
vn -0.000000 0.000000 1.000000
vn 0.000000 0.000000 1.000000
vn 0.000000 -0.000000 1.000000
vn 0.000000 0.000000 1.000000
vn -0.000000 0.000000 1.000000
vn 0.000000 0.000000 1.000000
vn 0.000000 -0.000000 1.000000
vn 0.000000 0.000000 1.000000
vn -0.000000 0.000000 1.000000
vn 0.000000 -0.000000 1.000000
vn -0.000000 0.000000 1.000000
vn -0.000000 0.000000 1.000000
vn 0.000000 -0.000000 1.000000
vn -0.000000 0.000000 1.000000
vn 0.000000 0.000000 1.000000
vn 0.000000 -0.000000 1.000000
vn 0.000000 0.000000 1.000000
vn -0.000000 0.000000 1.000000
vn 0.000000 0.000000 1.000000
vn 0.000000 0.000000 1.000000
vn 0.000000 -0.000000 1.000000
vn -0.000000 0.000000 1.000000
vn 0.000000 -0.000000 1.000000
vn -0.000000 0.000000 1.000000
vn 0.000000 0.000000 1.000000
vn 0.000000 -0.000000 1.000000
vn 0.000000 0.000000 1.000000
vn -0.000000 0.000000 1.000000
vn 0.000000 0.000000 1.000000
vn 0.000000 -0.000000 1.000000
vn 0.000000 0.000000 1.000000
vn -0.000000 0.000000 1.000000
vn 0.000000 0.000000 1.000000
vn 0.000000 -0.000000 1.000000
vn 0.000000 0.000000 1.000000
vn 0.000000 0.000000 1.000000
vn 0.000000 0.000000 1.000000
vn 0.000000 0.000000 1.000000
vn 0.000000 -0.000000 1.000000
vn 0.000000 0.000000 1.000000
vn -0.000000 0.000000 1.000000
vn 0.000000 0.000000 1.000000
vn 0.000000 -0.000000 1.000000
vn 0.000000 0.000000 1.000000
vn -0.000000 0.000000 1.000000
vn 0.000000 -0.000000 1.000000
vn 0.000000 0.000000 1.000000
vn -0.000000 0.000000 1.000000
vn 0.000000 -0.000000 1.000000
vn 0.000000 0.000000 1.000000
vn -0.000000 0.000000 1.000000
vn 0.000000 -0.000000 1.000000
vn 0.000000 0.000000 1.000000
vn 0.000000 0.000000 1.000000
vn -0.000000 0.000000 1.000000
vn 0.000000 0.000000 1.000000
vn 0.000000 -0.000000 1.000000
vn 0.000000 0.000000 1.000000
vn -0.000000 0.000000 1.000000
vn -0.000000 0.000000 1.000000
vn 0.000000 -0.000000 1.000000
f 1//1 2//1 3//1
f 1//2 3//2 4//2
f 5//3 6//3 2//3
f 5//4 2//4 1//4
f 7//5 4//5 8//5
f 7//6 1//6 4//6
f 9//7 10//7 6//7
f 9//8 6//8 5//8
f 11//9 8//9 12//9
f 11//10 7//10 8//10
f 13//11 14//11 10//11
f 13//12 10//12 9//12
f 15//13 12//13 16//13
f 15//14 11//14 12//14
f 17//15 18//15 19//15
f 17//16 19//16 14//16
f 17//17 14//17 13//17
f 20//18 16//18 21//18
f 20//19 21//19 22//19
f 20//20 15//20 16//20
f 23//21 24//21 18//21
f 23//22 18//22 17//22
f 25//23 20//23 22//23
f 25//24 22//24 26//24
f 27//25 24//25 23//25
f 27//26 28//26 24//26
f 29//27 26//27 30//27
f 29//28 25//28 26//28
f 31//29 28//29 27//29
f 31//30 32//30 28//30
f 33//31 29//31 30//31
f 33//32 30//32 34//32
f 33//33 34//33 35//33
f 36//34 32//34 31//34
f 36//35 37//35 38//35
f 36//36 38//36 32//36
f 39//37 35//37 40//37
f 39//38 33//38 35//38
f 41//39 37//39 36//39
f 41//40 42//40 37//40
f 43//41 39//41 40//41
f 43//42 40//42 44//42
f 45//43 42//43 41//43
f 45//44 46//44 42//44
f 47//45 43//45 44//45
f 47//46 44//46 48//46
f 49//47 50//47 51//47
f 49//48 51//48 46//48
f 49//49 46//49 45//49
f 52//50 47//50 48//50
f 52//51 48//51 53//51
f 52//52 53//52 54//52
f 55//53 56//53 50//53
f 55//54 50//54 49//54
f 57//55 52//55 54//55
f 57//56 54//56 58//56
f 59//57 60//57 56//57
f 59//58 56//58 55//58
f 61//59 57//59 58//59
f 61//60 58//60 62//60
f 63//61 64//61 60//61
f 63//62 60//62 59//62
f 65//63 61//63 62//63
f 65//64 62//64 66//64
f 67//65 64//65 63//65
f 68//66 64//66 67//66
f 69//67 65//67 66//67
f 70//68 69//68 66//68
f 71//69 68//69 67//69
f 71//70 67//70 72//70
f 73//71 74//71 69//71
f 73//72 69//72 70//72
f 75//73 71//73 72//73
f 75//74 72//74 76//74
f 77//75 78//75 74//75
f 77//76 74//76 73//76
f 79//77 75//77 76//77
f 79//78 76//78 80//78
f 81//79 82//79 78//79
f 81//80 78//80 77//80
f 83//81 80//81 84//81
f 83//82 79//82 80//82
f 85//83 82//83 81//83
f 86//84 83//84 84//84
f 87//85 82//85 85//85
f 87//86 88//86 82//86
f 89//87 86//87 84//87
f 89//88 84//88 90//88
f 91//89 88//89 87//89
f 91//90 92//90 88//90
f 93//91 89//91 90//91
f 93//92 90//92 94//92
f 95//93 92//93 91//93
f 95//94 96//94 92//94
f 97//95 93//95 94//95
f 97//96 94//96 98//96
f 99//97 100//97 96//97
f 99//98 96//98 95//98
f 101//99 97//99 98//99
f 102//100 100//100 99//100
f 103//101 101//101 98//101
f 103//102 98//102 104//102
f 105//103 100//103 102//103
f 105//104 106//104 100//104
f 107//105 103//105 104//105
f 107//106 104//106 108//106
f 109//107 106//107 105//107
f 109//108 110//108 106//108
f 111//109 107//109 108//109
f 111//110 108//110 112//110
f 113//111 114//111 110//111
f 113//112 110//112 109//112
f 115//113 111//113 112//113
f 115//114 112//114 116//114
f 117//115 114//115 113//115
f 117//116 118//116 114//116
f 119//117 115//117 116//117
f 120//118 118//118 117//118
f 121//119 119//119 116//119
f 121//120 116//120 122//120
f 123//121 118//121 120//121
f 123//122 124//122 118//122
f 125//123 122//123 126//123
f 125//124 121//124 122//124
f 127//125 128//125 124//125
f 127//126 124//126 123//126
f 129//127 126//127 130//127
f 129//128 125//128 126//128
f 131//129 132//129 128//129
f 131//130 128//130 127//130
f 133//131 130//131 132//131
f 133//132 129//132 130//132
f 134//133 133//133 132//133
f 134//134 132//134 131//134
f 135//135 136//135 137//135
f 135//136 138//136 136//136
f 102//137 139//137 105//137
f 140//138 139//138 102//138
f 141//139 142//139 140//139
f 139//140 142//140 105//140
f 140//141 142//141 139//141
f 141//142 143//142 142//142
f 144//143 143//143 141//143
f 145//144 146//144 144//144
f 144//145 146//145 143//145
f 137//146 147//146 145//146
f 145//147 147//147 146//147
f 137//148 148//148 147//148
f 136//149 148//149 137//149
f 138//150 148//150 136//150
f 149//151 148//151 138//151
f 105//152 150//152 109//152
f 142//153 151//153 105//153
f 105//154 151//154 150//154
f 150//155 151//155 109//155
f 142//156 152//156 151//156
f 143//157 152//157 142//157
f 143//158 153//158 152//158
f 146//159 153//159 143//159
f 147//160 154//160 146//160
f 146//161 154//161 153//161
f 148//162 155//162 147//162
f 149//163 155//163 148//163
f 156//164 155//164 149//164
f 147//165 155//165 154//165
f 109//166 157//166 113//166
f 151//167 158//167 109//167
f 109//168 158//168 157//168
f 157//169 158//169 113//169
f 152//170 158//170 151//170
f 158//171 159//171 113//171
f 152//172 159//172 158//172
f 153//173 160//173 152//173
f 152//174 160//174 159//174
f 155//175 161//175 154//175
f 153//176 161//176 160//176
f 154//177 161//177 153//177
f 156//178 162//178 155//178
f 155//179 162//179 161//179
f 163//180 162//180 156//180
f 113//181 164//181 117//181
f 113//182 165//182 164//182
f 164//183 165//183 117//183
f 165//184 166//184 117//184
f 113//185 166//185 165//185
f 159//186 166//186 113//186
f 160//187 167//187 159//187
f 159//188 167//188 166//188
f 161//189 168//189 160//189
f 160//190 168//190 167//190
f 162//191 169//191 161//191
f 161//192 169//192 168//192
f 163//193 169//193 162//193
f 170//194 169//194 163//194
f 117//195 171//195 120//195
f 117//196 172//196 171//196
f 171//197 172//197 120//197
f 117//198 173//198 172//198
f 166//199 173//199 117//199
f 172//200 173//200 120//200
f 166//201 174//201 173//201
f 167//202 174//202 166//202
f 168//203 174//203 167//203
f 168//204 175//204 174//204
f 169//205 176//205 168//205
f 168//206 176//206 175//206
f 177//207 176//207 170//207
f 170//208 176//208 169//208
f 120//209 178//209 123//209
f 120//210 179//210 178//210
f 178//211 179//211 123//211
f 179//212 180//212 123//212
f 120//213 180//213 179//213
f 173//214 180//214 120//214
f 175//215 181//215 174//215
f 180//216 181//216 123//216
f 173//217 181//217 180//217
f 174//218 181//218 173//218
f 175//219 182//219 181//219
f 175//220 183//220 182//220
f 184//221 183//221 177//221
f 177//222 183//222 176//222
f 176//223 183//223 175//223
f 123//224 185//224 127//224
f 123//225 186//225 185//225
f 185//226 186//226 127//226
f 181//227 187//227 123//227
f 186//228 187//228 127//228
f 123//229 187//229 186//229
f 181//230 188//230 187//230
f 182//231 188//231 181//231
f 184//232 189//232 183//232
f 182//233 189//233 188//233
f 190//234 189//234 184//234
f 183//235 189//235 182//235
f 127//236 191//236 131//236
f 127//237 192//237 191//237
f 191//238 192//238 131//238
f 187//239 193//239 127//239
f 192//240 193//240 131//240
f 127//241 193//241 192//241
f 188//242 194//242 187//242
f 187//243 194//243 193//243
f 188//244 195//244 194//244
f 189//245 195//245 188//245
f 190//246 195//246 189//246
f 196//247 195//247 190//247
f 131//248 197//248 134//248
f 197//249 198//249 134//249
f 131//250 198//250 197//250
f 193//251 199//251 131//251
f 131//252 199//252 198//252
f 198//253 199//253 134//253
f 194//254 200//254 193//254
f 193//255 200//255 199//255
f 195//256 200//256 194//256
f 195//257 201//257 200//257
f 202//258 201//258 196//258
f 196//259 201//259 195//259
f 134//260 203//260 133//260
f 134//261 204//261 203//261
f 203//262 204//262 133//262
f 134//263 205//263 204//263
f 199//264 205//264 134//264
f 204//265 205//265 133//265
f 200//266 205//266 199//266
f 205//267 206//267 133//267
f 200//268 206//268 205//268
f 201//269 206//269 200//269
f 201//270 207//270 206//270
f 202//271 207//271 201//271
f 208//272 207//272 202//272
f 133//273 209//273 129//273
f 209//274 210//274 129//274
f 133//275 210//275 209//275
f 210//276 211//276 129//276
f 133//277 211//277 210//277
f 207//278 212//278 206//278
f 211//279 212//279 129//279
f 206//280 212//280 133//280
f 133//281 212//281 211//281
f 208//282 213//282 207//282
f 214//283 213//283 208//283
f 215//284 213//284 214//284
f 207//285 213//285 212//285
f 129//286 216//286 125//286
f 129//287 217//287 216//287
f 216//288 217//288 125//288
f 129//289 218//289 217//289
f 217//290 218//290 125//290
f 213//291 219//291 212//291
f 218//292 219//292 125//292
f 129//293 219//293 218//293
f 212//294 219//294 129//294
f 215//295 220//295 213//295
f 213//296 220//296 219//296
f 125//297 221//297 121//297
f 125//298 222//298 221//298
f 221//299 222//299 121//299
f 222//300 223//300 121//300
f 125//301 223//301 222//301
f 219//302 224//302 125//302
f 125//303 224//303 223//303
f 223//304 224//304 121//304
f 215//305 225//305 220//305
f 220//306 225//306 219//306
f 219//307 225//307 224//307
f 226//308 225//308 215//308
f 227//309 225//309 226//309
f 121//310 228//310 119//310
f 121//311 229//311 228//311
f 228//312 229//312 119//312
f 121//313 230//313 229//313
f 229//314 230//314 119//314
f 224//315 231//315 121//315
f 121//316 231//316 230//316
f 225//317 231//317 224//317
f 230//318 231//318 119//318
f 227//319 232//319 225//319
f 225//320 232//320 231//320
f 119//321 233//321 115//321
f 119//322 234//322 233//322
f 233//323 234//323 115//323
f 119//324 235//324 234//324
f 234//325 235//325 115//325
f 231//326 236//326 119//326
f 235//327 236//327 115//327
f 119//328 236//328 235//328
f 231//329 237//329 236//329
f 227//330 237//330 232//330
f 232//331 237//331 231//331
f 238//332 237//332 227//332
f 115//333 239//333 111//333
f 115//334 240//334 239//334
f 239//335 240//335 111//335
f 115//336 241//336 240//336
f 240//337 241//337 111//337
f 236//338 242//338 115//338
f 237//339 242//339 236//339
f 241//340 242//340 111//340
f 115//341 242//341 241//341
f 238//342 243//342 237//342
f 237//343 243//343 242//343
f 244//344 243//344 238//344
f 111//345 245//345 107//345
f 111//346 246//346 245//346
f 245//347 246//347 107//347
f 111//348 247//348 246//348
f 246//349 247//349 107//349
f 242//350 248//350 111//350
f 111//351 248//351 247//351
f 247//352 248//352 107//352
f 248//353 249//353 107//353
f 243//354 249//354 242//354
f 244//355 249//355 243//355
f 242//356 249//356 248//356
f 250//357 249//357 244//357
f 251//358 249//358 250//358
f 107//359 252//359 103//359
f 107//360 253//360 252//360
f 252//361 253//361 103//361
f 107//362 254//362 253//362
f 253//363 254//363 103//363
f 255//364 256//364 251//364
f 107//365 256//365 254//365
f 254//366 256//366 103//366
f 249//367 256//367 107//367
f 251//368 256//368 249//368
f 103//369 257//369 101//369
f 103//370 258//370 257//370
f 257//371 258//371 101//371
f 103//372 259//372 258//372
f 258//373 259//373 101//373
f 260//374 261//374 255//374
f 256//375 261//375 103//375
f 103//376 261//376 259//376
f 259//377 261//377 101//377
f 255//378 261//378 256//378
f 101//379 262//379 97//379
f 101//380 263//380 262//380
f 262//381 264//381 97//381
f 101//382 265//382 263//382
f 262//383 266//383 264//383
f 261//384 267//384 101//384
f 101//385 267//385 265//385
f 260//386 267//386 261//386
f 262//387 268//387 266//387
f 263//388 269//388 262//388
f 262//389 269//389 268//389
f 265//390 270//390 263//390
f 263//391 270//391 269//391
f 271//392 272//392 260//392
f 260//393 272//393 267//393
f 267//394 272//394 265//394
f 265//395 272//395 270//395
f 97//396 273//396 93//396
f 264//397 273//397 97//397
f 264//398 274//398 273//398
f 266//399 274//399 264//399
f 266//400 275//400 274//400
f 268//401 275//401 266//401
f 269//402 276//402 268//402
f 268//403 276//403 275//403
f 273//404 277//404 93//404
f 274//405 277//405 273//405
f 269//406 278//406 276//406
f 270//407 278//407 269//407
f 274//408 279//408 277//408
f 271//409 280//409 272//409
f 272//410 280//410 270//410
f 270//411 280//411 278//411
f 275//412 281//412 274//412
f 276//413 281//413 275//413
f 274//414 281//414 279//414
f 278//415 282//415 276//415
f 276//416 282//416 281//416
f 278//417 283//417 282//417
f 284//418 285//418 271//418
f 271//419 285//419 280//419
f 280//420 285//420 278//420
f 278//421 285//421 283//421
f 93//422 286//422 89//422
f 277//423 286//423 93//423
f 279//424 286//424 277//424
f 279//425 287//425 286//425
f 281//426 288//426 279//426
f 279//427 288//427 287//427
f 281//428 289//428 288//428
f 282//429 289//429 281//429
f 283//430 289//430 282//430
f 286//431 290//431 89//431
f 283//432 291//432 289//432
f 286//433 292//433 290//433
f 287//434 292//434 286//434
f 284//435 293//435 285//435
f 285//436 293//436 283//436
f 283//437 293//437 291//437
f 287//438 294//438 292//438
f 288//439 294//439 287//439
f 288//440 295//440 294//440
f 289//441 295//441 288//441
f 291//442 296//442 289//442
f 289//443 296//443 295//443
f 297//444 298//444 284//444
f 293//445 298//445 291//445
f 291//446 298//446 296//446
f 284//447 298//447 293//447
f 89//448 299//448 86//448
f 290//449 299//449 89//449
f 292//450 299//450 290//450
f 292//451 300//451 299//451
f 294//452 301//452 292//452
f 292//453 301//453 300//453
f 296//454 302//454 295//454
f 294//455 302//455 301//455
f 295//456 302//456 294//456
f 296//457 303//457 302//457
f 299//458 304//458 86//458
f 300//459 304//459 299//459
f 297//460 305//460 298//460
f 298//461 305//461 296//461
f 296//462 305//462 303//462
f 300//463 306//463 304//463
f 301//464 307//464 300//464
f 302//465 307//465 301//465
f 300//466 307//466 306//466
f 302//467 308//467 307//467
f 303//468 309//468 302//468
f 302//469 309//469 308//469
f 310//470 311//470 297//470
f 297//471 311//471 305//471
f 305//472 311//472 303//472
f 303//473 311//473 309//473
f 86//474 312//474 83//474
f 304//475 312//475 86//475
f 306//476 312//476 304//476
f 306//477 313//477 312//477
f 307//478 314//478 306//478
f 306//479 314//479 313//479
f 308//480 315//480 307//480
f 309//481 315//481 308//481
f 307//482 315//482 314//482
f 311//483 316//483 309//483
f 309//484 316//484 315//484
f 312//485 317//485 83//485
f 311//486 318//486 316//486
f 310//487 318//487 311//487
f 313//488 319//488 312//488
f 312//489 319//489 317//489
f 314//490 320//490 313//490
f 313//491 320//491 319//491
f 315//492 321//492 314//492
f 314//493 321//493 320//493
f 316//494 322//494 315//494
f 315//495 322//495 321//495
f 323//496 324//496 310//496
f 318//497 324//497 316//497
f 310//498 324//498 318//498
f 316//499 324//499 322//499
f 83//500 325//500 79//500
f 317//501 325//501 83//501
f 317//502 326//502 325//502
f 319//503 326//503 317//503
f 320//504 327//504 319//504
f 319//505 327//505 326//505
f 321//506 328//506 320//506
f 320//507 328//507 327//507
f 321//508 329//508 328//508
f 322//509 329//509 321//509
f 325//510 330//510 79//510
f 322//511 331//511 329//511
f 323//512 331//512 324//512
f 324//513 331//513 322//513
f 325//514 332//514 330//514
f 326//515 332//515 325//515
f 326//516 333//516 332//516
f 327//517 333//517 326//517
f 328//518 334//518 327//518
f 329//519 334//519 328//519
f 327//520 334//520 333//520
f 329//521 335//521 334//521
f 331//522 336//522 329//522
f 329//523 336//523 335//523
f 337//524 336//524 323//524
f 323//525 336//525 331//525
f 79//526 338//526 75//526
f 330//527 338//527 79//527
f 332//528 339//528 330//528
f 330//529 339//529 338//529
f 332//530 340//530 339//530
f 333//531 340//531 332//531
f 334//532 341//532 333//532
f 333//533 341//533 340//533
f 335//534 342//534 334//534
f 334//535 342//535 341//535
f 338//536 343//536 75//536
f 336//537 344//537 335//537
f 337//538 344//538 336//538
f 335//539 344//539 342//539
f 339//540 345//540 338//540
f 338//541 345//541 343//541
f 340//542 346//542 339//542
f 339//543 346//543 345//543
f 341//544 347//544 340//544
f 340//545 347//545 346//545
f 342//546 348//546 341//546
f 341//547 348//547 347//547
f 349//548 350//548 337//548
f 337//549 350//549 344//549
f 344//550 350//550 342//550
f 342//551 350//551 348//551
f 75//552 351//552 71//552
f 343//553 351//553 75//553
f 345//554 352//554 343//554
f 343//555 352//555 351//555
f 346//556 352//556 345//556
f 346//557 353//557 352//557
f 347//558 354//558 346//558
f 348//559 354//559 347//559
f 346//560 354//560 353//560
f 348//561 355//561 354//561
f 351//562 356//562 71//562
f 349//563 357//563 350//563
f 350//564 357//564 348//564
f 348//565 357//565 355//565
f 352//566 358//566 351//566
f 353//567 358//567 352//567
f 351//568 358//568 356//568
f 353//569 359//569 358//569
f 354//570 360//570 353//570
f 353//571 360//571 359//571
f 355//572 361//572 354//572
f 357//573 361//573 355//573
f 354//574 361//574 360//574
f 362//575 363//575 349//575
f 349//576 363//576 357//576
f 357//577 363//577 361//577
f 71//578 364//578 68//578
f 356//579 364//579 71//579
f 358//580 364//580 356//580
f 359//581 364//581 358//581
f 360//582 365//582 359//582
f 359//583 365//583 364//583
f 360//584 366//584 365//584
f 361//585 366//585 360//585
f 364//586 367//586 68//586
f 361//587 368//587 366//587
f 362//588 368//588 363//588
f 363//589 368//589 361//589
f 364//590 369//590 367//590
f 365//591 370//591 364//591
f 364//592 370//592 369//592
f 365//593 371//593 370//593
f 366//594 371//594 365//594
f 366//595 372//595 371//595
f 368//596 373//596 366//596
f 374//597 373//597 362//597
f 362//598 373//598 368//598
f 366//599 373//599 372//599
f 369//600 375//600 367//600
f 367//601 375//601 68//601
f 370//602 375//602 369//602
f 68//603 375//603 64//603
f 370//604 376//604 375//604
f 371//605 376//605 370//605
f 372//606 377//606 371//606
f 371//607 377//607 376//607
f 374//608 378//608 373//608
f 373//609 378//609 372//609
f 372//610 378//610 377//610
f 375//611 379//611 64//611
f 375//612 380//612 379//612
f 375//613 381//613 380//613
f 376//614 382//614 375//614
f 375//615 382//615 381//615
f 377//616 383//616 376//616
f 376//617 383//617 382//617
f 384//618 385//618 374//618
f 374//619 385//619 378//619
f 378//620 385//620 377//620
f 377//621 385//621 383//621
f 64//622 386//622 60//622
f 380//623 386//623 379//623
f 381//624 386//624 380//624
f 379//625 386//625 64//625
f 382//626 387//626 381//626
f 383//627 387//627 382//627
f 381//628 387//628 386//628
f 383//629 388//629 387//629
f 384//630 389//630 385//630
f 385//631 389//631 383//631
f 383//632 389//632 388//632
f 386//633 390//633 60//633
f 386//634 391//634 390//634
f 386//635 392//635 391//635
f 387//636 393//636 386//636
f 386//637 393//637 392//637
f 388//638 394//638 387//638
f 387//639 394//639 393//639
f 395//640 396//640 384//640
f 384//641 396//641 389//641
f 389//642 396//642 388//642
f 388//643 396//643 394//643
f 60//644 397//644 56//644
f 390//645 397//645 60//645
f 391//646 397//646 390//646
f 392//647 397//647 391//647
f 393//648 398//648 392//648
f 392//649 398//649 397//649
f 394//650 399//650 393//650
f 393//651 399//651 398//651
f 395//652 400//652 396//652
f 396//653 400//653 394//653
f 394//654 400//654 399//654
f 397//655 401//655 56//655
f 397//656 402//656 401//656
f 397//657 403//657 402//657
f 397//658 404//658 403//658
f 398//659 404//659 397//659
f 398//660 405//660 404//660
f 399//661 405//661 398//661
f 399//662 406//662 405//662
f 407//663 406//663 395//663
f 395//664 406//664 400//664
f 400//665 406//665 399//665
f 401//666 408//666 56//666
f 56//667 408//667 50//667
f 402//668 408//668 401//668
f 403//669 408//669 402//669
f 404//670 409//670 403//670
f 403//671 409//671 408//671
f 405//672 410//672 404//672
f 404//673 410//673 409//673
f 406//674 411//674 405//674
f 407//675 411//675 406//675
f 405//676 411//676 410//676
f 408//677 412//677 50//677
f 408//678 413//678 412//678
f 408//679 414//679 413//679
f 409//680 415//680 408//680
f 408//681 415//681 414//681
f 410//682 416//682 409//682
f 411//683 416//683 410//683
f 409//684 416//684 415//684
f 417//685 418//685 407//685
f 407//686 418//686 411//686
f 411//687 418//687 416//687
f 412//688 419//688 50//688
f 413//689 419//689 412//689
f 414//690 419//690 413//690
f 50//691 419//691 51//691
f 415//692 420//692 414//692
f 416//693 420//693 415//693
f 414//694 420//694 419//694
f 416//695 421//695 420//695
f 417//696 422//696 418//696
f 418//697 422//697 416//697
f 416//698 422//698 421//698
f 419//699 423//699 51//699
f 419//700 424//700 423//700
f 419//701 425//701 424//701
f 420//702 426//702 419//702
f 421//703 426//703 420//703
f 419//704 426//704 425//704
f 421//705 427//705 426//705
f 428//706 429//706 417//706
f 417//707 429//707 422//707
f 422//708 429//708 421//708
f 421//709 429//709 427//709
f 51//710 430//710 46//710
f 423//711 430//711 51//711
f 424//712 430//712 423//712
f 425//713 430//713 424//713
f 426//714 431//714 425//714
f 425//715 431//715 430//715
f 427//716 432//716 426//716
f 426//717 432//717 431//717
f 428//718 433//718 429//718
f 429//719 433//719 427//719
f 427//720 433//720 432//720
f 430//721 434//721 46//721
f 430//722 435//722 434//722
f 430//723 436//723 435//723
f 431//724 437//724 430//724
f 432//725 437//725 431//725
f 430//726 437//726 436//726
f 432//727 438//727 437//727
f 432//728 439//728 438//728
f 440//729 439//729 428//729
f 428//730 439//730 433//730
f 433//731 439//731 432//731
f 46//732 441//732 42//732
f 434//733 441//733 46//733
f 435//734 441//734 434//734
f 436//735 441//735 435//735
f 436//736 442//736 441//736
f 437//737 442//737 436//737
f 438//738 443//738 437//738
f 437//739 443//739 442//739
f 439//740 444//740 438//740
f 440//741 444//741 439//741
f 438//742 444//742 443//742
f 441//743 445//743 42//743
f 441//744 446//744 445//744
f 441//745 447//745 446//745
f 442//746 448//746 441//746
f 441//747 448//747 447//747
f 442//748 449//748 448//748
f 443//749 449//749 442//749
f 443//750 450//750 449//750
f 440//751 450//751 444//751
f 444//752 450//752 443//752
f 451//753 450//753 440//753
f 445//754 452//754 42//754
f 446//755 452//755 445//755
f 447//756 452//756 446//756
f 42//757 452//757 37//757
f 447//758 453//758 452//758
f 449//759 453//759 448//759
f 448//760 453//760 447//760
f 449//761 454//761 453//761
f 450//762 455//762 449//762
f 451//763 455//763 450//763
f 449//764 455//764 454//764
f 452//765 456//765 37//765
f 452//766 457//766 456//766
f 452//767 458//767 457//767
f 453//768 459//768 452//768
f 454//769 459//769 453//769
f 452//770 459//770 458//770
f 454//771 460//771 459//771
f 461//772 462//772 451//772
f 451//773 462//773 455//773
f 455//774 462//774 454//774
f 454//775 462//775 460//775
f 456//776 463//776 37//776
f 37//777 463//777 38//777
f 457//778 463//778 456//778
f 458//779 463//779 457//779
f 459//780 464//780 458//780
f 458//781 464//781 463//781
f 460//782 465//782 459//782
f 459//783 465//783 464//783
f 461//784 466//784 462//784
f 462//785 466//785 460//785
f 460//786 466//786 465//786
f 463//787 467//787 38//787
f 463//788 468//788 467//788
f 463//789 469//789 468//789
f 464//790 470//790 463//790
f 463//791 470//791 469//791
f 465//792 471//792 464//792
f 464//793 471//793 470//793
f 472//794 473//794 461//794
f 461//795 473//795 466//795
f 466//796 473//796 465//796
f 465//797 473//797 471//797
f 38//798 474//798 32//798
f 467//799 474//799 38//799
f 468//800 474//800 467//800
f 469//801 474//801 468//801
f 470//802 475//802 469//802
f 469//803 475//803 474//803
f 471//804 476//804 470//804
f 470//805 476//805 475//805
f 471//806 477//806 476//806
f 472//807 477//807 473//807
f 473//808 477//808 471//808
f 474//809 478//809 32//809
f 474//810 479//810 478//810
f 474//811 480//811 479//811
f 474//812 481//812 480//812
f 475//813 481//813 474//813
f 476//814 482//814 475//814
f 475//815 482//815 481//815
f 472//816 483//816 477//816
f 484//817 483//817 472//817
f 477//818 483//818 476//818
f 476//819 483//819 482//819
f 478//820 485//820 32//820
f 479//821 485//821 478//821
f 480//822 485//822 479//822
f 481//823 485//823 480//823
f 32//824 485//824 28//824
f 481//825 486//825 485//825
f 482//826 487//826 481//826
f 481//827 487//827 486//827
f 484//828 488//828 483//828
f 483//829 488//829 482//829
f 482//830 488//830 487//830
f 485//831 489//831 28//831
f 485//832 490//832 489//832
f 485//833 491//833 490//833
f 486//834 492//834 485//834
f 485//835 492//835 491//835
f 486//836 493//836 492//836
f 487//837 493//837 486//837
f 488//838 493//838 487//838
f 484//839 494//839 488//839
f 495//840 494//840 484//840
f 488//841 494//841 493//841
f 489//842 496//842 28//842
f 28//843 496//843 24//843
f 490//844 496//844 489//844
f 491//845 496//845 490//845
f 492//846 497//846 491//846
f 493//847 497//847 492//847
f 491//848 497//848 496//848
f 493//849 498//849 497//849
f 495//850 499//850 494//850
f 494//851 499//851 493//851
f 493//852 499//852 498//852
f 496//853 500//853 24//853
f 496//854 501//854 500//854
f 496//855 502//855 501//855
f 497//856 503//856 496//856
f 496//857 503//857 502//857
f 498//858 504//858 497//858
f 497//859 504//859 503//859
f 505//860 506//860 495//860
f 495//861 506//861 499//861
f 499//862 506//862 498//862
f 498//863 506//863 504//863
f 24//864 507//864 18//864
f 500//865 507//865 24//865
f 501//866 507//866 500//866
f 502//867 507//867 501//867
f 503//868 508//868 502//868
f 504//869 508//869 503//869
f 502//870 508//870 507//870
f 504//871 509//871 508//871
f 505//872 510//872 506//872
f 506//873 510//873 504//873
f 504//874 510//874 509//874
f 507//875 511//875 18//875
f 507//876 512//876 511//876
f 507//877 513//877 512//877
f 507//878 514//878 513//878
f 508//879 514//879 507//879
f 508//880 515//880 514//880
f 509//881 515//881 508//881
f 509//882 516//882 515//882
f 517//883 516//883 505//883
f 505//884 516//884 510//884
f 510//885 516//885 509//885
f 513//886 518//886 512//886
f 18//887 518//887 19//887
f 511//888 518//888 18//888
f 512//889 518//889 511//889
f 515//890 519//890 514//890
f 514//891 519//891 513//891
f 513//892 519//892 518//892
f 515//893 520//893 519//893
f 516//894 521//894 515//894
f 517//895 521//895 516//895
f 515//896 521//896 520//896
f 518//897 522//897 19//897
f 518//898 523//898 522//898
f 518//899 524//899 523//899
f 519//900 525//900 518//900
f 518//901 525//901 524//901
f 520//902 526//902 519//902
f 519//903 526//903 525//903
f 517//904 527//904 521//904
f 521//905 527//905 520//905
f 528//906 527//906 517//906
f 520//907 527//907 526//907
f 522//908 529//908 19//908
f 523//909 529//909 522//909
f 524//910 529//910 523//910
f 19//911 529//911 14//911
f 524//912 530//912 529//912
f 525//913 530//913 524//913
f 526//914 530//914 525//914
f 526//915 531//915 530//915
f 528//916 532//916 527//916
f 527//917 532//917 526//917
f 526//918 532//918 531//918
f 529//919 533//919 14//919
f 529//920 534//920 533//920
f 529//921 535//921 534//921
f 530//922 536//922 529//922
f 529//923 536//923 535//923
f 531//924 537//924 530//924
f 532//925 537//925 531//925
f 530//926 537//926 536//926
f 538//927 539//927 528//927
f 528//928 539//928 532//928
f 532//929 539//929 537//929
f 14//930 540//930 10//930
f 533//931 540//931 14//931
f 534//932 540//932 533//932
f 535//933 540//933 534//933
f 536//934 540//934 535//934
f 536//935 541//935 540//935
f 537//936 542//936 536//936
f 539//937 542//937 537//937
f 536//938 542//938 541//938
f 538//939 543//939 539//939
f 539//940 543//940 542//940
f 540//941 544//941 10//941
f 540//942 545//942 544//942
f 540//943 546//943 545//943
f 541//944 547//944 540//944
f 540//945 547//945 546//945
f 542//946 548//946 541//946
f 541//947 548//947 547//947
f 549//948 550//948 538//948
f 538//949 550//949 543//949
f 543//950 550//950 542//950
f 542//951 550//951 548//951
f 10//952 551//952 6//952
f 544//953 551//953 10//953
f 545//954 551//954 544//954
f 546//955 551//955 545//955
f 547//956 551//956 546//956
f 547//957 552//957 551//957
f 550//958 553//958 548//958
f 547//959 553//959 552//959
f 548//960 553//960 547//960
f 550//961 554//961 553//961
f 549//962 554//962 550//962
f 551//963 555//963 6//963
f 551//964 556//964 555//964
f 551//965 557//965 556//965
f 552//966 558//966 551//966
f 551//967 558//967 557//967
f 554//968 559//968 553//968
f 552//969 559//969 558//969
f 553//970 559//970 552//970
f 549//971 560//971 554//971
f 554//972 560//972 559//972
f 561//973 560//973 549//973
f 555//974 562//974 6//974
f 556//975 562//975 555//975
f 6//976 562//976 2//976
f 557//977 562//977 556//977
f 558//978 563//978 557//978
f 557//979 563//979 562//979
f 559//980 564//980 558//980
f 558//981 564//981 563//981
f 560//982 565//982 559//982
f 561//983 565//983 560//983
f 559//984 565//984 564//984
f 562//985 566//985 2//985
f 562//986 567//986 566//986
f 563//987 568//987 562//987
f 562//988 568//988 567//988
f 563//989 569//989 568//989
f 564//990 570//990 563//990
f 565//991 570//991 564//991
f 563//992 570//992 569//992
f 571//993 572//993 561//993
f 561//994 572//994 565//994
f 565//995 572//995 570//995
f 566//996 573//996 2//996
f 2//997 573//997 3//997
f 567//998 573//998 566//998
f 568//999 573//999 567//999
f 569//1000 574//1000 568//1000
f 568//1001 574//1001 573//1001
f 570//1002 575//1002 569//1002
f 569//1003 575//1003 574//1003
f 571//1004 576//1004 572//1004
f 572//1005 576//1005 570//1005
f 570//1006 576//1006 575//1006
f 573//1007 577//1007 3//1007
f 573//1008 578//1008 577//1008
f 573//1009 579//1009 578//1009
f 574//1010 580//1010 573//1010
f 573//1011 580//1011 579//1011
f 575//1012 581//1012 574//1012
f 574//1013 581//1013 580//1013
f 582//1014 583//1014 571//1014
f 571//1015 583//1015 576//1015
f 576//1016 583//1016 575//1016
f 575//1017 583//1017 581//1017
f 577//1018 584//1018 3//1018
f 3//1019 584//1019 4//1019
f 578//1020 584//1020 577//1020
f 579//1021 584//1021 578//1021
f 580//1022 585//1022 579//1022
f 579//1023 585//1023 584//1023
f 581//1024 586//1024 580//1024
f 583//1025 586//1025 581//1025
f 580//1026 586//1026 585//1026
f 583//1027 587//1027 586//1027
f 582//1028 587//1028 583//1028
f 584//1029 588//1029 4//1029
f 584//1030 589//1030 588//1030
f 584//1031 590//1031 589//1031
f 584//1032 591//1032 590//1032
f 585//1033 591//1033 584//1033
f 586//1034 592//1034 585//1034
f 585//1035 592//1035 591//1035
f 588//1036 593//1036 4//1036
f 4//1037 593//1037 8//1037
f 587//1038 594//1038 586//1038
f 586//1039 594//1039 592//1039
f 595//1040 594//1040 582//1040
f 582//1041 594//1041 587//1041
f 589//1042 596//1042 588//1042
f 588//1043 596//1043 593//1043
f 591//1044 597//1044 590//1044
f 589//1045 597//1045 596//1045
f 590//1046 597//1046 589//1046
f 591//1047 598//1047 597//1047
f 592//1048 599//1048 591//1048
f 591//1049 599//1049 598//1049
f 594//1050 600//1050 592//1050
f 595//1051 600//1051 594//1051
f 592//1052 600//1052 599//1052
f 593//1053 601//1053 8//1053
f 596//1054 602//1054 593//1054
f 593//1055 602//1055 601//1055
f 597//1056 603//1056 596//1056
f 596//1057 603//1057 602//1057
f 598//1058 604//1058 597//1058
f 597//1059 604//1059 603//1059
f 599//1060 605//1060 598//1060
f 598//1061 605//1061 604//1061
f 601//1062 606//1062 8//1062
f 8//1063 606//1063 12//1063
f 602//1064 606//1064 601//1064
f 607//1065 608//1065 595//1065
f 600//1066 608//1066 599//1066
f 599//1067 608//1067 605//1067
f 595//1068 608//1068 600//1068
f 602//1069 609//1069 606//1069
f 603//1070 610//1070 602//1070
f 602//1071 610//1071 609//1071
f 604//1072 611//1072 603//1072
f 603//1073 611//1073 610//1073
f 604//1074 612//1074 611//1074
f 605//1075 612//1075 604//1075
f 608//1076 612//1076 605//1076
f 607//1077 613//1077 608//1077
f 608//1078 613//1078 612//1078
f 606//1079 614//1079 12//1079
f 609//1080 615//1080 606//1080
f 606//1081 615//1081 614//1081
f 610//1082 616//1082 609//1082
f 611//1083 616//1083 610//1083
f 609//1084 616//1084 615//1084
f 611//1085 617//1085 616//1085
f 612//1086 618//1086 611//1086
f 611//1087 618//1087 617//1087
f 12//1088 619//1088 16//1088
f 614//1089 619//1089 12//1089
f 615//1090 619//1090 614//1090
f 620//1091 621//1091 607//1091
f 612//1092 621//1092 618//1092
f 613//1093 621//1093 612//1093
f 607//1094 621//1094 613//1094
f 615//1095 622//1095 619//1095
f 616//1096 623//1096 615//1096
f 615//1097 623//1097 622//1097
f 617//1098 624//1098 616//1098
f 616//1099 624//1099 623//1099
f 618//1100 625//1100 617//1100
f 621//1101 625//1101 618//1101
f 617//1102 625//1102 624//1102
f 621//1103 626//1103 625//1103
f 620//1104 626//1104 621//1104
f 619//1105 627//1105 16//1105
f 619//1106 628//1106 627//1106
f 622//1107 628//1107 619//1107
f 623//1108 629//1108 622//1108
f 622//1109 629//1109 628//1109
f 624//1110 629//1110 623//1110
f 624//1111 630//1111 629//1111
f 625//1112 631//1112 624//1112
f 624//1113 631//1113 630//1113
f 627//1114 632//1114 16//1114
f 16//1115 632//1115 21//1115
f 626//1116 633//1116 625//1116
f 620//1117 633//1117 626//1117
f 625//1118 633//1118 631//1118
f 634//1119 633//1119 620//1119
f 628//1120 635//1120 627//1120
f 627//1121 635//1121 632//1121
f 629//1122 636//1122 628//1122
f 628//1123 636//1123 635//1123
f 630//1124 637//1124 629//1124
f 629//1125 637//1125 636//1125
f 631//1126 638//1126 630//1126
f 633//1127 638//1127 631//1127
f 630//1128 638//1128 637//1128
f 633//1129 639//1129 638//1129
f 634//1130 639//1130 633//1130
f 632//1131 640//1131 21//1131
f 635//1132 641//1132 632//1132
f 632//1133 641//1133 640//1133
f 636//1134 642//1134 635//1134
f 635//1135 642//1135 641//1135
f 637//1136 643//1136 636//1136
f 636//1137 643//1137 642//1137
f 638//1138 644//1138 637//1138
f 637//1139 644//1139 643//1139
f 640//1140 645//1140 21//1140
f 641//1141 645//1141 640//1141
f 21//1142 645//1142 22//1142
f 646//1143 647//1143 634//1143
f 634//1144 647//1144 639//1144
f 638//1145 647//1145 644//1145
f 639//1146 647//1146 638//1146
f 641//1147 648//1147 645//1147
f 642//1148 649//1148 641//1148
f 643//1149 649//1149 642//1149
f 641//1150 649//1150 648//1150
f 643//1151 650//1151 649//1151
f 644//1152 651//1152 643//1152
f 647//1153 651//1153 644//1153
f 643//1154 651//1154 650//1154
f 647//1155 652//1155 651//1155
f 646//1156 652//1156 647//1156
f 645//1157 653//1157 22//1157
f 648//1158 654//1158 645//1158
f 645//1159 654//1159 653//1159
f 649//1160 655//1160 648//1160
f 650//1161 655//1161 649//1161
f 648//1162 655//1162 654//1162
f 650//1163 656//1163 655//1163
f 22//1164 657//1164 26//1164
f 653//1165 657//1165 22//1165
f 651//1166 658//1166 650//1166
f 650//1167 658//1167 656//1167
f 653//1168 659//1168 657//1168
f 654//1169 659//1169 653//1169
f 655//1170 659//1170 654//1170
f 660//1171 661//1171 646//1171
f 652//1172 661//1172 651//1172
f 651//1173 661//1173 658//1173
f 646//1174 661//1174 652//1174
f 655//1175 662//1175 659//1175
f 655//1176 663//1176 662//1176
f 656//1177 663//1177 655//1177
f 656//1178 664//1178 663//1178
f 658//1179 664//1179 656//1179
f 661//1180 665//1180 658//1180
f 658//1181 665//1181 664//1181
f 660//1182 665//1182 661//1182
f 657//1183 666//1183 26//1183
f 659//1184 666//1184 657//1184
f 659//1185 667//1185 666//1185
f 662//1186 668//1186 659//1186
f 659//1187 668//1187 667//1187
f 663//1188 669//1188 662//1188
f 662//1189 669//1189 668//1189
f 666//1190 670//1190 26//1190
f 26//1191 670//1191 30//1191
f 663//1192 671//1192 669//1192
f 664//1193 671//1193 663//1193
f 665//1194 671//1194 664//1194
f 667//1195 672//1195 666//1195
f 666//1196 672//1196 670//1196
f 660//1197 673//1197 665//1197
f 665//1198 673//1198 671//1198
f 674//1199 673//1199 660//1199
f 668//1200 675//1200 667//1200
f 667//1201 675//1201 672//1201
f 669//1202 676//1202 668//1202
f 668//1203 676//1203 675//1203
f 671//1204 677//1204 669//1204
f 669//1205 677//1205 676//1205
f 673//1206 678//1206 671//1206
f 674//1207 678//1207 673//1207
f 671//1208 678//1208 677//1208
f 670//1209 679//1209 30//1209
f 672//1210 680//1210 670//1210
f 670//1211 680//1211 679//1211
f 672//1212 681//1212 680//1212
f 675//1213 681//1213 672//1213
f 676//1214 681//1214 675//1214
f 676//1215 682//1215 681//1215
f 679//1216 683//1216 30//1216
f 30//1217 683//1217 34//1217
f 677//1218 684//1218 676//1218
f 678//1219 684//1219 677//1219
f 676//1220 684//1220 682//1220
f 679//1221 685//1221 683//1221
f 680//1222 685//1222 679//1222
f 686//1223 687//1223 674//1223
f 674//1224 687//1224 678//1224
f 678//1225 687//1225 684//1225
f 681//1226 688//1226 680//1226
f 680//1227 688//1227 685//1227
f 682//1228 689//1228 681//1228
f 681//1229 689//1229 688//1229
f 684//1230 690//1230 682//1230
f 682//1231 690//1231 689//1231
f 686//1232 691//1232 687//1232
f 687//1233 691//1233 684//1233
f 684//1234 691//1234 690//1234
f 683//1235 692//1235 34//1235
f 685//1236 693//1236 683//1236
f 683//1237 693//1237 692//1237
f 692//1238 693//1238 694//1238
f 693//1239 695//1239 694//1239
f 688//1240 695//1240 685//1240
f 689//1241 695//1241 688//1241
f 685//1242 695//1242 693//1242
f 695//1243 696//1243 694//1243
f 689//1244 696//1244 695//1244
f 689//1245 697//1245 696//1245
f 690//1246 697//1246 689//1246
f 691//1247 697//1247 690//1247
f 696//1248 697//1248 694//1248
f 691//1249 698//1249 697//1249
f 694//1250 698//1250 686//1250
f 686//1251 698//1251 691//1251
f 697//1252 698//1252 694//1252
f 34//1253 699//1253 35//1253
f 35//1254 699//1254 40//1254
f 692//1255 699//1255 34//1255
f 694//1256 699//1256 692//1256
f 699//1257 700//1257 701//1257
f 694//1258 700//1258 699//1258
f 700//1259 702//1259 701//1259
f 694//1260 702//1260 700//1260
f 702//1261 703//1261 701//1261
f 694//1262 703//1262 702//1262
f 703//1263 704//1263 701//1263
f 694//1264 704//1264 703//1264
f 704//1265 705//1265 701//1265
f 694//1266 705//1266 704//1266
f 701//1267 705//1267 694//1267
f 701//1268 706//1268 699//1268
f 699//1269 706//1269 40//1269
f 40//1270 706//1270 44//1270
f 701//1271 707//1271 706//1271
f 706//1272 707//1272 708//1272
f 701//1273 709//1273 707//1273
f 707//1274 709//1274 708//1274
f 701//1275 710//1275 709//1275
f 709//1276 710//1276 708//1276
f 701//1277 711//1277 710//1277
f 710//1278 711//1278 708//1278
f 701//1279 712//1279 711//1279
f 711//1280 712//1280 708//1280
f 708//1281 712//1281 701//1281
f 706//1282 713//1282 44//1282
f 708//1283 713//1283 706//1283
f 713//1284 714//1284 715//1284
f 708//1285 714//1285 713//1285
f 714//1286 716//1286 715//1286
f 708//1287 716//1287 714//1287
f 716//1288 717//1288 715//1288
f 708//1289 717//1289 716//1289
f 717//1290 718//1290 715//1290
f 708//1291 718//1291 717//1291
f 715//1292 719//1292 708//1292
f 718//1293 719//1293 715//1293
f 708//1294 719//1294 718//1294
f 715//1295 720//1295 713//1295
f 713//1296 720//1296 44//1296
f 44//1297 720//1297 48//1297
f 48//1298 720//1298 53//1298
f 715//1299 721//1299 720//1299
f 715//1300 722//1300 721//1300
f 721//1301 722//1301 723//1301
f 722//1302 724//1302 723//1302
f 715//1303 724//1303 722//1303
f 724//1304 725//1304 723//1304
f 715//1305 725//1305 724//1305
f 723//1306 726//1306 715//1306
f 725//1307 726//1307 723//1307
f 715//1308 726//1308 725//1308
f 720//1309 727//1309 53//1309
f 720//1310 728//1310 727//1310
f 721//1311 728//1311 720//1311
f 723//1312 728//1312 721//1312
f 728//1313 729//1313 730//1313
f 723//1314 729//1314 728//1314
f 729//1315 731//1315 730//1315
f 723//1316 731//1316 729//1316
f 731//1317 732//1317 730//1317
f 723//1318 732//1318 731//1318
f 730//1319 733//1319 723//1319
f 732//1320 733//1320 730//1320
f 723//1321 733//1321 732//1321
f 53//1322 734//1322 54//1322
f 727//1323 734//1323 53//1323
f 728//1324 734//1324 727//1324
f 730//1325 735//1325 728//1325
f 728//1326 735//1326 734//1326
f 730//1327 736//1327 735//1327
f 735//1328 736//1328 737//1328
f 730//1329 738//1329 736//1329
f 736//1330 738//1330 737//1330
f 730//1331 739//1331 738//1331
f 738//1332 739//1332 737//1332
f 730//1333 740//1333 739//1333
f 739//1334 740//1334 737//1334
f 737//1335 740//1335 730//1335
f 54//1336 741//1336 58//1336
f 734//1337 741//1337 54//1337
f 735//1338 742//1338 734//1338
f 734//1339 742//1339 741//1339
f 737//1340 742//1340 735//1340
f 742//1341 743//1341 744//1341
f 737//1342 743//1342 742//1342
f 743//1343 745//1343 744//1343
f 737//1344 745//1344 743//1344
f 745//1345 746//1345 744//1345
f 737//1346 746//1346 745//1346
f 746//1347 747//1347 744//1347
f 737//1348 747//1348 746//1348
f 744//1349 747//1349 737//1349
f 741//1350 748//1350 58//1350
f 742//1351 748//1351 741//1351
f 58//1352 748//1352 62//1352
f 62//1353 748//1353 66//1353
f 744//1354 749//1354 742//1354
f 742//1355 749//1355 748//1355
f 744//1356 750//1356 749//1356
f 749//1357 750//1357 751//1357
f 744//1358 752//1358 750//1358
f 750//1359 752//1359 751//1359
f 744//1360 753//1360 752//1360
f 752//1361 753//1361 751//1361
f 744//1362 754//1362 753//1362
f 751//1363 754//1363 744//1363
f 753//1364 754//1364 751//1364
f 748//1365 755//1365 66//1365
f 749//1366 756//1366 748//1366
f 751//1367 756//1367 749//1367
f 748//1368 756//1368 755//1368
f 751//1369 757//1369 756//1369
f 756//1370 757//1370 758//1370
f 751//1371 759//1371 757//1371
f 757//1372 759//1372 758//1372
f 759//1373 760//1373 758//1373
f 751//1374 760//1374 759//1374
f 758//1375 761//1375 751//1375
f 760//1376 761//1376 758//1376
f 751//1377 761//1377 760//1377
f 755//1378 762//1378 66//1378
f 66//1379 762//1379 70//1379
f 755//1380 763//1380 762//1380
f 756//1381 763//1381 755//1381
f 758//1382 763//1382 756//1382
f 758//1383 764//1383 763//1383
f 764//1384 765//1384 766//1384
f 758//1385 765//1385 764//1385
f 765//1386 767//1386 766//1386
f 758//1387 767//1387 765//1387
f 766//1388 768//1388 758//1388
f 767//1389 768//1389 766//1389
f 758//1390 768//1390 767//1390
f 70//1391 769//1391 73//1391
f 762//1392 769//1392 70//1392
f 763//1393 770//1393 762//1393
f 762//1394 770//1394 769//1394
f 766//1395 771//1395 764//1395
f 764//1396 771//1396 763//1396
f 763//1397 771//1397 770//1397
f 771//1398 772//1398 773//1398
f 766//1399 772//1399 771//1399
f 772//1400 774//1400 773//1400
f 766//1401 774//1401 772//1401
f 773//1402 775//1402 766//1402
f 774//1403 775//1403 773//1403
f 766//1404 775//1404 774//1404
f 73//1405 776//1405 77//1405
f 769//1406 776//1406 73//1406
f 769//1407 777//1407 776//1407
f 770//1408 777//1408 769//1408
f 770//1409 778//1409 777//1409
f 773//1410 778//1410 771//1410
f 771//1411 778//1411 770//1411
f 773//1412 779//1412 778//1412
f 778//1413 779//1413 780//1413
f 773//1414 781//1414 779//1414
f 779//1415 781//1415 780//1415
f 773//1416 782//1416 781//1416
f 781//1417 782//1417 780//1417
f 780//1418 782//1418 773//1418
f 776//1419 783//1419 77//1419
f 77//1420 783//1420 81//1420
f 777//1421 784//1421 776//1421
f 776//1422 784//1422 783//1422
f 778//1423 785//1423 777//1423
f 780//1424 785//1424 778//1424
f 777//1425 785//1425 784//1425
f 780//1426 786//1426 785//1426
f 785//1427 786//1427 787//1427
f 780//1428 788//1428 786//1428
f 786//1429 788//1429 787//1429
f 780//1430 789//1430 788//1430
f 788//1431 789//1431 787//1431
f 787//1432 789//1432 780//1432
f 783//1433 790//1433 81//1433
f 81//1434 790//1434 85//1434
f 783//1435 791//1435 790//1435
f 784//1436 791//1436 783//1436
f 785//1437 792//1437 784//1437
f 787//1438 792//1438 785//1438
f 784//1439 792//1439 791//1439
f 787//1440 793//1440 792//1440
f 787//1441 794//1441 793//1441
f 793//1442 794//1442 795//1442
f 787//1443 796//1443 794//1443
f 795//1444 796//1444 787//1444
f 794//1445 796//1445 795//1445
f 790//1446 797//1446 85//1446
f 85//1447 797//1447 87//1447
f 87//1448 797//1448 91//1448
f 791//1449 798//1449 790//1449
f 790//1450 798//1450 797//1450
f 792//1451 799//1451 791//1451
f 791//1452 799//1452 798//1452
f 793//1453 800//1453 792//1453
f 795//1454 800//1454 793//1454
f 792//1455 800//1455 799//1455
f 795//1456 801//1456 800//1456
f 800//1457 801//1457 802//1457
f 802//1458 803//1458 795//1458
f 801//1459 803//1459 802//1459
f 795//1460 803//1460 801//1460
f 798//1461 804//1461 797//1461
f 797//1462 804//1462 91//1462
f 798//1463 805//1463 804//1463
f 799//1464 806//1464 798//1464
f 798//1465 806//1465 805//1465
f 802//1466 807//1466 800//1466
f 800//1467 807//1467 799//1467
f 799//1468 807//1468 806//1468
f 807//1469 808//1469 809//1469
f 802//1470 808//1470 807//1470
f 809//1471 810//1471 802//1471
f 808//1472 810//1472 809//1472
f 802//1473 810//1473 808//1473
f 804//1474 811//1474 91//1474
f 91//1475 811//1475 95//1475
f 805//1476 811//1476 804//1476
f 806//1477 812//1477 805//1477
f 805//1478 812//1478 811//1478
f 806//1479 813//1479 812//1479
f 806//1480 814//1480 813//1480
f 809//1481 814//1481 807//1481
f 807//1482 814//1482 806//1482
f 809//1483 815//1483 814//1483
f 815//1484 816//1484 817//1484
f 809//1485 816//1485 815//1485
f 817//1486 816//1486 809//1486
f 95//1487 818//1487 99//1487
f 99//1488 818//1488 102//1488
f 811//1489 818//1489 95//1489
f 102//1490 818//1490 140//1490
f 140//1491 819//1491 141//1491
f 811//1492 819//1492 818//1492
f 818//1493 819//1493 140//1493
f 812//1494 819//1494 811//1494
f 819//1495 820//1495 141//1495
f 812//1496 820//1496 819//1496
f 141//1497 820//1497 144//1497
f 813//1498 820//1498 812//1498
f 813//1499 821//1499 820//1499
f 144//1500 821//1500 145//1500
f 814//1501 821//1501 813//1501
f 820//1502 821//1502 144//1502
f 814//1503 822//1503 821//1503
f 817//1504 822//1504 815//1504
f 821//1505 822//1505 145//1505
f 815//1506 822//1506 814//1506
f 145//1507 822//1507 137//1507
f 137//1508 822//1508 135//1508
f 817//1509 823//1509 822//1509
f 822//1510 823//1510 135//1510
f 135//1511 823//1511 817//1511
f 824//1512 100//1512 106//1512
f 824//1513 96//1513 100//1513
f 825//1514 106//1514 110//1514
f 825//1515 824//1515 106//1515
f 826//1516 110//1516 114//1516
f 826//1517 114//1517 118//1517
f 826//1518 825//1518 110//1518
f 827//1519 118//1519 124//1519
f 827//1520 826//1520 118//1520
f 828//1521 829//1521 824//1521
f 828//1522 824//1522 825//1522
f 830//1523 124//1523 128//1523
f 830//1524 827//1524 124//1524
f 831//1525 828//1525 825//1525
f 831//1526 825//1526 826//1526
f 832//1527 128//1527 132//1527
f 832//1528 132//1528 130//1528
f 832//1529 830//1529 128//1529
f 833//1530 826//1530 827//1530
f 833//1531 831//1531 826//1531
f 834//1532 835//1532 829//1532
f 834//1533 836//1533 835//1533
f 834//1534 829//1534 828//1534
f 834//1535 837//1535 836//1535
f 838//1536 832//1536 130//1536
f 838//1537 130//1537 126//1537
f 839//1538 833//1538 827//1538
f 839//1539 827//1539 830//1539
f 840//1540 834//1540 828//1540
f 840//1541 837//1541 834//1541
f 840//1542 841//1542 837//1542
f 840//1543 828//1543 831//1543
f 842//1544 126//1544 122//1544
f 842//1545 838//1545 126//1545
f 842//1546 122//1546 116//1546
f 843//1547 839//1547 830//1547
f 843//1548 830//1548 832//1548
f 844//1549 845//1549 841//1549
f 844//1550 840//1550 831//1550
f 844//1551 841//1551 840//1551
f 844//1552 831//1552 833//1552
f 846//1553 116//1553 112//1553
f 846//1554 842//1554 116//1554
f 847//1555 832//1555 838//1555
f 847//1556 843//1556 832//1556
f 848//1557 833//1557 839//1557
f 848//1558 844//1558 833//1558
f 848//1559 845//1559 844//1559
f 848//1560 849//1560 845//1560
f 850//1561 112//1561 108//1561
f 850//1562 846//1562 112//1562
f 851//1563 847//1563 838//1563
f 851//1564 838//1564 842//1564
f 852//1565 839//1565 843//1565
f 852//1566 848//1566 839//1566
f 852//1567 849//1567 848//1567
f 852//1568 843//1568 847//1568
f 852//1569 853//1569 849//1569
f 854//1570 108//1570 104//1570
f 854//1571 104//1571 98//1571
f 854//1572 850//1572 108//1572
f 855//1573 851//1573 842//1573
f 855//1574 846//1574 850//1574
f 855//1575 842//1575 846//1575
f 856//1576 852//1576 847//1576
f 856//1577 853//1577 852//1577
f 856//1578 857//1578 853//1578
f 858//1579 98//1579 94//1579
f 858//1580 854//1580 98//1580
f 859//1581 855//1581 850//1581
f 860//1582 856//1582 847//1582
f 860//1583 861//1583 857//1583
f 860//1584 857//1584 856//1584
f 860//1585 847//1585 851//1585
f 862//1586 858//1586 94//1586
f 862//1587 94//1587 90//1587
f 862//1588 90//1588 84//1588
f 863//1589 854//1589 858//1589
f 863//1590 859//1590 850//1590
f 863//1591 850//1591 854//1591
f 864//1592 861//1592 860//1592
f 864//1593 860//1593 851//1593
f 864//1594 865//1594 861//1594
f 864//1595 851//1595 855//1595
f 866//1596 84//1596 80//1596
f 866//1597 862//1597 84//1597
f 867//1598 863//1598 858//1598
f 868//1599 869//1599 865//1599
f 868//1600 865//1600 864//1600
f 868//1601 855//1601 859//1601
f 868//1602 864//1602 855//1602
f 870//1603 80//1603 76//1603
f 870//1604 866//1604 80//1604
f 871//1605 867//1605 858//1605
f 871//1606 862//1606 866//1606
f 871//1607 858//1607 862//1607
f 872//1608 869//1608 868//1608
f 872//1609 868//1609 859//1609
f 872//1610 859//1610 863//1610
f 872//1611 873//1611 869//1611
f 874//1612 870//1612 76//1612
f 874//1613 76//1613 72//1613
f 874//1614 72//1614 67//1614
f 875//1615 871//1615 866//1615
f 876//1616 872//1616 863//1616
f 876//1617 863//1617 867//1617
f 876//1618 873//1618 872//1618
f 876//1619 877//1619 873//1619
f 878//1620 67//1620 63//1620
f 878//1621 874//1621 67//1621
f 879//1622 875//1622 866//1622
f 879//1623 866//1623 870//1623
f 880//1624 877//1624 876//1624
f 880//1625 867//1625 871//1625
f 880//1626 881//1626 877//1626
f 880//1627 876//1627 867//1627
f 882//1628 63//1628 59//1628
f 882//1629 59//1629 55//1629
f 882//1630 878//1630 63//1630
f 883//1631 870//1631 874//1631
f 883//1632 879//1632 870//1632
f 884//1633 881//1633 880//1633
f 884//1634 871//1634 875//1634
f 884//1635 885//1635 881//1635
f 884//1636 880//1636 871//1636
f 886//1637 55//1637 49//1637
f 886//1638 882//1638 55//1638
f 887//1639 883//1639 874//1639
f 887//1640 874//1640 878//1640
f 888//1641 884//1641 875//1641
f 888//1642 885//1642 884//1642
f 888//1643 889//1643 885//1643
f 888//1644 875//1644 879//1644
f 890//1645 49//1645 45//1645
f 890//1646 886//1646 49//1646
f 891//1647 878//1647 882//1647
f 891//1648 887//1648 878//1648
f 892//1649 883//1649 887//1649
f 892//1650 879//1650 883//1650
f 892//1651 888//1651 879//1651
f 892//1652 889//1652 888//1652
f 892//1653 893//1653 889//1653
f 894//1654 45//1654 41//1654
f 894//1655 41//1655 36//1655
f 894//1656 890//1656 45//1656
f 895//1657 891//1657 882//1657
f 895//1658 882//1658 886//1658
f 896//1659 892//1659 887//1659
f 896//1660 887//1660 891//1660
f 896//1661 893//1661 892//1661
f 896//1662 897//1662 893//1662
f 898//1663 36//1663 31//1663
f 898//1664 894//1664 36//1664
f 899//1665 895//1665 886//1665
f 899//1666 886//1666 890//1666
f 900//1667 891//1667 895//1667
f 900//1668 896//1668 891//1668
f 900//1669 897//1669 896//1669
f 900//1670 901//1670 897//1670
f 902//1671 31//1671 27//1671
f 902//1672 27//1672 23//1672
f 902//1673 898//1673 31//1673
f 903//1674 899//1674 890//1674
f 903//1675 890//1675 894//1675
f 904//1676 900//1676 895//1676
f 904//1677 901//1677 900//1677
f 904//1678 905//1678 901//1678
f 906//1679 23//1679 17//1679
f 906//1680 902//1680 23//1680
f 907//1681 894//1681 898//1681
f 907//1682 903//1682 894//1682
f 908//1683 895//1683 899//1683
f 908//1684 904//1684 895//1684
f 908//1685 909//1685 905//1685
f 908//1686 905//1686 904//1686
f 910//1687 17//1687 13//1687
f 910//1688 906//1688 17//1688
f 911//1689 907//1689 898//1689
f 911//1690 898//1690 902//1690
f 912//1691 899//1691 903//1691
f 912//1692 908//1692 899//1692
f 912//1693 913//1693 909//1693
f 912//1694 903//1694 907//1694
f 912//1695 909//1695 908//1695
f 914//1696 13//1696 9//1696
f 914//1697 9//1697 5//1697
f 914//1698 910//1698 13//1698
f 915//1699 902//1699 906//1699
f 915//1700 911//1700 902//1700
f 916//1701 912//1701 907//1701
f 916//1702 917//1702 913//1702
f 916//1703 913//1703 912//1703
f 918//1704 5//1704 1//1704
f 918//1705 914//1705 5//1705
f 919//1706 915//1706 906//1706
f 919//1707 906//1707 910//1707
f 920//1708 907//1708 911//1708
f 920//1709 917//1709 916//1709
f 920//1710 921//1710 917//1710
f 920//1711 916//1711 907//1711
f 922//1712 1//1712 7//1712
f 922//1713 7//1713 11//1713
f 922//1714 918//1714 1//1714
f 923//1715 910//1715 914//1715
f 923//1716 919//1716 910//1716
f 924//1717 920//1717 911//1717
f 924//1718 921//1718 920//1718
f 924//1719 915//1719 919//1719
f 924//1720 925//1720 921//1720
f 924//1721 911//1721 915//1721
f 926//1722 11//1722 15//1722
f 926//1723 922//1723 11//1723
f 927//1724 914//1724 918//1724
f 927//1725 923//1725 914//1725
f 928//1726 919//1726 923//1726
f 928//1727 925//1727 924//1727
f 928//1728 929//1728 925//1728
f 928//1729 924//1729 919//1729
f 930//1730 15//1730 20//1730
f 930//1731 926//1731 15//1731
f 931//1732 918//1732 922//1732
f 931//1733 927//1733 918//1733
f 932//1734 928//1734 923//1734
f 932//1735 929//1735 928//1735
f 932//1736 923//1736 927//1736
f 932//1737 933//1737 929//1737
f 934//1738 20//1738 25//1738
f 934//1739 25//1739 29//1739
f 934//1740 930//1740 20//1740
f 935//1741 922//1741 926//1741
f 935//1742 926//1742 930//1742
f 935//1743 931//1743 922//1743
f 936//1744 932//1744 927//1744
f 936//1745 933//1745 932//1745
f 936//1746 937//1746 933//1746
f 938//1747 29//1747 33//1747
f 938//1748 934//1748 29//1748
f 939//1749 935//1749 930//1749
f 940//1750 927//1750 931//1750
f 940//1751 936//1751 927//1751
f 940//1752 937//1752 936//1752
f 940//1753 941//1753 937//1753
f 942//1754 938//1754 33//1754
f 942//1755 33//1755 39//1755
f 942//1756 39//1756 43//1756
f 943//1757 930//1757 934//1757
f 943//1758 939//1758 930//1758
f 944//1759 931//1759 935//1759
f 944//1760 940//1760 931//1760
f 944//1761 941//1761 940//1761
f 944//1762 945//1762 941//1762
f 946//1763 942//1763 43//1763
f 946//1764 43//1764 47//1764
f 947//1765 943//1765 934//1765
f 947//1766 938//1766 942//1766
f 947//1767 934//1767 938//1767
f 948//1768 935//1768 939//1768
f 948//1769 939//1769 943//1769
f 948//1770 944//1770 935//1770
f 948//1771 945//1771 944//1771
f 948//1772 949//1772 945//1772
f 950//1773 47//1773 52//1773
f 950//1774 946//1774 47//1774
f 951//1775 947//1775 942//1775
f 952//1776 948//1776 943//1776
f 952//1777 949//1777 948//1777
f 952//1778 953//1778 949//1778
f 954//1779 52//1779 57//1779
f 954//1780 57//1780 61//1780
f 954//1781 950//1781 52//1781
f 955//1782 951//1782 942//1782
f 955//1783 942//1783 946//1783
f 956//1784 943//1784 947//1784
f 956//1785 952//1785 943//1785
f 956//1786 957//1786 953//1786
f 956//1787 953//1787 952//1787
f 958//1788 61//1788 65//1788
f 958//1789 954//1789 61//1789
f 959//1790 955//1790 946//1790
f 959//1791 946//1791 950//1791
f 960//1792 957//1792 956//1792
f 960//1793 947//1793 951//1793
f 960//1794 956//1794 947//1794
f 960//1795 961//1795 957//1795
f 962//1796 958//1796 65//1796
f 962//1797 65//1797 69//1797
f 962//1798 69//1798 74//1798
f 963//1799 959//1799 950//1799
f 963//1800 950//1800 954//1800
f 964//1801 951//1801 955//1801
f 964//1802 961//1802 960//1802
f 964//1803 960//1803 951//1803
f 964//1804 965//1804 961//1804
f 966//1805 962//1805 74//1805
f 966//1806 74//1806 78//1806
f 967//1807 963//1807 954//1807
f 967//1808 954//1808 958//1808
f 968//1809 964//1809 955//1809
f 968//1810 965//1810 964//1810
f 968//1811 955//1811 959//1811
f 968//1812 969//1812 965//1812
f 970//1813 966//1813 78//1813
f 970//1814 78//1814 82//1814
f 971//1815 967//1815 958//1815
f 971//1816 958//1816 962//1816
f 972//1817 963//1817 967//1817
f 972//1818 968//1818 959//1818
f 972//1819 969//1819 968//1819
f 972//1820 959//1820 963//1820
f 972//1821 973//1821 969//1821
f 974//1822 970//1822 82//1822
f 974//1823 82//1823 88//1823
f 974//1824 88//1824 92//1824
f 975//1825 966//1825 970//1825
f 975//1826 971//1826 962//1826
f 975//1827 962//1827 966//1827
f 976//1828 972//1828 967//1828
f 976//1829 973//1829 972//1829
f 976//1830 977//1830 973//1830
f 978//1831 96//1831 824//1831
f 978//1832 974//1832 92//1832
f 978//1833 92//1833 96//1833
f 979//1834 975//1834 970//1834
f 980//1835 976//1835 967//1835
f 980//1836 967//1836 971//1836
f 980//1837 977//1837 976//1837
f 980//1838 971//1838 975//1838
f 980//1839 981//1839 977//1839
f 982//1840 979//1840 970//1840
f 982//1841 970//1841 974//1841
f 983//1842 984//1842 981//1842
f 983//1843 981//1843 980//1843
f 983//1844 980//1844 975//1844
f 985//1845 978//1845 824//1845
f 985//1846 974//1846 978//1846
f 985//1847 982//1847 974//1847
f 985//1848 824//1848 829//1848
f 986//1849 987//1849 984//1849
f 986//1850 983//1850 975//1850
f 986//1851 975//1851 979//1851
f 986//1852 984//1852 983//1852
f 988//1853 989//1853 987//1853
f 988//1854 987//1854 986//1854
f 988//1855 979//1855 982//1855
f 988//1856 982//1856 985//1856
f 988//1857 986//1857 979//1857
f 990//1858 836//1858 989//1858
f 990//1859 829//1859 835//1859
f 990//1860 835//1860 836//1860
f 990//1861 985//1861 829//1861
f 990//1862 989//1862 988//1862
f 990//1863 988//1863 985//1863
f 991//1864 992//1864 993//1864
f 994//1865 991//1865 993//1865
f 995//1866 994//1866 993//1866
f 996//1867 997//1867 995//1867
f 996//1868 995//1868 993//1868
f 998//1869 997//1869 996//1869
f 999//1870 998//1870 996//1870
f 1000//1871 999//1871 996//1871
f 1001//1872 1000//1872 996//1872
f 1002//1873 1001//1873 996//1873
f 138//1874 1003//1874 1004//1874
f 138//1875 1005//1875 1003//1875
f 138//1876 1006//1876 1005//1876
f 1007//1877 1002//1877 996//1877
f 149//1878 1008//1878 1002//1878
f 149//1879 1009//1879 1008//1879
f 149//1880 1010//1880 1009//1880
f 149//1881 1011//1881 1010//1881
f 149//1882 1004//1882 1011//1882
f 149//1883 138//1883 1004//1883
f 156//1884 149//1884 1002//1884
f 156//1885 1002//1885 1007//1885
f 163//1886 156//1886 1007//1886
f 163//1887 1007//1887 1012//1887
f 163//1888 1012//1888 1013//1888
f 170//1889 163//1889 1013//1889
f 170//1890 1013//1890 1014//1890
f 177//1891 170//1891 1014//1891
f 184//1892 177//1892 1014//1892
f 184//1893 1014//1893 1015//1893
f 190//1894 184//1894 1015//1894
f 190//1895 1015//1895 1016//1895
f 196//1896 190//1896 1016//1896
f 196//1897 1016//1897 1017//1897
f 202//1898 196//1898 1017//1898
f 202//1899 1017//1899 1018//1899
f 202//1900 1018//1900 1019//1900
f 208//1901 202//1901 1019//1901
f 214//1902 208//1902 1019//1902
f 214//1903 1019//1903 1020//1903
f 215//1904 214//1904 1020//1904
f 215//1905 1020//1905 1021//1905
f 226//1906 1021//1906 1022//1906
f 226//1907 215//1907 1021//1907
f 226//1908 1022//1908 1023//1908
f 227//1909 226//1909 1023//1909
f 238//1910 1023//1910 1024//1910
f 238//1911 227//1911 1023//1911
f 238//1912 1024//1912 1025//1912
f 244//1913 238//1913 1025//1913
f 250//1914 1025//1914 1026//1914
f 250//1915 244//1915 1025//1915
f 251//1916 1026//1916 1027//1916
f 251//1917 250//1917 1026//1917
f 255//1918 1027//1918 1028//1918
f 255//1919 1028//1919 1029//1919
f 255//1920 251//1920 1027//1920
f 260//1921 1029//1921 1030//1921
f 260//1922 255//1922 1029//1922
f 271//1923 260//1923 1030//1923
f 284//1924 1030//1924 1031//1924
f 284//1925 1031//1925 1032//1925
f 284//1926 271//1926 1030//1926
f 297//1927 284//1927 1032//1927
f 1033//1928 1034//1928 1035//1928
f 1033//1929 1036//1929 1034//1929
f 1037//1930 1034//1930 1036//1930
f 1038//1931 1033//1931 1035//1931
f 1039//1932 1034//1932 1037//1932
f 310//1933 1034//1933 1039//1933
f 310//1934 1032//1934 1034//1934
f 310//1935 297//1935 1032//1935
f 1040//1936 310//1936 1039//1936
f 1041//1937 1038//1937 1035//1937
f 1042//1938 310//1938 1040//1938
f 1043//1939 1041//1939 1035//1939
f 1044//1940 310//1940 1042//1940
f 1045//1941 1043//1941 1035//1941
f 1046//1942 310//1942 1044//1942
f 1047//1943 1045//1943 1035//1943
f 1048//1944 1047//1944 1035//1944
f 1049//1945 1048//1945 1035//1945
f 1050//1946 1048//1946 1049//1946
f 1051//1947 1050//1947 1049//1947
f 1052//1948 1051//1948 1049//1948
f 1053//1949 1052//1949 1049//1949
f 323//1950 310//1950 1046//1950
f 323//1951 1054//1951 1055//1951
f 323//1952 1056//1952 1054//1952
f 323//1953 1057//1953 1056//1953
f 323//1954 1058//1954 1057//1954
f 323//1955 1046//1955 1058//1955
f 1059//1956 323//1956 1055//1956
f 1060//1957 1053//1957 1049//1957
f 1061//1958 1060//1958 1049//1958
f 1062//1959 1061//1959 1049//1959
f 1063//1960 1064//1960 1062//1960
f 1063//1961 1062//1961 1049//1961
f 337//1962 1065//1962 1066//1962
f 337//1963 1067//1963 1065//1963
f 337//1964 1068//1964 1067//1964
f 337//1965 1069//1965 1068//1965
f 337//1966 1059//1966 1069//1966
f 337//1967 323//1967 1059//1967
f 349//1968 1066//1968 1064//1968
f 349//1969 1064//1969 1063//1969
f 349//1970 337//1970 1066//1970
f 362//1971 349//1971 1063//1971
f 362//1972 1063//1972 1070//1972
f 374//1973 1070//1973 1071//1973
f 374//1974 362//1974 1070//1974
f 384//1975 1071//1975 1072//1975
f 384//1976 1072//1976 1073//1976
f 384//1977 374//1977 1071//1977
f 395//1978 1073//1978 1074//1978
f 395//1979 384//1979 1073//1979
f 407//1980 395//1980 1074//1980
f 417//1981 1074//1981 1075//1981
f 417//1982 1075//1982 1076//1982
f 417//1983 407//1983 1074//1983
f 428//1984 417//1984 1076//1984
f 440//1985 1076//1985 1077//1985
f 440//1986 428//1986 1076//1986
f 451//1987 440//1987 1077//1987
f 451//1988 1077//1988 1078//1988
f 461//1989 451//1989 1078//1989
f 461//1990 1078//1990 1079//1990
f 472//1991 461//1991 1079//1991
f 472//1992 1079//1992 1080//1992
f 472//1993 1080//1993 1081//1993
f 484//1994 472//1994 1081//1994
f 495//1995 484//1995 1081//1995
f 495//1996 1081//1996 1082//1996
f 495//1997 1082//1997 1083//1997
f 505//1998 495//1998 1083//1998
f 505//1999 1083//1999 1084//1999
f 517//2000 505//2000 1084//2000
f 528//2001 517//2001 1084//2001
f 528//2002 1084//2002 1085//2002
f 528//2003 1085//2003 1086//2003
f 538//2004 528//2004 1086//2004
f 538//2005 1086//2005 1087//2005
f 549//2006 538//2006 1087//2006
f 561//2007 549//2007 1087//2007
f 561//2008 1087//2008 1088//2008
f 561//2009 1088//2009 1089//2009
f 571//2010 561//2010 1089//2010
f 571//2011 1089//2011 1090//2011
f 582//2012 571//2012 1090//2012
f 595//2013 582//2013 1090//2013
f 595//2014 1090//2014 1091//2014
f 1092//2015 1093//2015 1094//2015
f 1095//2016 1094//2016 1093//2016
f 1095//2017 1091//2017 1094//2017
f 1096//2018 1092//2018 1094//2018
f 1097//2019 595//2019 1091//2019
f 1097//2020 1091//2020 1095//2020
f 1098//2021 595//2021 1097//2021
f 1099//2022 1096//2022 1094//2022
f 1100//2023 1099//2023 1094//2023
f 1101//2024 1102//2024 1100//2024
f 1101//2025 1100//2025 1094//2025
f 1103//2026 1102//2026 1101//2026
f 1104//2027 1103//2027 1101//2027
f 1105//2028 1104//2028 1101//2028
f 607//2029 1106//2029 1107//2029
f 607//2030 1108//2030 1106//2030
f 607//2031 1109//2031 1108//2031
f 607//2032 1110//2032 1109//2032
f 607//2033 1111//2033 1110//2033
f 607//2034 1098//2034 1111//2034
f 607//2035 595//2035 1098//2035
f 1112//2036 607//2036 1107//2036
f 1113//2037 1105//2037 1101//2037
f 1114//2038 1113//2038 1101//2038
f 1115//2039 1114//2039 1101//2039
f 1116//2040 1115//2040 1101//2040
f 1116//2041 1117//2041 1115//2041
f 1116//2042 1118//2042 1117//2042
f 1116//2043 1119//2043 1118//2043
f 1120//2044 1119//2044 1116//2044
f 620//2045 607//2045 1112//2045
f 620//2046 1121//2046 1122//2046
f 620//2047 1123//2047 1121//2047
f 620//2048 1124//2048 1123//2048
f 620//2049 1125//2049 1124//2049
f 620//2050 1112//2050 1125//2050
f 634//2051 1126//2051 1120//2051
f 634//2052 1127//2052 1126//2052
f 634//2053 1122//2053 1127//2053
f 634//2054 620//2054 1122//2054
f 634//2055 1120//2055 1116//2055
f 646//2056 634//2056 1116//2056
f 646//2057 1116//2057 1128//2057
f 646//2058 1128//2058 1129//2058
f 660//2059 646//2059 1129//2059
f 674//2060 660//2060 1129//2060
f 674//2061 1129//2061 1130//2061
f 686//2062 674//2062 1130//2062
f 686//2063 1130//2063 1131//2063
f 694//2064 686//2064 1131//2064
f 694//2065 1131//2065 1132//2065
f 701//2066 694//2066 1132//2066
f 701//2067 1132//2067 1133//2067
f 708//2068 701//2068 1133//2068
f 708//2069 1133//2069 1134//2069
f 715//2070 708//2070 1134//2070
f 715//2071 1134//2071 1135//2071
f 723//2072 715//2072 1135//2072
f 723//2073 1135//2073 1136//2073
f 730//2074 723//2074 1136//2074
f 730//2075 1136//2075 1137//2075
f 737//2076 730//2076 1137//2076
f 737//2077 1137//2077 1138//2077
f 744//2078 737//2078 1138//2078
f 744//2079 1138//2079 1139//2079
f 751//2080 744//2080 1139//2080
f 751//2081 1139//2081 1140//2081
f 758//2082 751//2082 1140//2082
f 758//2083 1140//2083 1141//2083
f 766//2084 758//2084 1141//2084
f 766//2085 1141//2085 1142//2085
f 773//2086 1142//2086 1143//2086
f 773//2087 766//2087 1142//2087
f 780//2088 1143//2088 1144//2088
f 780//2089 773//2089 1143//2089
f 787//2090 1144//2090 1145//2090
f 787//2091 780//2091 1144//2091
f 795//2092 1145//2092 1146//2092
f 795//2093 787//2093 1145//2093
f 802//2094 1146//2094 1147//2094
f 802//2095 795//2095 1146//2095
f 809//2096 1147//2096 1148//2096
f 809//2097 1148//2097 1149//2097
f 809//2098 802//2098 1147//2098
f 817//2099 809//2099 1149//2099
f 1150//2100 1151//2100 1152//2100
f 1153//2101 1152//2101 1151//2101
f 1154//2102 1150//2102 1152//2102
f 1155//2103 1149//2103 1152//2103
f 1155//2104 817//2104 1149//2104
f 1155//2105 1152//2105 1153//2105
f 1156//2106 1152//2106 993//2106
f 1156//2107 1154//2107 1152//2107
f 1157//2108 1156//2108 993//2108
f 1158//2109 1157//2109 993//2109
f 992//2110 1158//2110 993//2110
f 135//2111 1159//2111 1160//2111
f 135//2112 1161//2112 1159//2112
f 135//2113 1162//2113 1161//2113
f 135//2114 1155//2114 1162//2114
f 135//2115 817//2115 1155//2115
f 1163//2116 135//2116 1160//2116
f 1164//2117 135//2117 1163//2117
f 138//2118 1165//2118 1006//2118
f 138//2119 1166//2119 1165//2119
f 138//2120 1164//2120 1166//2120
f 138//2121 135//2121 1164//2121
f 1167//2122 929//2122 933//2122
f 1167//2123 933//2123 937//2123
f 1168//2124 937//2124 941//2124
f 1168//2125 941//2125 945//2125
f 1168//2126 1167//2126 937//2126
f 1169//2127 925//2127 929//2127
f 1169//2128 929//2128 1167//2128
f 1170//2129 945//2129 949//2129
f 1170//2130 1168//2130 945//2130
f 1171//2131 925//2131 1169//2131
f 1171//2132 917//2132 921//2132
f 1171//2133 921//2133 925//2133
f 1172//2134 949//2134 953//2134
f 1172//2135 953//2135 957//2135
f 1172//2136 1170//2136 949//2136
f 1173//2137 917//2137 1171//2137
f 1173//2138 913//2138 917//2138
f 1174//2139 957//2139 961//2139
f 1174//2140 1172//2140 957//2140
f 1175//2141 905//2141 909//2141
f 1175//2142 909//2142 913//2142
f 1175//2143 913//2143 1173//2143
f 1176//2144 961//2144 965//2144
f 1176//2145 965//2145 969//2145
f 1176//2146 1174//2146 961//2146
f 1177//2147 901//2147 905//2147
f 1177//2148 905//2148 1175//2148
f 1178//2149 1176//2149 969//2149
f 1178//2150 969//2150 973//2150
f 1179//2151 901//2151 1177//2151
f 1179//2152 897//2152 901//2152
f 1180//2153 1178//2153 973//2153
f 977//2154 1180//2154 973//2154
f 893//2155 897//2155 1179//2155
f 893//2156 1179//2156 1181//2156
f 981//2157 1180//2157 977//2157
f 981//2158 1182//2158 1180//2158
f 889//2159 893//2159 1181//2159
f 984//2160 1182//2160 981//2160
f 885//2161 1181//2161 1183//2161
f 885//2162 889//2162 1181//2162
f 987//2163 1184//2163 1182//2163
f 987//2164 1182//2164 984//2164
f 881//2165 1183//2165 1185//2165
f 881//2166 885//2166 1183//2166
f 989//2167 1186//2167 1184//2167
f 989//2168 1184//2168 987//2168
f 877//2169 881//2169 1185//2169
f 836//2170 1186//2170 989//2170
f 873//2171 1185//2171 1187//2171
f 873//2172 877//2172 1185//2172
f 837//2173 1188//2173 1186//2173
f 837//2174 1186//2174 836//2174
f 869//2175 1187//2175 1189//2175
f 869//2176 873//2176 1187//2176
f 841//2177 1190//2177 1188//2177
f 841//2178 1188//2178 837//2178
f 865//2179 869//2179 1189//2179
f 845//2180 1190//2180 841//2180
f 861//2181 1189//2181 1191//2181
f 861//2182 865//2182 1189//2182
f 849//2183 1192//2183 1190//2183
f 849//2184 1190//2184 845//2184
f 857//2185 1191//2185 1192//2185
f 857//2186 861//2186 1191//2186
f 853//2187 857//2187 1192//2187
f 853//2188 1192//2188 849//2188
f 1193//2189 1142//2189 1141//2189
f 1194//2190 1141//2190 1140//2190
f 1194//2191 1193//2191 1141//2191
f 1195//2192 1142//2192 1193//2192
f 1195//2193 1143//2193 1142//2193
f 1196//2194 1140//2194 1139//2194
f 1196//2195 1194//2195 1140//2195
f 1197//2196 1144//2196 1143//2196
f 1197//2197 1143//2197 1195//2197
f 1198//2198 1139//2198 1138//2198
f 1198//2199 1196//2199 1139//2199
f 1199//2200 1145//2200 1144//2200
f 1199//2201 1144//2201 1197//2201
f 1200//2202 1138//2202 1137//2202
f 1200//2203 1198//2203 1138//2203
f 1201//2204 1145//2204 1199//2204
f 1201//2205 1146//2205 1145//2205
f 1202//2206 1137//2206 1136//2206
f 1202//2207 1200//2207 1137//2207
f 1203//2208 1147//2208 1146//2208
f 1203//2209 1146//2209 1201//2209
f 1204//2210 1136//2210 1135//2210
f 1204//2211 1202//2211 1136//2211
f 1205//2212 1148//2212 1147//2212
f 1205//2213 1147//2213 1203//2213
f 1206//2214 1204//2214 1135//2214
f 1134//2215 1206//2215 1135//2215
f 1207//2216 1148//2216 1205//2216
f 1207//2217 1149//2217 1148//2217
f 1208//2218 1206//2218 1134//2218
f 1133//2219 1208//2219 1134//2219
f 1209//2220 1149//2220 1207//2220
f 1209//2221 1152//2221 1149//2221
f 1210//2222 1208//2222 1133//2222
f 1132//2223 1210//2223 1133//2223
f 1211//2224 1152//2224 1209//2224
f 1211//2225 993//2225 1152//2225
f 1212//2226 1210//2226 1132//2226
f 996//2227 993//2227 1211//2227
f 1131//2228 1212//2228 1132//2228
f 1213//2229 996//2229 1211//2229
f 1214//2230 1212//2230 1131//2230
f 1007//2231 996//2231 1213//2231
f 1130//2232 1214//2232 1131//2232
f 1215//2233 1007//2233 1213//2233
f 1216//2234 1214//2234 1130//2234
f 1012//2235 1007//2235 1215//2235
f 1129//2236 1216//2236 1130//2236
f 1217//2237 1012//2237 1215//2237
f 1218//2238 1216//2238 1129//2238
f 1013//2239 1012//2239 1217//2239
f 1128//2240 1218//2240 1129//2240
f 1219//2241 1013//2241 1217//2241
f 1220//2242 1218//2242 1128//2242
f 1014//2243 1013//2243 1219//2243
f 1116//2244 1220//2244 1128//2244
f 1221//2245 1014//2245 1219//2245
f 1222//2246 1220//2246 1116//2246
f 1015//2247 1014//2247 1221//2247
f 1101//2248 1222//2248 1116//2248
f 1223//2249 1015//2249 1221//2249
f 1224//2250 1222//2250 1101//2250
f 1016//2251 1015//2251 1223//2251
f 1094//2252 1224//2252 1101//2252
f 1225//2253 1016//2253 1223//2253
f 1226//2254 1224//2254 1094//2254
f 1017//2255 1016//2255 1225//2255
f 1091//2256 1226//2256 1094//2256
f 1227//2257 1017//2257 1225//2257
f 1228//2258 1226//2258 1091//2258
f 1018//2259 1017//2259 1227//2259
f 1090//2260 1228//2260 1091//2260
f 1229//2261 1018//2261 1227//2261
f 1230//2262 1228//2262 1090//2262
f 1019//2263 1018//2263 1229//2263
f 1089//2264 1230//2264 1090//2264
f 1231//2265 1019//2265 1229//2265
f 1232//2266 1230//2266 1089//2266
f 1020//2267 1019//2267 1231//2267
f 1088//2268 1232//2268 1089//2268
f 1233//2269 1020//2269 1231//2269
f 1234//2270 1232//2270 1088//2270
f 1021//2271 1020//2271 1233//2271
f 1087//2272 1234//2272 1088//2272
f 1235//2273 1021//2273 1233//2273
f 1236//2274 1234//2274 1087//2274
f 1022//2275 1021//2275 1235//2275
f 1086//2276 1236//2276 1087//2276
f 1237//2277 1022//2277 1235//2277
f 1238//2278 1236//2278 1086//2278
f 1023//2279 1022//2279 1237//2279
f 1023//2280 1237//2280 1239//2280
f 1085//2281 1238//2281 1086//2281
f 1240//2282 1238//2282 1085//2282
f 1024//2283 1023//2283 1239//2283
f 1024//2284 1239//2284 1241//2284
f 1084//2285 1240//2285 1085//2285
f 1242//2286 1240//2286 1084//2286
f 1025//2287 1024//2287 1241//2287
f 1025//2288 1241//2288 1243//2288
f 1083//2289 1242//2289 1084//2289
f 1244//2290 1242//2290 1083//2290
f 1026//2291 1025//2291 1243//2291
f 1026//2292 1243//2292 1245//2292
f 1082//2293 1244//2293 1083//2293
f 1246//2294 1244//2294 1082//2294
f 1027//2295 1026//2295 1245//2295
f 1027//2296 1245//2296 1247//2296
f 1081//2297 1246//2297 1082//2297
f 1248//2298 1246//2298 1081//2298
f 1028//2299 1027//2299 1247//2299
f 1028//2300 1247//2300 1249//2300
f 1080//2301 1248//2301 1081//2301
f 1250//2302 1248//2302 1080//2302
f 1029//2303 1028//2303 1249//2303
f 1029//2304 1249//2304 1251//2304
f 1079//2305 1252//2305 1250//2305
f 1079//2306 1250//2306 1080//2306
f 1030//2307 1029//2307 1251//2307
f 1030//2308 1251//2308 1253//2308
f 1078//2309 1254//2309 1252//2309
f 1078//2310 1252//2310 1079//2310
f 1031//2311 1253//2311 1255//2311
f 1031//2312 1030//2312 1253//2312
f 1077//2313 1256//2313 1254//2313
f 1077//2314 1254//2314 1078//2314
f 1032//2315 1031//2315 1255//2315
f 1032//2316 1255//2316 1257//2316
f 1076//2317 1256//2317 1077//2317
f 1076//2318 1258//2318 1256//2318
f 1034//2319 1032//2319 1257//2319
f 1034//2320 1257//2320 1259//2320
f 1075//2321 1260//2321 1258//2321
f 1075//2322 1258//2322 1076//2322
f 1074//2323 1261//2323 1260//2323
f 1074//2324 1260//2324 1075//2324
f 1035//2325 1259//2325 1262//2325
f 1035//2326 1034//2326 1259//2326
f 1073//2327 1263//2327 1261//2327
f 1073//2328 1261//2328 1074//2328
f 1049//2329 1262//2329 1264//2329
f 1049//2330 1035//2330 1262//2330
f 1063//2331 1264//2331 1265//2331
f 1063//2332 1049//2332 1264//2332
f 1072//2333 1266//2333 1263//2333
f 1072//2334 1263//2334 1073//2334
f 1070//2335 1265//2335 1267//2335
f 1070//2336 1063//2336 1265//2336
f 1071//2337 1267//2337 1266//2337
f 1071//2338 1266//2338 1072//2338
f 1071//2339 1070//2339 1267//2339
f 1268//2340 1006//2340 1165//2340
f 1269//2341 1165//2341 1166//2341
f 1269//2342 1268//2342 1165//2342
f 1270//2343 1166//2343 1164//2343
f 1270//2344 1269//2344 1166//2344
f 1271//2345 1164//2345 1163//2345
f 1271//2346 1270//2346 1164//2346
f 1272//2347 1163//2347 1160//2347
f 1272//2348 1271//2348 1163//2348
f 1273//2349 1160//2349 1159//2349
f 1273//2350 1272//2350 1160//2350
f 1274//2351 1159//2351 1161//2351
f 1274//2352 1273//2352 1159//2352
f 1275//2353 1274//2353 1161//2353
f 1275//2354 1161//2354 1162//2354
f 1276//2355 1275//2355 1162//2355
f 1276//2356 1162//2356 1155//2356
f 1277//2357 1276//2357 1155//2357
f 1278//2358 1277//2358 1155//2358
f 1278//2359 1155//2359 1153//2359
f 1279//2360 1278//2360 1153//2360
f 1279//2361 1153//2361 1151//2361
f 1280//2362 1279//2362 1151//2362
f 1280//2363 1151//2363 1150//2363
f 1281//2364 1280//2364 1150//2364
f 1282//2365 1281//2365 1150//2365
f 1282//2366 1150//2366 1154//2366
f 1283//2367 1282//2367 1154//2367
f 1283//2368 1154//2368 1156//2368
f 1284//2369 1283//2369 1156//2369
f 1284//2370 1156//2370 1157//2370
f 1285//2371 1284//2371 1157//2371
f 1285//2372 1157//2372 1158//2372
f 1286//2373 992//2373 991//2373
f 1286//2374 1285//2374 1158//2374
f 1286//2375 1158//2375 992//2375
f 1287//2376 991//2376 994//2376
f 1287//2377 1286//2377 991//2377
f 1288//2378 994//2378 995//2378
f 1288//2379 1287//2379 994//2379
f 1289//2380 995//2380 997//2380
f 1289//2381 1288//2381 995//2381
f 1290//2382 997//2382 998//2382
f 1290//2383 1289//2383 997//2383
f 1291//2384 998//2384 999//2384
f 1291//2385 1290//2385 998//2385
f 1292//2386 999//2386 1000//2386
f 1292//2387 1291//2387 999//2387
f 1293//2388 1000//2388 1001//2388
f 1293//2389 1292//2389 1000//2389
f 1294//2390 1001//2390 1002//2390
f 1294//2391 1293//2391 1001//2391
f 1295//2392 1294//2392 1002//2392
f 1296//2393 1002//2393 1008//2393
f 1296//2394 1295//2394 1002//2394
f 1297//2395 1008//2395 1009//2395
f 1297//2396 1296//2396 1008//2396
f 1298//2397 1009//2397 1010//2397
f 1298//2398 1297//2398 1009//2398
f 1299//2399 1298//2399 1010//2399
f 1300//2400 1299//2400 1010//2400
f 1300//2401 1010//2401 1011//2401
f 1301//2402 1300//2402 1011//2402
f 1301//2403 1011//2403 1004//2403
f 1302//2404 1301//2404 1004//2404
f 1302//2405 1004//2405 1003//2405
f 1303//2406 1302//2406 1003//2406
f 1303//2407 1003//2407 1005//2407
f 1268//2408 1303//2408 1005//2408
f 1268//2409 1005//2409 1006//2409
f 1304//2410 1055//2410 1054//2410
f 1305//2411 1054//2411 1056//2411
f 1305//2412 1304//2412 1054//2412
f 1306//2413 1056//2413 1057//2413
f 1306//2414 1305//2414 1056//2414
f 1307//2415 1057//2415 1058//2415
f 1307//2416 1306//2416 1057//2416
f 1308//2417 1058//2417 1046//2417
f 1308//2418 1307//2418 1058//2418
f 1309//2419 1046//2419 1044//2419
f 1309//2420 1308//2420 1046//2420
f 1310//2421 1044//2421 1042//2421
f 1310//2422 1309//2422 1044//2422
f 1311//2423 1042//2423 1040//2423
f 1311//2424 1310//2424 1042//2424
f 1312//2425 1311//2425 1040//2425
f 1312//2426 1040//2426 1039//2426
f 1313//2427 1312//2427 1039//2427
f 1314//2428 1313//2428 1039//2428
f 1314//2429 1039//2429 1037//2429
f 1315//2430 1314//2430 1037//2430
f 1315//2431 1037//2431 1036//2431
f 1316//2432 1315//2432 1036//2432
f 1316//2433 1036//2433 1033//2433
f 1317//2434 1316//2434 1033//2434
f 1317//2435 1033//2435 1038//2435
f 1318//2436 1317//2436 1038//2436
f 1318//2437 1038//2437 1041//2437
f 1319//2438 1318//2438 1041//2438
f 1319//2439 1041//2439 1043//2439
f 1319//2440 1043//2440 1045//2440
f 1320//2441 1319//2441 1045//2441
f 1320//2442 1045//2442 1047//2442
f 1321//2443 1047//2443 1048//2443
f 1321//2444 1320//2444 1047//2444
f 1322//2445 1048//2445 1050//2445
f 1322//2446 1321//2446 1048//2446
f 1323//2447 1050//2447 1051//2447
f 1323//2448 1322//2448 1050//2448
f 1324//2449 1051//2449 1052//2449
f 1324//2450 1052//2450 1053//2450
f 1324//2451 1323//2451 1051//2451
f 1325//2452 1053//2452 1060//2452
f 1325//2453 1324//2453 1053//2453
f 1326//2454 1060//2454 1061//2454
f 1326//2455 1325//2455 1060//2455
f 1327//2456 1061//2456 1062//2456
f 1327//2457 1326//2457 1061//2457
f 1328//2458 1062//2458 1064//2458
f 1328//2459 1327//2459 1062//2459
f 1329//2460 1064//2460 1066//2460
f 1329//2461 1328//2461 1064//2461
f 1330//2462 1329//2462 1066//2462
f 1331//2463 1066//2463 1065//2463
f 1331//2464 1330//2464 1066//2464
f 1332//2465 1065//2465 1067//2465
f 1332//2466 1331//2466 1065//2466
f 1333//2467 1067//2467 1068//2467
f 1333//2468 1332//2468 1067//2468
f 1334//2469 1068//2469 1069//2469
f 1334//2470 1333//2470 1068//2470
f 1335//2471 1069//2471 1059//2471
f 1335//2472 1334//2472 1069//2472
f 1336//2473 1335//2473 1059//2473
f 1336//2474 1059//2474 1055//2474
f 1304//2475 1336//2475 1055//2475
f 1337//2476 1125//2476 1112//2476
f 1338//2477 1112//2477 1107//2477
f 1338//2478 1337//2478 1112//2478
f 1339//2479 1107//2479 1106//2479
f 1339//2480 1338//2480 1107//2480
f 1340//2481 1106//2481 1108//2481
f 1340//2482 1339//2482 1106//2482
f 1341//2483 1108//2483 1109//2483
f 1341//2484 1340//2484 1108//2484
f 1342//2485 1109//2485 1110//2485
f 1342//2486 1341//2486 1109//2486
f 1343//2487 1110//2487 1111//2487
f 1343//2488 1342//2488 1110//2488
f 1344//2489 1111//2489 1098//2489
f 1344//2490 1343//2490 1111//2490
f 1345//2491 1344//2491 1098//2491
f 1345//2492 1098//2492 1097//2492
f 1346//2493 1345//2493 1097//2493
f 1347//2494 1346//2494 1097//2494
f 1347//2495 1097//2495 1095//2495
f 1348//2496 1347//2496 1095//2496
f 1348//2497 1095//2497 1093//2497
f 1349//2498 1348//2498 1093//2498
f 1349//2499 1093//2499 1092//2499
f 1350//2500 1349//2500 1092//2500
f 1350//2501 1092//2501 1096//2501
f 1351//2502 1350//2502 1096//2502
f 1351//2503 1096//2503 1099//2503
f 1352//2504 1351//2504 1099//2504
f 1352//2505 1099//2505 1100//2505
f 1352//2506 1100//2506 1102//2506
f 1353//2507 1352//2507 1102//2507
f 1353//2508 1102//2508 1103//2508
f 1354//2509 1103//2509 1104//2509
f 1354//2510 1353//2510 1103//2510
f 1355//2511 1104//2511 1105//2511
f 1355//2512 1354//2512 1104//2512
f 1356//2513 1105//2513 1113//2513
f 1356//2514 1355//2514 1105//2514
f 1357//2515 1113//2515 1114//2515
f 1357//2516 1114//2516 1115//2516
f 1357//2517 1356//2517 1113//2517
f 1358//2518 1115//2518 1117//2518
f 1358//2519 1357//2519 1115//2519
f 1359//2520 1117//2520 1118//2520
f 1359//2521 1358//2521 1117//2521
f 1360//2522 1118//2522 1119//2522
f 1360//2523 1359//2523 1118//2523
f 1361//2524 1119//2524 1120//2524
f 1361//2525 1360//2525 1119//2525
f 1362//2526 1120//2526 1126//2526
f 1362//2527 1361//2527 1120//2527
f 1363//2528 1362//2528 1126//2528
f 1364//2529 1126//2529 1127//2529
f 1364//2530 1363//2530 1126//2530
f 1365//2531 1127//2531 1122//2531
f 1365//2532 1364//2532 1127//2532
f 1366//2533 1122//2533 1121//2533
f 1366//2534 1365//2534 1122//2534
f 1367//2535 1121//2535 1123//2535
f 1367//2536 1366//2536 1121//2536
f 1368//2537 1123//2537 1124//2537
f 1368//2538 1367//2538 1123//2538
f 1369//2539 1368//2539 1124//2539
f 1369//2540 1124//2540 1125//2540
f 1337//2541 1369//2541 1125//2541
f 1370//2542 1371//2542 1372//2542
f 1184//2543 1186//2543 1373//2543
f 1370//2544 1374//2544 1371//2544
f 1186//2545 1188//2545 1373//2545
f 1375//2546 1372//2546 1376//2546
f 1375//2547 1370//2547 1372//2547
f 1377//2548 1376//2548 1378//2548
f 1377//2549 1375//2549 1376//2549
f 1379//2550 1377//2550 1378//2550
f 1379//2551 1378//2551 1380//2551
f 1379//2552 1380//2552 1381//2552
f 1382//2553 1373//2553 1370//2553
f 1382//2554 1182//2554 1184//2554
f 1382//2555 1370//2555 1375//2555
f 1382//2556 1184//2556 1373//2556
f 1383//2557 1381//2557 1384//2557
f 1383//2558 1379//2558 1381//2558
f 1385//2559 1375//2559 1377//2559
f 1385//2560 1377//2560 1379//2560
f 1385//2561 1180//2561 1182//2561
f 1385//2562 1182//2562 1382//2562
f 1385//2563 1382//2563 1375//2563
f 1386//2564 1384//2564 1387//2564
f 1386//2565 1387//2565 1388//2565
f 1386//2566 1383//2566 1384//2566
f 1389//2567 1180//2567 1385//2567
f 1389//2568 1178//2568 1180//2568
f 1389//2569 1385//2569 1379//2569
f 1390//2570 1388//2570 1391//2570
f 1390//2571 1386//2571 1388//2571
f 1392//2572 1383//2572 1386//2572
f 1392//2573 1379//2573 1383//2573
f 1392//2574 1176//2574 1178//2574
f 1392//2575 1178//2575 1389//2575
f 1392//2576 1389//2576 1379//2576
f 1393//2577 1390//2577 1391//2577
f 1393//2578 1391//2578 1394//2578
f 1395//2579 1386//2579 1390//2579
f 1395//2580 1174//2580 1176//2580
f 1395//2581 1176//2581 1392//2581
f 1395//2582 1392//2582 1386//2582
f 1396//2583 1394//2583 1397//2583
f 1396//2584 1397//2584 1398//2584
f 1396//2585 1393//2585 1394//2585
f 1399//2586 1395//2586 1390//2586
f 1399//2587 1174//2587 1395//2587
f 1399//2588 1172//2588 1174//2588
f 1400//2589 1398//2589 1401//2589
f 1400//2590 1396//2590 1398//2590
f 1402//2591 1399//2591 1390//2591
f 1402//2592 1170//2592 1172//2592
f 1402//2593 1390//2593 1393//2593
f 1402//2594 1172//2594 1399//2594
f 1403//2595 1401//2595 1404//2595
f 1403//2596 1400//2596 1401//2596
f 1405//2597 1402//2597 1393//2597
f 1405//2598 1168//2598 1170//2598
f 1405//2599 1393//2599 1396//2599
f 1405//2600 1170//2600 1402//2600
f 1405//2601 1396//2601 1400//2601
f 1406//2602 1404//2602 1407//2602
f 1406//2603 1407//2603 1408//2603
f 1406//2604 1403//2604 1404//2604
f 1409//2605 1405//2605 1400//2605
f 1409//2606 1167//2606 1168//2606
f 1409//2607 1168//2607 1405//2607
f 1410//2608 1408//2608 1411//2608
f 1410//2609 1406//2609 1408//2609
f 1412//2610 1167//2610 1409//2610
f 1412//2611 1409//2611 1400//2611
f 1412//2612 1400//2612 1403//2612
f 1412//2613 1169//2613 1167//2613
f 1413//2614 1411//2614 1414//2614
f 1413//2615 1414//2615 1415//2615
f 1413//2616 1410//2616 1411//2616
f 1416//2617 1403//2617 1406//2617
f 1416//2618 1169//2618 1412//2618
f 1416//2619 1171//2619 1169//2619
f 1416//2620 1412//2620 1403//2620
f 1417//2621 1415//2621 1418//2621
f 1417//2622 1413//2622 1415//2622
f 1419//2623 1406//2623 1410//2623
f 1419//2624 1175//2624 1173//2624
f 1419//2625 1173//2625 1171//2625
f 1419//2626 1416//2626 1406//2626
f 1419//2627 1171//2627 1416//2627
f 1420//2628 1418//2628 1421//2628
f 1420//2629 1417//2629 1418//2629
f 1422//2630 1410//2630 1413//2630
f 1422//2631 1177//2631 1175//2631
f 1422//2632 1175//2632 1419//2632
f 1422//2633 1419//2633 1410//2633
f 1422//2634 1413//2634 1417//2634
f 1423//2635 1421//2635 1424//2635
f 1423//2636 1424//2636 1425//2636
f 1423//2637 1420//2637 1421//2637
f 1426//2638 1177//2638 1422//2638
f 1426//2639 1179//2639 1177//2639
f 1426//2640 1422//2640 1417//2640
f 1427//2641 1425//2641 1428//2641
f 1427//2642 1423//2642 1425//2642
f 1429//2643 1426//2643 1417//2643
f 1429//2644 1417//2644 1420//2644
f 1429//2645 1179//2645 1426//2645
f 1429//2646 1181//2646 1179//2646
f 1429//2647 1420//2647 1423//2647
f 1430//2648 1428//2648 1431//2648
f 1430//2649 1427//2649 1428//2649
f 1432//2650 1429//2650 1423//2650
f 1432//2651 1181//2651 1429//2651
f 1432//2652 1183//2652 1181//2652
f 1433//2653 1431//2653 1434//2653
f 1433//2654 1434//2654 1435//2654
f 1433//2655 1430//2655 1431//2655
f 1436//2656 1423//2656 1427//2656
f 1436//2657 1427//2657 1430//2657
f 1436//2658 1432//2658 1423//2658
f 1436//2659 1183//2659 1432//2659
f 1436//2660 1185//2660 1183//2660
f 1437//2661 1435//2661 1438//2661
f 1437//2662 1433//2662 1435//2662
f 1439//2663 1436//2663 1430//2663
f 1439//2664 1185//2664 1436//2664
f 1439//2665 1187//2665 1185//2665
f 1440//2666 1438//2666 1441//2666
f 1440//2667 1441//2667 1442//2667
f 1440//2668 1437//2668 1438//2668
f 1443//2669 1433//2669 1437//2669
f 1443//2670 1439//2670 1430//2670
f 1443//2671 1187//2671 1439//2671
f 1443//2672 1189//2672 1187//2672
f 1443//2673 1430//2673 1433//2673
f 1444//2674 1440//2674 1442//2674
f 1444//2675 1442//2675 1445//2675
f 1446//2676 1191//2676 1189//2676
f 1446//2677 1189//2677 1443//2677
f 1446//2678 1443//2678 1437//2678
f 1447//2679 1445//2679 1374//2679
f 1447//2680 1444//2680 1445//2680
f 1447//2681 1374//2681 1370//2681
f 1448//2682 1437//2682 1440//2682
f 1448//2683 1191//2683 1446//2683
f 1448//2684 1440//2684 1444//2684
f 1448//2685 1446//2685 1437//2685
f 1448//2686 1192//2686 1191//2686
f 1449//2687 1190//2687 1192//2687
f 1449//2688 1448//2688 1444//2688
f 1449//2689 1192//2689 1448//2689
f 1450//2690 1370//2690 1373//2690
f 1450//2691 1188//2691 1190//2691
f 1450//2692 1444//2692 1447//2692
f 1450//2693 1447//2693 1370//2693
f 1450//2694 1190//2694 1449//2694
f 1450//2695 1449//2695 1444//2695
f 1450//2696 1373//2696 1188//2696
f 1303//2697 1268//2697 1451//2697
f 1302//2698 1303//2698 1451//2698
f 1301//2699 1302//2699 1451//2699
f 1452//2700 1300//2700 1301//2700
f 1452//2701 1301//2701 1451//2701
f 1299//2702 1300//2702 1452//2702
f 1298//2703 1299//2703 1452//2703
f 1297//2704 1298//2704 1452//2704
f 1296//2705 1297//2705 1452//2705
f 1295//2706 1296//2706 1452//2706
f 1211//2707 1286//2707 1287//2707
f 1211//2708 1287//2708 1288//2708
f 1211//2709 1288//2709 1289//2709
f 1453//2710 1295//2710 1452//2710
f 1213//2711 1289//2711 1290//2711
f 1213//2712 1290//2712 1291//2712
f 1213//2713 1291//2713 1292//2713
f 1213//2714 1292//2714 1293//2714
f 1213//2715 1293//2715 1294//2715
f 1213//2716 1294//2716 1295//2716
f 1213//2717 1211//2717 1289//2717
f 1215//2718 1213//2718 1295//2718
f 1215//2719 1295//2719 1453//2719
f 1217//2720 1215//2720 1453//2720
f 1217//2721 1453//2721 1454//2721
f 1217//2722 1454//2722 1455//2722
f 1219//2723 1217//2723 1455//2723
f 1221//2724 1219//2724 1455//2724
f 1221//2725 1455//2725 1456//2725
f 1223//2726 1221//2726 1456//2726
f 1223//2727 1456//2727 1457//2727
f 1223//2728 1457//2728 1458//2728
f 1225//2729 1223//2729 1458//2729
f 1227//2730 1225//2730 1458//2730
f 1227//2731 1458//2731 1459//2731
f 1229//2732 1227//2732 1459//2732
f 1229//2733 1459//2733 1460//2733
f 1231//2734 1229//2734 1460//2734
f 1231//2735 1460//2735 1461//2735
f 1233//2736 1231//2736 1461//2736
f 1233//2737 1461//2737 1462//2737
f 1235//2738 1462//2738 1463//2738
f 1235//2739 1233//2739 1462//2739
f 1237//2740 1463//2740 1464//2740
f 1237//2741 1235//2741 1463//2741
f 1239//2742 1464//2742 1465//2742
f 1239//2743 1237//2743 1464//2743
f 1241//2744 1465//2744 1466//2744
f 1241//2745 1239//2745 1465//2745
f 1243//2746 1466//2746 1467//2746
f 1243//2747 1241//2747 1466//2747
f 1245//2748 1467//2748 1468//2748
f 1245//2749 1468//2749 1469//2749
f 1245//2750 1243//2750 1467//2750
f 1247//2751 1245//2751 1469//2751
f 1249//2752 1469//2752 1470//2752
f 1249//2753 1247//2753 1469//2753
f 1251//2754 1470//2754 1471//2754
f 1251//2755 1471//2755 1472//2755
f 1251//2756 1249//2756 1470//2756
f 1253//2757 1251//2757 1472//2757
f 1255//2758 1472//2758 1473//2758
f 1255//2759 1253//2759 1472//2759
f 1257//2760 1473//2760 1474//2760
f 1257//2761 1255//2761 1473//2761
f 1311//2762 1475//2762 1310//2762
f 1309//2763 1310//2763 1475//2763
f 1312//2764 1475//2764 1311//2764
f 1308//2765 1309//2765 1475//2765
f 1313//2766 1475//2766 1312//2766
f 1313//2767 1474//2767 1475//2767
f 1313//2768 1257//2768 1474//2768
f 1307//2769 1308//2769 1475//2769
f 1307//2770 1475//2770 1476//2770
f 1306//2771 1307//2771 1476//2771
f 1305//2772 1306//2772 1476//2772
f 1304//2773 1305//2773 1476//2773
f 1259//2774 1257//2774 1313//2774
f 1259//2775 1313//2775 1314//2775
f 1259//2776 1314//2776 1315//2776
f 1259//2777 1315//2777 1316//2777
f 1317//2778 1259//2778 1316//2778
f 1336//2779 1304//2779 1476//2779
f 1318//2780 1259//2780 1317//2780
f 1335//2781 1336//2781 1476//2781
f 1334//2782 1335//2782 1476//2782
f 1477//2783 1334//2783 1476//2783
f 1477//2784 1333//2784 1334//2784
f 1332//2785 1333//2785 1477//2785
f 1331//2786 1332//2786 1477//2786
f 1330//2787 1331//2787 1477//2787
f 1329//2788 1330//2788 1477//2788
f 1262//2789 1259//2789 1318//2789
f 1262//2790 1318//2790 1319//2790
f 1262//2791 1319//2791 1320//2791
f 1262//2792 1320//2792 1321//2792
f 1262//2793 1321//2793 1322//2793
f 1262//2794 1322//2794 1323//2794
f 1478//2795 1328//2795 1329//2795
f 1478//2796 1329//2796 1477//2796
f 1264//2797 1262//2797 1323//2797
f 1264//2798 1323//2798 1324//2798
f 1264//2799 1324//2799 1325//2799
f 1264//2800 1325//2800 1326//2800
f 1264//2801 1326//2801 1327//2801
f 1264//2802 1327//2802 1328//2802
f 1265//2803 1264//2803 1328//2803
f 1265//2804 1328//2804 1478//2804
f 1267//2805 1478//2805 1479//2805
f 1267//2806 1265//2806 1478//2806
f 1266//2807 1479//2807 1480//2807
f 1266//2808 1267//2808 1479//2808
f 1263//2809 1480//2809 1481//2809
f 1263//2810 1266//2810 1480//2810
f 1261//2811 1481//2811 1482//2811
f 1261//2812 1263//2812 1481//2812
f 1260//2813 1482//2813 1483//2813
f 1260//2814 1261//2814 1482//2814
f 1258//2815 1483//2815 1484//2815
f 1258//2816 1260//2816 1483//2816
f 1256//2817 1484//2817 1485//2817
f 1256//2818 1258//2818 1484//2818
f 1254//2819 1485//2819 1486//2819
f 1254//2820 1256//2820 1485//2820
f 1252//2821 1254//2821 1486//2821
f 1252//2822 1486//2822 1487//2822
f 1250//2823 1252//2823 1487//2823
f 1250//2824 1487//2824 1488//2824
f 1248//2825 1250//2825 1488//2825
f 1248//2826 1488//2826 1489//2826
f 1246//2827 1248//2827 1489//2827
f 1246//2828 1489//2828 1490//2828
f 1244//2829 1246//2829 1490//2829
f 1244//2830 1490//2830 1491//2830
f 1244//2831 1491//2831 1492//2831
f 1242//2832 1244//2832 1492//2832
f 1240//2833 1242//2833 1492//2833
f 1240//2834 1492//2834 1493//2834
f 1238//2835 1240//2835 1493//2835
f 1238//2836 1493//2836 1494//2836
f 1236//2837 1238//2837 1494//2837
f 1236//2838 1494//2838 1495//2838
f 1234//2839 1236//2839 1495//2839
f 1234//2840 1495//2840 1496//2840
f 1232//2841 1234//2841 1496//2841
f 1232//2842 1496//2842 1497//2842
f 1230//2843 1232//2843 1497//2843
f 1230//2844 1497//2844 1498//2844
f 1228//2845 1230//2845 1498//2845
f 1228//2846 1498//2846 1499//2846
f 1344//2847 1500//2847 1343//2847
f 1342//2848 1343//2848 1500//2848
f 1345//2849 1500//2849 1344//2849
f 1341//2850 1342//2850 1500//2850
f 1346//2851 1228//2851 1499//2851
f 1346//2852 1500//2852 1345//2852
f 1346//2853 1499//2853 1500//2853
f 1340//2854 1341//2854 1500//2854
f 1340//2855 1500//2855 1501//2855
f 1339//2856 1340//2856 1501//2856
f 1338//2857 1339//2857 1501//2857
f 1337//2858 1338//2858 1501//2858
f 1226//2859 1346//2859 1347//2859
f 1226//2860 1347//2860 1348//2860
f 1226//2861 1348//2861 1349//2861
f 1226//2862 1228//2862 1346//2862
f 1350//2863 1226//2863 1349//2863
f 1369//2864 1337//2864 1501//2864
f 1351//2865 1226//2865 1350//2865
f 1368//2866 1369//2866 1501//2866
f 1367//2867 1368//2867 1501//2867
f 1502//2868 1366//2868 1367//2868
f 1502//2869 1367//2869 1501//2869
f 1365//2870 1366//2870 1502//2870
f 1364//2871 1365//2871 1502//2871
f 1363//2872 1364//2872 1502//2872
f 1362//2873 1363//2873 1502//2873
f 1224//2874 1351//2874 1352//2874
f 1224//2875 1352//2875 1353//2875
f 1224//2876 1353//2876 1354//2876
f 1224//2877 1354//2877 1355//2877
f 1224//2878 1355//2878 1356//2878
f 1224//2879 1226//2879 1351//2879
f 1503//2880 1362//2880 1502//2880
f 1222//2881 1224//2881 1356//2881
f 1222//2882 1356//2882 1357//2882
f 1222//2883 1357//2883 1358//2883
f 1222//2884 1358//2884 1359//2884
f 1222//2885 1359//2885 1360//2885
f 1222//2886 1360//2886 1361//2886
f 1220//2887 1362//2887 1503//2887
f 1220//2888 1361//2888 1362//2888
f 1220//2889 1222//2889 1361//2889
f 1218//2890 1220//2890 1503//2890
f 1218//2891 1503//2891 1504//2891
f 1216//2892 1218//2892 1504//2892
f 1216//2893 1504//2893 1505//2893
f 1214//2894 1216//2894 1505//2894
f 1214//2895 1505//2895 1506//2895
f 1214//2896 1506//2896 1507//2896
f 1212//2897 1214//2897 1507//2897
f 1210//2898 1212//2898 1507//2898
f 1210//2899 1507//2899 1508//2899
f 1208//2900 1210//2900 1508//2900
f 1208//2901 1508//2901 1509//2901
f 1206//2902 1208//2902 1509//2902
f 1206//2903 1509//2903 1510//2903
f 1206//2904 1510//2904 1511//2904
f 1204//2905 1206//2905 1511//2905
f 1202//2906 1204//2906 1511//2906
f 1202//2907 1511//2907 1512//2907
f 1200//2908 1202//2908 1512//2908
f 1200//2909 1512//2909 1513//2909
f 1198//2910 1200//2910 1513//2910
f 1198//2911 1513//2911 1514//2911
f 1196//2912 1198//2912 1514//2912
f 1196//2913 1514//2913 1515//2913
f 1196//2914 1515//2914 1516//2914
f 1194//2915 1196//2915 1516//2915
f 1193//2916 1194//2916 1516//2916
f 1193//2917 1516//2917 1517//2917
f 1195//2918 1193//2918 1517//2918
f 1195//2919 1517//2919 1518//2919
f 1197//2920 1518//2920 1519//2920
f 1197//2921 1195//2921 1518//2921
f 1199//2922 1519//2922 1520//2922
f 1199//2923 1197//2923 1519//2923
f 1201//2924 1520//2924 1521//2924
f 1201//2925 1199//2925 1520//2925
f 1203//2926 1521//2926 1522//2926
f 1203//2927 1522//2927 1523//2927
f 1203//2928 1201//2928 1521//2928
f 1205//2929 1203//2929 1523//2929
f 1207//2930 1523//2930 1524//2930
f 1207//2931 1205//2931 1523//2931
f 1275//2932 1525//2932 1274//2932
f 1273//2933 1274//2933 1525//2933
f 1276//2934 1525//2934 1275//2934
f 1272//2935 1273//2935 1525//2935
f 1277//2936 1524//2936 1525//2936
f 1277//2937 1207//2937 1524//2937
f 1277//2938 1525//2938 1276//2938
f 1271//2939 1525//2939 1451//2939
f 1271//2940 1272//2940 1525//2940
f 1270//2941 1271//2941 1451//2941
f 1269//2942 1270//2942 1451//2942
f 1268//2943 1269//2943 1451//2943
f 1209//2944 1277//2944 1278//2944
f 1209//2945 1278//2945 1279//2945
f 1209//2946 1279//2946 1280//2946
f 1209//2947 1280//2947 1281//2947
f 1209//2948 1207//2948 1277//2948
f 1282//2949 1209//2949 1281//2949
f 1283//2950 1209//2950 1282//2950
f 1211//2951 1283//2951 1284//2951
f 1211//2952 1284//2952 1285//2952
f 1211//2953 1285//2953 1286//2953
f 1211//2954 1209//2954 1283//2954
f 1371//2955 1526//2955 1527//2955
f 1372//2956 1371//2956 1527//2956
f 1372//2957 1527//2957 1528//2957
f 1376//2958 1372//2958 1528//2958
f 1376//2959 1528//2959 1529//2959
f 1530//2960 1529//2960 1531//2960
f 1532//2961 1533//2961 1531//2961
f 1532//2962 1531//2962 1529//2962
f 1378//2963 1376//2963 1529//2963
f 1378//2964 1529//2964 1530//2964
f 1534//2965 1533//2965 1532//2965
f 1535//2966 1534//2966 1532//2966
f 1536//2967 1534//2967 1535//2967
f 1380//2968 1530//2968 1537//2968
f 1380//2969 1378//2969 1530//2969
f 1538//2970 1536//2970 1535//2970
f 1539//2971 1538//2971 1535//2971
f 1381//2972 1537//2972 1540//2972
f 1381//2973 1380//2973 1537//2973
f 1541//2974 1542//2974 1539//2974
f 1384//2975 1540//2975 1543//2975
f 1384//2976 1381//2976 1540//2976
f 1544//2977 1545//2977 1541//2977
f 1546//2978 1545//2978 1544//2978
f 1387//2979 1543//2979 1547//2979
f 1387//2980 1384//2980 1543//2980
f 1548//2981 1546//2981 1544//2981
f 1549//2982 1548//2982 1544//2982
f 1388//2983 1547//2983 1550//2983
f 1388//2984 1387//2984 1547//2984
f 1551//2985 1552//2985 1549//2985
f 1391//2986 1550//2986 1553//2986
f 1391//2987 1388//2987 1550//2987
f 1554//2988 1555//2988 1551//2988
f 1394//2989 1391//2989 1553//2989
f 1394//2990 1553//2990 1556//2990
f 1557//2991 1558//2991 1554//2991
f 1397//2992 1556//2992 1559//2992
f 1397//2993 1394//2993 1556//2993
f 1560//2994 1561//2994 1557//2994
f 1398//2995 1559//2995 1562//2995
f 1398//2996 1397//2996 1559//2996
f 1563//2997 1564//2997 1560//2997
f 1401//2998 1398//2998 1562//2998
f 1401//2999 1562//2999 1565//2999
f 1566//3000 1567//3000 1563//3000
f 1404//3001 1565//3001 1568//3001
f 1404//3002 1401//3002 1565//3002
f 1569//3003 1570//3003 1566//3003
f 1407//3004 1568//3004 1571//3004
f 1407//3005 1404//3005 1568//3005
f 1572//3006 1573//3006 1569//3006
f 1408//3007 1571//3007 1574//3007
f 1408//3008 1407//3008 1571//3008
f 1575//3009 1576//3009 1572//3009
f 1411//3010 1574//3010 1577//3010
f 1411//3011 1408//3011 1574//3011
f 1578//3012 1579//3012 1575//3012
f 1414//3013 1577//3013 1580//3013
f 1414//3014 1411//3014 1577//3014
f 1581//3015 1582//3015 1578//3015
f 1415//3016 1580//3016 1583//3016
f 1415//3017 1414//3017 1580//3017
f 1584//3018 1585//3018 1581//3018
f 1418//3019 1415//3019 1583//3019
f 1418//3020 1583//3020 1586//3020
f 1587//3021 1588//3021 1584//3021
f 1421//3022 1586//3022 1589//3022
f 1421//3023 1418//3023 1586//3023
f 1590//3024 1591//3024 1587//3024
f 1424//3025 1589//3025 1592//3025
f 1424//3026 1421//3026 1589//3026
f 1593//3027 1594//3027 1590//3027
f 1425//3028 1592//3028 1595//3028
f 1425//3029 1424//3029 1592//3029
f 1596//3030 1597//3030 1593//3030
f 1428//3031 1595//3031 1598//3031
f 1428//3032 1425//3032 1595//3032
f 1599//3033 1600//3033 1596//3033
f 1431//3034 1598//3034 1601//3034
f 1431//3035 1428//3035 1598//3035
f 1602//3036 1603//3036 1599//3036
f 1434//3037 1601//3037 1604//3037
f 1434//3038 1431//3038 1601//3038
f 1605//3039 1606//3039 1602//3039
f 1435//3040 1604//3040 1607//3040
f 1435//3041 1434//3041 1604//3041
f 1608//3042 1609//3042 1605//3042
f 1438//3043 1607//3043 1610//3043
f 1438//3044 1435//3044 1607//3044
f 1611//3045 1612//3045 1608//3045
f 1613//3046 1612//3046 1611//3046
f 1441//3047 1610//3047 1614//3047
f 1441//3048 1438//3048 1610//3048
f 1615//3049 1613//3049 1611//3049
f 1615//3050 1611//3050 1616//3050
f 1442//3051 1614//3051 1617//3051
f 1442//3052 1441//3052 1614//3052
f 1618//3053 1442//3053 1617//3053
f 1619//3054 1616//3054 1620//3054
f 1619//3055 1615//3055 1616//3055
f 1445//3056 1442//3056 1618//3056
f 1621//3057 1445//3057 1618//3057
f 1622//3058 1619//3058 1620//3058
f 1622//3059 1620//3059 1623//3059
f 1374//3060 1445//3060 1621//3060
f 1371//3061 1621//3061 1526//3061
f 1371//3062 1374//3062 1621//3062
f 1612//3063 1609//3063 1608//3063
f 1609//3064 1606//3064 1605//3064
f 1606//3065 1603//3065 1602//3065
f 1603//3066 1600//3066 1599//3066
f 1600//3067 1597//3067 1596//3067
f 1597//3068 1594//3068 1593//3068
f 1594//3069 1591//3069 1590//3069
f 1591//3070 1588//3070 1587//3070
f 1588//3071 1585//3071 1584//3071
f 1585//3072 1582//3072 1581//3072
f 1582//3073 1579//3073 1578//3073
f 1579//3074 1576//3074 1575//3074
f 1576//3075 1573//3075 1572//3075
f 1573//3076 1570//3076 1569//3076
f 1570//3077 1567//3077 1566//3077
f 1567//3078 1564//3078 1563//3078
f 1564//3079 1561//3079 1560//3079
f 1561//3080 1558//3080 1557//3080
f 1558//3081 1555//3081 1554//3081
f 1555//3082 1552//3082 1551//3082
f 1552//3083 1548//3083 1549//3083
f 1545//3084 1542//3084 1541//3084
f 1542//3085 1538//3085 1539//3085
f 1624//3086 1517//3086 1516//3086
f 1624//3087 1518//3087 1517//3087
f 1625//3088 1624//3088 1516//3088
f 1625//3089 1515//3089 1514//3089
f 1625//3090 1516//3090 1515//3090
f 1626//3091 1518//3091 1624//3091
f 1626//3092 1519//3092 1518//3092
f 1626//3093 1520//3093 1519//3093
f 1627//3094 1625//3094 1514//3094
f 1627//3095 1513//3095 1512//3095
f 1627//3096 1514//3096 1513//3096
f 1628//3097 1521//3097 1520//3097
f 1628//3098 1522//3098 1521//3098
f 1628//3099 1523//3099 1522//3099
f 1628//3100 1520//3100 1626//3100
f 1629//3101 1627//3101 1512//3101
f 1629//3102 1511//3102 1510//3102
f 1629//3103 1512//3103 1511//3103
f 1630//3104 1523//3104 1628//3104
f 1630//3105 1524//3105 1523//3105
f 1630//3106 1525//3106 1524//3106
f 1631//3107 1629//3107 1510//3107
f 1631//3108 1509//3108 1508//3108
f 1631//3109 1510//3109 1509//3109
f 1632//3110 1452//3110 1451//3110
f 1632//3111 1451//3111 1525//3111
f 1632//3112 1525//3112 1630//3112
f 1633//3113 1631//3113 1508//3113
f 1633//3114 1506//3114 1505//3114
f 1633//3115 1507//3115 1506//3115
f 1633//3116 1508//3116 1507//3116
f 1634//3117 1453//3117 1452//3117
f 1634//3118 1454//3118 1453//3118
f 1634//3119 1452//3119 1632//3119
f 1635//3120 1633//3120 1505//3120
f 1635//3121 1504//3121 1503//3121
f 1635//3122 1505//3122 1504//3122
f 1636//3123 1455//3123 1454//3123
f 1636//3124 1456//3124 1455//3124
f 1636//3125 1457//3125 1456//3125
f 1636//3126 1454//3126 1634//3126
f 1637//3127 1502//3127 1501//3127
f 1637//3128 1503//3128 1502//3128
f 1637//3129 1635//3129 1503//3129
f 1638//3130 1458//3130 1457//3130
f 1638//3131 1459//3131 1458//3131
f 1638//3132 1457//3132 1636//3132
f 1639//3133 1500//3133 1499//3133
f 1639//3134 1501//3134 1500//3134
f 1639//3135 1637//3135 1501//3135
f 1640//3136 1460//3136 1459//3136
f 1640//3137 1459//3137 1638//3137
f 1641//3138 1639//3138 1499//3138
f 1641//3139 1499//3139 1498//3139
f 1461//3140 1460//3140 1640//3140
f 1461//3141 1640//3141 1642//3141
f 1497//3142 1643//3142 1641//3142
f 1497//3143 1641//3143 1498//3143
f 1462//3144 1461//3144 1642//3144
f 1496//3145 1643//3145 1497//3145
f 1463//3146 1462//3146 1642//3146
f 1463//3147 1642//3147 1644//3147
f 1495//3148 1645//3148 1643//3148
f 1495//3149 1643//3149 1496//3149
f 1464//3150 1463//3150 1644//3150
f 1494//3151 1645//3151 1495//3151
f 1465//3152 1464//3152 1644//3152
f 1465//3153 1644//3153 1646//3153
f 1493//3154 1645//3154 1494//3154
f 1466//3155 1465//3155 1646//3155
f 1492//3156 1645//3156 1493//3156
f 1492//3157 1647//3157 1645//3157
f 1467//3158 1466//3158 1646//3158
f 1467//3159 1646//3159 1648//3159
f 1491//3160 1647//3160 1492//3160
f 1468//3161 1467//3161 1648//3161
f 1490//3162 1647//3162 1491//3162
f 1490//3163 1649//3163 1647//3163
f 1469//3164 1468//3164 1648//3164
f 1469//3165 1648//3165 1650//3165
f 1489//3166 1649//3166 1490//3166
f 1470//3167 1469//3167 1650//3167
f 1488//3168 1649//3168 1489//3168
f 1488//3169 1651//3169 1649//3169
f 1471//3170 1650//3170 1652//3170
f 1471//3171 1470//3171 1650//3171
f 1487//3172 1651//3172 1488//3172
f 1472//3173 1471//3173 1652//3173
f 1486//3174 1651//3174 1487//3174
f 1486//3175 1653//3175 1651//3175
f 1473//3176 1472//3176 1652//3176
f 1473//3177 1652//3177 1654//3177
f 1485//3178 1655//3178 1653//3178
f 1485//3179 1653//3179 1486//3179
f 1474//3180 1473//3180 1654//3180
f 1484//3181 1655//3181 1485//3181
f 1475//3182 1474//3182 1654//3182
f 1475//3183 1654//3183 1656//3183
f 1483//3184 1655//3184 1484//3184
f 1476//3185 1475//3185 1656//3185
f 1482//3186 1655//3186 1483//3186
f 1482//3187 1657//3187 1655//3187
f 1477//3188 1476//3188 1656//3188
f 1477//3189 1656//3189 1658//3189
f 1481//3190 1657//3190 1482//3190
f 1478//3191 1477//3191 1658//3191
f 1480//3192 1657//3192 1481//3192
f 1480//3193 1659//3193 1657//3193
f 1479//3194 1478//3194 1658//3194
f 1479//3195 1659//3195 1480//3195
f 1479//3196 1658//3196 1659//3196
f 1620//3197 1660//3197 1623//3197
f 1623//3198 1660//3198 1661//3198
f 1616//3199 1662//3199 1620//3199
f 1620//3200 1662//3200 1660//3200
f 1611//3201 1663//3201 1616//3201
f 1616//3202 1663//3202 1662//3202
f 1608//3203 1664//3203 1611//3203
f 1611//3204 1664//3204 1663//3204
f 1605//3205 1665//3205 1608//3205
f 1608//3206 1665//3206 1664//3206
f 1602//3207 1666//3207 1605//3207
f 1605//3208 1666//3208 1665//3208
f 1599//3209 1667//3209 1602//3209
f 1602//3210 1667//3210 1666//3210
f 1599//3211 1668//3211 1667//3211
f 1596//3212 1668//3212 1599//3212
f 1596//3213 1669//3213 1668//3213
f 1593//3214 1669//3214 1596//3214
f 1593//3215 1670//3215 1669//3215
f 1590//3216 1670//3216 1593//3216
f 1590//3217 1671//3217 1670//3217
f 1587//3218 1671//3218 1590//3218
f 1584//3219 1672//3219 1587//3219
f 1587//3220 1672//3220 1671//3220
f 1584//3221 1673//3221 1672//3221
f 1584//3222 1581//3222 1673//3222
f 1581//3223 1674//3223 1673//3223
f 1581//3224 1578//3224 1674//3224
f 1578//3225 1675//3225 1674//3225
f 1578//3226 1575//3226 1675//3226
f 1575//3227 1676//3227 1675//3227
f 1575//3228 1572//3228 1676//3228
f 1572//3229 1677//3229 1676//3229
f 1569//3230 1678//3230 1572//3230
f 1572//3231 1678//3231 1677//3231
f 1566//3232 1679//3232 1569//3232
f 1569//3233 1679//3233 1678//3233
f 1563//3234 1680//3234 1566//3234
f 1566//3235 1680//3235 1679//3235
f 1560//3236 1681//3236 1563//3236
f 1563//3237 1681//3237 1680//3237
f 1557//3238 1682//3238 1560//3238
f 1560//3239 1682//3239 1681//3239
f 1554//3240 1683//3240 1557//3240
f 1557//3241 1683//3241 1682//3241
f 1551//3242 1684//3242 1554//3242
f 1554//3243 1684//3243 1683//3243
f 1549//3244 1685//3244 1551//3244
f 1551//3245 1685//3245 1684//3245
f 1544//3246 1686//3246 1549//3246
f 1549//3247 1686//3247 1685//3247
f 1541//3248 1687//3248 1544//3248
f 1544//3249 1687//3249 1686//3249
f 1539//3250 1688//3250 1541//3250
f 1541//3251 1688//3251 1687//3251
f 1535//3252 1689//3252 1539//3252
f 1539//3253 1689//3253 1688//3253
f 1535//3254 1690//3254 1689//3254
f 1535//3255 1532//3255 1690//3255
f 1532//3256 1691//3256 1690//3256
f 1532//3257 1529//3257 1691//3257
f 1529//3258 1692//3258 1691//3258
f 1529//3259 1528//3259 1692//3259
f 1528//3260 1693//3260 1692//3260
f 1528//3261 1527//3261 1693//3261
f 1527//3262 1694//3262 1693//3262
f 1527//3263 1526//3263 1694//3263
f 1526//3264 1695//3264 1694//3264
f 1621//3265 1696//3265 1526//3265
f 1526//3266 1696//3266 1695//3266
f 1618//3267 1697//3267 1621//3267
f 1621//3268 1697//3268 1696//3268
f 1617//3269 1698//3269 1618//3269
f 1618//3270 1698//3270 1697//3270
f 1614//3271 1699//3271 1617//3271
f 1617//3272 1699//3272 1698//3272
f 1610//3273 1700//3273 1614//3273
f 1614//3274 1700//3274 1699//3274
f 1607//3275 1701//3275 1610//3275
f 1610//3276 1701//3276 1700//3276
f 1604//3277 1702//3277 1607//3277
f 1607//3278 1702//3278 1701//3278
f 1601//3279 1703//3279 1604//3279
f 1604//3280 1703//3280 1702//3280
f 1601//3281 1704//3281 1703//3281
f 1598//3282 1704//3282 1601//3282
f 1598//3283 1705//3283 1704//3283
f 1595//3284 1705//3284 1598//3284
f 1595//3285 1706//3285 1705//3285
f 1592//3286 1706//3286 1595//3286
f 1592//3287 1707//3287 1706//3287
f 1589//3288 1707//3288 1592//3288
f 1589//3289 1708//3289 1707//3289
f 1586//3290 1708//3290 1589//3290
f 1583//3291 1709//3291 1586//3291
f 1586//3292 1709//3292 1708//3292
f 1580//3293 1710//3293 1583//3293
f 1583//3294 1710//3294 1709//3294
f 1577//3295 1711//3295 1580//3295
f 1580//3296 1711//3296 1710//3296
f 1577//3297 1712//3297 1711//3297
f 1577//3298 1574//3298 1712//3298
f 1574//3299 1713//3299 1712//3299
f 1574//3300 1571//3300 1713//3300
f 1571//3301 1714//3301 1713//3301
f 1571//3302 1568//3302 1714//3302
f 1568//3303 1715//3303 1714//3303
f 1568//3304 1565//3304 1715//3304
f 1565//3305 1716//3305 1715//3305
f 1562//3306 1717//3306 1565//3306
f 1565//3307 1717//3307 1716//3307
f 1559//3308 1718//3308 1562//3308
f 1562//3309 1718//3309 1717//3309
f 1556//3310 1719//3310 1559//3310
f 1559//3311 1719//3311 1718//3311
f 1553//3312 1720//3312 1556//3312
f 1556//3313 1720//3313 1719//3313
f 1550//3314 1721//3314 1553//3314
f 1553//3315 1721//3315 1720//3315
f 1547//3316 1722//3316 1550//3316
f 1550//3317 1722//3317 1721//3317
f 1543//3318 1723//3318 1547//3318
f 1547//3319 1723//3319 1722//3319
f 1540//3320 1724//3320 1543//3320
f 1543//3321 1724//3321 1723//3321
f 1537//3322 1725//3322 1540//3322
f 1540//3323 1725//3323 1724//3323
f 1530//3324 1726//3324 1537//3324
f 1537//3325 1726//3325 1725//3325
f 1530//3326 1727//3326 1726//3326
f 1531//3327 1728//3327 1530//3327
f 1530//3328 1728//3328 1727//3328
f 1729//3329 1730//3329 1622//3329
f 1730//3330 1619//3330 1622//3330
f 1730//3331 1731//3331 1619//3331
f 1731//3332 1615//3332 1619//3332
f 1731//3333 1732//3333 1615//3333
f 1732//3334 1613//3334 1615//3334
f 1732//3335 1733//3335 1613//3335
f 1733//3336 1612//3336 1613//3336
f 1733//3337 1734//3337 1612//3337
f 1734//3338 1609//3338 1612//3338
f 1734//3339 1735//3339 1609//3339
f 1735//3340 1606//3340 1609//3340
f 1736//3341 1603//3341 1735//3341
f 1735//3342 1603//3342 1606//3342
f 1737//3343 1600//3343 1736//3343
f 1736//3344 1600//3344 1603//3344
f 1737//3345 1738//3345 1600//3345
f 1738//3346 1597//3346 1600//3346
f 1738//3347 1739//3347 1597//3347
f 1739//3348 1594//3348 1597//3348
f 1739//3349 1740//3349 1594//3349
f 1740//3350 1591//3350 1594//3350
f 1740//3351 1741//3351 1591//3351
f 1742//3352 1588//3352 1741//3352
f 1741//3353 1588//3353 1591//3353
f 1743//3354 1585//3354 1742//3354
f 1742//3355 1585//3355 1588//3355
f 1744//3356 1582//3356 1743//3356
f 1743//3357 1582//3357 1585//3357
f 1745//3358 1579//3358 1744//3358
f 1744//3359 1579//3359 1582//3359
f 1746//3360 1576//3360 1745//3360
f 1745//3361 1576//3361 1579//3361
f 1747//3362 1573//3362 1746//3362
f 1746//3363 1573//3363 1576//3363
f 1748//3364 1570//3364 1747//3364
f 1747//3365 1570//3365 1573//3365
f 1749//3366 1567//3366 1748//3366
f 1748//3367 1567//3367 1570//3367
f 1750//3368 1564//3368 1749//3368
f 1749//3369 1564//3369 1567//3369
f 1751//3370 1561//3370 1750//3370
f 1750//3371 1561//3371 1564//3371
f 1752//3372 1558//3372 1751//3372
f 1751//3373 1558//3373 1561//3373
f 1753//3374 1555//3374 1752//3374
f 1752//3375 1555//3375 1558//3375
f 1754//3376 1552//3376 1753//3376
f 1753//3377 1552//3377 1555//3377
f 1755//3378 1548//3378 1754//3378
f 1754//3379 1548//3379 1552//3379
f 1756//3380 1546//3380 1755//3380
f 1755//3381 1546//3381 1548//3381
f 1757//3382 1545//3382 1756//3382
f 1756//3383 1545//3383 1546//3383
f 1757//3384 1542//3384 1545//3384
f 1757//3385 1758//3385 1542//3385
f 1758//3386 1538//3386 1542//3386
f 1759//3387 1536//3387 1758//3387
f 1758//3388 1536//3388 1538//3388
f 1760//3389 1534//3389 1759//3389
f 1759//3390 1534//3390 1536//3390
f 1728//3391 1533//3391 1760//3391
f 1760//3392 1533//3392 1534//3392
f 1728//3393 1531//3393 1533//3393
f 1761//3394 1623//3394 1762//3394
f 1761//3395 1622//3395 1623//3395
f 1763//3396 1762//3396 1764//3396
f 1763//3397 1761//3397 1762//3397
f 1765//3398 1764//3398 1766//3398
f 1765//3399 1763//3399 1764//3399
f 1767//3400 1766//3400 1768//3400
f 1767//3401 1765//3401 1766//3401
f 1769//3402 1768//3402 1770//3402
f 1769//3403 1767//3403 1768//3403
f 1771//3404 1770//3404 1772//3404
f 1771//3405 1769//3405 1770//3405
f 1773//3406 1772//3406 1774//3406
f 1773//3407 1771//3407 1772//3407
f 1775//3408 1773//3408 1774//3408
f 1775//3409 1774//3409 1776//3409
f 1777//3410 1775//3410 1776//3410
f 1777//3411 1776//3411 1778//3411
f 1779//3412 1777//3412 1778//3412
f 1779//3413 1778//3413 1780//3413
f 1781//3414 1779//3414 1780//3414
f 1781//3415 1780//3415 1782//3415
f 1783//3416 1781//3416 1782//3416
f 1783//3417 1782//3417 1784//3417
f 1785//3418 1784//3418 1786//3418
f 1785//3419 1783//3419 1784//3419
f 1787//3420 1786//3420 1788//3420
f 1787//3421 1785//3421 1786//3421
f 1789//3422 1788//3422 1790//3422
f 1789//3423 1787//3423 1788//3423
f 1791//3424 1790//3424 1792//3424
f 1791//3425 1789//3425 1790//3425
f 1793//3426 1792//3426 1794//3426
f 1793//3427 1791//3427 1792//3427
f 1795//3428 1794//3428 1796//3428
f 1795//3429 1793//3429 1794//3429
f 1797//3430 1796//3430 1798//3430
f 1797//3431 1795//3431 1796//3431
f 1799//3432 1798//3432 1800//3432
f 1799//3433 1797//3433 1798//3433
f 1801//3434 1800//3434 1802//3434
f 1801//3435 1799//3435 1800//3435
f 1803//3436 1802//3436 1804//3436
f 1803//3437 1801//3437 1802//3437
f 1805//3438 1804//3438 1806//3438
f 1805//3439 1803//3439 1804//3439
f 1807//3440 1806//3440 1808//3440
f 1807//3441 1805//3441 1806//3441
f 1809//3442 1808//3442 1810//3442
f 1809//3443 1807//3443 1808//3443
f 1811//3444 1810//3444 1812//3444
f 1811//3445 1809//3445 1810//3445
f 1813//3446 1812//3446 1814//3446
f 1813//3447 1811//3447 1812//3447
f 1815//3448 1814//3448 1816//3448
f 1815//3449 1813//3449 1814//3449
f 1817//3450 1816//3450 1818//3450
f 1817//3451 1815//3451 1816//3451
f 1819//3452 1818//3452 1820//3452
f 1819//3453 1817//3453 1818//3453
f 1821//3454 1820//3454 1822//3454
f 1821//3455 1819//3455 1820//3455
f 1823//3456 1822//3456 1824//3456
f 1823//3457 1821//3457 1822//3457
f 1825//3458 1823//3458 1824//3458
f 1825//3459 1824//3459 1826//3459
f 1827//3460 1828//3460 1632//3460
f 1827//3461 1632//3461 1630//3461
f 1829//3462 1827//3462 1630//3462
f 1830//3463 1630//3463 1628//3463
f 1830//3464 1829//3464 1630//3464
f 1831//3465 1628//3465 1626//3465
f 1831//3466 1830//3466 1628//3466
f 1832//3467 1626//3467 1624//3467
f 1832//3468 1831//3468 1626//3468
f 1625//3469 1832//3469 1624//3469
f 1645//3470 1833//3470 1643//3470
f 1833//3471 1641//3471 1643//3471
f 1833//3472 1834//3472 1641//3472
f 1835//3473 1639//3473 1834//3473
f 1834//3474 1639//3474 1641//3474
f 1836//3475 1637//3475 1835//3475
f 1835//3476 1637//3476 1639//3476
f 1837//3477 1635//3477 1836//3477
f 1836//3478 1635//3478 1637//3478
f 1838//3479 1633//3479 1837//3479
f 1837//3480 1633//3480 1635//3480
f 1839//3481 1631//3481 1838//3481
f 1838//3482 1631//3482 1633//3482
f 1840//3483 1629//3483 1839//3483
f 1839//3484 1629//3484 1631//3484
f 1840//3485 1841//3485 1629//3485
f 1841//3486 1627//3486 1629//3486
f 1841//3487 1842//3487 1627//3487
f 1842//3488 1625//3488 1627//3488
f 1842//3489 1843//3489 1625//3489
f 1843//3490 1832//3490 1625//3490
f 1843//3491 1844//3491 1832//3491
f 1844//3492 1831//3492 1832//3492
f 1844//3493 1845//3493 1831//3493
f 1846//3494 1830//3494 1845//3494
f 1845//3495 1830//3495 1831//3495
f 1847//3496 1829//3496 1846//3496
f 1846//3497 1829//3497 1830//3497
f 1848//3498 1827//3498 1847//3498
f 1847//3499 1827//3499 1829//3499
f 1848//3500 1828//3500 1827//3500
f 1655//3501 1849//3501 1653//3501
f 1849//3502 1651//3502 1653//3502
f 1849//3503 1850//3503 1651//3503
f 1850//3504 1649//3504 1651//3504
f 1850//3505 1851//3505 1649//3505
f 1851//3506 1647//3506 1649//3506
f 1851//3507 1852//3507 1647//3507
f 1852//3508 1645//3508 1647//3508
f 1852//3509 1853//3509 1645//3509
f 1853//3510 1833//3510 1645//3510
f 1853//3511 1854//3511 1833//3511
f 1854//3512 1834//3512 1833//3512
f 1854//3513 1855//3513 1834//3513
f 1855//3514 1835//3514 1834//3514
f 1855//3515 1856//3515 1835//3515
f 1856//3516 1836//3516 1835//3516
f 1856//3517 1857//3517 1836//3517
f 1857//3518 1837//3518 1836//3518
f 1857//3519 1858//3519 1837//3519
f 1858//3520 1838//3520 1837//3520
f 1858//3521 1859//3521 1838//3521
f 1859//3522 1839//3522 1838//3522
f 1859//3523 1860//3523 1839//3523
f 1860//3524 1840//3524 1839//3524
f 1860//3525 1861//3525 1840//3525
f 1861//3526 1841//3526 1840//3526
f 1861//3527 1862//3527 1841//3527
f 1862//3528 1842//3528 1841//3528
f 1862//3529 1863//3529 1842//3529
f 1863//3530 1843//3530 1842//3530
f 1863//3531 1864//3531 1843//3531
f 1864//3532 1844//3532 1843//3532
f 1864//3533 1865//3533 1844//3533
f 1865//3534 1845//3534 1844//3534
f 1865//3535 1866//3535 1845//3535
f 1866//3536 1846//3536 1845//3536
f 1866//3537 1867//3537 1846//3537
f 1867//3538 1847//3538 1846//3538
f 1867//3539 1868//3539 1847//3539
f 1868//3540 1848//3540 1847//3540
f 1642//3541 1869//3541 1644//3541
f 1869//3542 1646//3542 1644//3542
f 1869//3543 1870//3543 1646//3543
f 1870//3544 1648//3544 1646//3544
f 1870//3545 1871//3545 1648//3545
f 1871//3546 1650//3546 1648//3546
f 1871//3547 1872//3547 1650//3547
f 1872//3548 1652//3548 1650//3548
f 1872//3549 1873//3549 1652//3549
f 1873//3550 1654//3550 1652//3550
f 1873//3551 1874//3551 1654//3551
f 1874//3552 1656//3552 1654//3552
f 1874//3553 1875//3553 1656//3553
f 1875//3554 1658//3554 1656//3554
f 1876//3555 1659//3555 1875//3555
f 1875//3556 1659//3556 1658//3556
f 1877//3557 1657//3557 1876//3557
f 1876//3558 1657//3558 1659//3558
f 1877//3559 1655//3559 1657//3559
f 1878//3560 1655//3560 1877//3560
f 1878//3561 1849//3561 1655//3561
f 1879//3562 1849//3562 1878//3562
f 1879//3563 1850//3563 1849//3563
f 1880//3564 1850//3564 1879//3564
f 1881//3565 1851//3565 1880//3565
f 1880//3566 1851//3566 1850//3566
f 1881//3567 1852//3567 1851//3567
f 1881//3568 1882//3568 1852//3568
f 1882//3569 1853//3569 1852//3569
f 1882//3570 1883//3570 1853//3570
f 1883//3571 1854//3571 1853//3571
f 1883//3572 1884//3572 1854//3572
f 1884//3573 1855//3573 1854//3573
f 1884//3574 1885//3574 1855//3574
f 1885//3575 1856//3575 1855//3575
f 1886//3576 1857//3576 1885//3576
f 1885//3577 1857//3577 1856//3577
f 1887//3578 1858//3578 1886//3578
f 1886//3579 1858//3579 1857//3579
f 1888//3580 1859//3580 1887//3580
f 1887//3581 1859//3581 1858//3581
f 1889//3582 1860//3582 1888//3582
f 1888//3583 1860//3583 1859//3583
f 1890//3584 1861//3584 1889//3584
f 1889//3585 1861//3585 1860//3585
f 1891//3586 1862//3586 1890//3586
f 1890//3587 1862//3587 1861//3587
f 1892//3588 1863//3588 1891//3588
f 1891//3589 1863//3589 1862//3589
f 1893//3590 1864//3590 1892//3590
f 1892//3591 1864//3591 1863//3591
f 1894//3592 1865//3592 1893//3592
f 1893//3593 1865//3593 1864//3593
f 1895//3594 1866//3594 1894//3594
f 1894//3595 1866//3595 1865//3595
f 1896//3596 1867//3596 1895//3596
f 1895//3597 1867//3597 1866//3597
f 1897//3598 1868//3598 1896//3598
f 1896//3599 1868//3599 1867//3599
f 1896//3600 1898//3600 1897//3600
f 1899//3601 1896//3601 1895//3601
f 1899//3602 1898//3602 1896//3602
f 1900//3603 1895//3603 1894//3603
f 1900//3604 1899//3604 1895//3604
f 1901//3605 1894//3605 1893//3605
f 1901//3606 1900//3606 1894//3606
f 1902//3607 1893//3607 1892//3607
f 1902//3608 1901//3608 1893//3608
f 1903//3609 1892//3609 1891//3609
f 1903//3610 1902//3610 1892//3610
f 1904//3611 1891//3611 1890//3611
f 1904//3612 1903//3612 1891//3612
f 1905//3613 1904//3613 1890//3613
f 1905//3614 1890//3614 1889//3614
f 1906//3615 1905//3615 1889//3615
f 1906//3616 1889//3616 1888//3616
f 1907//3617 1906//3617 1888//3617
f 1907//3618 1888//3618 1887//3618
f 1908//3619 1907//3619 1887//3619
f 1908//3620 1887//3620 1886//3620
f 1909//3621 1908//3621 1886//3621
f 1909//3622 1886//3622 1885//3622
f 1910//3623 1909//3623 1885//3623
f 1910//3624 1885//3624 1884//3624
f 1911//3625 1910//3625 1884//3625
f 1911//3626 1884//3626 1883//3626
f 1912//3627 1911//3627 1883//3627
f 1912//3628 1883//3628 1882//3628
f 1913//3629 1912//3629 1882//3629
f 1913//3630 1882//3630 1881//3630
f 1914//3631 1913//3631 1881//3631
f 1914//3632 1881//3632 1880//3632
f 1915//3633 1914//3633 1880//3633
f 1915//3634 1880//3634 1879//3634
f 1916//3635 1915//3635 1879//3635
f 1916//3636 1879//3636 1878//3636
f 1917//3637 1916//3637 1878//3637
f 1917//3638 1878//3638 1877//3638
f 1918//3639 1877//3639 1876//3639
f 1918//3640 1917//3640 1877//3640
f 1919//3641 1876//3641 1875//3641
f 1919//3642 1918//3642 1876//3642
f 1920//3643 1875//3643 1874//3643
f 1920//3644 1919//3644 1875//3644
f 1921//3645 1874//3645 1873//3645
f 1921//3646 1920//3646 1874//3646
f 1922//3647 1873//3647 1872//3647
f 1922//3648 1921//3648 1873//3648
f 1923//3649 1872//3649 1871//3649
f 1923//3650 1922//3650 1872//3650
f 1924//3651 1871//3651 1870//3651
f 1924//3652 1923//3652 1871//3652
f 1925//3653 1870//3653 1869//3653
f 1925//3654 1924//3654 1870//3654
f 1926//3655 1869//3655 1642//3655
f 1926//3656 1925//3656 1869//3656
f 1927//3657 1642//3657 1640//3657
f 1927//3658 1926//3658 1642//3658
f 1928//3659 1640//3659 1638//3659
f 1928//3660 1927//3660 1640//3660
f 1929//3661 1638//3661 1636//3661
f 1929//3662 1928//3662 1638//3662
f 1930//3663 1636//3663 1634//3663
f 1930//3664 1929//3664 1636//3664
f 1828//3665 1930//3665 1634//3665
f 1828//3666 1634//3666 1632//3666
f 1660//3667 1931//3667 1661//3667
f 1661//3668 1931//3668 1932//3668
f 1662//3669 1933//3669 1660//3669
f 1660//3670 1933//3670 1931//3670
f 1663//3671 1934//3671 1662//3671
f 1662//3672 1934//3672 1933//3672
f 1664//3673 1935//3673 1663//3673
f 1663//3674 1935//3674 1934//3674
f 1665//3675 1936//3675 1664//3675
f 1664//3676 1936//3676 1935//3676
f 1666//3677 1937//3677 1665//3677
f 1665//3678 1937//3678 1936//3678
f 1666//3679 1938//3679 1937//3679
f 1667//3680 1938//3680 1666//3680
f 1667//3681 1939//3681 1938//3681
f 1668//3682 1939//3682 1667//3682
f 1668//3683 1940//3683 1939//3683
f 1669//3684 1940//3684 1668//3684
f 1669//3685 1941//3685 1940//3685
f 1670//3686 1941//3686 1669//3686
f 1671//3687 1942//3687 1670//3687
f 1670//3688 1942//3688 1941//3688
f 1672//3689 1943//3689 1671//3689
f 1671//3690 1943//3690 1942//3690
f 1673//3691 1944//3691 1672//3691
f 1672//3692 1944//3692 1943//3692
f 1674//3693 1945//3693 1673//3693
f 1673//3694 1945//3694 1944//3694
f 1675//3695 1946//3695 1674//3695
f 1674//3696 1946//3696 1945//3696
f 1676//3697 1947//3697 1675//3697
f 1675//3698 1947//3698 1946//3698
f 1677//3699 1948//3699 1676//3699
f 1676//3700 1948//3700 1947//3700
f 1678//3701 1949//3701 1677//3701
f 1677//3702 1949//3702 1948//3702
f 1679//3703 1950//3703 1678//3703
f 1678//3704 1950//3704 1949//3704
f 1680//3705 1951//3705 1679//3705
f 1679//3706 1951//3706 1950//3706
f 1681//3707 1952//3707 1680//3707
f 1680//3708 1952//3708 1951//3708
f 1682//3709 1953//3709 1681//3709
f 1681//3710 1953//3710 1952//3710
f 1683//3711 1954//3711 1682//3711
f 1682//3712 1954//3712 1953//3712
f 1684//3713 1955//3713 1683//3713
f 1683//3714 1955//3714 1954//3714
f 1685//3715 1956//3715 1684//3715
f 1684//3716 1956//3716 1955//3716
f 1686//3717 1957//3717 1685//3717
f 1685//3718 1957//3718 1956//3718
f 1687//3719 1958//3719 1686//3719
f 1686//3720 1958//3720 1957//3720
f 1688//3721 1959//3721 1687//3721
f 1687//3722 1959//3722 1958//3722
f 1689//3723 1960//3723 1688//3723
f 1688//3724 1960//3724 1959//3724
f 1690//3725 1961//3725 1689//3725
f 1689//3726 1961//3726 1960//3726
f 1691//3727 1962//3727 1690//3727
f 1690//3728 1962//3728 1961//3728
f 1692//3729 1963//3729 1691//3729
f 1691//3730 1963//3730 1962//3730
f 1692//3731 1964//3731 1963//3731
f 1693//3732 1964//3732 1692//3732
f 1693//3733 1965//3733 1964//3733
f 1694//3734 1965//3734 1693//3734
f 1694//3735 1729//3735 1965//3735
f 1695//3736 1729//3736 1694//3736
f 1824//3737 1966//3737 1826//3737
f 1826//3738 1966//3738 1967//3738
f 1822//3739 1968//3739 1824//3739
f 1824//3740 1968//3740 1966//3740
f 1820//3741 1969//3741 1822//3741
f 1822//3742 1969//3742 1968//3742
f 1818//3743 1970//3743 1820//3743
f 1820//3744 1970//3744 1969//3744
f 1816//3745 1971//3745 1818//3745
f 1818//3746 1971//3746 1970//3746
f 1814//3747 1972//3747 1816//3747
f 1816//3748 1972//3748 1971//3748
f 1812//3749 1973//3749 1814//3749
f 1814//3750 1973//3750 1972//3750
f 1812//3751 1974//3751 1973//3751
f 1810//3752 1974//3752 1812//3752
f 1810//3753 1975//3753 1974//3753
f 1808//3754 1975//3754 1810//3754
f 1808//3755 1976//3755 1975//3755
f 1806//3756 1976//3756 1808//3756
f 1806//3757 1977//3757 1976//3757
f 1804//3758 1977//3758 1806//3758
f 1802//3759 1978//3759 1804//3759
f 1804//3760 1978//3760 1977//3760
f 1802//3761 1979//3761 1978//3761
f 1802//3762 1800//3762 1979//3762
f 1800//3763 1980//3763 1979//3763
f 1800//3764 1798//3764 1980//3764
f 1798//3765 1981//3765 1980//3765
f 1798//3766 1796//3766 1981//3766
f 1796//3767 1982//3767 1981//3767
f 1796//3768 1794//3768 1982//3768
f 1794//3769 1983//3769 1982//3769
f 1792//3770 1984//3770 1794//3770
f 1794//3771 1984//3771 1983//3771
f 1790//3772 1985//3772 1792//3772
f 1792//3773 1985//3773 1984//3773
f 1788//3774 1986//3774 1790//3774
f 1790//3775 1986//3775 1985//3775
f 1786//3776 1987//3776 1788//3776
f 1788//3777 1987//3777 1986//3777
f 1784//3778 1988//3778 1786//3778
f 1786//3779 1988//3779 1987//3779
f 1782//3780 1989//3780 1784//3780
f 1784//3781 1989//3781 1988//3781
f 1780//3782 1990//3782 1782//3782
f 1782//3783 1990//3783 1989//3783
f 1778//3784 1991//3784 1780//3784
f 1780//3785 1991//3785 1990//3785
f 1776//3786 1992//3786 1778//3786
f 1778//3787 1992//3787 1991//3787
f 1774//3788 1993//3788 1776//3788
f 1776//3789 1993//3789 1992//3789
f 1772//3790 1994//3790 1774//3790
f 1774//3791 1994//3791 1993//3791
f 1770//3792 1995//3792 1772//3792
f 1772//3793 1995//3793 1994//3793
f 1770//3794 1996//3794 1995//3794
f 1770//3795 1768//3795 1996//3795
f 1768//3796 1997//3796 1996//3796
f 1768//3797 1766//3797 1997//3797
f 1766//3798 1998//3798 1997//3798
f 1766//3799 1764//3799 1998//3799
f 1764//3800 1999//3800 1998//3800
f 1764//3801 1762//3801 1999//3801
f 1762//3802 2000//3802 1999//3802
f 1762//3803 1623//3803 2000//3803
f 1623//3804 1661//3804 2000//3804
f 1696//3805 1730//3805 1695//3805
f 1695//3806 1730//3806 1729//3806
f 1697//3807 1731//3807 1696//3807
f 1696//3808 1731//3808 1730//3808
f 1698//3809 1732//3809 1697//3809
f 1697//3810 1732//3810 1731//3810
f 1699//3811 1733//3811 1698//3811
f 1698//3812 1733//3812 1732//3812
f 1700//3813 1734//3813 1699//3813
f 1699//3814 1734//3814 1733//3814
f 1701//3815 1735//3815 1700//3815
f 1700//3816 1735//3816 1734//3816
f 1702//3817 1736//3817 1701//3817
f 1701//3818 1736//3818 1735//3818
f 1703//3819 1737//3819 1702//3819
f 1702//3820 1737//3820 1736//3820
f 1703//3821 1738//3821 1737//3821
f 1704//3822 1738//3822 1703//3822
f 1704//3823 1739//3823 1738//3823
f 1705//3824 1739//3824 1704//3824
f 1705//3825 1740//3825 1739//3825
f 1706//3826 1740//3826 1705//3826
f 1706//3827 1741//3827 1740//3827
f 1707//3828 1741//3828 1706//3828
f 1708//3829 1742//3829 1707//3829
f 1707//3830 1742//3830 1741//3830
f 1709//3831 1743//3831 1708//3831
f 1708//3832 1743//3832 1742//3832
f 1710//3833 1744//3833 1709//3833
f 1709//3834 1744//3834 1743//3834
f 1711//3835 1745//3835 1710//3835
f 1710//3836 1745//3836 1744//3836
f 1712//3837 1746//3837 1711//3837
f 1711//3838 1746//3838 1745//3838
f 1713//3839 1747//3839 1712//3839
f 1712//3840 1747//3840 1746//3840
f 1714//3841 1748//3841 1713//3841
f 1713//3842 1748//3842 1747//3842
f 1715//3843 1749//3843 1714//3843
f 1714//3844 1749//3844 1748//3844
f 1716//3845 1750//3845 1715//3845
f 1715//3846 1750//3846 1749//3846
f 1717//3847 1751//3847 1716//3847
f 1716//3848 1751//3848 1750//3848
f 1718//3849 1752//3849 1717//3849
f 1717//3850 1752//3850 1751//3850
f 1719//3851 1753//3851 1718//3851
f 1718//3852 1753//3852 1752//3852
f 1720//3853 1754//3853 1719//3853
f 1719//3854 1754//3854 1753//3854
f 1721//3855 1755//3855 1720//3855
f 1720//3856 1755//3856 1754//3856
f 1722//3857 1756//3857 1721//3857
f 1721//3858 1756//3858 1755//3858
f 1723//3859 1757//3859 1722//3859
f 1722//3860 1757//3860 1756//3860
f 1724//3861 1758//3861 1723//3861
f 1723//3862 1758//3862 1757//3862
f 1725//3863 1759//3863 1724//3863
f 1724//3864 1759//3864 1758//3864
f 1726//3865 1760//3865 1725//3865
f 1725//3866 1760//3866 1759//3866
f 1727//3867 1728//3867 1726//3867
f 1726//3868 1728//3868 1760//3868
f 1932//3869 1931//3869 1825//3869
f 1931//3870 1823//3870 1825//3870
f 1931//3871 1933//3871 1823//3871
f 1933//3872 1821//3872 1823//3872
f 1933//3873 1934//3873 1821//3873
f 1934//3874 1819//3874 1821//3874
f 1934//3875 1935//3875 1819//3875
f 1936//3876 1817//3876 1935//3876
f 1935//3877 1817//3877 1819//3877
f 1937//3878 1815//3878 1936//3878
f 1936//3879 1815//3879 1817//3879
f 1938//3880 1813//3880 1937//3880
f 1937//3881 1813//3881 1815//3881
f 1938//3882 1811//3882 1813//3882
f 1939//3883 1811//3883 1938//3883
f 1939//3884 1809//3884 1811//3884
f 1940//3885 1809//3885 1939//3885
f 1940//3886 1807//3886 1809//3886
f 1941//3887 1807//3887 1940//3887
f 1942//3888 1805//3888 1941//3888
f 1941//3889 1805//3889 1807//3889
f 1943//3890 1803//3890 1942//3890
f 1942//3891 1803//3891 1805//3891
f 1944//3892 1801//3892 1943//3892
f 1943//3893 1801//3893 1803//3893
f 1945//3894 1799//3894 1944//3894
f 1944//3895 1799//3895 1801//3895
f 1946//3896 1797//3896 1945//3896
f 1945//3897 1797//3897 1799//3897
f 1947//3898 1795//3898 1946//3898
f 1946//3899 1795//3899 1797//3899
f 1948//3900 1793//3900 1947//3900
f 1947//3901 1793//3901 1795//3901
f 1948//3902 1949//3902 1793//3902
f 1949//3903 1791//3903 1793//3903
f 1949//3904 1950//3904 1791//3904
f 1950//3905 1789//3905 1791//3905
f 1950//3906 1951//3906 1789//3906
f 1951//3907 1787//3907 1789//3907
f 1951//3908 1952//3908 1787//3908
f 1953//3909 1785//3909 1952//3909
f 1952//3910 1785//3910 1787//3910
f 1954//3911 1783//3911 1953//3911
f 1953//3912 1783//3912 1785//3912
f 1955//3913 1781//3913 1954//3913
f 1954//3914 1781//3914 1783//3914
f 1956//3915 1779//3915 1955//3915
f 1955//3916 1779//3916 1781//3916
f 1957//3917 1777//3917 1956//3917
f 1956//3918 1777//3918 1779//3918
f 1958//3919 1775//3919 1957//3919
f 1957//3920 1775//3920 1777//3920
f 1959//3921 1773//3921 1958//3921
f 1958//3922 1773//3922 1775//3922
f 1960//3923 1771//3923 1959//3923
f 1959//3924 1771//3924 1773//3924
f 1961//3925 1769//3925 1960//3925
f 1960//3926 1769//3926 1771//3926
f 1962//3927 1767//3927 1961//3927
f 1961//3928 1767//3928 1769//3928
f 1963//3929 1765//3929 1962//3929
f 1962//3930 1765//3930 1767//3930
f 1964//3931 1763//3931 1963//3931
f 1963//3932 1763//3932 1765//3932
f 1965//3933 1761//3933 1964//3933
f 1964//3934 1761//3934 1763//3934
f 1965//3935 1622//3935 1761//3935
f 1729//3936 1622//3936 1965//3936
f 2001//3937 1825//3937 1826//3937
f 2002//3938 1825//3938 2001//3938
f 2003//3939 2002//3939 2001//3939
f 2004//3940 2003//3940 2005//3940
f 2004//3941 2002//3941 2003//3941
f 2006//3942 2005//3942 2007//3942
f 2006//3943 2004//3943 2005//3943
f 2008//3944 2006//3944 2007//3944
f 2009//3945 2006//3945 2008//3945
f 2010//3946 2009//3946 2008//3946
f 2011//3947 2009//3947 2010//3947
f 2011//3948 2010//3948 2012//3948
f 2013//3949 2011//3949 2012//3949
f 2013//3950 2012//3950 2014//3950
f 2015//3951 2013//3951 2014//3951
f 2016//3952 2013//3952 2015//3952
f 2017//3953 2016//3953 2015//3953
f 2018//3954 2016//3954 2017//3954
f 2018//3955 2017//3955 2019//3955
f 2020//3956 2018//3956 2019//3956
f 2020//3957 2019//3957 2021//3957
f 2022//3958 2020//3958 2021//3958
f 2023//3959 2020//3959 2022//3959
f 2024//3960 2023//3960 2022//3960
f 2025//3961 2024//3961 2026//3961
f 2025//3962 2023//3962 2024//3962
f 2027//3963 2026//3963 2028//3963
f 2027//3964 2025//3964 2026//3964
f 2029//3965 2027//3965 2028//3965
f 2030//3966 2027//3966 2029//3966
f 2031//3967 2030//3967 2029//3967
f 2032//3968 2031//3968 2033//3968
f 2032//3969 2030//3969 2031//3969
f 2034//3970 2033//3970 2035//3970
f 2034//3971 2032//3971 2033//3971
f 2036//3972 2034//3972 2035//3972
f 2037//3973 2034//3973 2036//3973
f 2038//3974 2037//3974 2036//3974
f 2039//3975 2038//3975 2040//3975
f 2039//3976 2037//3976 2038//3976
f 2041//3977 2040//3977 2042//3977
f 2041//3978 2039//3978 2040//3978
f 2043//3979 2041//3979 2042//3979
f 2044//3980 2041//3980 2043//3980
f 2045//3981 2044//3981 2043//3981
f 2046//3982 2045//3982 2047//3982
f 2046//3983 2044//3983 2045//3983
f 2048//3984 2047//3984 2049//3984
f 2048//3985 2046//3985 2047//3985
f 2050//3986 2048//3986 2049//3986
f 2051//3987 2048//3987 2050//3987
f 2052//3988 2051//3988 2050//3988
f 2053//3989 2052//3989 2054//3989
f 2053//3990 2051//3990 2052//3990
f 2055//3991 2054//3991 2056//3991
f 2055//3992 2053//3992 2054//3992
f 2057//3993 2055//3993 2056//3993
f 2058//3994 2055//3994 2057//3994
f 2059//3995 2058//3995 2057//3995
f 2060//3996 2059//3996 2061//3996
f 2060//3997 2058//3997 2059//3997
f 2062//3998 2060//3998 2061//3998
f 2062//3999 2061//3999 2063//3999
f 2064//4000 2062//4000 2063//4000
f 2065//4001 2062//4001 2064//4001
f 2066//4002 2065//4002 2064//4002
f 2067//4003 2066//4003 2068//4003
f 2067//4004 2065//4004 2066//4004
f 2069//4005 2068//4005 2070//4005
f 2069//4006 2067//4006 2068//4006
f 2071//4007 2070//4007 2072//4007
f 2071//4008 2069//4008 2070//4008
f 2073//4009 2072//4009 2074//4009
f 2073//4010 2071//4010 2072//4010
f 2075//4011 2074//4011 2076//4011
f 2075//4012 2073//4012 2074//4012
f 1848//4013 2077//4013 1828//4013
f 2077//4014 1930//4014 1828//4014
f 2077//4015 2078//4015 1930//4015
f 2078//4016 1929//4016 1930//4016
f 2078//4017 2079//4017 1929//4017
f 2079//4018 1928//4018 1929//4018
f 2079//4019 2080//4019 1928//4019
f 2081//4020 1927//4020 2080//4020
f 2080//4021 1927//4021 1928//4021
f 2082//4022 1926//4022 2081//4022
f 2081//4023 1926//4023 1927//4023
f 2083//4024 1925//4024 2082//4024
f 2082//4025 1925//4025 1926//4025
f 2083//4026 1924//4026 1925//4026
f 2084//4027 1924//4027 2083//4027
f 2084//4028 1923//4028 1924//4028
f 2085//4029 1923//4029 2084//4029
f 2085//4030 1922//4030 1923//4030
f 2086//4031 1922//4031 2085//4031
f 2087//4032 1921//4032 2086//4032
f 2086//4033 1921//4033 1922//4033
f 2088//4034 1920//4034 2087//4034
f 2087//4035 1920//4035 1921//4035
f 2089//4036 1919//4036 2088//4036
f 2088//4037 1919//4037 1920//4037
f 2090//4038 1918//4038 2089//4038
f 2089//4039 1918//4039 1919//4039
f 2091//4040 1917//4040 2090//4040
f 2090//4041 1917//4041 1918//4041
f 2092//4042 1916//4042 2091//4042
f 2091//4043 1916//4043 1917//4043
f 2093//4044 1915//4044 2092//4044
f 2092//4045 1915//4045 1916//4045
f 2093//4046 2094//4046 1915//4046
f 2094//4047 1914//4047 1915//4047
f 2094//4048 2095//4048 1914//4048
f 2095//4049 1913//4049 1914//4049
f 2095//4050 2096//4050 1913//4050
f 2096//4051 1912//4051 1913//4051
f 2096//4052 2097//4052 1912//4052
f 2098//4053 1911//4053 2097//4053
f 2097//4054 1911//4054 1912//4054
f 2099//4055 1910//4055 2098//4055
f 2098//4056 1910//4056 1911//4056
f 2100//4057 1909//4057 2099//4057
f 2099//4058 1909//4058 1910//4058
f 2101//4059 1908//4059 2100//4059
f 2100//4060 1908//4060 1909//4060
f 2102//4061 1907//4061 2101//4061
f 2101//4062 1907//4062 1908//4062
f 2103//4063 1906//4063 2102//4063
f 2102//4064 1906//4064 1907//4064
f 2104//4065 1905//4065 2103//4065
f 2103//4066 1905//4066 1906//4066
f 2105//4067 1904//4067 2104//4067
f 2104//4068 1904//4068 1905//4068
f 2106//4069 1903//4069 2105//4069
f 2105//4070 1903//4070 1904//4070
f 2107//4071 1902//4071 2106//4071
f 2106//4072 1902//4072 1903//4072
f 2108//4073 1901//4073 2107//4073
f 2107//4074 1901//4074 1902//4074
f 2109//4075 1900//4075 2108//4075
f 2108//4076 1900//4076 1901//4076
f 2110//4077 1899//4077 2109//4077
f 2109//4078 1899//4078 1900//4078
f 2110//4079 1898//4079 1899//4079
f 2111//4080 1898//4080 2110//4080
f 2112//4081 2077//4081 1868//4081
f 1868//4082 2077//4082 1848//4082
f 2113//4083 2078//4083 2112//4083
f 2112//4084 2078//4084 2077//4084
f 2114//4085 2079//4085 2113//4085
f 2113//4086 2079//4086 2078//4086
f 2115//4087 2080//4087 2114//4087
f 2114//4088 2080//4088 2079//4088
f 2116//4089 2081//4089 2115//4089
f 2115//4090 2081//4090 2080//4090
f 2117//4091 2082//4091 2116//4091
f 2116//4092 2082//4092 2081//4092
f 2117//4093 2083//4093 2082//4093
f 2118//4094 2083//4094 2117//4094
f 2118//4095 2084//4095 2083//4095
f 2119//4096 2084//4096 2118//4096
f 2119//4097 2085//4097 2084//4097
f 2120//4098 2085//4098 2119//4098
f 2120//4099 2086//4099 2085//4099
f 2121//4100 2086//4100 2120//4100
f 2122//4101 2087//4101 2121//4101
f 2121//4102 2087//4102 2086//4102
f 2123//4103 2088//4103 2122//4103
f 2122//4104 2088//4104 2087//4104
f 2124//4105 2089//4105 2123//4105
f 2123//4106 2089//4106 2088//4106
f 2125//4107 2090//4107 2124//4107
f 2124//4108 2090//4108 2089//4108
f 2126//4109 2091//4109 2125//4109
f 2125//4110 2091//4110 2090//4110
f 2127//4111 2092//4111 2126//4111
f 2126//4112 2092//4112 2091//4112
f 2128//4113 2093//4113 2127//4113
f 2127//4114 2093//4114 2092//4114
f 2129//4115 2094//4115 2128//4115
f 2128//4116 2094//4116 2093//4116
f 2130//4117 2095//4117 2129//4117
f 2129//4118 2095//4118 2094//4118
f 2131//4119 2096//4119 2130//4119
f 2130//4120 2096//4120 2095//4120
f 2132//4121 2097//4121 2131//4121
f 2131//4122 2097//4122 2096//4122
f 2133//4123 2098//4123 2132//4123
f 2132//4124 2098//4124 2097//4124
f 2134//4125 2099//4125 2133//4125
f 2133//4126 2099//4126 2098//4126
f 2135//4127 2100//4127 2134//4127
f 2134//4128 2100//4128 2099//4128
f 2136//4129 2101//4129 2135//4129
f 2135//4130 2101//4130 2100//4130
f 2137//4131 2102//4131 2136//4131
f 2136//4132 2102//4132 2101//4132
f 2138//4133 2103//4133 2137//4133
f 2137//4134 2103//4134 2102//4134
f 2139//4135 2104//4135 2138//4135
f 2138//4136 2104//4136 2103//4136
f 2140//4137 2105//4137 2139//4137
f 2139//4138 2105//4138 2104//4138
f 2141//4139 2106//4139 2140//4139
f 2140//4140 2106//4140 2105//4140
f 2142//4141 2107//4141 2141//4141
f 2141//4142 2107//4142 2106//4142
f 2143//4143 2108//4143 2142//4143
f 2142//4144 2108//4144 2107//4144
f 2143//4145 2109//4145 2108//4145
f 2144//4146 2109//4146 2143//4146
f 2144//4147 2110//4147 2109//4147
f 2145//4148 2110//4148 2144//4148
f 2145//4149 2111//4149 2110//4149
f 2146//4150 2111//4150 2145//4150
f 2147//4151 2112//4151 1897//4151
f 1897//4152 2112//4152 1868//4152
f 2148//4153 2113//4153 2147//4153
f 2147//4154 2113//4154 2112//4154
f 2149//4155 2114//4155 2148//4155
f 2148//4156 2114//4156 2113//4156
f 2150//4157 2115//4157 2149//4157
f 2149//4158 2115//4158 2114//4158
f 2150//4159 2151//4159 2115//4159
f 2151//4160 2116//4160 2115//4160
f 2151//4161 2152//4161 2116//4161
f 2152//4162 2117//4162 2116//4162
f 2152//4163 2153//4163 2117//4163
f 2153//4164 2118//4164 2117//4164
f 2153//4165 2154//4165 2118//4165
f 2154//4166 2119//4166 2118//4166
f 2154//4167 2120//4167 2119//4167
f 2155//4168 2120//4168 2154//4168
f 2156//4169 2121//4169 2155//4169
f 2155//4170 2121//4170 2120//4170
f 2157//4171 2122//4171 2156//4171
f 2156//4172 2122//4172 2121//4172
f 2158//4173 2123//4173 2157//4173
f 2157//4174 2123//4174 2122//4174
f 2159//4175 2124//4175 2158//4175
f 2158//4176 2124//4176 2123//4176
f 2160//4177 2125//4177 2159//4177
f 2159//4178 2125//4178 2124//4178
f 2161//4179 2126//4179 2160//4179
f 2160//4180 2126//4180 2125//4180
f 2162//4181 2127//4181 2161//4181
f 2161//4182 2127//4182 2126//4182
f 2163//4183 2128//4183 2162//4183
f 2162//4184 2128//4184 2127//4184
f 2164//4185 2129//4185 2163//4185
f 2163//4186 2129//4186 2128//4186
f 2165//4187 2130//4187 2164//4187
f 2164//4188 2130//4188 2129//4188
f 2166//4189 2131//4189 2165//4189
f 2165//4190 2131//4190 2130//4190
f 2166//4191 2132//4191 2131//4191
f 2166//4192 2167//4192 2132//4192
f 2167//4193 2133//4193 2132//4193
f 2167//4194 2168//4194 2133//4194
f 2168//4195 2134//4195 2133//4195
f 2168//4196 2169//4196 2134//4196
f 2169//4197 2135//4197 2134//4197
f 2169//4198 2170//4198 2135//4198
f 2170//4199 2136//4199 2135//4199
f 2171//4200 2137//4200 2170//4200
f 2170//4201 2137//4201 2136//4201
f 2172//4202 2138//4202 2171//4202
f 2171//4203 2138//4203 2137//4203
f 2173//4204 2139//4204 2172//4204
f 2172//4205 2139//4205 2138//4205
f 2174//4206 2140//4206 2173//4206
f 2173//4207 2140//4207 2139//4207
f 2175//4208 2141//4208 2174//4208
f 2174//4209 2141//4209 2140//4209
f 2176//4210 2142//4210 2175//4210
f 2175//4211 2142//4211 2141//4211
f 2177//4212 2143//4212 2176//4212
f 2176//4213 2143//4213 2142//4213
f 2178//4214 2144//4214 2177//4214
f 2177//4215 2144//4215 2143//4215
f 2178//4216 2145//4216 2144//4216
f 2179//4217 2145//4217 2178//4217
f 2179//4218 2146//4218 2145//4218
f 2180//4219 2146//4219 2179//4219
f 2179//4220 2181//4220 2180//4220
f 2182//4221 2181//4221 2179//4221
f 2178//4222 2182//4222 2179//4222
f 2183//4223 2182//4223 2178//4223
f 2177//4224 2183//4224 2178//4224
f 2184//4225 2183//4225 2177//4225
f 2176//4226 2184//4226 2177//4226
f 2185//4227 2184//4227 2176//4227
f 2175//4228 2185//4228 2176//4228
f 2186//4229 2185//4229 2175//4229
f 2174//4230 2186//4230 2175//4230
f 2187//4231 2186//4231 2174//4231
f 2173//4232 2187//4232 2174//4232
f 2188//4233 2187//4233 2173//4233
f 2172//4234 2188//4234 2173//4234
f 2189//4235 2188//4235 2172//4235
f 2171//4236 2189//4236 2172//4236
f 2190//4237 2189//4237 2171//4237
f 2170//4238 2190//4238 2171//4238
f 2191//4239 2190//4239 2170//4239
f 2169//4240 2191//4240 2170//4240
f 2192//4241 2191//4241 2169//4241
f 2168//4242 2192//4242 2169//4242
f 2193//4243 2192//4243 2168//4243
f 2167//4244 2193//4244 2168//4244
f 2194//4245 2193//4245 2167//4245
f 2166//4246 2194//4246 2167//4246
f 2195//4247 2194//4247 2166//4247
f 2165//4248 2195//4248 2166//4248
f 2196//4249 2195//4249 2165//4249
f 2164//4250 2196//4250 2165//4250
f 2197//4251 2196//4251 2164//4251
f 2163//4252 2197//4252 2164//4252
f 2198//4253 2197//4253 2163//4253
f 2162//4254 2198//4254 2163//4254
f 2199//4255 2198//4255 2162//4255
f 2161//4256 2199//4256 2162//4256
f 2200//4257 2199//4257 2161//4257
f 2160//4258 2200//4258 2161//4258
f 2201//4259 2200//4259 2160//4259
f 2159//4260 2201//4260 2160//4260
f 2202//4261 2201//4261 2159//4261
f 2158//4262 2202//4262 2159//4262
f 2203//4263 2202//4263 2158//4263
f 2157//4264 2203//4264 2158//4264
f 2204//4265 2203//4265 2157//4265
f 2156//4266 2204//4266 2157//4266
f 2205//4267 2204//4267 2156//4267
f 2155//4268 2205//4268 2156//4268
f 2206//4269 2205//4269 2155//4269
f 2154//4270 2206//4270 2155//4270
f 2207//4271 2206//4271 2154//4271
f 2153//4272 2207//4272 2154//4272
f 2208//4273 2207//4273 2153//4273
f 2152//4274 2208//4274 2153//4274
f 2209//4275 2208//4275 2152//4275
f 2151//4276 2209//4276 2152//4276
f 2210//4277 2151//4277 2150//4277
f 2210//4278 2209//4278 2151//4278
f 2211//4279 2150//4279 2149//4279
f 2211//4280 2210//4280 2150//4280
f 2212//4281 2149//4281 2148//4281
f 2212//4282 2211//4282 2149//4282
f 2213//4283 2148//4283 2147//4283
f 2213//4284 2212//4284 2148//4284
f 1898//4285 2147//4285 1897//4285
f 1898//4286 2213//4286 2147//4286
f 1966//4287 2214//4287 1967//4287
f 1967//4288 2214//4288 2215//4288
f 1968//4289 2216//4289 1966//4289
f 1966//4290 2216//4290 2214//4290
f 1969//4291 2217//4291 1968//4291
f 1968//4292 2217//4292 2216//4292
f 1970//4293 2218//4293 1969//4293
f 1969//4294 2218//4294 2217//4294
f 1971//4295 2219//4295 1970//4295
f 1970//4296 2219//4296 2218//4296
f 1972//4297 2220//4297 1971//4297
f 1971//4298 2220//4298 2219//4298
f 1972//4299 2221//4299 2220//4299
f 1973//4300 2221//4300 1972//4300
f 1973//4301 2222//4301 2221//4301
f 1974//4302 2222//4302 1973//4302
f 1974//4303 2223//4303 2222//4303
f 1975//4304 2223//4304 1974//4304
f 1975//4305 2224//4305 2223//4305
f 1976//4306 2224//4306 1975//4306
f 1977//4307 2225//4307 1976//4307
f 1976//4308 2225//4308 2224//4308
f 1978//4309 2226//4309 1977//4309
f 1977//4310 2226//4310 2225//4310
f 1979//4311 2227//4311 1978//4311
f 1978//4312 2227//4312 2226//4312
f 1980//4313 2228//4313 1979//4313
f 1979//4314 2228//4314 2227//4314
f 1981//4315 2229//4315 1980//4315
f 1980//4316 2229//4316 2228//4316
f 1982//4317 2230//4317 1981//4317
f 1981//4318 2230//4318 2229//4318
f 1983//4319 2231//4319 1982//4319
f 1982//4320 2231//4320 2230//4320
f 1984//4321 2232//4321 1983//4321
f 1983//4322 2232//4322 2231//4322
f 1985//4323 2233//4323 1984//4323
f 1984//4324 2233//4324 2232//4324
f 1986//4325 2234//4325 1985//4325
f 1985//4326 2234//4326 2233//4326
f 1987//4327 2235//4327 1986//4327
f 1986//4328 2235//4328 2234//4328
f 1988//4329 2236//4329 1987//4329
f 1987//4330 2236//4330 2235//4330
f 1989//4331 2237//4331 1988//4331
f 1988//4332 2237//4332 2236//4332
f 1990//4333 2238//4333 1989//4333
f 1989//4334 2238//4334 2237//4334
f 1991//4335 2239//4335 1990//4335
f 1990//4336 2239//4336 2238//4336
f 1992//4337 2240//4337 1991//4337
f 1991//4338 2240//4338 2239//4338
f 1993//4339 2241//4339 1992//4339
f 1992//4340 2241//4340 2240//4340
f 1994//4341 2242//4341 1993//4341
f 1993//4342 2242//4342 2241//4342
f 1995//4343 2243//4343 1994//4343
f 1994//4344 2243//4344 2242//4344
f 1996//4345 2244//4345 1995//4345
f 1995//4346 2244//4346 2243//4346
f 1997//4347 2245//4347 1996//4347
f 1996//4348 2245//4348 2244//4348
f 1998//4349 2246//4349 1997//4349
f 1997//4350 2246//4350 2245//4350
f 1998//4351 2247//4351 2246//4351
f 1999//4352 2247//4352 1998//4352
f 1999//4353 2248//4353 2247//4353
f 2000//4354 2248//4354 1999//4354
f 2000//4355 1932//4355 2248//4355
f 1661//4356 1932//4356 2000//4356
f 2074//4357 2249//4357 2076//4357
f 2076//4358 2249//4358 2250//4358
f 2072//4359 2251//4359 2074//4359
f 2074//4360 2251//4360 2249//4360
f 2070//4361 2252//4361 2072//4361
f 2072//4362 2252//4362 2251//4362
f 2068//4363 2253//4363 2070//4363
f 2070//4364 2253//4364 2252//4364
f 2068//4365 2066//4365 2253//4365
f 2064//4366 2254//4366 2066//4366
f 2066//4367 2254//4367 2253//4367
f 2063//4368 2255//4368 2064//4368
f 2064//4369 2255//4369 2254//4369
f 2063//4370 2256//4370 2255//4370
f 2061//4371 2256//4371 2063//4371
f 2059//4372 2257//4372 2061//4372
f 2061//4373 2257//4373 2256//4373
f 2059//4374 2057//4374 2257//4374
f 2056//4375 2258//4375 2057//4375
f 2057//4376 2258//4376 2257//4376
f 2054//4377 2259//4377 2056//4377
f 2056//4378 2259//4378 2258//4378
f 2052//4379 2260//4379 2054//4379
f 2054//4380 2260//4380 2259//4380
f 2050//4381 2261//4381 2052//4381
f 2049//4382 2261//4382 2050//4382
f 2052//4383 2261//4383 2260//4383
f 2047//4384 2262//4384 2049//4384
f 2049//4385 2262//4385 2261//4385
f 2045//4386 2263//4386 2047//4386
f 2047//4387 2263//4387 2262//4387
f 2043//4388 2264//4388 2045//4388
f 2045//4389 2264//4389 2263//4389
f 2042//4390 2265//4390 2043//4390
f 2040//4391 2265//4391 2042//4391
f 2043//4392 2265//4392 2264//4392
f 2038//4393 2266//4393 2040//4393
f 2040//4394 2266//4394 2265//4394
f 2036//4395 2267//4395 2038//4395
f 2038//4396 2267//4396 2266//4396
f 2035//4397 2268//4397 2036//4397
f 2036//4398 2268//4398 2267//4398
f 2033//4399 2269//4399 2035//4399
f 2031//4400 2269//4400 2033//4400
f 2035//4401 2269//4401 2268//4401
f 2029//4402 2270//4402 2031//4402
f 2031//4403 2270//4403 2269//4403
f 2028//4404 2271//4404 2029//4404
f 2029//4405 2271//4405 2270//4405
f 2026//4406 2272//4406 2028//4406
f 2028//4407 2272//4407 2271//4407
f 2024//4408 2273//4408 2026//4408
f 2022//4409 2273//4409 2024//4409
f 2026//4410 2273//4410 2272//4410
f 2021//4411 2274//4411 2022//4411
f 2022//4412 2274//4412 2273//4412
f 2019//4413 2275//4413 2021//4413
f 2021//4414 2275//4414 2274//4414
f 2017//4415 2276//4415 2019//4415
f 2019//4416 2276//4416 2275//4416
f 2017//4417 2277//4417 2276//4417
f 2015//4418 2277//4418 2017//4418
f 2014//4419 2277//4419 2015//4419
f 2014//4420 2278//4420 2277//4420
f 2012//4421 2278//4421 2014//4421
f 2012//4422 2279//4422 2278//4422
f 2010//4423 2279//4423 2012//4423
f 2010//4424 2280//4424 2279//4424
f 2008//4425 2280//4425 2010//4425
f 2008//4426 2007//4426 2280//4426
f 2007//4427 2281//4427 2280//4427
f 2005//4428 2281//4428 2007//4428
f 2005//4429 2282//4429 2281//4429
f 2003//4430 2282//4430 2005//4430
f 2003//4431 2283//4431 2282//4431
f 2001//4432 2283//4432 2003//4432
f 2001//4433 1967//4433 2283//4433
f 1826//4434 1967//4434 2001//4434
f 2215//4435 2214//4435 2075//4435
f 2214//4436 2073//4436 2075//4436
f 2214//4437 2216//4437 2073//4437
f 2216//4438 2071//4438 2073//4438
f 2216//4439 2217//4439 2071//4439
f 2217//4440 2069//4440 2071//4440
f 2217//4441 2218//4441 2069//4441
f 2219//4442 2067//4442 2218//4442
f 2218//4443 2067//4443 2069//4443
f 2220//4444 2065//4444 2219//4444
f 2219//4445 2065//4445 2067//4445
f 2221//4446 2062//4446 2220//4446
f 2220//4447 2062//4447 2065//4447
f 2221//4448 2060//4448 2062//4448
f 2222//4449 2060//4449 2221//4449
f 2222//4450 2058//4450 2060//4450
f 2223//4451 2058//4451 2222//4451
f 2223//4452 2055//4452 2058//4452
f 2224//4453 2055//4453 2223//4453
f 2225//4454 2053//4454 2224//4454
f 2224//4455 2053//4455 2055//4455
f 2226//4456 2051//4456 2225//4456
f 2225//4457 2051//4457 2053//4457
f 2227//4458 2048//4458 2226//4458
f 2226//4459 2048//4459 2051//4459
f 2228//4460 2046//4460 2227//4460
f 2227//4461 2046//4461 2048//4461
f 2229//4462 2044//4462 2228//4462
f 2228//4463 2044//4463 2046//4463
f 2230//4464 2041//4464 2229//4464
f 2229//4465 2041//4465 2044//4465
f 2231//4466 2039//4466 2230//4466
f 2230//4467 2039//4467 2041//4467
f 2231//4468 2232//4468 2039//4468
f 2232//4469 2037//4469 2039//4469
f 2232//4470 2233//4470 2037//4470
f 2233//4471 2034//4471 2037//4471
f 2233//4472 2234//4472 2034//4472
f 2234//4473 2032//4473 2034//4473
f 2234//4474 2235//4474 2032//4474
f 2236//4475 2030//4475 2235//4475
f 2235//4476 2030//4476 2032//4476
f 2237//4477 2027//4477 2236//4477
f 2236//4478 2027//4478 2030//4478
f 2238//4479 2025//4479 2237//4479
f 2237//4480 2025//4480 2027//4480
f 2239//4481 2023//4481 2238//4481
f 2238//4482 2023//4482 2025//4482
f 2240//4483 2020//4483 2239//4483
f 2239//4484 2020//4484 2023//4484
f 2241//4485 2018//4485 2240//4485
f 2240//4486 2018//4486 2020//4486
f 2242//4487 2016//4487 2241//4487
f 2241//4488 2016//4488 2018//4488
f 2243//4489 2013//4489 2242//4489
f 2242//4490 2013//4490 2016//4490
f 2244//4491 2011//4491 2243//4491
f 2243//4492 2011//4492 2013//4492
f 2245//4493 2009//4493 2244//4493
f 2244//4494 2009//4494 2011//4494
f 2246//4495 2006//4495 2245//4495
f 2245//4496 2006//4496 2009//4496
f 2247//4497 2004//4497 2246//4497
f 2246//4498 2004//4498 2006//4498
f 2248//4499 2002//4499 2247//4499
f 2247//4500 2002//4500 2004//4500
f 2248//4501 1825//4501 2002//4501
f 1932//4502 1825//4502 2248//4502
f 2284//4503 2075//4503 2076//4503
f 2285//4504 2284//4504 2286//4504
f 2285//4505 2075//4505 2284//4505
f 2287//4506 2286//4506 2288//4506
f 2287//4507 2285//4507 2286//4507
f 2289//4508 2288//4508 2290//4508
f 2289//4509 2287//4509 2288//4509
f 2291//4510 2290//4510 2292//4510
f 2291//4511 2289//4511 2290//4511
f 2293//4512 2292//4512 2294//4512
f 2293//4513 2291//4513 2292//4513
f 2295//4514 2294//4514 2296//4514
f 2295//4515 2293//4515 2294//4515
f 2297//4516 2295//4516 2296//4516
f 2297//4517 2296//4517 2298//4517
f 2299//4518 2297//4518 2298//4518
f 2299//4519 2298//4519 2300//4519
f 2301//4520 2299//4520 2300//4520
f 2301//4521 2300//4521 2302//4521
f 2303//4522 2301//4522 2302//4522
f 2303//4523 2302//4523 2304//4523
f 2305//4524 2303//4524 2304//4524
f 2305//4525 2304//4525 2306//4525
f 2307//4526 2305//4526 2306//4526
f 2307//4527 2306//4527 2308//4527
f 2309//4528 2308//4528 2310//4528
f 2309//4529 2307//4529 2308//4529
f 2311//4530 2310//4530 2312//4530
f 2311//4531 2309//4531 2310//4531
f 2313//4532 2312//4532 2314//4532
f 2313//4533 2311//4533 2312//4533
f 2315//4534 2314//4534 2316//4534
f 2315//4535 2313//4535 2314//4535
f 2317//4536 2316//4536 2318//4536
f 2317//4537 2315//4537 2316//4537
f 2319//4538 2318//4538 2320//4538
f 2319//4539 2317//4539 2318//4539
f 2321//4540 2320//4540 2322//4540
f 2321//4541 2319//4541 2320//4541
f 2323//4542 2322//4542 2324//4542
f 2323//4543 2321//4543 2322//4543
f 2325//4544 2324//4544 2326//4544
f 2325//4545 2323//4545 2324//4545
f 2327//4546 2326//4546 2328//4546
f 2327//4547 2325//4547 2326//4547
f 2329//4548 2328//4548 2330//4548
f 2329//4549 2327//4549 2328//4549
f 2331//4550 2330//4550 2332//4550
f 2331//4551 2329//4551 2330//4551
f 2333//4552 2332//4552 2334//4552
f 2333//4553 2331//4553 2332//4553
f 2335//4554 2334//4554 2336//4554
f 2335//4555 2333//4555 2334//4555
f 2337//4556 2336//4556 2338//4556
f 2337//4557 2335//4557 2336//4557
f 2339//4558 2338//4558 2340//4558
f 2339//4559 2337//4559 2338//4559
f 2341//4560 2340//4560 2342//4560
f 2341//4561 2339//4561 2340//4561
f 2343//4562 2342//4562 2344//4562
f 2343//4563 2341//4563 2342//4563
f 2345//4564 2344//4564 2346//4564
f 2345//4565 2343//4565 2344//4565
f 2347//4566 2346//4566 2348//4566
f 2347//4567 2345//4567 2346//4567
f 2349//4568 2348//4568 2350//4568
f 2349//4569 2347//4569 2348//4569
f 2111//4570 2351//4570 1898//4570
f 2351//4571 2213//4571 1898//4571
f 2351//4572 2352//4572 2213//4572
f 2352//4573 2212//4573 2213//4573
f 2352//4574 2353//4574 2212//4574
f 2353//4575 2211//4575 2212//4575
f 2353//4576 2354//4576 2211//4576
f 2355//4577 2210//4577 2354//4577
f 2354//4578 2210//4578 2211//4578
f 2356//4579 2209//4579 2355//4579
f 2355//4580 2209//4580 2210//4580
f 2357//4581 2208//4581 2356//4581
f 2356//4582 2208//4582 2209//4582
f 2357//4583 2207//4583 2208//4583
f 2358//4584 2207//4584 2357//4584
f 2358//4585 2206//4585 2207//4585
f 2359//4586 2206//4586 2358//4586
f 2359//4587 2205//4587 2206//4587
f 2360//4588 2205//4588 2359//4588
f 2361//4589 2204//4589 2360//4589
f 2360//4590 2204//4590 2205//4590
f 2362//4591 2203//4591 2361//4591
f 2361//4592 2203//4592 2204//4592
f 2363//4593 2202//4593 2362//4593
f 2362//4594 2202//4594 2203//4594
f 2364//4595 2201//4595 2363//4595
f 2363//4596 2201//4596 2202//4596
f 2365//4597 2200//4597 2364//4597
f 2364//4598 2200//4598 2201//4598
f 2366//4599 2199//4599 2365//4599
f 2365//4600 2199//4600 2200//4600
f 2367//4601 2198//4601 2366//4601
f 2366//4602 2198//4602 2199//4602
f 2367//4603 2368//4603 2198//4603
f 2368//4604 2197//4604 2198//4604
f 2368//4605 2369//4605 2197//4605
f 2369//4606 2196//4606 2197//4606
f 2369//4607 2370//4607 2196//4607
f 2370//4608 2195//4608 2196//4608
f 2370//4609 2371//4609 2195//4609
f 2372//4610 2194//4610 2371//4610
f 2371//4611 2194//4611 2195//4611
f 2373//4612 2193//4612 2372//4612
f 2372//4613 2193//4613 2194//4613
f 2374//4614 2192//4614 2373//4614
f 2373//4615 2192//4615 2193//4615
f 2375//4616 2191//4616 2374//4616
f 2374//4617 2191//4617 2192//4617
f 2376//4618 2190//4618 2375//4618
f 2375//4619 2190//4619 2191//4619
f 2377//4620 2189//4620 2376//4620
f 2376//4621 2189//4621 2190//4621
f 2378//4622 2188//4622 2377//4622
f 2377//4623 2188//4623 2189//4623
f 2379//4624 2187//4624 2378//4624
f 2378//4625 2187//4625 2188//4625
f 2380//4626 2186//4626 2379//4626
f 2379//4627 2186//4627 2187//4627
f 2381//4628 2185//4628 2380//4628
f 2380//4629 2185//4629 2186//4629
f 2382//4630 2184//4630 2381//4630
f 2381//4631 2184//4631 2185//4631
f 2383//4632 2183//4632 2382//4632
f 2382//4633 2183//4633 2184//4633
f 2384//4634 2182//4634 2383//4634
f 2383//4635 2182//4635 2183//4635
f 2384//4636 2181//4636 2182//4636
f 2385//4637 2181//4637 2384//4637
f 2386//4638 2351//4638 2146//4638
f 2146//4639 2351//4639 2111//4639
f 2387//4640 2352//4640 2386//4640
f 2386//4641 2352//4641 2351//4641
f 2388//4642 2353//4642 2387//4642
f 2387//4643 2353//4643 2352//4643
f 2389//4644 2354//4644 2388//4644
f 2388//4645 2354//4645 2353//4645
f 2390//4646 2355//4646 2389//4646
f 2389//4647 2355//4647 2354//4647
f 2391//4648 2356//4648 2390//4648
f 2390//4649 2356//4649 2355//4649
f 2391//4650 2357//4650 2356//4650
f 2392//4651 2357//4651 2391//4651
f 2392//4652 2358//4652 2357//4652
f 2393//4653 2358//4653 2392//4653
f 2393//4654 2359//4654 2358//4654
f 2394//4655 2359//4655 2393//4655
f 2394//4656 2360//4656 2359//4656
f 2395//4657 2360//4657 2394//4657
f 2396//4658 2361//4658 2395//4658
f 2395//4659 2361//4659 2360//4659
f 2397//4660 2362//4660 2396//4660
f 2396//4661 2362//4661 2361//4661
f 2398//4662 2363//4662 2397//4662
f 2397//4663 2363//4663 2362//4663
f 2399//4664 2364//4664 2398//4664
f 2398//4665 2364//4665 2363//4665
f 2400//4666 2365//4666 2399//4666
f 2399//4667 2365//4667 2364//4667
f 2401//4668 2366//4668 2400//4668
f 2400//4669 2366//4669 2365//4669
f 2402//4670 2367//4670 2401//4670
f 2401//4671 2367//4671 2366//4671
f 2403//4672 2368//4672 2402//4672
f 2402//4673 2368//4673 2367//4673
f 2404//4674 2369//4674 2403//4674
f 2403//4675 2369//4675 2368//4675
f 2405//4676 2370//4676 2404//4676
f 2404//4677 2370//4677 2369//4677
f 2406//4678 2371//4678 2405//4678
f 2405//4679 2371//4679 2370//4679
f 2407//4680 2372//4680 2406//4680
f 2406//4681 2372//4681 2371//4681
f 2408//4682 2373//4682 2407//4682
f 2407//4683 2373//4683 2372//4683
f 2409//4684 2374//4684 2408//4684
f 2408//4685 2374//4685 2373//4685
f 2410//4686 2375//4686 2409//4686
f 2409//4687 2375//4687 2374//4687
f 2411//4688 2376//4688 2410//4688
f 2410//4689 2376//4689 2375//4689
f 2412//4690 2377//4690 2411//4690
f 2411//4691 2377//4691 2376//4691
f 2413//4692 2378//4692 2412//4692
f 2412//4693 2378//4693 2377//4693
f 2414//4694 2379//4694 2413//4694
f 2413//4695 2379//4695 2378//4695
f 2415//4696 2380//4696 2414//4696
f 2414//4697 2380//4697 2379//4697
f 2416//4698 2381//4698 2415//4698
f 2415//4699 2381//4699 2380//4699
f 2417//4700 2382//4700 2416//4700
f 2416//4701 2382//4701 2381//4701
f 2417//4702 2383//4702 2382//4702
f 2418//4703 2383//4703 2417//4703
f 2418//4704 2384//4704 2383//4704
f 2419//4705 2384//4705 2418//4705
f 2419//4706 2385//4706 2384//4706
f 2420//4707 2385//4707 2419//4707
f 2421//4708 2386//4708 2180//4708
f 2180//4709 2386//4709 2146//4709
f 2422//4710 2387//4710 2421//4710
f 2421//4711 2387//4711 2386//4711
f 2423//4712 2388//4712 2422//4712
f 2422//4713 2388//4713 2387//4713
f 2424//4714 2389//4714 2423//4714
f 2423//4715 2389//4715 2388//4715
f 2424//4716 2425//4716 2389//4716
f 2425//4717 2390//4717 2389//4717
f 2425//4718 2426//4718 2390//4718
f 2426//4719 2391//4719 2390//4719
f 2426//4720 2427//4720 2391//4720
f 2427//4721 2392//4721 2391//4721
f 2427//4722 2428//4722 2392//4722
f 2428//4723 2393//4723 2392//4723
f 2428//4724 2394//4724 2393//4724
f 2429//4725 2394//4725 2428//4725
f 2430//4726 2395//4726 2429//4726
f 2429//4727 2395//4727 2394//4727
f 2431//4728 2396//4728 2430//4728
f 2430//4729 2396//4729 2395//4729
f 2432//4730 2397//4730 2431//4730
f 2431//4731 2397//4731 2396//4731
f 2433//4732 2398//4732 2432//4732
f 2432//4733 2398//4733 2397//4733
f 2434//4734 2399//4734 2433//4734
f 2433//4735 2399//4735 2398//4735
f 2435//4736 2400//4736 2434//4736
f 2434//4737 2400//4737 2399//4737
f 2436//4738 2401//4738 2435//4738
f 2435//4739 2401//4739 2400//4739
f 2437//4740 2402//4740 2436//4740
f 2436//4741 2402//4741 2401//4741
f 2438//4742 2403//4742 2437//4742
f 2437//4743 2403//4743 2402//4743
f 2439//4744 2404//4744 2438//4744
f 2438//4745 2404//4745 2403//4745
f 2440//4746 2405//4746 2439//4746
f 2439//4747 2405//4747 2404//4747
f 2440//4748 2406//4748 2405//4748
f 2440//4749 2441//4749 2406//4749
f 2441//4750 2407//4750 2406//4750
f 2441//4751 2442//4751 2407//4751
f 2442//4752 2408//4752 2407//4752
f 2442//4753 2443//4753 2408//4753
f 2443//4754 2409//4754 2408//4754
f 2443//4755 2444//4755 2409//4755
f 2444//4756 2410//4756 2409//4756
f 2445//4757 2411//4757 2444//4757
f 2444//4758 2411//4758 2410//4758
f 2446//4759 2412//4759 2445//4759
f 2445//4760 2412//4760 2411//4760
f 2447//4761 2413//4761 2446//4761
f 2446//4762 2413//4762 2412//4762
f 2448//4763 2414//4763 2447//4763
f 2447//4764 2414//4764 2413//4764
f 2449//4765 2415//4765 2448//4765
f 2448//4766 2415//4766 2414//4766
f 2450//4767 2416//4767 2449//4767
f 2449//4768 2416//4768 2415//4768
f 2451//4769 2417//4769 2450//4769
f 2450//4770 2417//4770 2416//4770
f 2452//4771 2418//4771 2451//4771
f 2451//4772 2418//4772 2417//4772
f 2452//4773 2419//4773 2418//4773
f 2453//4774 2419//4774 2452//4774
f 2453//4775 2420//4775 2419//4775
f 2454//4776 2420//4776 2453//4776
f 2453//4777 2455//4777 2454//4777
f 2456//4778 2455//4778 2453//4778
f 2452//4779 2456//4779 2453//4779
f 2457//4780 2456//4780 2452//4780
f 2451//4781 2457//4781 2452//4781
f 2458//4782 2457//4782 2451//4782
f 2450//4783 2458//4783 2451//4783
f 2459//4784 2458//4784 2450//4784
f 2449//4785 2459//4785 2450//4785
f 2460//4786 2459//4786 2449//4786
f 2448//4787 2460//4787 2449//4787
f 2461//4788 2460//4788 2448//4788
f 2447//4789 2461//4789 2448//4789
f 2462//4790 2461//4790 2447//4790
f 2446//4791 2462//4791 2447//4791
f 2463//4792 2462//4792 2446//4792
f 2445//4793 2463//4793 2446//4793
f 2464//4794 2463//4794 2445//4794
f 2444//4795 2464//4795 2445//4795
f 2465//4796 2464//4796 2444//4796
f 2443//4797 2465//4797 2444//4797
f 2466//4798 2465//4798 2443//4798
f 2442//4799 2466//4799 2443//4799
f 2467//4800 2466//4800 2442//4800
f 2441//4801 2467//4801 2442//4801
f 2468//4802 2467//4802 2441//4802
f 2440//4803 2468//4803 2441//4803
f 2469//4804 2468//4804 2440//4804
f 2439//4805 2469//4805 2440//4805
f 2470//4806 2469//4806 2439//4806
f 2438//4807 2470//4807 2439//4807
f 2471//4808 2470//4808 2438//4808
f 2437//4809 2471//4809 2438//4809
f 2472//4810 2471//4810 2437//4810
f 2436//4811 2472//4811 2437//4811
f 2473//4812 2472//4812 2436//4812
f 2435//4813 2473//4813 2436//4813
f 2474//4814 2473//4814 2435//4814
f 2434//4815 2474//4815 2435//4815
f 2475//4816 2474//4816 2434//4816
f 2433//4817 2475//4817 2434//4817
f 2476//4818 2475//4818 2433//4818
f 2432//4819 2476//4819 2433//4819
f 2477//4820 2476//4820 2432//4820
f 2431//4821 2477//4821 2432//4821
f 2478//4822 2477//4822 2431//4822
f 2430//4823 2478//4823 2431//4823
f 2479//4824 2478//4824 2430//4824
f 2429//4825 2479//4825 2430//4825
f 2480//4826 2479//4826 2429//4826
f 2428//4827 2480//4827 2429//4827
f 2481//4828 2480//4828 2428//4828
f 2427//4829 2481//4829 2428//4829
f 2482//4830 2481//4830 2427//4830
f 2426//4831 2482//4831 2427//4831
f 2483//4832 2482//4832 2426//4832
f 2425//4833 2483//4833 2426//4833
f 2484//4834 2425//4834 2424//4834
f 2484//4835 2483//4835 2425//4835
f 2485//4836 2424//4836 2423//4836
f 2485//4837 2484//4837 2424//4837
f 2486//4838 2423//4838 2422//4838
f 2486//4839 2485//4839 2423//4839
f 2487//4840 2422//4840 2421//4840
f 2487//4841 2486//4841 2422//4841
f 2181//4842 2421//4842 2180//4842
f 2181//4843 2487//4843 2421//4843
f 2249//4844 2488//4844 2250//4844
f 2250//4845 2488//4845 2489//4845
f 2251//4846 2490//4846 2249//4846
f 2249//4847 2490//4847 2488//4847
f 2252//4848 2491//4848 2251//4848
f 2251//4849 2491//4849 2490//4849
f 2253//4850 2492//4850 2252//4850
f 2252//4851 2492//4851 2491//4851
f 2254//4852 2493//4852 2253//4852
f 2253//4853 2493//4853 2492//4853
f 2255//4854 2494//4854 2254//4854
f 2254//4855 2494//4855 2493//4855
f 2255//4856 2495//4856 2494//4856
f 2256//4857 2495//4857 2255//4857
f 2256//4858 2496//4858 2495//4858
f 2257//4859 2496//4859 2256//4859
f 2257//4860 2497//4860 2496//4860
f 2258//4861 2497//4861 2257//4861
f 2258//4862 2498//4862 2497//4862
f 2259//4863 2498//4863 2258//4863
f 2260//4864 2499//4864 2259//4864
f 2259//4865 2499//4865 2498//4865
f 2261//4866 2500//4866 2260//4866
f 2260//4867 2500//4867 2499//4867
f 2262//4868 2501//4868 2261//4868
f 2261//4869 2501//4869 2500//4869
f 2263//4870 2502//4870 2262//4870
f 2262//4871 2502//4871 2501//4871
f 2264//4872 2503//4872 2263//4872
f 2263//4873 2503//4873 2502//4873
f 2265//4874 2504//4874 2264//4874
f 2264//4875 2504//4875 2503//4875
f 2266//4876 2505//4876 2265//4876
f 2265//4877 2505//4877 2504//4877
f 2267//4878 2506//4878 2266//4878
f 2266//4879 2506//4879 2505//4879
f 2268//4880 2507//4880 2267//4880
f 2267//4881 2507//4881 2506//4881
f 2269//4882 2508//4882 2268//4882
f 2268//4883 2508//4883 2507//4883
f 2270//4884 2509//4884 2269//4884
f 2269//4885 2509//4885 2508//4885
f 2271//4886 2510//4886 2270//4886
f 2270//4887 2510//4887 2509//4887
f 2272//4888 2511//4888 2271//4888
f 2271//4889 2511//4889 2510//4889
f 2273//4890 2512//4890 2272//4890
f 2272//4891 2512//4891 2511//4891
f 2274//4892 2513//4892 2273//4892
f 2273//4893 2513//4893 2512//4893
f 2275//4894 2514//4894 2274//4894
f 2274//4895 2514//4895 2513//4895
f 2276//4896 2515//4896 2275//4896
f 2275//4897 2515//4897 2514//4897
f 2277//4898 2516//4898 2276//4898
f 2276//4899 2516//4899 2515//4899
f 2278//4900 2517//4900 2277//4900
f 2277//4901 2517//4901 2516//4901
f 2279//4902 2518//4902 2278//4902
f 2278//4903 2518//4903 2517//4903
f 2280//4904 2519//4904 2279//4904
f 2279//4905 2519//4905 2518//4905
f 2281//4906 2520//4906 2280//4906
f 2280//4907 2520//4907 2519//4907
f 2281//4908 2521//4908 2520//4908
f 2282//4909 2521//4909 2281//4909
f 2282//4910 2522//4910 2521//4910
f 2283//4911 2522//4911 2282//4911
f 2283//4912 2215//4912 2522//4912
f 1967//4913 2215//4913 2283//4913
f 2348//4914 2523//4914 2350//4914
f 2350//4915 2523//4915 2524//4915
f 2346//4916 2525//4916 2348//4916
f 2348//4917 2525//4917 2523//4917
f 2344//4918 2526//4918 2346//4918
f 2346//4919 2526//4919 2525//4919
f 2342//4920 2527//4920 2344//4920
f 2344//4921 2527//4921 2526//4921
f 2340//4922 2528//4922 2342//4922
f 2342//4923 2528//4923 2527//4923
f 2338//4924 2529//4924 2340//4924
f 2340//4925 2529//4925 2528//4925
f 2338//4926 2530//4926 2529//4926
f 2336//4927 2530//4927 2338//4927
f 2336//4928 2531//4928 2530//4928
f 2334//4929 2531//4929 2336//4929
f 2334//4930 2532//4930 2531//4930
f 2332//4931 2532//4931 2334//4931
f 2332//4932 2533//4932 2532//4932
f 2330//4933 2533//4933 2332//4933
f 2328//4934 2534//4934 2330//4934
f 2330//4935 2534//4935 2533//4935
f 2326//4936 2535//4936 2328//4936
f 2328//4937 2535//4937 2534//4937
f 2326//4938 2536//4938 2535//4938
f 2326//4939 2324//4939 2536//4939
f 2324//4940 2537//4940 2536//4940
f 2324//4941 2322//4941 2537//4941
f 2322//4942 2538//4942 2537//4942
f 2322//4943 2320//4943 2538//4943
f 2320//4944 2539//4944 2538//4944
f 2320//4945 2318//4945 2539//4945
f 2318//4946 2540//4946 2539//4946
f 2316//4947 2541//4947 2318//4947
f 2318//4948 2541//4948 2540//4948
f 2314//4949 2542//4949 2316//4949
f 2316//4950 2542//4950 2541//4950
f 2312//4951 2543//4951 2314//4951
f 2314//4952 2543//4952 2542//4952
f 2310//4953 2544//4953 2312//4953
f 2312//4954 2544//4954 2543//4954
f 2308//4955 2545//4955 2310//4955
f 2310//4956 2545//4956 2544//4956
f 2306//4957 2546//4957 2308//4957
f 2308//4958 2546//4958 2545//4958
f 2304//4959 2547//4959 2306//4959
f 2306//4960 2547//4960 2546//4960
f 2302//4961 2548//4961 2304//4961
f 2304//4962 2548//4962 2547//4962
f 2300//4963 2549//4963 2302//4963
f 2302//4964 2549//4964 2548//4964
f 2298//4965 2550//4965 2300//4965
f 2300//4966 2550//4966 2549//4966
f 2296//4967 2551//4967 2298//4967
f 2298//4968 2551//4968 2550//4968
f 2294//4969 2552//4969 2296//4969
f 2296//4970 2552//4970 2551//4970
f 2292//4971 2553//4971 2294//4971
f 2294//4972 2553//4972 2552//4972
f 2290//4973 2554//4973 2292//4973
f 2292//4974 2554//4974 2553//4974
f 2290//4975 2555//4975 2554//4975
f 2290//4976 2288//4976 2555//4976
f 2286//4977 2556//4977 2288//4977
f 2288//4978 2556//4978 2555//4978
f 2286//4979 2557//4979 2556//4979
f 2284//4980 2557//4980 2286//4980
f 2284//4981 2250//4981 2557//4981
f 2076//4982 2250//4982 2284//4982
f 2489//4983 2488//4983 2349//4983
f 2488//4984 2347//4984 2349//4984
f 2488//4985 2490//4985 2347//4985
f 2490//4986 2345//4986 2347//4986
f 2490//4987 2491//4987 2345//4987
f 2491//4988 2343//4988 2345//4988
f 2491//4989 2492//4989 2343//4989
f 2493//4990 2341//4990 2492//4990
f 2492//4991 2341//4991 2343//4991
f 2494//4992 2339//4992 2493//4992
f 2493//4993 2339//4993 2341//4993
f 2495//4994 2337//4994 2494//4994
f 2494//4995 2337//4995 2339//4995
f 2495//4996 2335//4996 2337//4996
f 2496//4997 2335//4997 2495//4997
f 2496//4998 2333//4998 2335//4998
f 2497//4999 2333//4999 2496//4999
f 2497//5000 2331//5000 2333//5000
f 2498//5001 2331//5001 2497//5001
f 2499//5002 2329//5002 2498//5002
f 2498//5003 2329//5003 2331//5003
f 2500//5004 2327//5004 2499//5004
f 2499//5005 2327//5005 2329//5005
f 2501//5006 2325//5006 2500//5006
f 2500//5007 2325//5007 2327//5007
f 2502//5008 2323//5008 2501//5008
f 2501//5009 2323//5009 2325//5009
f 2503//5010 2321//5010 2502//5010
f 2502//5011 2321//5011 2323//5011
f 2504//5012 2319//5012 2503//5012
f 2503//5013 2319//5013 2321//5013
f 2505//5014 2317//5014 2504//5014
f 2504//5015 2317//5015 2319//5015
f 2505//5016 2506//5016 2317//5016
f 2506//5017 2315//5017 2317//5017
f 2506//5018 2507//5018 2315//5018
f 2507//5019 2313//5019 2315//5019
f 2507//5020 2508//5020 2313//5020
f 2508//5021 2311//5021 2313//5021
f 2508//5022 2509//5022 2311//5022
f 2510//5023 2309//5023 2509//5023
f 2509//5024 2309//5024 2311//5024
f 2511//5025 2307//5025 2510//5025
f 2510//5026 2307//5026 2309//5026
f 2512//5027 2305//5027 2511//5027
f 2511//5028 2305//5028 2307//5028
f 2513//5029 2303//5029 2512//5029
f 2512//5030 2303//5030 2305//5030
f 2514//5031 2301//5031 2513//5031
f 2513//5032 2301//5032 2303//5032
f 2515//5033 2299//5033 2514//5033
f 2514//5034 2299//5034 2301//5034
f 2516//5035 2297//5035 2515//5035
f 2515//5036 2297//5036 2299//5036
f 2517//5037 2295//5037 2516//5037
f 2516//5038 2295//5038 2297//5038
f 2518//5039 2293//5039 2517//5039
f 2517//5040 2293//5040 2295//5040
f 2519//5041 2291//5041 2518//5041
f 2518//5042 2291//5042 2293//5042
f 2520//5043 2289//5043 2519//5043
f 2519//5044 2289//5044 2291//5044
f 2521//5045 2287//5045 2520//5045
f 2520//5046 2287//5046 2289//5046
f 2522//5047 2285//5047 2521//5047
f 2521//5048 2285//5048 2287//5048
f 2522//5049 2075//5049 2285//5049
f 2215//5050 2075//5050 2522//5050
f 2558//5051 2349//5051 2350//5051
f 2559//5052 2349//5052 2558//5052
f 2560//5053 2559//5053 2558//5053
f 2561//5054 2559//5054 2560//5054
f 2562//5055 2561//5055 2560//5055
f 2563//5056 2561//5056 2562//5056
f 2564//5057 2563//5057 2562//5057
f 2565//5058 2563//5058 2564//5058
f 2566//5059 2565//5059 2564//5059
f 2567//5060 2565//5060 2566//5060
f 2568//5061 2567//5061 2566//5061
f 2569//5062 2567//5062 2568//5062
f 2570//5063 2569//5063 2568//5063
f 2571//5064 2569//5064 2570//5064
f 2572//5065 2571//5065 2570//5065
f 2573//5066 2571//5066 2572//5066
f 2574//5067 2573//5067 2572//5067
f 2575//5068 2573//5068 2574//5068
f 2576//5069 2575//5069 2574//5069
f 2577//5070 2575//5070 2576//5070
f 2578//5071 2577//5071 2576//5071
f 2579//5072 2577//5072 2578//5072
f 2580//5073 2579//5073 2578//5073
f 2581//5074 2579//5074 2580//5074
f 2582//5075 2581//5075 2580//5075
f 2583//5076 2581//5076 2582//5076
f 2584//5077 2583//5077 2582//5077
f 2585//5078 2583//5078 2584//5078
f 2586//5079 2585//5079 2584//5079
f 2587//5080 2585//5080 2586//5080
f 2588//5081 2587//5081 2586//5081
f 2589//5082 2587//5082 2588//5082
f 2590//5083 2589//5083 2588//5083
f 2591//5084 2589//5084 2590//5084
f 2592//5085 2591//5085 2590//5085
f 2593//5086 2591//5086 2592//5086
f 2594//5087 2593//5087 2592//5087
f 2595//5088 2593//5088 2594//5088
f 2596//5089 2595//5089 2594//5089
f 2597//5090 2595//5090 2596//5090
f 2598//5091 2597//5091 2596//5091
f 2599//5092 2597//5092 2598//5092
f 2600//5093 2599//5093 2598//5093
f 2601//5094 2599//5094 2600//5094
f 2602//5095 2601//5095 2600//5095
f 2603//5096 2601//5096 2602//5096
f 2604//5097 2603//5097 2602//5097
f 2605//5098 2603//5098 2604//5098
f 2606//5099 2605//5099 2604//5099
f 2607//5100 2605//5100 2606//5100
f 2608//5101 2607//5101 2606//5101
f 2609//5102 2607//5102 2608//5102
f 2610//5103 2609//5103 2608//5103
f 2611//5104 2609//5104 2610//5104
f 2612//5105 2611//5105 2610//5105
f 2613//5106 2611//5106 2612//5106
f 2614//5107 2613//5107 2612//5107
f 2615//5108 2614//5108 2616//5108
f 2615//5109 2613//5109 2614//5109
f 2617//5110 2616//5110 2618//5110
f 2617//5111 2615//5111 2616//5111
f 2619//5112 2618//5112 2620//5112
f 2619//5113 2617//5113 2618//5113
f 2621//5114 2620//5114 2622//5114
f 2621//5115 2619//5115 2620//5115
f 2455//5116 2622//5116 2454//5116
f 2455//5117 2621//5117 2622//5117
f 2385//5118 2623//5118 2181//5118
f 2623//5119 2487//5119 2181//5119
f 2623//5120 2624//5120 2487//5120
f 2624//5121 2486//5121 2487//5121
f 2624//5122 2625//5122 2486//5122
f 2625//5123 2485//5123 2486//5123
f 2625//5124 2626//5124 2485//5124
f 2627//5125 2484//5125 2626//5125
f 2626//5126 2484//5126 2485//5126
f 2628//5127 2483//5127 2627//5127
f 2627//5128 2483//5128 2484//5128
f 2629//5129 2482//5129 2628//5129
f 2628//5130 2482//5130 2483//5130
f 2629//5131 2481//5131 2482//5131
f 2630//5132 2481//5132 2629//5132
f 2630//5133 2480//5133 2481//5133
f 2631//5134 2480//5134 2630//5134
f 2631//5135 2479//5135 2480//5135
f 2632//5136 2479//5136 2631//5136
f 2633//5137 2478//5137 2632//5137
f 2632//5138 2478//5138 2479//5138
f 2634//5139 2477//5139 2633//5139
f 2633//5140 2477//5140 2478//5140
f 2635//5141 2476//5141 2634//5141
f 2634//5142 2476//5142 2477//5142
f 2636//5143 2475//5143 2635//5143
f 2635//5144 2475//5144 2476//5144
f 2637//5145 2474//5145 2636//5145
f 2636//5146 2474//5146 2475//5146
f 2638//5147 2473//5147 2637//5147
f 2637//5148 2473//5148 2474//5148
f 2639//5149 2472//5149 2638//5149
f 2638//5150 2472//5150 2473//5150
f 2639//5151 2640//5151 2472//5151
f 2640//5152 2471//5152 2472//5152
f 2640//5153 2641//5153 2471//5153
f 2641//5154 2470//5154 2471//5154
f 2641//5155 2642//5155 2470//5155
f 2642//5156 2469//5156 2470//5156
f 2642//5157 2643//5157 2469//5157
f 2644//5158 2468//5158 2643//5158
f 2643//5159 2468//5159 2469//5159
f 2645//5160 2467//5160 2644//5160
f 2644//5161 2467//5161 2468//5161
f 2646//5162 2466//5162 2645//5162
f 2645//5163 2466//5163 2467//5163
f 2647//5164 2465//5164 2646//5164
f 2646//5165 2465//5165 2466//5165
f 2648//5166 2464//5166 2647//5166
f 2647//5167 2464//5167 2465//5167
f 2649//5168 2463//5168 2648//5168
f 2648//5169 2463//5169 2464//5169
f 2650//5170 2462//5170 2649//5170
f 2649//5171 2462//5171 2463//5171
f 2651//5172 2461//5172 2650//5172
f 2650//5173 2461//5173 2462//5173
f 2652//5174 2460//5174 2651//5174
f 2651//5175 2460//5175 2461//5175
f 2653//5176 2459//5176 2652//5176
f 2652//5177 2459//5177 2460//5177
f 2654//5178 2458//5178 2653//5178
f 2653//5179 2458//5179 2459//5179
f 2655//5180 2457//5180 2654//5180
f 2654//5181 2457//5181 2458//5181
f 2656//5182 2456//5182 2655//5182
f 2655//5183 2456//5183 2457//5183
f 2656//5184 2455//5184 2456//5184
f 2657//5185 2455//5185 2656//5185
f 2658//5186 2623//5186 2420//5186
f 2420//5187 2623//5187 2385//5187
f 2659//5188 2624//5188 2658//5188
f 2658//5189 2624//5189 2623//5189
f 2660//5190 2625//5190 2659//5190
f 2659//5191 2625//5191 2624//5191
f 2661//5192 2626//5192 2660//5192
f 2660//5193 2626//5193 2625//5193
f 2662//5194 2627//5194 2661//5194
f 2661//5195 2627//5195 2626//5195
f 2663//5196 2628//5196 2662//5196
f 2662//5197 2628//5197 2627//5197
f 2663//5198 2629//5198 2628//5198
f 2664//5199 2629//5199 2663//5199
f 2664//5200 2630//5200 2629//5200
f 2665//5201 2630//5201 2664//5201
f 2665//5202 2631//5202 2630//5202
f 2666//5203 2631//5203 2665//5203
f 2666//5204 2632//5204 2631//5204
f 2667//5205 2632//5205 2666//5205
f 2668//5206 2633//5206 2667//5206
f 2667//5207 2633//5207 2632//5207
f 2669//5208 2634//5208 2668//5208
f 2668//5209 2634//5209 2633//5209
f 2670//5210 2635//5210 2669//5210
f 2669//5211 2635//5211 2634//5211
f 2671//5212 2636//5212 2670//5212
f 2670//5213 2636//5213 2635//5213
f 2672//5214 2637//5214 2671//5214
f 2671//5215 2637//5215 2636//5215
f 2673//5216 2638//5216 2672//5216
f 2672//5217 2638//5217 2637//5217
f 2674//5218 2639//5218 2673//5218
f 2673//5219 2639//5219 2638//5219
f 2675//5220 2640//5220 2674//5220
f 2674//5221 2640//5221 2639//5221
f 2676//5222 2641//5222 2675//5222
f 2675//5223 2641//5223 2640//5223
f 2677//5224 2642//5224 2676//5224
f 2676//5225 2642//5225 2641//5225
f 2678//5226 2643//5226 2677//5226
f 2677//5227 2643//5227 2642//5227
f 2679//5228 2644//5228 2678//5228
f 2678//5229 2644//5229 2643//5229
f 2680//5230 2645//5230 2679//5230
f 2679//5231 2645//5231 2644//5231
f 2681//5232 2646//5232 2680//5232
f 2680//5233 2646//5233 2645//5233
f 2682//5234 2647//5234 2681//5234
f 2681//5235 2647//5235 2646//5235
f 2683//5236 2648//5236 2682//5236
f 2682//5237 2648//5237 2647//5237
f 2684//5238 2649//5238 2683//5238
f 2683//5239 2649//5239 2648//5239
f 2685//5240 2650//5240 2684//5240
f 2684//5241 2650//5241 2649//5241
f 2686//5242 2651//5242 2685//5242
f 2685//5243 2651//5243 2650//5243
f 2687//5244 2652//5244 2686//5244
f 2686//5245 2652//5245 2651//5245
f 2688//5246 2653//5246 2687//5246
f 2687//5247 2653//5247 2652//5247
f 2689//5248 2654//5248 2688//5248
f 2688//5249 2654//5249 2653//5249
f 2689//5250 2655//5250 2654//5250
f 2690//5251 2655//5251 2689//5251
f 2690//5252 2656//5252 2655//5252
f 2691//5253 2656//5253 2690//5253
f 2691//5254 2657//5254 2656//5254
f 2524//5255 2657//5255 2691//5255
f 2622//5256 2658//5256 2454//5256
f 2454//5257 2658//5257 2420//5257
f 2620//5258 2659//5258 2622//5258
f 2622//5259 2659//5259 2658//5259
f 2618//5260 2660//5260 2620//5260
f 2620//5261 2660//5261 2659//5261
f 2616//5262 2661//5262 2618//5262
f 2618//5263 2661//5263 2660//5263
f 2616//5264 2614//5264 2661//5264
f 2614//5265 2662//5265 2661//5265
f 2614//5266 2612//5266 2662//5266
f 2612//5267 2663//5267 2662//5267
f 2612//5268 2610//5268 2663//5268
f 2610//5269 2664//5269 2663//5269
f 2610//5270 2665//5270 2664//5270
f 2608//5271 2665//5271 2610//5271
f 2608//5272 2666//5272 2665//5272
f 2606//5273 2666//5273 2608//5273
f 2604//5274 2667//5274 2606//5274
f 2606//5275 2667//5275 2666//5275
f 2602//5276 2668//5276 2604//5276
f 2604//5277 2668//5277 2667//5277
f 2600//5278 2669//5278 2602//5278
f 2602//5279 2669//5279 2668//5279
f 2598//5280 2670//5280 2600//5280
f 2600//5281 2670//5281 2669//5281
f 2596//5282 2671//5282 2598//5282
f 2598//5283 2671//5283 2670//5283
f 2594//5284 2672//5284 2596//5284
f 2596//5285 2672//5285 2671//5285
f 2592//5286 2673//5286 2594//5286
f 2594//5287 2673//5287 2672//5287
f 2590//5288 2674//5288 2592//5288
f 2592//5289 2674//5289 2673//5289
f 2588//5290 2675//5290 2590//5290
f 2590//5291 2675//5291 2674//5291
f 2586//5292 2676//5292 2588//5292
f 2588//5293 2676//5293 2675//5293
f 2586//5294 2677//5294 2676//5294
f 2586//5295 2584//5295 2677//5295
f 2584//5296 2678//5296 2677//5296
f 2584//5297 2582//5297 2678//5297
f 2582//5298 2679//5298 2678//5298
f 2582//5299 2580//5299 2679//5299
f 2580//5300 2680//5300 2679//5300
f 2580//5301 2578//5301 2680//5301
f 2578//5302 2681//5302 2680//5302
f 2578//5303 2576//5303 2681//5303
f 2576//5304 2682//5304 2681//5304
f 2576//5305 2574//5305 2682//5305
f 2574//5306 2683//5306 2682//5306
f 2572//5307 2684//5307 2574//5307
f 2574//5308 2684//5308 2683//5308
f 2570//5309 2685//5309 2572//5309
f 2572//5310 2685//5310 2684//5310
f 2568//5311 2686//5311 2570//5311
f 2570//5312 2686//5312 2685//5312
f 2566//5313 2687//5313 2568//5313
f 2568//5314 2687//5314 2686//5314
f 2564//5315 2688//5315 2566//5315
f 2566//5316 2688//5316 2687//5316
f 2562//5317 2689//5317 2564//5317
f 2564//5318 2689//5318 2688//5318
f 2560//5319 2690//5319 2562//5319
f 2562//5320 2690//5320 2689//5320
f 2560//5321 2691//5321 2690//5321
f 2558//5322 2691//5322 2560//5322
f 2558//5323 2524//5323 2691//5323
f 2350//5324 2524//5324 2558//5324
f 2523//5325 2692//5325 2524//5325
f 2524//5326 2692//5326 2657//5326
f 2525//5327 2693//5327 2523//5327
f 2523//5328 2693//5328 2692//5328
f 2526//5329 2694//5329 2525//5329
f 2525//5330 2694//5330 2693//5330
f 2527//5331 2695//5331 2526//5331
f 2526//5332 2695//5332 2694//5332
f 2528//5333 2696//5333 2527//5333
f 2527//5334 2696//5334 2695//5334
f 2529//5335 2697//5335 2528//5335
f 2528//5336 2697//5336 2696//5336
f 2529//5337 2698//5337 2697//5337
f 2530//5338 2698//5338 2529//5338
f 2530//5339 2699//5339 2698//5339
f 2531//5340 2699//5340 2530//5340
f 2531//5341 2700//5341 2699//5341
f 2532//5342 2700//5342 2531//5342
f 2532//5343 2701//5343 2700//5343
f 2533//5344 2701//5344 2532//5344
f 2534//5345 2702//5345 2533//5345
f 2533//5346 2702//5346 2701//5346
f 2535//5347 2703//5347 2534//5347
f 2534//5348 2703//5348 2702//5348
f 2536//5349 2704//5349 2535//5349
f 2535//5350 2704//5350 2703//5350
f 2537//5351 2705//5351 2536//5351
f 2536//5352 2705//5352 2704//5352
f 2538//5353 2706//5353 2537//5353
f 2537//5354 2706//5354 2705//5354
f 2539//5355 2707//5355 2538//5355
f 2538//5356 2707//5356 2706//5356
f 2540//5357 2708//5357 2539//5357
f 2539//5358 2708//5358 2707//5358
f 2541//5359 2709//5359 2540//5359
f 2540//5360 2709//5360 2708//5360
f 2542//5361 2710//5361 2541//5361
f 2541//5362 2710//5362 2709//5362
f 2543//5363 2711//5363 2542//5363
f 2542//5364 2711//5364 2710//5364
f 2544//5365 2712//5365 2543//5365
f 2543//5366 2712//5366 2711//5366
f 2545//5367 2713//5367 2544//5367
f 2544//5368 2713//5368 2712//5368
f 2546//5369 2714//5369 2545//5369
f 2545//5370 2714//5370 2713//5370
f 2547//5371 2715//5371 2546//5371
f 2546//5372 2715//5372 2714//5372
f 2548//5373 2716//5373 2547//5373
f 2547//5374 2716//5374 2715//5374
f 2549//5375 2717//5375 2548//5375
f 2548//5376 2717//5376 2716//5376
f 2550//5377 2718//5377 2549//5377
f 2549//5378 2718//5378 2717//5378
f 2551//5379 2719//5379 2550//5379
f 2550//5380 2719//5380 2718//5380
f 2552//5381 2720//5381 2551//5381
f 2551//5382 2720//5382 2719//5382
f 2553//5383 2721//5383 2552//5383
f 2552//5384 2721//5384 2720//5384
f 2554//5385 2722//5385 2553//5385
f 2553//5386 2722//5386 2721//5386
f 2555//5387 2723//5387 2554//5387
f 2554//5388 2723//5388 2722//5388
f 2555//5389 2724//5389 2723//5389
f 2556//5390 2724//5390 2555//5390
f 2556//5391 2725//5391 2724//5391
f 2557//5392 2725//5392 2556//5392
f 2557//5393 2489//5393 2725//5393
f 2250//5394 2489//5394 2557//5394
f 2657//5395 2692//5395 2455//5395
f 2692//5396 2621//5396 2455//5396
f 2692//5397 2693//5397 2621//5397
f 2693//5398 2619//5398 2621//5398
f 2693//5399 2694//5399 2619//5399
f 2694//5400 2617//5400 2619//5400
f 2694//5401 2695//5401 2617//5401
f 2696//5402 2615//5402 2695//5402
f 2695//5403 2615//5403 2617//5403
f 2697//5404 2613//5404 2696//5404
f 2696//5405 2613//5405 2615//5405
f 2698//5406 2611//5406 2697//5406
f 2697//5407 2611//5407 2613//5407
f 2698//5408 2609//5408 2611//5408
f 2699//5409 2609//5409 2698//5409
f 2699//5410 2607//5410 2609//5410
f 2700//5411 2607//5411 2699//5411
f 2700//5412 2605//5412 2607//5412
f 2701//5413 2605//5413 2700//5413
f 2702//5414 2603//5414 2701//5414
f 2701//5415 2603//5415 2605//5415
f 2703//5416 2601//5416 2702//5416
f 2702//5417 2601//5417 2603//5417
f 2704//5418 2599//5418 2703//5418
f 2703//5419 2599//5419 2601//5419
f 2705//5420 2597//5420 2704//5420
f 2704//5421 2597//5421 2599//5421
f 2706//5422 2595//5422 2705//5422
f 2705//5423 2595//5423 2597//5423
f 2707//5424 2593//5424 2706//5424
f 2706//5425 2593//5425 2595//5425
f 2708//5426 2591//5426 2707//5426
f 2707//5427 2591//5427 2593//5427
f 2709//5428 2589//5428 2708//5428
f 2708//5429 2589//5429 2591//5429
f 2709//5430 2710//5430 2589//5430
f 2710//5431 2587//5431 2589//5431
f 2710//5432 2711//5432 2587//5432
f 2711//5433 2585//5433 2587//5433
f 2711//5434 2712//5434 2585//5434
f 2712//5435 2583//5435 2585//5435
f 2712//5436 2713//5436 2583//5436
f 2714//5437 2581//5437 2713//5437
f 2713//5438 2581//5438 2583//5438
f 2715//5439 2579//5439 2714//5439
f 2714//5440 2579//5440 2581//5440
f 2716//5441 2577//5441 2715//5441
f 2715//5442 2577//5442 2579//5442
f 2717//5443 2575//5443 2716//5443
f 2716//5444 2575//5444 2577//5444
f 2718//5445 2573//5445 2717//5445
f 2717//5446 2573//5446 2575//5446
f 2719//5447 2571//5447 2718//5447
f 2718//5448 2571//5448 2573//5448
f 2720//5449 2569//5449 2719//5449
f 2719//5450 2569//5450 2571//5450
f 2721//5451 2567//5451 2720//5451
f 2720//5452 2567//5452 2569//5452
f 2722//5453 2565//5453 2721//5453
f 2721//5454 2565//5454 2567//5454
f 2723//5455 2563//5455 2722//5455
f 2722//5456 2563//5456 2565//5456
f 2724//5457 2561//5457 2723//5457
f 2723//5458 2561//5458 2563//5458
f 2725//5459 2559//5459 2724//5459
f 2724//5460 2559//5460 2561//5460
f 2725//5461 2349//5461 2559//5461
f 2489//5462 2349//5462 2725//5462
f 2726//5463 2727//5463 2728//5463
f 2729//5464 2730//5464 2731//5464
f 2727//5465 2732//5465 2728//5465
f 2733//5466 2731//5466 2734//5466
f 2733//5467 2729//5467 2731//5467
f 2735//5468 2734//5468 2736//5468
f 2735//5469 2733//5469 2734//5469
f 2737//5470 2736//5470 2738//5470
f 2737//5471 2738//5471 2739//5471
f 2737//5472 2735//5472 2736//5472
f 2740//5473 2741//5473 2729//5473
f 2740//5474 2729//5474 2733//5474
f 2742//5475 2737//5475 2739//5475
f 2743//5476 2740//5476 2733//5476
f 2743//5477 2733//5477 2735//5477
f 2744//5478 2739//5478 2745//5478
f 2744//5479 2742//5479 2739//5479
f 2746//5480 2743//5480 2735//5480
f 2746//5481 2735//5481 2737//5481
f 2746//5482 2737//5482 2742//5482
f 2747//5483 2728//5483 2741//5483
f 2747//5484 2726//5484 2728//5484
f 2747//5485 2748//5485 2726//5485
f 2747//5486 2741//5486 2740//5486
f 2749//5487 2745//5487 2750//5487
f 2749//5488 2750//5488 2751//5488
f 2749//5489 2744//5489 2745//5489
f 2752//5490 2746//5490 2742//5490
f 2752//5491 2742//5491 2744//5491
f 2753//5492 2740//5492 2743//5492
f 2753//5493 2748//5493 2747//5493
f 2753//5494 2747//5494 2740//5494
f 2753//5495 2754//5495 2748//5495
f 2753//5496 2743//5496 2746//5496
f 2755//5497 2749//5497 2751//5497
f 2756//5498 2752//5498 2744//5498
f 2757//5499 2758//5499 2754//5499
f 2757//5500 2759//5500 2758//5500
f 2757//5501 2754//5501 2753//5501
f 2757//5502 2753//5502 2746//5502
f 2760//5503 2751//5503 2761//5503
f 2760//5504 2755//5504 2751//5504
f 2762//5505 2756//5505 2744//5505
f 2762//5506 2744//5506 2749//5506
f 2762//5507 2749//5507 2755//5507
f 2763//5508 2746//5508 2752//5508
f 2763//5509 2752//5509 2756//5509
f 2763//5510 2757//5510 2746//5510
f 2763//5511 2764//5511 2759//5511
f 2763//5512 2759//5512 2757//5512
f 2765//5513 2761//5513 2766//5513
f 2765//5514 2760//5514 2761//5514
f 2767//5515 2762//5515 2755//5515
f 2768//5516 2763//5516 2756//5516
f 2768//5517 2769//5517 2764//5517
f 2768//5518 2770//5518 2769//5518
f 2768//5519 2764//5519 2763//5519
f 2768//5520 2756//5520 2762//5520
f 2771//5521 2766//5521 2772//5521
f 2771//5522 2772//5522 2773//5522
f 2771//5523 2765//5523 2766//5523
f 2774//5524 2767//5524 2755//5524
f 2774//5525 2755//5525 2760//5525
f 2775//5526 2768//5526 2762//5526
f 2775//5527 2776//5527 2770//5527
f 2775//5528 2770//5528 2768//5528
f 2777//5529 2771//5529 2773//5529
f 2778//5530 2760//5530 2765//5530
f 2778//5531 2774//5531 2760//5531
f 2778//5532 2765//5532 2771//5532
f 2779//5533 2775//5533 2762//5533
f 2779//5534 2780//5534 2776//5534
f 2779//5535 2776//5535 2775//5535
f 2779//5536 2762//5536 2767//5536
f 2781//5537 2773//5537 2782//5537
f 2781//5538 2777//5538 2773//5538
f 2783//5539 2778//5539 2771//5539
f 2784//5540 2774//5540 2778//5540
f 2784//5541 2767//5541 2774//5541
f 2784//5542 2780//5542 2779//5542
f 2784//5543 2785//5543 2780//5543
f 2784//5544 2786//5544 2785//5544
f 2784//5545 2779//5545 2767//5545
f 2787//5546 2782//5546 2788//5546
f 2787//5547 2781//5547 2782//5547
f 2789//5548 2771//5548 2777//5548
f 2789//5549 2783//5549 2771//5549
f 2790//5550 2786//5550 2784//5550
f 2790//5551 2791//5551 2786//5551
f 2790//5552 2784//5552 2778//5552
f 2792//5553 2788//5553 2793//5553
f 2792//5554 2793//5554 2794//5554
f 2792//5555 2787//5555 2788//5555
f 2795//5556 2777//5556 2781//5556
f 2795//5557 2789//5557 2777//5557
f 2795//5558 2781//5558 2787//5558
f 2796//5559 2790//5559 2778//5559
f 2796//5560 2791//5560 2790//5560
f 2796//5561 2797//5561 2791//5561
f 2796//5562 2798//5562 2797//5562
f 2796//5563 2778//5563 2783//5563
f 2799//5564 2792//5564 2794//5564
f 2800//5565 2795//5565 2787//5565
f 2801//5566 2798//5566 2796//5566
f 2801//5567 2789//5567 2795//5567
f 2801//5568 2783//5568 2789//5568
f 2801//5569 2802//5569 2798//5569
f 2801//5570 2796//5570 2783//5570
f 2803//5571 2794//5571 2804//5571
f 2803//5572 2804//5572 2805//5572
f 2803//5573 2799//5573 2794//5573
f 2806//5574 2792//5574 2799//5574
f 2806//5575 2800//5575 2787//5575
f 2806//5576 2787//5576 2792//5576
f 2807//5577 2801//5577 2795//5577
f 2807//5578 2802//5578 2801//5578
f 2807//5579 2808//5579 2802//5579
f 2809//5580 2803//5580 2805//5580
f 2810//5581 2806//5581 2799//5581
f 2811//5582 2795//5582 2800//5582
f 2811//5583 2808//5583 2807//5583
f 2811//5584 2807//5584 2795//5584
f 2811//5585 2812//5585 2808//5585
f 2811//5586 2813//5586 2812//5586
f 2814//5587 2805//5587 2815//5587
f 2814//5588 2815//5588 2816//5588
f 2814//5589 2809//5589 2805//5589
f 2817//5590 2799//5590 2803//5590
f 2817//5591 2810//5591 2799//5591
f 2818//5592 2800//5592 2806//5592
f 2818//5593 2811//5593 2800//5593
f 2818//5594 2813//5594 2811//5594
f 2818//5595 2819//5595 2813//5595
f 2820//5596 2814//5596 2816//5596
f 2821//5597 2817//5597 2803//5597
f 2821//5598 2803//5598 2809//5598
f 2822//5599 2806//5599 2810//5599
f 2822//5600 2818//5600 2806//5600
f 2822//5601 2819//5601 2818//5601
f 2822//5602 2823//5602 2819//5602
f 2822//5603 2824//5603 2823//5603
f 2825//5604 2816//5604 2826//5604
f 2825//5605 2820//5605 2816//5605
f 2827//5606 2821//5606 2809//5606
f 2827//5607 2809//5607 2814//5607
f 2828//5608 2817//5608 2821//5608
f 2828//5609 2810//5609 2817//5609
f 2828//5610 2822//5610 2810//5610
f 2828//5611 2824//5611 2822//5611
f 2828//5612 2829//5612 2824//5612
f 2830//5613 2826//5613 2831//5613
f 2830//5614 2825//5614 2826//5614
f 2832//5615 2814//5615 2820//5615
f 2832//5616 2827//5616 2814//5616
f 2833//5617 2828//5617 2821//5617
f 2833//5618 2829//5618 2828//5618
f 2833//5619 2834//5619 2829//5619
f 2835//5620 2831//5620 2836//5620
f 2835//5621 2830//5621 2831//5621
f 2837//5622 2820//5622 2825//5622
f 2837//5623 2825//5623 2830//5623
f 2837//5624 2832//5624 2820//5624
f 2838//5625 2833//5625 2821//5625
f 2838//5626 2827//5626 2832//5626
f 2838//5627 2821//5627 2827//5627
f 2838//5628 2839//5628 2834//5628
f 2838//5629 2840//5629 2839//5629
f 2838//5630 2834//5630 2833//5630
f 2841//5631 2836//5631 2842//5631
f 2841//5632 2835//5632 2836//5632
f 2843//5633 2837//5633 2830//5633
f 2844//5634 2838//5634 2832//5634
f 2844//5635 2845//5635 2840//5635
f 2844//5636 2840//5636 2838//5636
f 2846//5637 2842//5637 2847//5637
f 2846//5638 2841//5638 2842//5638
f 2848//5639 2830//5639 2835//5639
f 2848//5640 2843//5640 2830//5640
f 2849//5641 2832//5641 2837//5641
f 2849//5642 2850//5642 2845//5642
f 2849//5643 2844//5643 2832//5643
f 2849//5644 2845//5644 2844//5644
f 2851//5645 2847//5645 2852//5645
f 2851//5646 2846//5646 2847//5646
f 2853//5647 2835//5647 2841//5647
f 2853//5648 2841//5648 2846//5648
f 2853//5649 2848//5649 2835//5649
f 2854//5650 2837//5650 2843//5650
f 2854//5651 2855//5651 2850//5651
f 2854//5652 2856//5652 2855//5652
f 2854//5653 2850//5653 2849//5653
f 2854//5654 2849//5654 2837//5654
f 2857//5655 2852//5655 2858//5655
f 2857//5656 2851//5656 2852//5656
f 2859//5657 2853//5657 2846//5657
f 2860//5658 2856//5658 2854//5658
f 2860//5659 2843//5659 2848//5659
f 2860//5660 2861//5660 2856//5660
f 2860//5661 2848//5661 2853//5661
f 2860//5662 2854//5662 2843//5662
f 2862//5663 2858//5663 2863//5663
f 2862//5664 2857//5664 2858//5664
f 2864//5665 2846//5665 2851//5665
f 2864//5666 2859//5666 2846//5666
f 2865//5667 2860//5667 2853//5667
f 2865//5668 2861//5668 2860//5668
f 2865//5669 2866//5669 2861//5669
f 2865//5670 2867//5670 2866//5670
f 2868//5671 2863//5671 2869//5671
f 2868//5672 2869//5672 2870//5672
f 2868//5673 2862//5673 2863//5673
f 2871//5674 2857//5674 2862//5674
f 2871//5675 2864//5675 2851//5675
f 2871//5676 2851//5676 2857//5676
f 2872//5677 2853//5677 2859//5677
f 2872//5678 2865//5678 2853//5678
f 2872//5679 2867//5679 2865//5679
f 2872//5680 2873//5680 2867//5680
f 2874//5681 2868//5681 2870//5681
f 2874//5682 2870//5682 2875//5682
f 2876//5683 2871//5683 2862//5683
f 2877//5684 2859//5684 2864//5684
f 2877//5685 2872//5685 2859//5685
f 2877//5686 2873//5686 2872//5686
f 2877//5687 2878//5687 2873//5687
f 2879//5688 2874//5688 2875//5688
f 2880//5689 2862//5689 2868//5689
f 2880//5690 2876//5690 2862//5690
f 2881//5691 2877//5691 2864//5691
f 2881//5692 2864//5692 2871//5692
f 2881//5693 2878//5693 2877//5693
f 2881//5694 2882//5694 2878//5694
f 2881//5695 2883//5695 2882//5695
f 2884//5696 2875//5696 2885//5696
f 2884//5697 2885//5697 2886//5697
f 2884//5698 2879//5698 2875//5698
f 2887//5699 2868//5699 2874//5699
f 2887//5700 2880//5700 2868//5700
f 2887//5701 2874//5701 2879//5701
f 2888//5702 2881//5702 2871//5702
f 2888//5703 2876//5703 2880//5703
f 2888//5704 2883//5704 2881//5704
f 2888//5705 2889//5705 2883//5705
f 2888//5706 2871//5706 2876//5706
f 2890//5707 2884//5707 2886//5707
f 2891//5708 2887//5708 2879//5708
f 2892//5709 2888//5709 2880//5709
f 2892//5710 2889//5710 2888//5710
f 2892//5711 2893//5711 2889//5711
f 2892//5712 2894//5712 2893//5712
f 2895//5713 2890//5713 2886//5713
f 2895//5714 2886//5714 2896//5714
f 2897//5715 2891//5715 2879//5715
f 2897//5716 2879//5716 2884//5716
f 2898//5717 2880//5717 2887//5717
f 2898//5718 2892//5718 2880//5718
f 2898//5719 2894//5719 2892//5719
f 2898//5720 2899//5720 2894//5720
f 2900//5721 2895//5721 2896//5721
f 2900//5722 2896//5722 2901//5722
f 2900//5723 2901//5723 2902//5723
f 2903//5724 2897//5724 2884//5724
f 2903//5725 2890//5725 2895//5725
f 2903//5726 2884//5726 2890//5726
f 2904//5727 2899//5727 2898//5727
f 2904//5728 2898//5728 2887//5728
f 2904//5729 2905//5729 2899//5729
f 2904//5730 2887//5730 2891//5730
f 2906//5731 2902//5731 2907//5731
f 2906//5732 2900//5732 2902//5732
f 2908//5733 2903//5733 2895//5733
f 2909//5734 2904//5734 2891//5734
f 2909//5735 2891//5735 2897//5735
f 2909//5736 2910//5736 2905//5736
f 2909//5737 2911//5737 2910//5737
f 2909//5738 2905//5738 2904//5738
f 2912//5739 2906//5739 2907//5739
f 2913//5740 2895//5740 2900//5740
f 2913//5741 2900//5741 2906//5741
f 2913//5742 2908//5742 2895//5742
f 2914//5743 2911//5743 2909//5743
f 2914//5744 2897//5744 2903//5744
f 2914//5745 2909//5745 2897//5745
f 2914//5746 2915//5746 2911//5746
f 2914//5747 2903//5747 2908//5747
f 2916//5748 2907//5748 2917//5748
f 2916//5749 2912//5749 2907//5749
f 2918//5750 2913//5750 2906//5750
f 2918//5751 2906//5751 2912//5751
f 2919//5752 2914//5752 2908//5752
f 2919//5753 2915//5753 2914//5753
f 2919//5754 2920//5754 2915//5754
f 2919//5755 2921//5755 2920//5755
f 2922//5756 2916//5756 2917//5756
f 2922//5757 2917//5757 2923//5757
f 2922//5758 2923//5758 2924//5758
f 2925//5759 2918//5759 2912//5759
f 2926//5760 2921//5760 2919//5760
f 2926//5761 2913//5761 2918//5761
f 2926//5762 2927//5762 2921//5762
f 2926//5763 2908//5763 2913//5763
f 2926//5764 2919//5764 2908//5764
f 2928//5765 2922//5765 2924//5765
f 2928//5766 2924//5766 2730//5766
f 2929//5767 2925//5767 2912//5767
f 2929//5768 2912//5768 2916//5768
f 2930//5769 2926//5769 2918//5769
f 2930//5770 2918//5770 2925//5770
f 2930//5771 2927//5771 2926//5771
f 2930//5772 2931//5772 2927//5772
f 2932//5773 2928//5773 2730//5773
f 2932//5774 2730//5774 2729//5774
f 2933//5775 2929//5775 2916//5775
f 2933//5776 2916//5776 2922//5776
f 2934//5777 2931//5777 2930//5777
f 2934//5778 2930//5778 2925//5778
f 2934//5779 2935//5779 2931//5779
f 2934//5780 2936//5780 2935//5780
f 2937//5781 2933//5781 2922//5781
f 2937//5782 2922//5782 2928//5782
f 2938//5783 2925//5783 2929//5783
f 2938//5784 2934//5784 2925//5784
f 2938//5785 2936//5785 2934//5785
f 2938//5786 2939//5786 2936//5786
f 2940//5787 2928//5787 2932//5787
f 2940//5788 2932//5788 2729//5788
f 2940//5789 2729//5789 2741//5789
f 2940//5790 2937//5790 2928//5790
f 2941//5791 2938//5791 2929//5791
f 2941//5792 2929//5792 2933//5792
f 2941//5793 2939//5793 2938//5793
f 2941//5794 2942//5794 2939//5794
f 2941//5795 2943//5795 2942//5795
f 2944//5796 2933//5796 2937//5796
f 2944//5797 2941//5797 2933//5797
f 2944//5798 2943//5798 2941//5798
f 2944//5799 2945//5799 2943//5799
f 2946//5800 2732//5800 2945//5800
f 2946//5801 2728//5801 2732//5801
f 2946//5802 2944//5802 2937//5802
f 2946//5803 2741//5803 2728//5803
f 2946//5804 2945//5804 2944//5804
f 2946//5805 2937//5805 2940//5805
f 2946//5806 2940//5806 2741//5806
f 2734//5807 2947//5807 2948//5807
f 2734//5808 2731//5808 2947//5808
f 2736//5809 2948//5809 2949//5809
f 2736//5810 2734//5810 2948//5810
f 2738//5811 2949//5811 2950//5811
f 2738//5812 2950//5812 2951//5812
f 2738//5813 2736//5813 2949//5813
f 2739//5814 2951//5814 2952//5814
f 2739//5815 2738//5815 2951//5815
f 2745//5816 2739//5816 2952//5816
f 2750//5817 2952//5817 2953//5817
f 2750//5818 2745//5818 2952//5818
f 2751//5819 2953//5819 2954//5819
f 2751//5820 2954//5820 2955//5820
f 2751//5821 2750//5821 2953//5821
f 2761//5822 2751//5822 2955//5822
f 2766//5823 2955//5823 2956//5823
f 2766//5824 2956//5824 2957//5824
f 2766//5825 2761//5825 2955//5825
f 2772//5826 2766//5826 2957//5826
f 2773//5827 2957//5827 2958//5827
f 2773//5828 2772//5828 2957//5828
f 2782//5829 2958//5829 2959//5829
f 2782//5830 2773//5830 2958//5830
f 2788//5831 2959//5831 2960//5831
f 2788//5832 2782//5832 2959//5832
f 2793//5833 2960//5833 2961//5833
f 2793//5834 2788//5834 2960//5834
f 2794//5835 2961//5835 2962//5835
f 2794//5836 2793//5836 2961//5836
f 2804//5837 2962//5837 2963//5837
f 2804//5838 2794//5838 2962//5838
f 2805//5839 2963//5839 2964//5839
f 2805//5840 2804//5840 2963//5840
f 2815//5841 2964//5841 2965//5841
f 2815//5842 2805//5842 2964//5842
f 2816//5843 2965//5843 2966//5843
f 2816//5844 2815//5844 2965//5844
f 2826//5845 2966//5845 2967//5845
f 2826//5846 2816//5846 2966//5846
f 2831//5847 2967//5847 2968//5847
f 2831//5848 2968//5848 2969//5848
f 2831//5849 2826//5849 2967//5849
f 2836//5850 2831//5850 2969//5850
f 2842//5851 2969//5851 2970//5851
f 2842//5852 2836//5852 2969//5852
f 2847//5853 2970//5853 2971//5853
f 2847//5854 2842//5854 2970//5854
f 2852//5855 2971//5855 2972//5855
f 2852//5856 2847//5856 2971//5856
f 2858//5857 2972//5857 2973//5857
f 2858//5858 2852//5858 2972//5858
f 2863//5859 2973//5859 2974//5859
f 2863//5860 2858//5860 2973//5860
f 2869//5861 2974//5861 2975//5861
f 2869//5862 2863//5862 2974//5862
f 2870//5863 2869//5863 2975//5863
f 2870//5864 2975//5864 2976//5864
f 2875//5865 2870//5865 2976//5865
f 2875//5866 2976//5866 2977//5866
f 2885//5867 2875//5867 2977//5867
f 2885//5868 2977//5868 2978//5868
f 2886//5869 2885//5869 2978//5869
f 2886//5870 2978//5870 2979//5870
f 2896//5871 2886//5871 2979//5871
f 2896//5872 2979//5872 2980//5872
f 2901//5873 2896//5873 2980//5873
f 2901//5874 2980//5874 2981//5874
f 2902//5875 2901//5875 2981//5875
f 2902//5876 2981//5876 2982//5876
f 2907//5877 2902//5877 2982//5877
f 2907//5878 2982//5878 2983//5878
f 2917//5879 2907//5879 2983//5879
f 2917//5880 2983//5880 2984//5880
f 2923//5881 2917//5881 2984//5881
f 2923//5882 2984//5882 2985//5882
f 2924//5883 2985//5883 2986//5883
f 2924//5884 2923//5884 2985//5884
f 2730//5885 2986//5885 2987//5885
f 2730//5886 2924//5886 2986//5886
f 2731//5887 2987//5887 2947//5887
f 2731//5888 2730//5888 2987//5888
f 2973//5889 2878//5889 2882//5889
f 2973//5890 2882//5890 2883//5890
f 2972//5891 2878//5891 2973//5891
f 2972//5892 2873//5892 2878//5892
f 2974//5893 2973//5893 2883//5893
f 2974//5894 2883//5894 2889//5894
f 2971//5895 2867//5895 2873//5895
f 2971//5896 2873//5896 2972//5896
f 2975//5897 2889//5897 2893//5897
f 2975//5898 2974//5898 2889//5898
f 2975//5899 2893//5899 2894//5899
f 2970//5900 2861//5900 2866//5900
f 2970//5901 2866//5901 2867//5901
f 2970//5902 2867//5902 2971//5902
f 2976//5903 2975//5903 2894//5903
f 2976//5904 2894//5904 2899//5904
f 2969//5905 2861//5905 2970//5905
f 2969//5906 2856//5906 2861//5906
f 2977//5907 2976//5907 2899//5907
f 2977//5908 2899//5908 2905//5908
f 2968//5909 2850//5909 2855//5909
f 2968//5910 2855//5910 2856//5910
f 2968//5911 2856//5911 2969//5911
f 2978//5912 2905//5912 2910//5912
f 2978//5913 2910//5913 2911//5913
f 2978//5914 2977//5914 2905//5914
f 2967//5915 2850//5915 2968//5915
f 2967//5916 2845//5916 2850//5916
f 2979//5917 2978//5917 2911//5917
f 2979//5918 2911//5918 2915//5918
f 2966//5919 2845//5919 2967//5919
f 2966//5920 2840//5920 2845//5920
f 2980//5921 2915//5921 2920//5921
f 2980//5922 2920//5922 2921//5922
f 2980//5923 2979//5923 2915//5923
f 2965//5924 2834//5924 2839//5924
f 2965//5925 2839//5925 2840//5925
f 2965//5926 2840//5926 2966//5926
f 2981//5927 2921//5927 2927//5927
f 2981//5928 2980//5928 2921//5928
f 2964//5929 2829//5929 2834//5929
f 2964//5930 2834//5930 2965//5930
f 2982//5931 2927//5931 2931//5931
f 2982//5932 2981//5932 2927//5932
f 2963//5933 2824//5933 2829//5933
f 2963//5934 2829//5934 2964//5934
f 2983//5935 2982//5935 2931//5935
f 2935//5936 2983//5936 2931//5936
f 2962//5937 2824//5937 2963//5937
f 2823//5938 2824//5938 2962//5938
f 2936//5939 2983//5939 2935//5939
f 2936//5940 2984//5940 2983//5940
f 2819//5941 2823//5941 2962//5941
f 2819//5942 2962//5942 2961//5942
f 2939//5943 2984//5943 2936//5943
f 2939//5944 2985//5944 2984//5944
f 2813//5945 2961//5945 2960//5945
f 2813//5946 2819//5946 2961//5946
f 2942//5947 2985//5947 2939//5947
f 2812//5948 2813//5948 2960//5948
f 2943//5949 2985//5949 2942//5949
f 2943//5950 2986//5950 2985//5950
f 2808//5951 2812//5951 2960//5951
f 2808//5952 2960//5952 2959//5952
f 2945//5953 2986//5953 2943//5953
f 2945//5954 2987//5954 2986//5954
f 2802//5955 2808//5955 2959//5955
f 2802//5956 2959//5956 2958//5956
f 2732//5957 2987//5957 2945//5957
f 2732//5958 2947//5958 2987//5958
f 2798//5959 2802//5959 2958//5959
f 2798//5960 2958//5960 2957//5960
f 2727//5961 2947//5961 2732//5961
f 2797//5962 2798//5962 2957//5962
f 2726//5963 2948//5963 2947//5963
f 2726//5964 2947//5964 2727//5964
f 2791//5965 2957//5965 2956//5965
f 2791//5966 2797//5966 2957//5966
f 2748//5967 2949//5967 2948//5967
f 2748//5968 2948//5968 2726//5968
f 2786//5969 2956//5969 2955//5969
f 2786//5970 2791//5970 2956//5970
f 2754//5971 2949//5971 2748//5971
f 2754//5972 2950//5972 2949//5972
f 2785//5973 2786//5973 2955//5973
f 2758//5974 2950//5974 2754//5974
f 2780//5975 2955//5975 2954//5975
f 2780//5976 2785//5976 2955//5976
f 2759//5977 2950//5977 2758//5977
f 2759//5978 2951//5978 2950//5978
f 2776//5979 2954//5979 2953//5979
f 2776//5980 2780//5980 2954//5980
f 2764//5981 2952//5981 2951//5981
f 2764//5982 2951//5982 2759//5982
f 2770//5983 2953//5983 2952//5983
f 2770//5984 2776//5984 2953//5984
f 2769//5985 2770//5985 2952//5985
f 2769//5986 2952//5986 2764//5986
