# Created by FreeCAD <https://www.freecad.org>
v 0.000000 20.000000 -5.000000
v -0.996918 19.975138 -5.000000
v 0.000000 20.000000 5.000000
v -0.996918 19.975138 5.000000
v -1.991357 19.900616 -5.000000
v -1.991357 19.900616 5.000000
v -2.980845 19.776617 -5.000000
v -2.980845 19.776617 5.000000
v -3.962923 19.603449 -5.000000
v -3.962923 19.603449 5.000000
v -4.935148 19.381546 -5.000000
v -4.935148 19.381546 5.000000
v -5.895103 19.111456 -5.000000
v -5.895103 19.111456 5.000000
v -6.840403 18.793852 -5.000000
v -6.840403 18.793852 5.000000
v -7.768696 18.429523 -5.000000
v -7.768696 18.429523 5.000000
v -8.677675 18.019377 -5.000000
v -8.677675 18.019377 5.000000
v -9.565080 17.564432 5.000000
v -9.565080 17.564432 -5.000000
v -10.428704 17.065817 5.000000
v -10.428704 17.065817 -5.000000
v -11.266401 16.524775 5.000000
v -11.266401 16.524775 -5.000000
v -12.076088 15.942650 -5.000000
v -12.076088 15.942650 5.000000
v -12.855752 15.320889 -5.000000
v -12.855752 15.320889 5.000000
v -13.603455 14.661037 -5.000000
v -13.603455 14.661037 5.000000
v -14.317337 13.964736 -5.000000
v -14.317337 13.964736 5.000000
v -14.995624 13.233717 -5.000000
v -14.995624 13.233717 5.000000
v -15.636630 12.469796 5.000000
v -15.636630 12.469796 -5.000000
v -16.238760 11.674873 -5.000000
v -16.238760 11.674873 5.000000
v -16.800518 10.850925 -5.000000
v -16.800518 10.850925 5.000000
v -17.320509 10.000000 -5.000000
v -17.320509 10.000000 5.000000
v -17.797436 9.124213 5.000000
v -17.797436 9.124213 -5.000000
v -18.230118 8.225742 -5.000000
v -18.230118 8.225742 5.000000
v -18.617476 7.306820 -5.000000
v -18.617476 7.306820 5.000000
v -18.958548 6.369733 -5.000000
v -18.958548 6.369733 5.000000
v -19.252485 5.416810 -5.000000
v -19.252485 5.416810 5.000000
v -19.498558 4.450418 -5.000000
v -19.498558 4.450418 5.000000
v -19.696156 3.472964 -5.000000
v -19.696156 3.472964 5.000000
v -19.844784 2.486874 -5.000000
v -19.844784 2.486874 5.000000
v -19.944077 1.494602 -5.000000
v -19.944077 1.494602 5.000000
v -19.993784 0.498614 -5.000000
v -19.993784 0.498614 5.000000
v -19.993784 -0.498614 -5.000000
v -19.993784 -0.498614 5.000000
v -19.944077 -1.494602 -5.000000
v -19.944077 -1.494602 5.000000
v -19.844784 -2.486874 5.000000
v -19.844784 -2.486874 -5.000000
v -19.696156 -3.472964 -5.000000
v -19.696156 -3.472964 5.000000
v -19.498558 -4.450418 -5.000000
v -19.498558 -4.450418 5.000000
v -19.252485 -5.416810 -5.000000
v -19.252485 -5.416810 5.000000
v -18.958548 -6.369733 -5.000000
v -18.958548 -6.369733 5.000000
v -18.617476 -7.306820 -5.000000
v -18.617476 -7.306820 5.000000
v -18.230118 -8.225742 5.000000
v -18.230118 -8.225742 -5.000000
v -17.797436 -9.124213 5.000000
v -17.797436 -9.124213 -5.000000
v -17.320509 -10.000000 -5.000000
v -17.320509 -10.000000 5.000000
v -16.800518 -10.850925 -5.000000
v -16.800518 -10.850925 5.000000
v -16.238760 -11.674873 5.000000
v -16.238760 -11.674873 -5.000000
v -15.636630 -12.469796 -5.000000
v -15.636630 -12.469796 5.000000
v -14.995624 -13.233717 5.000000
v -14.995624 -13.233717 -5.000000
v -14.317337 -13.964736 -5.000000
v -14.317337 -13.964736 5.000000
v -13.603455 -14.661037 5.000000
v -13.603455 -14.661037 -5.000000
v -12.855752 -15.320889 5.000000
v -12.855752 -15.320889 -5.000000
v -12.076088 -15.942650 -5.000000
v -12.076088 -15.942650 5.000000
v -11.266401 -16.524775 5.000000
v -11.266401 -16.524775 -5.000000
v -10.428704 -17.065817 -5.000000
v -10.428704 -17.065817 5.000000
v -9.565080 -17.564432 -5.000000
v -9.565080 -17.564432 5.000000
v -8.677675 -18.019377 -5.000000
v -8.677675 -18.019377 5.000000
v -7.768696 -18.429523 5.000000
v -7.768696 -18.429523 -5.000000
v -6.840403 -18.793852 -5.000000
v -6.840403 -18.793852 5.000000
v -5.895103 -19.111456 5.000000
v -5.895103 -19.111456 -5.000000
v -4.935148 -19.381546 5.000000
v -4.935148 -19.381546 -5.000000
v -3.962923 -19.603449 5.000000
v -3.962923 -19.603449 -5.000000
v -2.980845 -19.776617 5.000000
v -2.980845 -19.776617 -5.000000
v -1.991357 -19.900616 -5.000000
v -1.991357 -19.900616 5.000000
v -0.996918 -19.975138 -5.000000
v -0.996918 -19.975138 5.000000
v -0.000000 -20.000000 -5.000000
v -0.000000 -20.000000 5.000000
v 25.000000 20.000000 -5.000000
v 25.000000 20.000000 5.000000
v 25.000000 -20.000000 5.000000
v 25.000000 -20.000000 -5.000000
v -8.727961 -8.948336 -5.000000
v -9.163148 -8.502159 -5.000000
v -8.271073 -9.372265 -5.000000
v -9.575556 -8.034845 -5.000000
v -7.793622 -9.772894 -5.000000
v -9.964156 -7.547555 -5.000000
v -7.296796 -10.149225 -5.000000
v -10.327985 -7.041501 -5.000000
v -6.781828 -10.500324 -5.000000
v -10.666136 -6.517940 -5.000000
v -6.250000 -10.825317 -5.000000
v -10.977770 -5.978175 -5.000000
v -5.702633 -11.123398 -5.000000
v -11.262111 -5.423547 -5.000000
v -5.141089 -11.393824 -5.000000
v -11.518453 -4.855435 -5.000000
v -4.566763 -11.635921 -5.000000
v -11.746158 -4.275252 -5.000000
v -3.981083 -11.849092 -5.000000
v -11.944660 -3.684440 -5.000000
v -3.385506 -12.032804 -5.000000
v -12.113466 -3.084467 -5.000000
v -2.781512 -12.186599 -5.000000
v -12.252156 -2.476827 -5.000000
v -2.170602 -12.310097 -5.000000
v -12.360385 -1.863028 -5.000000
v -1.554296 -12.402990 -5.000000
v -12.437884 -1.244598 -5.000000
v -0.934126 -12.465048 -5.000000
v -12.484462 -0.623074 -5.000000
v -0.311634 -12.496115 -5.000000
v -12.500000 -0.000000 -5.000000
v 0.311634 -12.496115 -5.000000
v -12.484462 0.623074 -5.000000
v 0.934126 -12.465048 -5.000000
v -12.437884 1.244598 -5.000000
v 1.554296 -12.402990 -5.000000
v -12.360385 1.863028 -5.000000
v 2.170602 -12.310097 -5.000000
v -12.252156 2.476827 -5.000000
v 2.781512 -12.186599 -5.000000
v -12.113466 3.084467 -5.000000
v 3.385506 -12.032804 -5.000000
v -11.944660 3.684440 -5.000000
v 3.981083 -11.849092 -5.000000
v -11.746158 4.275252 -5.000000
v 4.566763 -11.635921 -5.000000
v -11.518453 4.855435 -5.000000
v 5.141089 -11.393824 -5.000000
v -11.262111 5.423547 -5.000000
v 5.702633 -11.123398 -5.000000
v -10.977770 5.978175 -5.000000
v 6.250000 -10.825317 -5.000000
v -10.666136 6.517940 -5.000000
v -10.327985 7.041501 -5.000000
v -9.964156 7.547555 -5.000000
v -9.575556 8.034845 -5.000000
v -9.163148 8.502159 -5.000000
v -8.727961 8.948336 -5.000000
v -8.271073 9.372265 -5.000000
v -7.793622 9.772894 -5.000000
v -7.296796 10.149225 -5.000000
v 6.781828 -10.500324 -5.000000
v 7.296796 -10.149225 -5.000000
v 7.793622 -9.772894 -5.000000
v 8.271073 -9.372265 -5.000000
v 8.727961 -8.948336 -5.000000
v 9.163148 -8.502159 -5.000000
v 9.575556 -8.034845 -5.000000
v 9.964156 -7.547555 -5.000000
v 10.327985 -7.041501 -5.000000
v 10.666136 -6.517940 -5.000000
v 10.977770 -5.978175 -5.000000
v -6.781828 10.500324 -5.000000
v 11.262111 -5.423547 -5.000000
v -6.250000 10.825317 -5.000000
v 11.518453 -4.855435 -5.000000
v 11.746158 -4.275252 -5.000000
v -5.702633 11.123398 -5.000000
v 11.944660 -3.684440 -5.000000
v 12.113466 -3.084467 -5.000000
v -5.141089 11.393824 -5.000000
v 12.252156 -2.476827 -5.000000
v 12.360385 -1.863028 -5.000000
v -4.566763 11.635921 -5.000000
v 12.437884 -1.244598 -5.000000
v 12.484462 -0.623074 -5.000000
v -3.981083 11.849092 -5.000000
v 12.500000 0.000000 -5.000000
v -3.385506 12.032804 -5.000000
v -2.781512 12.186599 -5.000000
v -2.170602 12.310097 -5.000000
v -1.554296 12.402990 -5.000000
v -0.934126 12.465048 -5.000000
v -0.311634 12.496115 -5.000000
v 5.702633 11.123398 -5.000000
v 6.250000 10.825317 -5.000000
v 5.141089 11.393824 -5.000000
v 4.566763 11.635921 -5.000000
v 3.981083 11.849092 -5.000000
v 3.385506 12.032804 -5.000000
v 2.781512 12.186599 -5.000000
v 2.170602 12.310097 -5.000000
v 1.554296 12.402990 -5.000000
v 0.934126 12.465048 -5.000000
v 0.311634 12.496115 -5.000000
v 12.484462 0.623074 -5.000000
v 12.437884 1.244598 -5.000000
v 12.360385 1.863028 -5.000000
v 12.252156 2.476827 -5.000000
v 12.113466 3.084467 -5.000000
v 11.944660 3.684440 -5.000000
v 11.746158 4.275252 -5.000000
v 11.518453 4.855435 -5.000000
v 11.262111 5.423547 -5.000000
v 10.977770 5.978175 -5.000000
v 10.666136 6.517940 -5.000000
v 10.327985 7.041501 -5.000000
v 9.964156 7.547555 -5.000000
v 9.575556 8.034845 -5.000000
v 9.163148 8.502159 -5.000000
v 8.727961 8.948336 -5.000000
v 8.271073 9.372265 -5.000000
v 7.793622 9.772894 -5.000000
v 7.296796 10.149225 -5.000000
v 6.781828 10.500324 -5.000000
v -8.727961 -8.948336 5.000000
v -9.163148 -8.502159 5.000000
v -8.271073 -9.372265 5.000000
v -9.575556 -8.034845 5.000000
v -7.793622 -9.772894 5.000000
v -9.964156 -7.547555 5.000000
v -7.296796 -10.149225 5.000000
v -10.327985 -7.041501 5.000000
v -6.781828 -10.500324 5.000000
v -10.666136 -6.517940 5.000000
v -6.250000 -10.825317 5.000000
v -10.977770 -5.978175 5.000000
v -5.702633 -11.123398 5.000000
v -11.262111 -5.423547 5.000000
v -5.141089 -11.393824 5.000000
v -11.518453 -4.855435 5.000000
v -4.566763 -11.635921 5.000000
v -11.746158 -4.275252 5.000000
v -3.981083 -11.849092 5.000000
v -11.944660 -3.684440 5.000000
v -3.385506 -12.032804 5.000000
v -12.113466 -3.084467 5.000000
v -2.781512 -12.186599 5.000000
v -12.252156 -2.476827 5.000000
v -2.170602 -12.310097 5.000000
v -12.360385 -1.863028 5.000000
v -1.554296 -12.402990 5.000000
v -12.437884 -1.244598 5.000000
v -0.934126 -12.465048 5.000000
v -12.484462 -0.623074 5.000000
v -0.311634 -12.496115 5.000000
v -12.500000 -0.000000 5.000000
v 0.311634 -12.496115 5.000000
v -12.484462 0.623074 5.000000
v 0.934126 -12.465048 5.000000
v -12.437884 1.244598 5.000000
v 1.554296 -12.402990 5.000000
v -12.360385 1.863028 5.000000
v 2.170602 -12.310097 5.000000
v -12.252156 2.476827 5.000000
v 2.781512 -12.186599 5.000000
v -12.113466 3.084467 5.000000
v 3.385506 -12.032804 5.000000
v -11.944660 3.684440 5.000000
v 3.981083 -11.849092 5.000000
v -11.746158 4.275252 5.000000
v 4.566763 -11.635921 5.000000
v -11.518453 4.855435 5.000000
v 5.141089 -11.393824 5.000000
v -11.262111 5.423547 5.000000
v 5.702633 -11.123398 5.000000
v -10.977770 5.978175 5.000000
v 6.250000 -10.825317 5.000000
v -10.666136 6.517940 5.000000
v -10.327985 7.041501 5.000000
v -9.964156 7.547555 5.000000
v -9.575556 8.034845 5.000000
v -9.163148 8.502159 5.000000
v -8.727961 8.948336 5.000000
v -8.271073 9.372265 5.000000
v -7.793622 9.772894 5.000000
v -7.296796 10.149225 5.000000
v 6.781828 -10.500324 5.000000
v 7.296796 -10.149225 5.000000
v 7.793622 -9.772894 5.000000
v 8.271073 -9.372265 5.000000
v 8.727961 -8.948336 5.000000
v 9.163148 -8.502159 5.000000
v 9.575556 -8.034845 5.000000
v 9.964156 -7.547555 5.000000
v 10.327985 -7.041501 5.000000
v 10.666136 -6.517940 5.000000
v 10.977770 -5.978175 5.000000
v -6.781828 10.500324 5.000000
v 11.262111 -5.423547 5.000000
v -6.250000 10.825317 5.000000
v 11.518453 -4.855435 5.000000
v 11.746158 -4.275252 5.000000
v -5.702633 11.123398 5.000000
v 11.944660 -3.684440 5.000000
v 12.113466 -3.084467 5.000000
v -5.141089 11.393824 5.000000
v 12.252156 -2.476827 5.000000
v 12.360385 -1.863028 5.000000
v -4.566763 11.635921 5.000000
v 12.437884 -1.244598 5.000000
v 12.484462 -0.623074 5.000000
v -3.981083 11.849092 5.000000
v 12.500000 0.000000 5.000000
v -3.385506 12.032804 5.000000
v -2.781512 12.186599 5.000000
v -2.170602 12.310097 5.000000
v -1.554296 12.402990 5.000000
v -0.934126 12.465048 5.000000
v -0.311634 12.496115 5.000000
v 5.702633 11.123398 5.000000
v 6.250000 10.825317 5.000000
v 5.141089 11.393824 5.000000
v 4.566763 11.635921 5.000000
v 3.981083 11.849092 5.000000
v 3.385506 12.032804 5.000000
v 2.781512 12.186599 5.000000
v 2.170602 12.310097 5.000000
v 1.554296 12.402990 5.000000
v 0.934126 12.465048 5.000000
v 0.311634 12.496115 5.000000
v 12.484462 0.623074 5.000000
v 12.437884 1.244598 5.000000
v 12.360385 1.863028 5.000000
v 12.252156 2.476827 5.000000
v 12.113466 3.084467 5.000000
v 11.944660 3.684440 5.000000
v 11.746158 4.275252 5.000000
v 11.518453 4.855435 5.000000
v 11.262111 5.423547 5.000000
v 10.977770 5.978175 5.000000
v 10.666136 6.517940 5.000000
v 10.327985 7.041501 5.000000
v 9.964156 7.547555 5.000000
v 9.575556 8.034845 5.000000
v 9.163148 8.502159 5.000000
v 8.727961 8.948336 5.000000
v 8.271073 9.372265 5.000000
v 7.793622 9.772894 5.000000
v 7.296796 10.149225 5.000000
v 6.781828 10.500324 5.000000
v 32.285732 19.988022 1.478449
v 28.988794 19.915649 5.403997
v 29.541124 19.882866 5.540649
v 30.089279 19.844074 5.694091
v 30.633331 19.799032 5.863384
v 31.173347 19.747509 6.047611
v 31.887215 19.668354 6.314919
v 32.682106 19.564461 6.642859
v 32.682106 19.976637 1.648700
v 33.076363 19.962940 1.826036
v 33.468536 19.444246 6.996840
v 32.682106 20.388811 -3.345459
v 33.468536 20.449318 -2.976552
v 33.468536 19.946781 2.010144
v 33.858658 19.928013 2.200713
v 34.246761 19.307135 7.374061
v 34.246761 20.505852 -2.579186
v 34.246761 19.906494 2.397437
v 34.632877 19.882084 2.600015
v 35.017036 19.152615 7.771812
v 35.017036 20.556690 -2.155514
v 35.017036 19.854652 2.808149
v 35.399269 19.824072 3.021546
v 35.779613 18.980240 8.187473
v 35.779613 20.600199 -1.707637
v 35.779613 19.790220 3.239918
v 36.283855 19.739792 3.538330
v 36.784874 18.721970 8.765187
v 36.784874 20.644178 -1.076350
v 36.784874 19.683073 3.844419
v 37.344765 19.611437 4.197141
v 37.900791 18.391729 9.440659
v 37.900791 20.670658 -0.324939
v 37.900791 19.531195 4.557860
v 38.453072 19.442036 4.925697
v 39.001720 18.018736 10.135715
v 39.001720 20.668633 0.463874
v 39.001720 19.343683 5.299795
v 39.546860 19.235880 5.679318
v 40.088604 17.602528 10.843052
v 40.088604 20.634254 1.283857
v 40.088604 19.118391 6.063455
v 63.707493 4.546037 19.347775
v 63.707493 9.382981 18.211266
v 63.168537 4.926287 19.247580
v 64.250221 4.173456 19.439327
v 64.796906 8.690133 18.570108
v 63.707493 -0.290906 20.484285
v 64.796906 -1.071110 20.474865
v 64.796906 3.809511 19.522488
v 65.347733 3.455199 19.597523
v 65.902893 8.027720 18.886843
v 65.902893 -1.804643 20.442612
v 65.902893 3.111539 19.664728
v 66.462578 2.779575 19.724417
v 67.026970 7.404611 19.161835
v 67.026970 -2.483854 20.392023
v 67.026970 2.460379 19.776928
v 67.539101 2.184921 19.818348
v 68.055351 6.885137 19.374146
v 68.055351 -3.042124 20.334898
v 68.055351 1.921507 19.854523
v 68.523605 1.695418 19.882833
v 68.995399 6.457213 19.537260
v 68.995399 -3.496464 20.277449
v 68.995399 1.480375 19.907354
v 69.423141 1.296800 19.926374
v 69.853912 6.108819 19.661900
v 30.112030 20.103590 -1.805353
v 27.306087 19.980589 5.104419
v 27.871344 19.964237 5.184901
v 28.432224 19.942684 5.285090
v 30.089279 20.189049 -4.314190
v 29.541124 20.151070 -4.467834
v 30.384480 20.112972 -1.721919
v 30.633331 20.228973 -4.143617
v 31.173347 20.270208 -3.956819
v 31.887215 20.326157 -3.683709
v 41.959785 19.557306 5.104522
v 40.627083 18.991014 6.451414
v 41.162415 18.853565 6.842426
v 41.694725 18.705891 7.235746
v 42.224136 18.547857 7.630649
v 41.162415 20.564173 2.129035
v 42.224136 20.455519 2.993685
v 42.487797 19.443480 5.520359
v 42.750782 18.379358 8.026432
v 43.013103 19.319212 5.938046
v 43.274784 18.200314 8.422417
v 43.274784 20.305918 3.872338
v 43.274784 19.253115 6.147377
v 43.535835 19.184351 6.356925
v 43.796272 18.010666 8.817944
v 44.315384 20.113480 4.759780
v 44.056118 19.038773 6.776354
v 44.315384 17.810385 9.212377
v 44.315384 18.961931 6.986079
v 44.574089 18.882378 7.195709
v 44.832245 17.599464 9.605103
v 45.089874 18.715099 7.614388
v 45.346992 17.377922 9.995531
v 45.346992 19.876806 5.651050
v 45.346992 18.627365 7.823290
v 45.603615 18.536896 8.031806
v 45.859760 17.145805 10.383090
v 41.959785 17.699045 9.761566
v 41.162415 17.142960 11.555818
v 42.224136 16.640194 12.267612
v 46.115444 18.347752 8.447397
v 46.370686 16.903177 10.767234
v 46.370686 19.594986 6.541440
v 42.487797 17.486362 10.136589
v 46.370686 18.249083 8.654337
v 46.625500 18.147686 8.860616
v 46.879906 16.650137 11.147437
v 43.013103 17.263102 10.510836
v 43.274784 16.094709 12.972495
v 43.274784 17.147511 10.697455
v 47.133919 17.936735 9.270933
v 47.387558 16.386801 11.523195
v 47.387558 19.267599 7.426495
v 43.535835 17.029282 10.883630
v 47.387558 17.827200 9.474845
v 47.640839 17.714973 9.677842
v 47.893784 16.113314 11.894029
v 44.056118 16.784939 11.254317
v 44.315384 15.507291 13.664973
v 44.315384 16.658838 11.438675
v 48.146408 17.482496 10.080852
v 48.398727 15.829844 12.259478
v 48.398727 18.894712 8.302016
v 44.574089 16.530130 11.622272
v 48.398727 17.362278 10.280746
v 48.650761 17.239431 10.479492
v 48.902527 15.536586 12.619105
v 45.089874 16.264938 11.986893
v 45.346992 14.879041 14.340012
v 45.346992 16.128481 12.167771
v 49.154045 16.985929 10.873312
v 49.405331 15.233758 12.972497
v 49.405331 18.476883 9.164058
v 45.603615 15.989470 12.347602
v 49.405331 16.855320 11.068277
v 49.656406 16.722172 11.261877
v 49.907284 14.921605 13.319261
v 50.408531 18.015152 10.008926
v 46.115444 15.703847 12.703847
v 46.370686 14.211370 14.993029
v 46.370686 15.557274 12.880131
v 50.157986 16.448370 11.644776
v 50.408531 14.600396 13.659026
v 46.625500 15.408220 13.055104
v 50.408531 16.307774 11.833976
v 50.658939 16.164759 12.021613
v 50.909225 14.270425 13.991443
v 47.133919 15.102760 13.400870
v 47.387558 13.506002 15.619895
v 47.387558 14.946402 13.571546
v 51.159412 15.871601 12.392013
v 51.409512 13.932011 14.316187
v 51.409512 17.511057 10.833184
v 47.640839 14.787660 13.740671
v 51.409512 15.721534 12.574685
v 51.659550 15.569192 12.755617
v 51.909546 13.585498 14.632953
v 48.146408 14.463134 14.074056
v 48.398727 12.764975 16.216938
v 48.398727 14.297409 14.238208
v 52.159512 15.257850 13.112090
v 52.409473 13.231255 14.941459
v 52.409473 16.966619 11.633645
v 48.650761 14.129419 14.400599
v 52.409473 15.098937 13.287552
v 52.659451 14.937923 13.461113
v 52.909458 12.869677 15.241446
v 53.409645 16.384350 12.407379
v 49.154045 13.786777 14.719900
v 49.405331 11.990634 16.780937
v 49.405331 13.612196 14.876718
v 53.159515 14.609787 13.802385
v 53.409645 12.501182 15.532675
v 49.656406 13.435490 15.031586
v 53.409645 14.442766 13.970027
v 53.659863 14.273846 14.135627
v 53.910194 12.126215 15.814930
v 54.411266 15.767250 13.151708
v 50.157986 13.075860 15.335305
v 50.408531 11.185639 17.309124
v 50.408531 12.893018 15.484076
v 54.160656 13.930529 14.460575
v 54.411266 11.745245 16.088018
v 50.658939 12.708215 15.630734
v 54.411266 13.756248 14.619864
v 54.662045 13.580297 14.776989
v 54.913017 11.358768 16.351770
v 55.415607 15.118808 13.864208
v 51.159412 12.332903 15.917575
v 51.409512 10.352964 17.799189
v 51.409512 12.142488 16.057688
v 55.164196 13.223636 15.084642
v 55.415607 10.967299 16.606033
v 51.659550 11.950295 16.195553
v 55.415607 13.043054 15.235120
v 55.667271 12.861060 15.383333
v 55.919201 10.571387 16.850681
v 56.423962 14.443002 14.542709
v 52.159512 11.560786 16.464420
v 52.409473 9.495890 18.249273
v 52.409473 11.363572 16.595366
v 56.171425 12.493113 15.672873
v 56.423962 10.171599 17.085609
v 52.659451 11.164790 16.723951
v 56.423962 12.307301 15.814159
v 56.676826 12.120362 15.953096
v 56.930050 9.768531 17.310734
v 57.437634 13.744299 15.185296
v 53.159515 10.762745 16.973951
v 53.409645 8.618012 18.657970
v 53.409645 10.559597 17.095322
v 57.183643 11.743409 16.223856
v 57.437634 9.362801 17.525995
v 53.659863 10.355111 17.214247
v 57.437634 11.553550 16.355646
v 57.692039 11.362877 16.485022
v 58.457958 13.027655 15.790305
v 57.946880 8.955052 17.731354
v 54.160656 9.942371 17.444689
v 54.411266 7.723240 19.024330
v 54.411266 9.734242 17.556175
v 58.202179 10.979420 16.736485
v 58.457958 8.545957 17.926794
v 54.662045 9.525029 17.665154
v 58.457958 10.786806 16.858549
v 58.714237 10.593719 16.978155
v 58.971039 8.136208 18.112320
v 55.164196 9.103612 17.875549
v 55.415607 6.815792 19.347858
v 55.415607 8.891545 17.976946
v 59.228382 10.206483 17.209959
v 59.486290 12.298514 16.356327
v 59.486290 7.726524 18.287958
v 55.667271 8.678669 18.075798
v 59.486290 10.012519 17.322144
v 59.744781 9.818450 17.431843
v 60.003887 7.317652 18.453762
v 56.171425 8.250771 18.265858
v 56.423962 5.900198 19.628510
v 56.423962 8.035898 18.357059
v 60.263618 9.430384 17.643776
v 60.524002 11.562810 16.882210
v 60.524002 6.910359 18.609800
v 56.676826 7.820512 18.445705
v 60.524002 9.236585 17.746004
v 60.785057 9.043077 17.845741
v 61.046810 6.505442 18.756166
v 57.183643 7.388508 18.615345
v 57.437634 4.981301 19.866695
v 57.437634 7.172051 18.696346
v 61.309280 8.657349 18.037743
v 61.572491 10.826963 17.367050
v 62.633175 10.097888 17.810200
v 62.633175 5.313259 19.138514
v 61.572491 6.103719 18.892979
v 62.101219 5.706035 19.020374
v 57.692039 6.955398 18.774807
v 58.202179 6.521841 18.924143
v 58.457958 4.064258 20.063282
v 58.457958 6.305107 18.995039
v 58.714237 6.088520 19.063435
v 59.228382 5.656140 19.192787
v 59.486290 3.154535 20.219589
v 59.486290 5.440529 19.253775
v 59.744781 5.225429 19.312328
v 60.263618 4.797135 19.422216
v 60.524002 2.257910 20.337389
v 60.524002 4.584135 19.473595
v 60.785057 4.372030 19.522629
v 61.572491 1.380474 20.418909
v 61.836460 3.534588 19.695885
v 62.633175 0.528631 20.466829
v 71.741318 2.999622 19.923794
v 70.637199 5.828544 19.756542
v 71.431007 5.583002 19.834999
v 72.154816 5.394341 19.892147
v 71.416801 -1.906074 20.055607
v 69.853912 -3.862525 20.223475
v 70.637199 -4.154364 20.175089
v 71.431007 -4.407939 20.128765
v 71.741318 -1.996992 20.049122
v 72.154816 -4.601298 20.090408
v 28.164011 20.055084 -3.520399
v 25.583408 20.001411 4.991391
v 26.162184 19.998865 5.006629
v 26.736389 19.992029 5.044653
v 25.583408 19.997194 -5.008260
v 26.162184 20.002119 -4.993616
v 26.736389 20.013981 -4.956849
v 27.306087 20.032011 -4.898731
v 27.871344 20.055458 -4.820023
v 28.432224 20.083588 -4.721478
v 28.988794 20.115690 -4.603837
v 73.668472 3.863674 19.978176
v 72.814133 5.252774 19.932989
v 73.481163 5.139792 19.964092
v 73.830421 3.843044 19.982313
v 74.156166 5.057214 19.985765
v 74.770691 5.010422 19.997482
v 75.329597 4.991792 20.001932
v 75.663788 4.991688 20.001925
v 76.000000 5.000000 20.000000
v 73.506981 -3.613591 20.024708
v 72.814133 -4.745430 20.059824
v 73.481163 -4.859756 20.034101
v 73.668472 -3.636141 20.020840
v 73.830421 -3.656869 20.017221
v 74.156166 -4.942819 20.014364
v 74.770691 -4.989619 20.002682
v 75.329597 -5.008151 19.997841
v 75.663788 -5.008240 19.997787
v 76.000000 -5.000000 20.000000
v 32.285732 -19.988022 -1.478449
v 28.988794 -19.915649 -5.403997
v 29.541124 -19.882866 -5.540649
v 30.089279 -19.844074 -5.694091
v 30.633331 -19.799032 -5.863384
v 31.173347 -19.747509 -6.047611
v 31.887215 -19.668354 -6.314919
v 32.682106 -19.564461 -6.642859
v 32.682106 -19.976637 -1.648700
v 33.076363 -19.962940 -1.826036
v 33.468536 -19.444246 -6.996840
v 33.468536 -20.449318 2.976552
v 32.682106 -20.388811 3.345459
v 33.468536 -19.946781 -2.010144
v 33.858658 -19.928013 -2.200713
v 34.246761 -19.307135 -7.374061
v 34.246761 -20.505852 2.579186
v 34.246761 -19.906494 -2.397437
v 34.632877 -19.882084 -2.600015
v 35.017036 -19.152615 -7.771812
v 35.017036 -20.556690 2.155514
v 35.017036 -19.854652 -2.808149
v 35.399269 -19.824072 -3.021546
v 35.779613 -18.980240 -8.187473
v 35.779613 -20.600199 1.707637
v 35.779613 -19.790220 -3.239918
v 36.283855 -19.739792 -3.538330
v 36.784874 -18.721970 -8.765187
v 36.784874 -20.644178 1.076350
v 36.784874 -19.683073 -3.844419
v 37.344765 -19.611437 -4.197141
v 37.900791 -18.391729 -9.440659
v 37.900791 -20.670658 0.324939
v 37.900791 -19.531195 -4.557860
v 38.453072 -19.442036 -4.925697
v 39.001720 -18.018736 -10.135715
v 39.001720 -20.668633 -0.463874
v 39.001720 -19.343683 -5.299795
v 39.546860 -19.235880 -5.679318
v 40.088604 -17.602528 -10.843052
v 40.088604 -20.634254 -1.283857
v 40.088604 -19.118391 -6.063455
v 63.707493 -4.546037 -19.347775
v 63.707493 -9.382981 -18.211266
v 63.168537 -4.926287 -19.247580
v 64.250221 -4.173456 -19.439327
v 64.796906 -8.690133 -18.570108
v 63.707493 0.290906 -20.484285
v 64.796906 1.071110 -20.474865
v 64.796906 -3.809511 -19.522488
v 65.347733 -3.455199 -19.597523
v 65.902893 -8.027720 -18.886843
v 65.902893 1.804643 -20.442612
v 65.902893 -3.111539 -19.664728
v 66.462578 -2.779575 -19.724417
v 67.026970 -7.404611 -19.161835
v 67.026970 2.483854 -20.392023
v 67.026970 -2.460379 -19.776928
v 67.539101 -2.184921 -19.818348
v 68.055351 -6.885137 -19.374146
v 68.055351 3.042124 -20.334898
v 68.055351 -1.921507 -19.854523
v 68.523605 -1.695418 -19.882833
v 68.995399 -6.457213 -19.537260
v 68.995399 3.496464 -20.277449
v 68.995399 -1.480375 -19.907354
v 69.423141 -1.296800 -19.926374
v 69.853912 -6.108819 -19.661900
v 30.112030 -20.103590 1.805353
v 27.306087 -19.980589 -5.104419
v 27.871344 -19.964237 -5.184901
v 28.432224 -19.942684 -5.285090
v 30.089279 -20.189049 4.314190
v 29.541124 -20.151070 4.467834
v 30.384480 -20.112972 1.721919
v 30.633331 -20.228973 4.143617
v 31.173347 -20.270208 3.956819
v 31.887215 -20.326157 3.683709
v 41.959785 -19.557306 -5.104522
v 40.627083 -18.991014 -6.451414
v 41.162415 -18.853565 -6.842426
v 41.694725 -18.705891 -7.235746
v 42.224136 -18.547857 -7.630649
v 41.162415 -20.564173 -2.129035
v 42.224136 -20.455519 -2.993685
v 42.487797 -19.443480 -5.520359
v 42.750782 -18.379358 -8.026432
v 43.274784 -20.305918 -3.872338
v 43.013103 -19.319212 -5.938046
v 43.274784 -18.200314 -8.422417
v 43.274784 -19.253115 -6.147377
v 43.535835 -19.184351 -6.356925
v 43.796272 -18.010666 -8.817944
v 44.315384 -20.113480 -4.759780
v 44.056118 -19.038773 -6.776354
v 44.315384 -17.810385 -9.212377
v 44.315384 -18.961931 -6.986079
v 44.574089 -18.882378 -7.195709
v 44.832245 -17.599464 -9.605103
v 45.089874 -18.715099 -7.614388
v 45.346992 -17.377922 -9.995531
v 45.346992 -19.876806 -5.651050
v 45.346992 -18.627365 -7.823290
v 45.603615 -18.536896 -8.031806
v 45.859760 -17.145805 -10.383090
v 41.959785 -17.699045 -9.761566
v 41.162415 -17.142960 -11.555818
v 42.224136 -16.640194 -12.267612
v 46.115444 -18.347752 -8.447397
v 46.370686 -16.903177 -10.767234
v 46.370686 -19.594986 -6.541440
v 42.487797 -17.486362 -10.136589
v 46.370686 -18.249083 -8.654337
v 46.625500 -18.147686 -8.860616
v 46.879906 -16.650137 -11.147437
v 43.013103 -17.263102 -10.510836
v 43.274784 -16.094709 -12.972495
v 43.274784 -17.147511 -10.697455
v 47.133919 -17.936735 -9.270933
v 47.387558 -16.386801 -11.523195
v 47.387558 -19.267599 -7.426495
v 43.535835 -17.029282 -10.883630
v 47.387558 -17.827200 -9.474845
v 47.640839 -17.714973 -9.677842
v 47.893784 -16.113314 -11.894029
v 44.056118 -16.784939 -11.254317
v 44.315384 -15.507291 -13.664973
v 44.315384 -16.658838 -11.438675
v 48.146408 -17.482496 -10.080852
v 48.398727 -15.829844 -12.259478
v 48.398727 -18.894712 -8.302016
v 44.574089 -16.530130 -11.622272
v 48.398727 -17.362278 -10.280746
v 48.650761 -17.239431 -10.479492
v 48.902527 -15.536586 -12.619105
v 45.089874 -16.264938 -11.986893
v 45.346992 -14.879041 -14.340012
v 45.346992 -16.128481 -12.167771
v 49.154045 -16.985929 -10.873312
v 49.405331 -15.233758 -12.972497
v 49.405331 -18.476883 -9.164058
v 45.603615 -15.989470 -12.347602
v 49.405331 -16.855320 -11.068277
v 49.656406 -16.722172 -11.261877
v 49.907284 -14.921605 -13.319261
v 50.408531 -18.015152 -10.008926
v 46.115444 -15.703847 -12.703847
v 46.370686 -14.211370 -14.993029
v 46.370686 -15.557274 -12.880131
v 50.157986 -16.448370 -11.644776
v 50.408531 -14.600396 -13.659026
v 46.625500 -15.408220 -13.055104
v 50.408531 -16.307774 -11.833976
v 50.658939 -16.164759 -12.021613
v 50.909225 -14.270425 -13.991443
v 51.409512 -17.511057 -10.833184
v 47.133919 -15.102760 -13.400870
v 47.387558 -13.506002 -15.619895
v 47.387558 -14.946402 -13.571546
v 51.159412 -15.871601 -12.392013
v 51.409512 -13.932011 -14.316187
v 47.640839 -14.787660 -13.740671
v 51.409512 -15.721534 -12.574685
v 51.659550 -15.569192 -12.755617
v 51.909546 -13.585498 -14.632953
v 52.409473 -16.966619 -11.633645
v 48.146408 -14.463134 -14.074056
v 48.398727 -12.764975 -16.216938
v 48.398727 -14.297409 -14.238208
v 52.159512 -15.257850 -13.112090
v 52.409473 -13.231255 -14.941459
v 48.650761 -14.129419 -14.400599
v 52.409473 -15.098937 -13.287552
v 52.659451 -14.937923 -13.461113
v 52.909458 -12.869677 -15.241446
v 53.409645 -16.384350 -12.407379
v 49.154045 -13.786777 -14.719900
v 49.405331 -11.990634 -16.780937
v 49.405331 -13.612196 -14.876718
v 53.159515 -14.609787 -13.802385
v 53.409645 -12.501182 -15.532675
v 49.656406 -13.435490 -15.031586
v 53.409645 -14.442766 -13.970027
v 53.659863 -14.273846 -14.135627
v 53.910194 -12.126215 -15.814930
v 54.411266 -15.767250 -13.151708
v 50.157986 -13.075860 -15.335305
v 50.408531 -11.185639 -17.309124
v 50.408531 -12.893018 -15.484076
v 54.160656 -13.930529 -14.460575
v 54.411266 -11.745245 -16.088018
v 50.658939 -12.708215 -15.630734
v 54.411266 -13.756248 -14.619864
v 54.662045 -13.580297 -14.776989
v 54.913017 -11.358768 -16.351770
v 55.415607 -15.118808 -13.864208
v 51.159412 -12.332903 -15.917575
v 51.409512 -10.352964 -17.799189
v 51.409512 -12.142488 -16.057688
v 55.164196 -13.223636 -15.084642
v 55.415607 -10.967299 -16.606033
v 51.659550 -11.950295 -16.195553
v 55.415607 -13.043054 -15.235120
v 55.667271 -12.861060 -15.383333
v 55.919201 -10.571387 -16.850681
v 56.423962 -14.443002 -14.542709
v 52.159512 -11.560786 -16.464420
v 52.409473 -9.495890 -18.249273
v 52.409473 -11.363572 -16.595366
v 56.171425 -12.493113 -15.672873
v 56.423962 -10.171599 -17.085609
v 52.659451 -11.164790 -16.723951
v 56.423962 -12.307301 -15.814159
v 56.676826 -12.120362 -15.953096
v 56.930050 -9.768531 -17.310734
v 57.437634 -13.744299 -15.185296
v 53.159515 -10.762745 -16.973951
v 53.409645 -8.618012 -18.657970
v 53.409645 -10.559597 -17.095322
v 57.183643 -11.743409 -16.223856
v 57.437634 -9.362801 -17.525995
v 53.659863 -10.355111 -17.214247
v 57.437634 -11.553550 -16.355646
v 57.692039 -11.362877 -16.485022
v 58.457958 -13.027655 -15.790305
v 57.946880 -8.955052 -17.731354
v 54.160656 -9.942371 -17.444689
v 54.411266 -7.723240 -19.024330
v 54.411266 -9.734242 -17.556175
v 58.202179 -10.979420 -16.736485
v 58.457958 -8.545957 -17.926794
v 54.662045 -9.525029 -17.665154
v 58.457958 -10.786806 -16.858549
v 58.714237 -10.593719 -16.978155
v 59.486290 -12.298514 -16.356327
v 58.971039 -8.136208 -18.112320
v 55.164196 -9.103612 -17.875549
v 55.415607 -6.815792 -19.347858
v 55.415607 -8.891545 -17.976946
v 59.228382 -10.206483 -17.209959
v 59.486290 -7.726524 -18.287958
v 55.667271 -8.678669 -18.075798
v 56.423962 -5.900198 -19.628510
v 59.486290 -10.012519 -17.322144
v 59.744781 -9.818450 -17.431843
v 60.524002 -11.562810 -16.882210
v 60.003887 -7.317652 -18.453762
v 56.171425 -8.250771 -18.265858
v 56.423962 -8.035898 -18.357059
v 60.263618 -9.430384 -17.643776
v 60.524002 -6.910359 -18.609800
v 56.676826 -7.820512 -18.445705
v 60.524002 -9.236585 -17.746004
v 60.785057 -9.043077 -17.845741
v 61.046810 -6.505442 -18.756166
v 57.183643 -7.388508 -18.615345
v 57.437634 -4.981301 -19.866695
v 57.437634 -7.172051 -18.696346
v 61.309280 -8.657349 -18.037743
v 61.572491 -10.826963 -17.367050
v 62.633175 -10.097888 -17.810200
v 62.633175 -5.313259 -19.138514
v 61.572491 -6.103719 -18.892979
v 62.101219 -5.706035 -19.020374
v 57.692039 -6.955398 -18.774807
v 58.202179 -6.521841 -18.924143
v 58.457958 -4.064258 -20.063282
v 58.457958 -6.305107 -18.995039
v 58.714237 -6.088520 -19.063435
v 59.228382 -5.656140 -19.192787
v 59.486290 -3.154535 -20.219589
v 59.486290 -5.440529 -19.253775
v 59.744781 -5.225429 -19.312328
v 60.263618 -4.797135 -19.422216
v 60.524002 -2.257910 -20.337389
v 60.524002 -4.584135 -19.473595
v 60.785057 -4.372030 -19.522629
v 61.572491 -1.380474 -20.418909
v 61.836460 -3.534588 -19.695885
v 62.633175 -0.528631 -20.466829
v 71.741318 -2.999622 -19.923794
v 70.637199 -5.828544 -19.756542
v 71.431007 -5.583002 -19.834999
v 72.154816 -5.394341 -19.892147
v 71.416801 1.906074 -20.055607
v 69.853912 3.862525 -20.223475
v 70.637199 4.154364 -20.175089
v 71.431007 4.407939 -20.128765
v 71.741318 1.996992 -20.049122
v 72.154816 4.601298 -20.090408
v 28.164011 -20.055084 3.520399
v 25.583408 -20.001411 -4.991391
v 26.162184 -19.998865 -5.006629
v 26.736389 -19.992029 -5.044653
v 25.583408 -19.997194 5.008260
v 26.162184 -20.002119 4.993616
v 26.736389 -20.013981 4.956849
v 27.306087 -20.032011 4.898731
v 27.871344 -20.055458 4.820023
v 28.432224 -20.083588 4.721478
v 28.988794 -20.115690 4.603837
v 73.668472 -3.863674 -19.978176
v 72.814133 -5.252774 -19.932989
v 73.481163 -5.139792 -19.964092
v 73.830421 -3.843044 -19.982313
v 74.156166 -5.057214 -19.985765
v 74.770691 -5.010422 -19.997482
v 75.329597 -4.991792 -20.001932
v 75.663788 -4.991688 -20.001925
v 76.000000 -5.000000 -20.000000
v 73.506981 3.613591 -20.024708
v 72.814133 4.745430 -20.059824
v 73.481163 4.859756 -20.034101
v 73.668472 3.636141 -20.020840
v 73.830421 3.656869 -20.017221
v 74.156166 4.942819 -20.014364
v 74.770691 4.989619 -20.002682
v 75.329597 5.008151 -19.997841
v 75.663788 5.008240 -19.997787
v 76.000000 5.000000 -20.000000
v 27.021797 0.017684 -5.001147
v 73.817650 4.999938 -0.023663
v 31.023743 -15.315691 -5.774469
v 30.663437 -15.348833 -5.679949
v 31.382278 -15.279882 -5.873854
v 31.739065 -15.241371 -5.977890
v 32.094124 -15.200124 -6.086370
v 32.447475 -15.156107 -6.199085
v 32.799141 -15.109290 -6.315833
v 33.207317 -15.051093 -6.456867
v 33.699966 -14.975187 -6.634684
v 32.020294 -12.987344 -5.911297
v 34.218082 -14.888478 -6.830226
v 32.285732 -12.955735 -5.982638
v 32.550217 -12.922668 -6.055934
v 34.732658 -14.795177 -7.032614
v 32.813759 -12.888130 -6.131111
v 33.076363 -12.852118 -6.208092
v 33.338043 -12.814624 -6.286807
v 33.598804 -12.775640 -6.367182
v 33.858658 -12.735164 -6.449145
v 34.203739 -12.678862 -6.560779
v 34.590073 -12.612322 -6.689387
v 34.974445 -12.542379 -6.820969
v 35.243774 -14.695217 -7.241222
v 35.356892 -12.469024 -6.955297
v 35.737446 -12.392243 -7.092149
v 36.116138 -12.312032 -7.231304
v 36.618221 -12.199736 -7.420058
v 37.158569 -12.071179 -7.628154
v 39.365528 -11.460522 -8.519725
v 39.908394 -11.288692 -8.746291
v 40.447948 -11.109293 -8.973124
v 30.753681 -1.998730 -5.103251
v 29.541124 0.134102 -5.004242
v 29.815720 0.152770 -5.004251
v 30.633331 0.214971 -5.003501
v 30.903839 0.237686 -5.002945
v 30.361814 0.193230 -5.003895
v 30.089279 0.172488 -5.004140
v 29.265486 0.116510 -5.004126
v 28.152327 0.057426 -5.002889
v 28.432224 0.070452 -5.003284
v 28.711044 0.084658 -5.003632
v 28.988794 0.100020 -5.003918
v 27.871344 0.045610 -5.002462
v 30.933834 -1.983231 -5.109659
v 40.984314 -10.922392 -9.199658
v 32.153133 -2.976056 -5.235054
v 31.113543 -1.967276 -5.116175
v 31.173347 0.261349 -5.002215
v 31.292810 -1.950872 -5.122792
v 31.531151 0.294333 -5.000946
v 31.471638 -1.934023 -5.129504
v 31.650032 -1.916737 -5.136303
v 31.887215 0.328901 -4.999314
v 41.517616 -10.728066 -9.425350
v 31.827991 -1.899018 -5.143182
v 32.005520 -1.880871 -5.150135
v 32.285732 0.369612 -4.997005
v 32.182621 -1.862303 -5.157155
v 32.285732 -2.961725 -5.243414
v 42.047981 -10.526407 -9.649678
v 32.359295 -1.843319 -5.164235
v 32.418095 -2.947148 -5.251851
v 32.535549 -1.823924 -5.171368
v 32.550217 -2.932327 -5.260361
v 32.682106 -2.917264 -5.268942
v 32.682106 0.412175 -4.994159
v 32.711380 -1.804123 -5.178547
v 32.813759 -2.901963 -5.277590
v 42.575531 -10.317516 -9.872139
v 32.886795 -1.783924 -5.185768
v 33.076363 0.456509 -4.990735
v 32.945175 -2.886423 -5.286302
v 33.090923 -1.759859 -5.194234
v 33.207317 -2.854639 -5.303904
v 33.076363 -2.870648 -5.295074
v 33.323528 -1.731711 -5.203953
v 33.338043 -2.838398 -5.312786
v 33.468536 0.502536 -4.986695
v 33.468536 -2.821928 -5.321720
v 43.100399 -10.101503 -10.092253
v 33.569874 -1.701061 -5.214314
v 33.598804 -2.805229 -5.330700
v 33.858658 0.550178 -4.982003
v 33.728844 -2.788305 -5.339724
v 33.829830 -1.667793 -5.225306
v 34.031399 -2.747948 -5.360933
v 33.858658 -2.771157 -5.348789
v 43.622715 -9.878493 -10.309560
v 34.088890 -1.633703 -5.236297
v 34.203739 -2.724350 -5.373137
v 34.246761 0.599359 -4.976624
v 34.347057 -1.598809 -5.247268
v 34.632877 0.650004 -4.970521
v 34.397152 -2.697341 -5.386928
v 34.604343 -1.563129 -5.258200
v 34.782501 -2.641886 -5.414664
v 34.590073 -2.669851 -5.400774
v 44.142605 -9.648621 -10.523621
v 30.452433 2.424269 -4.914729
v 30.633331 2.438749 -4.907958
v 34.860760 -1.526680 -5.269073
v 35.399269 0.755387 -4.956018
v 35.779613 0.809980 -4.947555
v 35.017036 0.702037 -4.963663
v 35.737446 -2.495170 -5.484440
v 35.547405 -2.525410 -5.470475
v 34.974445 -2.613453 -5.428590
v 35.165909 -2.584558 -5.442540
v 35.356892 -2.555209 -5.456505
v 36.283855 0.884582 -4.934948
v 35.927021 -2.464494 -5.498390
v 30.813780 2.453629 -4.900924
v 36.116138 -2.433388 -5.512318
v 30.993786 2.468901 -4.893624
v 44.660198 -9.412030 -10.734019
v 31.173347 2.484555 -4.886060
v 36.367580 -2.391257 -5.530834
v 36.451218 -5.663981 -6.143579
v 31.352468 2.500583 -4.878229
v 36.618221 -2.348388 -5.549270
v 36.784874 0.961105 -4.920768
v 31.531151 2.516976 -4.870131
v 45.175636 -9.168879 -10.940356
v 31.709398 2.533724 -4.861767
v 31.887215 2.550818 -4.853136
v 32.064602 2.568251 -4.844235
v 37.158569 -2.253051 -5.588837
v 37.530529 -5.449420 -6.335261
v 37.344765 1.049285 -4.902859
v 32.241558 2.586013 -4.835067
v 45.689049 -8.919335 -11.142259
v 37.437702 -2.202263 -5.609122
v 32.418095 2.604095 -4.825630
v 32.594204 2.622490 -4.815924
v 37.715870 -2.150623 -5.629194
v 37.900791 1.139465 -4.882799
v 32.769897 2.641187 -4.805949
v 46.200573 -8.663578 -11.339370
v 31.842800 3.657521 -4.783208
v 32.974350 2.663374 -4.793970
v 31.975962 3.670347 -4.773656
v 32.108879 3.683349 -4.763906
v 33.207317 2.689204 -4.779829
v 32.241558 3.696521 -4.753957
v 38.269386 -2.044874 -5.668582
v 38.453072 1.231424 -4.860509
v 38.636353 -5.207660 -6.535819
v 32.374001 3.709861 -4.743812
v 46.710346 -8.401796 -11.531357
v 33.454048 2.717183 -4.764278
v 32.506203 3.723364 -4.733470
v 38.544762 -1.990806 -5.687845
v 32.638168 3.737025 -4.722932
v 33.714409 2.747380 -4.747220
v 32.769897 3.750843 -4.712198
v 38.819233 -1.935971 -5.706785
v 39.001720 1.324949 -4.835921
v 32.901394 3.764812 -4.701270
v 33.973862 2.778141 -4.729552
v 47.218506 -8.134193 -11.717906
v 33.032658 3.778928 -4.690146
v 33.163692 3.793188 -4.678830
v 36.116138 7.445256 -3.793331
v 34.232422 2.809438 -4.711275
v 33.294491 3.807588 -4.667319
v 33.425064 3.822124 -4.655615
v 39.365528 -1.824082 -5.743596
v 39.727810 -4.947545 -6.735081
v 39.546860 1.419829 -4.808970
v 34.490101 2.841244 -4.692387
v 33.555408 3.836793 -4.643720
v 47.725193 -7.860981 -11.898727
v 33.685524 3.851590 -4.631632
v 39.637383 -1.767069 -5.761418
v 33.858658 3.871514 -4.615218
v 39.908394 -1.709371 -5.778819
v 40.088604 1.515864 -4.779598
v 34.031399 3.891650 -4.598465
v 48.230545 -7.582383 -12.073549
v 34.225254 3.914548 -4.579216
v 34.418613 3.937693 -4.559541
v 40.447948 -1.592001 -5.812265
v 40.805870 -4.670080 -6.930398
v 40.627083 1.612853 -4.747754
v 34.611477 3.961073 -4.539444
v 48.734711 -7.298633 -12.242122
v 34.803852 3.984675 -4.518927
v 40.716522 -1.532371 -5.828268
v 34.995743 4.008488 -4.497990
v 40.984314 -1.472136 -5.843760
v 41.162415 1.710606 -4.713391
v 35.187153 4.032499 -4.476638
v 49.237831 -7.009979 -12.404216
v 35.378086 4.056699 -4.454871
v 30.361814 9.089043 -4.660375
v 35.568542 4.081074 -4.432692
v 41.517616 -1.349936 -5.873137
v 41.694725 1.808936 -4.676473
v 41.871510 -4.376313 -7.119339
v 49.740051 -6.716676 -12.559625
v 41.783157 -1.288011 -5.886981
v 42.047981 -1.225561 -5.900237
v 42.224136 1.907662 -4.636964
v 50.241520 -6.418994 -12.708160
v 42.575531 -1.099170 -5.924914
v 42.925735 -4.067341 -7.299692
v 42.750782 2.006608 -4.594840
v 36.971939 4.266951 -4.254858
v 37.158569 7.565077 -3.549520
v 50.742382 -6.117211 -12.849659
v 42.838295 -1.035267 -5.936302
v 37.251720 4.305105 -4.216362
v 43.100399 -0.970918 -5.947032
v 43.274784 2.105604 -4.550078
v 37.530529 4.343411 -4.176993
v 38.269386 7.691508 -3.267409
v 51.242786 -5.811619 -12.983974
v 43.622715 -0.840962 -5.966464
v 43.969566 -3.744303 -7.469463
v 43.796272 2.204486 -4.502666
v 38.085297 4.420344 -4.095666
v 51.742886 -5.502519 -13.110982
v 43.882954 -0.775394 -5.975135
v 38.361279 4.458904 -4.053726
v 44.142605 -0.709457 -5.983092
v 44.315384 2.303094 -4.452596
v 38.636353 4.497483 -4.010948
v 39.365528 7.812357 -2.967467
v 52.242832 -5.190224 -13.230581
v 44.660198 -0.576554 -5.996809
v 44.832245 2.401276 -4.399866
v 45.004055 -3.408383 -7.626875
v 39.183819 4.574570 -3.922913
v 52.742779 -4.875058 -13.342690
v 44.918179 -0.509625 -6.002544
v 39.456242 4.613016 -3.877675
v 45.175636 -0.442405 -6.007517
v 45.346992 2.498883 -4.344481
v 39.727810 4.651357 -3.831636
v 40.447948 7.925291 -2.651407
v 53.242882 -4.557357 -13.447246
v 45.689049 -0.307161 -6.015130
v 46.030266 -3.060812 -7.770371
v 45.859760 2.595773 -4.286451
v 40.268456 4.727604 -3.737195
v 53.743294 -4.237466 -13.544209
v 45.945038 -0.239174 -6.017751
v 40.537560 4.765453 -3.688814
v 46.200573 -0.170970 -6.019570
v 46.370686 2.691808 -4.225794
v 40.805870 4.803083 -3.639673
v 41.517616 8.028193 -2.320922
v 54.244175 -3.915743 -13.633564
v 46.710346 -0.033979 -6.020771
v 47.049290 -2.702863 -7.898610
v 46.879906 2.786859 -4.162534
v 41.340179 4.877575 -3.539152
v 54.745682 -3.592557 -13.715310
v 30.542938 15.774524 -4.357738
v 31.842800 13.656599 -4.134217
v 46.964619 0.034770 -6.020137
v 41.606209 4.914386 -3.487794
v 30.903839 15.802404 -4.263479
v 47.218506 0.103664 -6.018673
v 47.387558 2.880799 -4.096700
v 41.871510 4.950871 -3.435719
v 42.575531 8.119176 -1.977690
v 55.247974 -3.268288 -13.789472
v 31.262962 15.831003 -4.163662
v 47.725193 0.241816 -6.013231
v 47.893784 2.973507 -4.028328
v 48.062233 -2.335858 -8.010469
v 42.399986 5.022771 -3.329462
v 31.620329 15.860168 -4.058439
v 55.751217 -2.943327 -13.856092
v 47.978027 0.311038 -6.009243
v 42.663193 5.058137 -3.275303
v 31.975962 15.889747 -3.947962
v 32.108879 13.679540 -4.061335
v 48.230545 0.380333 -6.004405
v 48.398727 3.064869 -3.957461
v 42.925735 5.093085 -3.220473
v 43.622715 8.196568 -1.623368
v 56.255569 -2.618075 -13.915237
v 32.329880 15.919592 -3.832378
v 32.374001 13.702703 -3.985985
v 32.682106 15.949558 -3.711837
v 32.638168 13.726032 -3.908218
v 32.901394 13.749473 -3.828087
v 48.734711 0.519073 -5.992170
v 48.902527 3.154776 -3.884146
v 49.070232 -1.961161 -8.105045
v 43.448887 5.161632 -3.108846
v 56.761196 -2.292946 -13.966994
v 48.986393 0.588483 -5.984768
v 33.090923 15.984485 -3.565135
v 33.425064 13.796476 -3.660934
v 33.163692 13.772972 -3.745642
v 43.709526 5.195189 -3.052073
v 49.237831 0.657896 -5.976507
v 49.405331 3.243124 -3.808439
v 43.969566 5.228241 -2.994676
v 44.660198 8.258923 -1.259598
v 57.268261 -1.968365 -14.011469
v 33.584343 16.026543 -3.378525
v 33.685524 13.819934 -3.574013
v 49.740051 0.796662 -5.957408
v 50.074440 -1.580181 -8.181652
v 49.907284 3.329815 -3.730401
v 44.487915 5.292753 -2.878064
v 57.776936 -1.644767 -14.048790
v 34.103252 16.070253 -3.171238
v 34.418613 13.885698 -3.316158
v 34.031399 13.851049 -3.454763
v 49.990871 0.865981 -5.946570
v 44.746254 5.324174 -2.818874
v 50.241520 0.935234 -5.934875
v 50.408531 3.414757 -3.650099
v 45.004055 5.355015 -2.759111
v 45.689049 8.305014 -0.888002
v 58.287384 -1.322599 -14.079107
v 34.618610 16.112690 -2.954441
v 35.948059 14.017353 -2.717860
v 35.568542 13.985793 -2.873691
v 34.803852 13.919811 -3.173001
v 35.187153 13.953228 -3.025458
v 36.451218 14.057616 -2.504040
v 50.742382 1.073474 -5.908921
v 50.909225 3.497861 -3.567606
v 51.076027 -1.194374 -8.239821
v 45.518127 5.414886 -2.637920
v 58.799778 -1.002318 -14.102590
v 50.992630 1.142427 -5.894668
v 45.774429 5.443884 -2.576519
v 51.242786 1.211247 -5.879568
v 51.409512 3.579047 -3.483003
v 46.030266 5.472235 -2.514599
v 46.710346 8.333838 -0.510185
v 59.314285 -0.684395 -14.119431
v 51.742886 1.348421 -5.846848
v 52.076191 -0.805239 -8.279304
v 51.909546 3.658238 -3.396374
v 46.540607 5.526938 -2.389257
v 59.831081 -0.369308 -14.129840
v 51.992870 1.416741 -5.829238
v 46.795147 5.553263 -2.325863
v 52.242832 1.484861 -5.810802
v 52.409473 3.735365 -3.307814
v 47.049290 5.578885 -2.262006
v 47.725193 8.344613 -0.127734
v 60.350338 -0.057550 -14.134052
v 52.742779 1.620438 -5.771483
v 52.909458 3.810361 -3.217419
v 53.076157 -0.414321 -8.300067
v 47.556450 5.627971 -2.132960
v 60.872231 0.250378 -14.132322
v 52.992802 1.687861 -5.750615
v 47.809505 5.651412 -2.067801
v 39.727810 14.250258 -0.928191
v 39.183819 14.228975 -1.210043
v 53.242882 1.755020 -5.728953
v 53.409645 3.883169 -3.125295
v 48.062233 5.674104 -2.002237
v 48.734711 8.336780 0.257781
v 61.396935 0.553960 -14.124924
v 40.268456 14.266124 -0.641002
v 53.743294 1.888481 -5.683283
v 53.910194 3.953732 -3.031554
v 54.077152 -0.023209 -8.302296
v 48.566780 5.717200 -1.869955
v 61.924625 0.852674 -14.112154
v 53.993668 1.954751 -5.659295
v 48.818634 5.737586 -1.803268
v 40.805870 14.276246 -0.348949
v 54.244175 2.020693 -5.634554
v 54.411266 4.022005 -2.936311
v 49.070232 5.757186 -1.736238
v 49.740051 8.310000 0.644809
v 62.455486 1.145982 -14.094331
v 41.340179 14.280317 -0.052496
v 54.745682 2.151529 -5.582860
v 54.913017 4.087943 -2.839692
v 55.080444 0.366461 -8.286396
v 49.572735 5.793999 -1.601209
v 62.989693 1.433337 -14.071791
v 54.996719 2.216393 -5.555932
v 49.823677 5.811197 -1.533243
v 41.871510 14.278056 0.247901
v 55.247974 2.280867 -5.528301
v 55.415607 4.151508 -2.741825
v 50.074440 5.827582 -1.464997
v 50.742382 8.264158 1.031816
v 63.527431 1.714182 -14.044894
v 42.399986 14.269200 0.551794
v 55.751217 2.408582 -5.470989
v 55.919201 4.212670 -2.642847
v 56.087318 0.753010 -8.252990
v 50.575485 5.857893 -1.327730
v 64.068878 1.987947 -14.014022
v 56.003242 2.471793 -5.441338
v 50.825809 5.871810 -1.258743
v 42.925735 14.253510 0.858746
v 56.255569 2.534554 -5.411045
v 56.423962 4.271402 -2.542900
v 51.076027 5.884897 -1.189542
v 51.742886 8.199360 1.417286
v 64.614227 2.254050 -13.979574
v 43.448887 14.230770 1.168325
v 56.761196 2.658661 -5.348601
v 57.099068 1.134713 -8.202917
v 56.930050 4.327683 -2.442133
v 51.576210 5.908567 -1.050568
v 65.163651 2.511902 -13.941973
v 57.014538 2.719978 -5.316485
v 51.826218 5.919147 -0.980828
v 43.969566 14.200785 1.480110
v 57.268261 2.780785 -5.283799
v 57.437634 4.381499 -2.340700
v 52.076191 5.928889 -0.910944
v 52.742779 8.115933 1.799723
v 44.487915 14.163383 1.793688
v 57.776936 2.900809 -5.216788
v 58.117027 1.509800 -8.137235
v 57.946880 4.432838 -2.238763
v 52.576122 5.945857 -0.770812
v 58.031929 2.959997 -5.182506
v 52.826115 5.953084 -0.700599
v 45.004055 14.118413 2.108654
v 58.287384 3.018616 -5.147732
v 58.457958 4.481699 -2.136489
v 53.076157 5.959475 -0.630314
v 53.743294 8.014428 2.177644
v 45.518127 14.065747 2.424612
v 58.799778 3.134091 -5.076801
v 59.142536 1.876456 -8.057221
v 58.971039 4.528080 -2.034052
v 53.576447 5.969757 -0.489594
v 59.056759 3.190919 -5.040689
v 53.826736 5.973653 -0.419198
v 46.030266 14.005281 2.741173
v 59.314285 3.247122 -5.004176
v 59.486290 4.571990 -1.931631
v 67.882805 3.622142 -13.730667
v 69.388062 3.961220 -15.825023
v 67.367943 3.434323 -13.772286
v 54.077152 5.976725 -0.348802
v 54.745682 7.895616 2.549590
v 68.349770 3.782934 -13.693009
v 46.540607 13.936930 3.057959
v 59.831081 3.357595 -4.930048
v 60.176968 2.232823 -7.964370
v 60.003887 4.613441 -1.829413
v 54.578434 5.980413 -0.208088
v 60.090393 3.411838 -4.892484
v 68.773033 3.920664 -13.659212
v 70.849701 4.396728 -15.724394
v 70.400360 4.274764 -15.754041
v 54.829338 5.981040 -0.137807
v 60.350338 3.465400 -4.854620
v 60.524002 4.652450 -1.727590
v 55.080444 5.980864 -0.067604
v 55.751217 7.760491 2.914114
v 69.156464 4.038739 -13.629065
v 71.278580 4.503086 -15.697519
v 69.542320 4.151044 -13.599346
v 69.905052 4.127995 -15.788169
v 60.872231 3.570428 -4.778100
v 61.046810 4.689042 -1.626361
v 61.221710 2.576994 -7.860393
v 55.583355 5.978130 0.072494
v 61.134220 3.621866 -4.739499
v 69.891701 4.247022 -13.573109
v 55.835194 5.975588 0.142349
v 61.396935 3.672570 -4.700710
v 61.572491 4.723245 -1.525930
v 70.207886 4.329152 -13.550016
v 56.087318 5.972273 0.212047
v 56.761196 7.610268 3.269792
v 70.525764 4.407146 -13.527517
v 61.924625 3.771721 -4.622681
v 62.278168 2.907020 -7.747221
v 62.101219 4.755094 -1.426509
v 70.845360 4.480896 -13.505708
v 56.592499 5.963366 0.350896
v 62.189648 3.820141 -4.583502
v 56.845600 5.957793 0.420005
v 62.455486 3.867774 -4.544255
v 62.633175 4.784628 -1.328315
v 57.099068 5.951488 0.488876
v 57.776936 7.446385 3.615213
v 71.551552 4.627092 -13.460828
v 71.707603 4.656254 -13.451593
v 62.989693 3.960626 -4.465681
v 63.168537 4.811895 -1.231572
v 63.347782 3.220907 -7.627004
v 57.607189 5.936734 0.625823
v 63.258110 4.005819 -4.426420
v 57.861881 5.928308 0.693856
v 63.527431 4.050173 -4.387220
v 63.707493 4.836944 -1.136509
v 58.117027 5.919201 0.761566
v 58.799778 7.270501 3.948988
v 64.068878 4.136316 -4.309144
v 64.431999 3.516614 -7.502106
v 64.250221 4.859832 -1.043364
v 58.628754 5.899003 0.895937
v 64.341057 4.178079 -4.270337
v 58.885376 5.887940 0.962552
v 64.614227 4.218953 -4.231732
v 64.796906 4.880622 -0.952378
v 59.142536 5.876258 1.028760
v 59.831081 7.084497 4.269743
v 65.163651 4.297987 -4.155275
v 65.347733 4.899381 -0.863800
v 65.532295 3.792058 -7.375113
v 59.658550 5.851097 1.159860
v 65.439957 4.336122 -4.117498
v 59.917450 5.837654 1.224707
v 65.717346 4.373320 -4.080074
v 67.026970 4.944232 -0.615095
v 67.539101 4.954587 -0.546230
v 67.710724 4.259165 -7.134259
v 66.650177 4.045107 -7.248827
v 65.902893 4.916182 -0.777885
v 66.462578 4.931104 -0.694894
v 60.176968 5.823659 1.289057
v 60.872231 6.890478 4.576123
v 60.697964 5.794095 1.416172
v 60.959480 5.778564 1.478891
v 61.221710 5.762563 1.541020
v 61.924625 6.690768 4.866792
v 72.402321 4.847550 -8.970863
v 61.748386 5.729232 1.663414
v 62.012878 5.711947 1.723632
v 62.278168 5.694280 1.783166
v 62.989693 6.487914 5.140429
v 62.811241 5.657897 1.900083
v 63.079067 5.639229 1.957419
v 68.964455 4.727452 -3.691164
v 68.055351 4.963631 -0.480377
v 69.156464 4.743721 -3.671634
v 63.347782 5.620279 2.013973
v 64.068878 6.284685 5.395734
v 69.349083 4.759523 -3.652497
v 69.542320 4.774854 -3.633765
v 69.716751 4.788247 -3.617265
v 63.887974 5.581635 2.124638
v 69.891701 4.801254 -3.601114
v 70.049583 4.812628 -3.586885
v 64.159492 5.561995 2.178698
v 70.207886 4.823686 -3.572954
v 70.366615 4.834427 -3.559330
v 64.431999 5.542181 2.231878
v 65.163651 6.084073 5.631423
v 70.525764 4.844849 -3.546018
v 70.685341 4.854949 -3.533027
v 69.775391 4.856762 -2.504034
v 68.523605 4.970708 -0.423854
v 68.995399 4.976839 -0.370094
v 69.423141 4.981594 -0.324200
v 69.853912 4.985672 -0.280787
v 64.980049 5.502145 2.335493
v 70.035004 4.870124 -2.479921
v 70.244270 4.988801 -0.243933
v 65.255638 5.481982 2.385877
v 70.282677 4.882221 -2.457806
v 70.518280 4.893145 -2.437592
v 70.637199 4.991454 -0.209273
v 65.532295 5.461763 2.435277
v 66.275505 5.889289 5.846229
v 67.367943 5.709765 6.032852
v 70.742966 4.903037 -2.419071
v 71.032761 4.993665 -0.176892
v 70.956627 4.911973 -2.402159
v 71.171059 4.920482 -2.385880
v 71.431007 4.995471 -0.146883
v 71.386292 4.928566 -2.370250
v 71.602318 4.936225 -2.355286
v 71.791779 4.996780 -0.121976
v 72.154816 4.997819 -0.099130
v 72.483528 4.998548 -0.080387
v 72.814133 4.999102 -0.063418
v 73.146667 4.999503 -0.048274
v 73.481163 4.999774 -0.035005
v 69.399063 5.126550 1.887221
v 68.598503 5.248482 2.899394
v 69.657059 5.117347 1.914791
v 68.789375 5.236393 2.923017
v 69.916153 5.108317 1.941340
v 68.980843 5.224466 2.946072
v 70.163338 5.099917 1.965598
v 69.172913 5.212711 2.968552
v 70.398468 5.092138 1.987695
v 69.365585 5.201139 2.990448
v 69.539513 5.190891 3.009650
v 70.622696 5.084923 2.007877
v 69.713943 5.180808 3.028367
v 70.835922 5.078259 2.026254
v 69.871361 5.171882 3.044793
v 71.049911 5.071772 2.043899
v 70.029190 5.163103 3.060817
v 70.187439 5.154477 3.076435
v 71.264694 5.065475 2.060799
v 70.346115 5.146010 3.091643
v 71.480270 5.059380 2.076943
v 70.505211 5.137709 3.106437
v 68.730522 6.217577 15.073284
v 67.710724 6.354902 12.696715
v 67.197235 6.526015 12.602406
v 68.176414 6.206803 12.776026
v 68.598503 6.078690 12.842887
v 68.980843 5.967874 12.899400
v 66.650177 6.716812 12.493875
v 69.270477 6.038581 15.153007
v 69.365585 5.861570 12.952440
v 71.524292 5.369794 13.181999
v 69.786469 5.879198 15.221735
v 69.713943 5.769969 12.997209
v 70.029190 5.690990 13.035098
v 70.280785 5.737628 15.280937
v 70.346115 5.615437 13.070713
v 70.729210 5.618939 15.329177
v 70.952965 5.481837 13.132125
v 70.664734 5.543453 13.104056
v 71.157204 5.514555 15.370502
v 71.368736 5.398953 13.169169
v 71.213600 5.429044 13.155818
v 71.588356 5.418417 15.407601
v 27.127220 -18.502838 -5.077246
v 27.505476 -18.493370 -5.120905
v 27.886982 -17.740383 -5.166874
v 28.167904 -17.730013 -5.209556
v 28.447742 -17.718319 -5.256496
v 27.599733 -11.821278 -5.085942
v 36.583458 -16.586996 -8.233562
v 38.269386 -11.781256 -8.069756
v 38.819233 -11.624724 -8.294011
v 37.715870 -11.930082 -7.847587
v 28.865480 -7.690636 -5.148547
v 29.932362 -9.476715 -5.314373
v 33.613266 -10.557860 -6.140584
v 33.786568 -10.531925 -6.185673
v 33.959473 -10.505384 -6.231308
v 34.131977 -10.478238 -6.277472
v 31.389729 -7.499012 -5.438732
v 29.564047 -6.536712 -5.185069
v 34.268265 -9.350472 -6.180574
v 34.397152 -9.329791 -6.212107
v 29.962759 -5.026319 -5.173483
v 27.306087 0.025711 -5.001575
v 27.589266 0.035029 -5.002018
v 34.525822 -9.308787 -6.243877
v 34.654270 -9.287461 -6.275877
v 34.782501 -9.265813 -6.308102
v 34.910519 -9.243843 -6.340542
v 35.038319 -9.221552 -6.373194
v 35.165909 -9.198939 -6.406049
v 36.805679 -8.875953 -6.848807
v 37.623253 -8.692067 -7.081381
v 37.900791 -8.626132 -7.161728
v 38.453072 -8.489594 -7.323358
v 38.727840 -8.419009 -7.404514
v 34.332737 -4.364841 -5.585821
v 34.397152 -4.355453 -5.593223
v 34.461514 -4.346005 -5.600644
v 34.525822 -4.336497 -5.608084
v 39.001720 -8.346893 -7.485818
v 39.546860 -8.198110 -7.648629
v 39.818150 -8.121465 -7.730020
v 40.088604 -8.043332 -7.811325
v 40.627083 -7.882654 -7.973460
v 40.895134 -7.800133 -8.054182
v 41.162415 -7.716177 -8.134604
v 41.694725 -7.544009 -8.294346
v 28.711044 4.532331 -4.928380
v 41.959785 -7.455827 -8.373566
v 42.224136 -7.366266 -8.452289
v 42.750782 -7.183071 -8.608056
v 43.013103 -7.089468 -8.685010
v 43.274784 -6.994552 -8.761287
v 43.796272 -6.800847 -8.911638
v 44.056118 -6.702094 -8.985632
v 44.315384 -6.602098 -9.058784
v 44.832245 -6.398457 -9.202417
v 45.089874 -6.294849 -9.272825
v 45.346992 -6.190079 -9.342246
v 45.859760 -5.977130 -9.477996
v 46.115444 -5.868994 -9.544261
v 46.370686 -5.759780 -9.609411
v 46.879906 -5.538209 -9.736253
v 47.133919 -5.425899 -9.797888
v 47.387558 -5.312602 -9.858298
v 47.893784 -5.083150 -9.975343
v 48.146408 -4.967044 -10.031931
v 48.398727 -4.850053 -10.087199
v 48.902527 -4.613516 -10.193699
v 49.154045 -4.494025 -10.244891
v 49.405331 -4.373755 -10.294688
v 31.909410 11.440444 -4.263392
v 49.907284 -4.130987 -10.390032
v 32.042450 11.452236 -4.232904
v 32.219463 11.468089 -4.191434
v 50.157986 -4.008547 -10.435549
v 50.408531 -3.885442 -10.479612
v 50.909225 -3.637352 -10.563328
v 32.711380 12.252852 -4.009276
v 51.159412 -3.512428 -10.602960
v 51.409512 -3.386959 -10.641096
v 27.824406 17.830030 -4.846798
v 27.085070 18.542465 -4.929555
v 51.909546 -3.134511 -10.712851
v 28.105572 17.843176 -4.805940
v 27.463545 18.555990 -4.888005
v 52.159512 -3.007595 -10.746457
v 28.385649 17.857430 -4.760740
v 52.409473 -2.880263 -10.778543
v 52.909458 -2.624477 -10.838141
v 53.159515 -2.496091 -10.865651
v 53.409645 -2.367422 -10.891633
v 37.344765 10.855004 -2.804289
v 36.971939 14.097016 -2.274333
v 37.530529 14.136242 -2.018725
v 53.910194 -2.109375 -10.939019
v 54.160656 -1.980067 -10.960428
v 38.177391 10.929110 -2.501466
v 38.085297 14.171584 -1.755804
v 54.411266 -1.850618 -10.980321
v 38.453072 10.952442 -2.397661
v 38.636353 14.202627 -1.486077
v 54.913017 -1.591441 -11.015576
v 39.001720 10.996791 -2.186024
v 55.164196 -1.461788 -11.030953
v 39.274719 11.017721 -2.078280
v 55.415607 -1.332142 -11.044842
v 39.546860 11.037769 -1.969311
v 55.919201 -1.073024 -11.068188
v 40.088604 11.075059 -1.747871
v 56.171425 -0.943629 -11.077668
v 40.358246 11.092227 -1.635485
v 56.423962 -0.814398 -11.085705
v 40.627083 11.108360 -1.522047
v 56.930050 -0.556582 -11.097500
v 41.162415 11.137389 -1.292179
v 57.183643 -0.428079 -11.101290
v 41.428940 11.150219 -1.175832
v 57.437634 -0.299901 -11.103698
v 41.694725 11.161881 -1.058600
v 57.946880 -0.044688 -11.104441
v 42.224136 11.181590 -0.821640
v 58.202179 0.082263 -11.102815
v 42.487797 11.189579 -0.701993
v 58.457958 0.208720 -11.099886
v 42.750782 11.196287 -0.581623
v 36.276875 18.430676 -1.793684
v 58.971039 0.459976 -11.090212
v 43.274784 11.205761 -0.338870
v 59.228382 0.584687 -11.083514
v 43.535835 11.208478 -0.216566
v 59.486290 0.708728 -11.075610
v 36.446571 19.170395 -1.563199
v 43.796272 11.209819 -0.093695
v 60.003887 0.954614 -11.056293
v 44.315384 11.208286 0.153592
v 60.263618 1.076369 -11.044938
v 44.574089 11.205375 0.277932
v 60.524002 1.197270 -11.032490
v 44.832245 11.201008 0.402685
v 61.046810 1.436321 -11.004444
v 45.346992 11.187844 0.653285
v 61.309280 1.554375 -10.988912
v 68.196442 3.319580 -18.119453
v 65.717346 2.760898 -13.901662
v 66.275505 3.000424 -13.859106
v 66.838303 3.229856 -13.814790
v 45.603615 11.179017 0.779056
v 61.572491 1.671385 -10.972419
v 45.859760 11.168674 0.905094
v 62.101219 1.902076 -10.936696
v 46.370686 11.143397 1.157822
v 62.366783 2.015659 -10.917540
v 46.625500 11.128441 1.284442
v 62.633175 2.127999 -10.897572
v 46.879906 11.111928 1.411184
v 47.049290 13.860633 3.374598
v 63.168537 2.348752 -10.855361
v 47.387558 11.074200 1.664897
v 47.556450 13.776350 3.690728
v 63.437553 2.457062 -10.833202
v 47.640839 11.052973 1.791799
v 63.707493 2.563925 -10.810397
v 47.893784 11.030164 1.918686
v 48.062233 13.684066 4.005996
v 64.250221 2.773104 -10.763028
v 48.398727 10.979792 2.172278
v 48.566780 13.583784 4.320055
v 48.650761 10.952224 2.298916
v 48.902527 10.923069 2.425406
v 49.070232 13.475533 4.632570
v 65.347733 3.171781 -10.662560
v 49.405331 10.860003 2.677809
v 49.572735 13.359364 4.943211
v 49.656406 10.826098 2.803658
v 73.267899 4.845888 -17.819647
v 74.055206 4.937496 -18.535397
v 73.428703 4.868346 -17.813807
v 49.907284 10.790618 2.929229
v 50.074440 13.235347 5.251659
v 74.272736 4.957238 -18.530176
v 73.589973 4.889203 -17.808317
v 50.408531 10.714954 3.179414
v 50.575485 13.103576 5.557602
v 50.658939 10.674787 3.303965
v 50.909225 10.633073 3.428115
v 51.076027 12.964168 5.860737
v 73.812935 4.920577 -16.690260
v 51.409512 10.545052 3.675091
v 51.576210 12.817262 6.160770
v 51.659550 10.498768 3.797857
v 51.909546 10.450987 3.920102
v 52.076191 12.663017 6.457416
v 52.409473 10.350992 4.162916
v 52.576122 12.501619 6.750395
v 52.659451 10.298812 4.283427
v 52.909458 10.245199 4.403304
v 53.076157 12.333271 7.039439
v 70.757050 4.549519 -11.292906
v 53.409645 10.133759 4.641042
v 53.576447 12.158201 7.324289
v 53.659863 10.075974 4.758849
v 53.910194 10.016840 4.875911
v 54.077152 11.976659 7.604691
v 54.411266 9.894628 5.107698
v 54.578434 11.788916 7.880403
v 54.662045 9.831599 5.222370
v 54.913017 9.767326 5.336193
v 55.080444 11.595267 8.151189
v 55.415607 9.635158 5.561192
v 55.583355 11.396028 8.416821
v 55.667271 9.567324 5.672317
v 55.919201 9.498364 5.782494
v 56.087318 11.191537 8.677085
v 56.423962 9.357203 5.999905
v 56.592499 10.982155 8.931767
v 56.676826 9.285069 6.107091
v 56.930050 9.211949 6.213234
v 57.099068 10.768265 9.180670
v 57.437634 9.062899 6.422298
v 57.607189 10.550271 9.423597
v 57.692039 8.987047 6.525173
v 57.946880 8.910365 6.626914
v 58.117027 10.328603 9.660368
v 58.457958 8.754677 6.826908
v 58.628754 10.103708 9.890804
v 58.714237 8.675758 6.925117
v 58.971039 8.596184 7.022108
v 59.142536 9.876060 10.114741
v 59.486290 8.435252 7.212348
v 59.658550 9.646150 10.332018
v 59.744781 8.353992 7.305558
v 60.003887 8.272266 7.397468
v 60.176968 9.414496 10.542485
v 60.524002 8.107630 7.577310
v 60.697964 9.181637 10.746001
v 60.785057 8.024823 7.665204
v 61.046810 7.941763 7.751723
v 61.221710 8.948132 10.942432
v 61.572491 7.775104 7.920560
v 61.748386 8.714565 11.131656
v 61.836460 7.691620 8.002843
v 62.101219 7.608111 8.083678
v 62.278168 8.481541 11.313553
v 62.633175 7.441258 8.240942
v 62.811241 8.249686 11.488017
v 62.900417 7.358037 8.317337
v 63.168537 7.275038 8.392218
v 63.347782 8.019650 11.654949
v 63.707493 7.109962 8.537378
v 63.887974 7.792107 11.814259
v 63.978374 7.028018 8.607627
v 64.431999 7.567747 11.965862
v 58.799778 11.406910 12.974776
v 64.796906 6.785378 8.808866
v 64.980049 7.347288 12.109686
v 65.071793 6.705794 8.872729
v 65.532295 7.131469 12.245667
v 59.831081 10.811400 13.469534
v 65.902893 6.471951 9.054479
v 66.088943 6.921049 12.373745
v 60.872231 10.210528 13.930346
v 69.260490 5.662528 9.618415
v 69.335503 5.647437 9.627977
v 69.410614 5.632475 9.637424
v 67.301308 7.004270 17.022070
v 73.717766 5.089294 16.639511
v 73.428055 5.131220 17.739870
v 73.589317 5.110553 17.746061
v 73.751038 5.091459 17.751720
v 29.843630 -12.448555 -5.393937
v 57.437634 11.403599 10.803797
v 62.366783 8.901881 12.933198
v 56.423962 13.171552 12.407008
v 55.247974 12.685533 9.961393
v 53.826736 14.734596 10.914425
v 52.701115 13.884369 8.476512
v 51.555374 15.885249 9.337918
v 50.314594 14.795836 6.903339
v 50.565052 14.711019 7.074583
v 48.855339 16.978136 7.293390
v 27.021797 -0.017684 5.001147
v 73.817650 -4.999938 0.023663
v 31.023743 15.315691 5.774469
v 30.663437 15.348833 5.679949
v 31.382278 15.279882 5.873854
v 31.739065 15.241371 5.977890
v 32.094124 15.200124 6.086370
v 32.447475 15.156107 6.199085
v 32.799141 15.109290 6.315833
v 33.207317 15.051093 6.456867
v 33.699966 14.975187 6.634684
v 32.020294 12.987344 5.911297
v 34.218082 14.888478 6.830226
v 32.285732 12.955735 5.982638
v 32.550217 12.922668 6.055934
v 34.732658 14.795177 7.032614
v 32.813759 12.888130 6.131111
v 33.076363 12.852118 6.208092
v 33.338043 12.814624 6.286807
v 33.598804 12.775640 6.367182
v 33.858658 12.735164 6.449145
v 34.203739 12.678862 6.560779
v 34.590073 12.612322 6.689387
v 34.974445 12.542379 6.820969
v 35.243774 14.695217 7.241222
v 35.356892 12.469024 6.955297
v 35.737446 12.392243 7.092149
v 36.116138 12.312032 7.231304
v 36.618221 12.199736 7.420058
v 37.158569 12.071179 7.628154
v 39.365528 11.460522 8.519725
v 39.908394 11.288692 8.746291
v 40.447948 11.109293 8.973124
v 30.753681 1.998730 5.103251
v 29.541124 -0.134102 5.004242
v 29.815720 -0.152770 5.004251
v 30.633331 -0.214971 5.003501
v 30.903839 -0.237686 5.002945
v 30.361814 -0.193230 5.003895
v 30.089279 -0.172488 5.004140
v 29.265486 -0.116510 5.004126
v 28.152327 -0.057426 5.002889
v 28.432224 -0.070452 5.003284
v 28.711044 -0.084658 5.003632
v 28.988794 -0.100020 5.003918
v 27.871344 -0.045610 5.002462
v 30.933834 1.983231 5.109659
v 40.984314 10.922392 9.199658
v 32.153133 2.976056 5.235054
v 31.113543 1.967276 5.116175
v 31.173347 -0.261349 5.002215
v 31.292810 1.950872 5.122792
v 31.531151 -0.294333 5.000946
v 31.471638 1.934023 5.129504
v 31.650032 1.916737 5.136303
v 31.887215 -0.328901 4.999314
v 41.517616 10.728066 9.425350
v 31.827991 1.899018 5.143182
v 32.005520 1.880871 5.150135
v 32.285732 -0.369612 4.997005
v 32.182621 1.862303 5.157155
v 32.285732 2.961725 5.243414
v 42.047981 10.526407 9.649678
v 32.359295 1.843319 5.164235
v 32.418095 2.947148 5.251851
v 32.535549 1.823924 5.171368
v 32.550217 2.932327 5.260361
v 32.682106 2.917264 5.268942
v 32.682106 -0.412175 4.994159
v 32.711380 1.804123 5.178547
v 32.813759 2.901963 5.277590
v 42.575531 10.317516 9.872139
v 32.886795 1.783924 5.185768
v 33.076363 -0.456509 4.990735
v 32.945175 2.886423 5.286302
v 33.090923 1.759859 5.194234
v 33.207317 2.854639 5.303904
v 33.076363 2.870648 5.295074
v 33.323528 1.731711 5.203953
v 33.338043 2.838398 5.312786
v 33.468536 -0.502536 4.986695
v 33.468536 2.821928 5.321720
v 43.100399 10.101503 10.092253
v 33.569874 1.701061 5.214314
v 33.598804 2.805229 5.330700
v 33.858658 -0.550178 4.982003
v 33.728844 2.788305 5.339724
v 33.829830 1.667793 5.225306
v 34.031399 2.747948 5.360933
v 33.858658 2.771157 5.348789
v 43.622715 9.878493 10.309560
v 34.088890 1.633703 5.236297
v 34.203739 2.724350 5.373137
v 34.246761 -0.599359 4.976624
v 34.347057 1.598809 5.247268
v 34.632877 -0.650004 4.970521
v 34.397152 2.697341 5.386928
v 34.604343 1.563129 5.258200
v 34.782501 2.641886 5.414664
v 34.590073 2.669851 5.400774
v 44.142605 9.648621 10.523621
v 30.452433 -2.424269 4.914729
v 30.633331 -2.438749 4.907958
v 34.860760 1.526680 5.269073
v 35.399269 -0.755387 4.956018
v 35.779613 -0.809980 4.947555
v 35.017036 -0.702037 4.963663
v 35.737446 2.495170 5.484440
v 35.547405 2.525410 5.470475
v 34.974445 2.613453 5.428590
v 35.165909 2.584558 5.442540
v 35.356892 2.555209 5.456505
v 36.283855 -0.884582 4.934948
v 35.927021 2.464494 5.498390
v 30.813780 -2.453629 4.900924
v 36.116138 2.433388 5.512318
v 30.993786 -2.468901 4.893624
v 44.660198 9.412030 10.734019
v 31.173347 -2.484555 4.886060
v 36.367580 2.391257 5.530834
v 36.451218 5.663981 6.143579
v 31.352468 -2.500583 4.878229
v 36.618221 2.348388 5.549270
v 36.784874 -0.961105 4.920768
v 31.531151 -2.516976 4.870131
v 45.175636 9.168879 10.940356
v 31.709398 -2.533724 4.861767
v 31.887215 -2.550818 4.853136
v 32.064602 -2.568251 4.844235
v 37.158569 2.253051 5.588837
v 37.530529 5.449420 6.335261
v 37.344765 -1.049285 4.902859
v 32.241558 -2.586013 4.835067
v 45.689049 8.919335 11.142259
v 37.437702 2.202263 5.609122
v 32.418095 -2.604095 4.825630
v 32.594204 -2.622490 4.815924
v 37.715870 2.150623 5.629194
v 37.900791 -1.139465 4.882799
v 32.769897 -2.641187 4.805949
v 46.200573 8.663578 11.339370
v 31.842800 -3.657521 4.783208
v 32.974350 -2.663374 4.793970
v 31.975962 -3.670347 4.773656
v 32.108879 -3.683349 4.763906
v 33.207317 -2.689204 4.779829
v 32.241558 -3.696521 4.753957
v 38.269386 2.044874 5.668582
v 38.453072 -1.231424 4.860509
v 38.636353 5.207660 6.535819
v 32.374001 -3.709861 4.743812
v 46.710346 8.401796 11.531357
v 33.454048 -2.717183 4.764278
v 32.506203 -3.723364 4.733470
v 38.544762 1.990806 5.687845
v 32.638168 -3.737025 4.722932
v 33.714409 -2.747380 4.747220
v 32.769897 -3.750843 4.712198
v 38.819233 1.935971 5.706785
v 39.001720 -1.324949 4.835921
v 32.901394 -3.764812 4.701270
v 33.973862 -2.778141 4.729552
v 47.218506 8.134193 11.717906
v 33.032658 -3.778928 4.690146
v 33.163692 -3.793188 4.678830
v 36.116138 -7.445256 3.793331
v 34.232422 -2.809438 4.711275
v 33.294491 -3.807588 4.667319
v 33.425064 -3.822124 4.655615
v 39.365528 1.824082 5.743596
v 39.727810 4.947545 6.735081
v 39.546860 -1.419829 4.808970
v 34.490101 -2.841244 4.692387
v 33.555408 -3.836793 4.643720
v 47.725193 7.860981 11.898727
v 33.685524 -3.851590 4.631632
v 39.637383 1.767069 5.761418
v 33.858658 -3.871514 4.615218
v 39.908394 1.709371 5.778819
v 40.088604 -1.515864 4.779598
v 34.031399 -3.891650 4.598465
v 48.230545 7.582383 12.073549
v 34.225254 -3.914548 4.579216
v 34.418613 -3.937693 4.559541
v 40.447948 1.592001 5.812265
v 40.805870 4.670080 6.930398
v 40.627083 -1.612853 4.747754
v 34.611477 -3.961073 4.539444
v 48.734711 7.298633 12.242122
v 34.803852 -3.984675 4.518927
v 40.716522 1.532371 5.828268
v 34.995743 -4.008488 4.497990
v 40.984314 1.472136 5.843760
v 41.162415 -1.710606 4.713391
v 35.187153 -4.032499 4.476638
v 49.237831 7.009979 12.404216
v 35.378086 -4.056699 4.454871
v 30.361814 -9.089043 4.660375
v 35.568542 -4.081074 4.432692
v 41.517616 1.349936 5.873137
v 41.694725 -1.808936 4.676473
v 41.871510 4.376313 7.119339
v 49.740051 6.716676 12.559625
v 41.783157 1.288011 5.886981
v 42.047981 1.225561 5.900237
v 42.224136 -1.907662 4.636964
v 50.241520 6.418994 12.708160
v 42.575531 1.099170 5.924914
v 42.925735 4.067341 7.299692
v 42.750782 -2.006608 4.594840
v 36.971939 -4.266951 4.254858
v 37.158569 -7.565077 3.549520
v 50.742382 6.117211 12.849659
v 42.838295 1.035267 5.936302
v 37.251720 -4.305105 4.216362
v 43.100399 0.970918 5.947032
v 43.274784 -2.105604 4.550078
v 37.530529 -4.343411 4.176993
v 38.269386 -7.691508 3.267409
v 51.242786 5.811619 12.983974
v 43.622715 0.840962 5.966464
v 43.969566 3.744303 7.469463
v 43.796272 -2.204486 4.502666
v 38.085297 -4.420344 4.095666
v 51.742886 5.502519 13.110982
v 43.882954 0.775394 5.975135
v 38.361279 -4.458904 4.053726
v 44.142605 0.709457 5.983092
v 44.315384 -2.303094 4.452596
v 38.636353 -4.497483 4.010948
v 39.365528 -7.812357 2.967467
v 52.242832 5.190224 13.230581
v 44.660198 0.576554 5.996809
v 44.832245 -2.401276 4.399866
v 45.004055 3.408383 7.626875
v 39.183819 -4.574570 3.922913
v 52.742779 4.875058 13.342690
v 44.918179 0.509625 6.002544
v 39.456242 -4.613016 3.877675
v 45.175636 0.442405 6.007517
v 45.346992 -2.498883 4.344481
v 39.727810 -4.651357 3.831636
v 40.447948 -7.925291 2.651407
v 53.242882 4.557357 13.447246
v 45.689049 0.307161 6.015130
v 46.030266 3.060812 7.770371
v 45.859760 -2.595773 4.286451
v 40.268456 -4.727604 3.737195
v 53.743294 4.237466 13.544209
v 45.945038 0.239174 6.017751
v 40.537560 -4.765453 3.688814
v 46.200573 0.170970 6.019570
v 46.370686 -2.691808 4.225794
v 40.805870 -4.803083 3.639673
v 41.517616 -8.028193 2.320922
v 54.244175 3.915743 13.633564
v 46.710346 0.033979 6.020771
v 47.049290 2.702863 7.898610
v 46.879906 -2.786859 4.162534
v 41.340179 -4.877575 3.539152
v 54.745682 3.592557 13.715310
v 30.542938 -15.774524 4.357738
v 31.842800 -13.656599 4.134217
v 46.964619 -0.034770 6.020137
v 41.606209 -4.914386 3.487794
v 30.903839 -15.802404 4.263479
v 47.218506 -0.103664 6.018673
v 47.387558 -2.880799 4.096700
v 41.871510 -4.950871 3.435719
v 42.575531 -8.119176 1.977690
v 55.247974 3.268288 13.789472
v 31.262962 -15.831003 4.163662
v 47.725193 -0.241816 6.013231
v 47.893784 -2.973507 4.028328
v 48.062233 2.335858 8.010469
v 42.399986 -5.022771 3.329462
v 31.620329 -15.860168 4.058439
v 55.751217 2.943327 13.856092
v 47.978027 -0.311038 6.009243
v 42.663193 -5.058137 3.275303
v 31.975962 -15.889747 3.947962
v 32.108879 -13.679540 4.061335
v 48.230545 -0.380333 6.004405
v 48.398727 -3.064869 3.957461
v 42.925735 -5.093085 3.220473
v 43.622715 -8.196568 1.623368
v 56.255569 2.618075 13.915237
v 32.329880 -15.919592 3.832378
v 32.374001 -13.702703 3.985985
v 32.682106 -15.949558 3.711837
v 32.638168 -13.726032 3.908218
v 32.901394 -13.749473 3.828087
v 48.734711 -0.519073 5.992170
v 48.902527 -3.154776 3.884146
v 49.070232 1.961161 8.105045
v 43.448887 -5.161632 3.108846
v 56.761196 2.292946 13.966994
v 48.986393 -0.588483 5.984768
v 33.090923 -15.984485 3.565135
v 33.425064 -13.796476 3.660934
v 33.163692 -13.772972 3.745642
v 43.709526 -5.195189 3.052073
v 49.237831 -0.657896 5.976507
v 49.405331 -3.243124 3.808439
v 43.969566 -5.228241 2.994676
v 44.660198 -8.258923 1.259598
v 57.268261 1.968365 14.011469
v 33.584343 -16.026543 3.378525
v 33.685524 -13.819934 3.574013
v 49.740051 -0.796662 5.957408
v 50.074440 1.580181 8.181652
v 49.907284 -3.329815 3.730401
v 44.487915 -5.292753 2.878064
v 57.776936 1.644767 14.048790
v 34.103252 -16.070253 3.171238
v 34.418613 -13.885698 3.316158
v 34.031399 -13.851049 3.454763
v 49.990871 -0.865981 5.946570
v 44.746254 -5.324174 2.818874
v 50.241520 -0.935234 5.934875
v 50.408531 -3.414757 3.650099
v 45.004055 -5.355015 2.759111
v 45.689049 -8.305014 0.888002
v 58.287384 1.322599 14.079107
v 34.618610 -16.112690 2.954441
v 35.948059 -14.017353 2.717860
v 35.568542 -13.985793 2.873691
v 34.803852 -13.919811 3.173001
v 35.187153 -13.953228 3.025458
v 36.451218 -14.057616 2.504040
v 50.742382 -1.073474 5.908921
v 50.909225 -3.497861 3.567606
v 51.076027 1.194374 8.239821
v 45.518127 -5.414886 2.637920
v 58.799778 1.002318 14.102590
v 50.992630 -1.142427 5.894668
v 45.774429 -5.443884 2.576519
v 51.242786 -1.211247 5.879568
v 51.409512 -3.579047 3.483003
v 46.030266 -5.472235 2.514599
v 46.710346 -8.333838 0.510185
v 59.314285 0.684395 14.119431
v 51.742886 -1.348421 5.846848
v 52.076191 0.805239 8.279304
v 51.909546 -3.658238 3.396374
v 46.540607 -5.526938 2.389257
v 59.831081 0.369308 14.129840
v 51.992870 -1.416741 5.829238
v 46.795147 -5.553263 2.325863
v 52.242832 -1.484861 5.810802
v 52.409473 -3.735365 3.307814
v 47.049290 -5.578885 2.262006
v 47.725193 -8.344613 0.127734
v 60.350338 0.057550 14.134052
v 52.742779 -1.620438 5.771483
v 52.909458 -3.810361 3.217419
v 53.076157 0.414321 8.300067
v 47.556450 -5.627971 2.132960
v 60.872231 -0.250378 14.132322
v 52.992802 -1.687861 5.750615
v 47.809505 -5.651412 2.067801
v 39.727810 -14.250258 0.928191
v 39.183819 -14.228975 1.210043
v 53.242882 -1.755020 5.728953
v 53.409645 -3.883169 3.125295
v 48.062233 -5.674104 2.002237
v 48.734711 -8.336780 -0.257781
v 61.396935 -0.553960 14.124924
v 40.268456 -14.266124 0.641002
v 53.743294 -1.888481 5.683283
v 53.910194 -3.953732 3.031554
v 54.077152 0.023209 8.302296
v 48.566780 -5.717200 1.869955
v 61.924625 -0.852674 14.112154
v 53.993668 -1.954751 5.659295
v 48.818634 -5.737586 1.803268
v 40.805870 -14.276246 0.348949
v 54.244175 -2.020693 5.634554
v 54.411266 -4.022005 2.936311
v 49.070232 -5.757186 1.736238
v 49.740051 -8.310000 -0.644809
v 62.455486 -1.145982 14.094331
v 41.340179 -14.280317 0.052496
v 54.745682 -2.151529 5.582860
v 54.913017 -4.087943 2.839692
v 55.080444 -0.366461 8.286396
v 49.572735 -5.793999 1.601209
v 62.989693 -1.433337 14.071791
v 54.996719 -2.216393 5.555932
v 49.823677 -5.811197 1.533243
v 41.871510 -14.278056 -0.247901
v 55.247974 -2.280867 5.528301
v 55.415607 -4.151508 2.741825
v 50.074440 -5.827582 1.464997
v 50.742382 -8.264158 -1.031816
v 63.527431 -1.714182 14.044894
v 42.399986 -14.269200 -0.551794
v 55.751217 -2.408582 5.470989
v 55.919201 -4.212670 2.642847
v 56.087318 -0.753010 8.252990
v 50.575485 -5.857893 1.327730
v 64.068878 -1.987947 14.014022
v 56.003242 -2.471793 5.441338
v 50.825809 -5.871810 1.258743
v 42.925735 -14.253510 -0.858746
v 56.255569 -2.534554 5.411045
v 56.423962 -4.271402 2.542900
v 51.076027 -5.884897 1.189542
v 51.742886 -8.199360 -1.417286
v 64.614227 -2.254050 13.979574
v 43.448887 -14.230770 -1.168325
v 56.761196 -2.658661 5.348601
v 57.099068 -1.134713 8.202917
v 56.930050 -4.327683 2.442133
v 51.576210 -5.908567 1.050568
v 65.163651 -2.511902 13.941973
v 57.014538 -2.719978 5.316485
v 51.826218 -5.919147 0.980828
v 43.969566 -14.200785 -1.480110
v 57.268261 -2.780785 5.283799
v 57.437634 -4.381499 2.340700
v 52.076191 -5.928889 0.910944
v 52.742779 -8.115933 -1.799723
v 44.487915 -14.163383 -1.793688
v 57.776936 -2.900809 5.216788
v 58.117027 -1.509800 8.137235
v 57.946880 -4.432838 2.238763
v 52.576122 -5.945857 0.770812
v 58.031929 -2.959997 5.182506
v 52.826115 -5.953084 0.700599
v 45.004055 -14.118413 -2.108654
v 58.287384 -3.018616 5.147732
v 58.457958 -4.481699 2.136489
v 53.076157 -5.959475 0.630314
v 53.743294 -8.014428 -2.177644
v 45.518127 -14.065747 -2.424612
v 58.799778 -3.134091 5.076801
v 59.142536 -1.876456 8.057221
v 58.971039 -4.528080 2.034052
v 53.576447 -5.969757 0.489594
v 59.056759 -3.190919 5.040689
v 53.826736 -5.973653 0.419198
v 46.030266 -14.005281 -2.741173
v 59.314285 -3.247122 5.004176
v 59.486290 -4.571990 1.931631
v 67.882805 -3.622142 13.730667
v 69.388062 -3.961220 15.825023
v 67.367943 -3.434323 13.772286
v 54.077152 -5.976725 0.348802
v 54.745682 -7.895616 -2.549590
v 68.349770 -3.782934 13.693009
v 46.540607 -13.936930 -3.057959
v 59.831081 -3.357595 4.930048
v 60.176968 -2.232823 7.964370
v 60.003887 -4.613441 1.829413
v 54.578434 -5.980413 0.208088
v 60.090393 -3.411838 4.892484
v 68.773033 -3.920664 13.659212
v 70.849701 -4.396728 15.724394
v 70.400360 -4.274764 15.754041
v 54.829338 -5.981040 0.137807
v 60.350338 -3.465400 4.854620
v 60.524002 -4.652450 1.727590
v 55.080444 -5.980864 0.067604
v 55.751217 -7.760491 -2.914114
v 69.156464 -4.038739 13.629065
v 71.278580 -4.503086 15.697519
v 69.542320 -4.151044 13.599346
v 69.905052 -4.127995 15.788169
v 60.872231 -3.570428 4.778100
v 61.046810 -4.689042 1.626361
v 61.221710 -2.576994 7.860393
v 55.583355 -5.978130 -0.072494
v 61.134220 -3.621866 4.739499
v 69.891701 -4.247022 13.573109
v 55.835194 -5.975588 -0.142349
v 61.396935 -3.672570 4.700710
v 61.572491 -4.723245 1.525930
v 70.207886 -4.329152 13.550016
v 56.087318 -5.972273 -0.212047
v 56.761196 -7.610268 -3.269792
v 70.525764 -4.407146 13.527517
v 61.924625 -3.771721 4.622681
v 62.278168 -2.907020 7.747221
v 62.101219 -4.755094 1.426509
v 70.845360 -4.480896 13.505708
v 56.592499 -5.963366 -0.350896
v 62.189648 -3.820141 4.583502
v 56.845600 -5.957793 -0.420005
v 62.455486 -3.867774 4.544255
v 62.633175 -4.784628 1.328315
v 57.099068 -5.951488 -0.488876
v 57.776936 -7.446385 -3.615213
v 71.551552 -4.627092 13.460828
v 71.707603 -4.656254 13.451593
v 62.989693 -3.960626 4.465681
v 63.168537 -4.811895 1.231572
v 63.347782 -3.220907 7.627004
v 57.607189 -5.936734 -0.625823
v 63.258110 -4.005819 4.426420
v 57.861881 -5.928308 -0.693856
v 63.527431 -4.050173 4.387220
v 63.707493 -4.836944 1.136509
v 58.117027 -5.919201 -0.761566
v 58.799778 -7.270501 -3.948988
v 64.068878 -4.136316 4.309144
v 64.431999 -3.516614 7.502106
v 64.250221 -4.859832 1.043364
v 58.628754 -5.899003 -0.895937
v 64.341057 -4.178079 4.270337
v 58.885376 -5.887940 -0.962552
v 64.614227 -4.218953 4.231732
v 64.796906 -4.880622 0.952378
v 59.142536 -5.876258 -1.028760
v 59.831081 -7.084497 -4.269743
v 65.163651 -4.297987 4.155275
v 65.347733 -4.899381 0.863800
v 65.532295 -3.792058 7.375113
v 59.658550 -5.851097 -1.159860
v 65.439957 -4.336122 4.117498
v 59.917450 -5.837654 -1.224707
v 65.717346 -4.373320 4.080074
v 67.026970 -4.944232 0.615095
v 67.539101 -4.954587 0.546230
v 67.710724 -4.259165 7.134259
v 66.650177 -4.045107 7.248827
v 65.902893 -4.916182 0.777885
v 66.462578 -4.931104 0.694894
v 60.176968 -5.823659 -1.289057
v 60.872231 -6.890478 -4.576123
v 60.697964 -5.794095 -1.416172
v 60.959480 -5.778564 -1.478891
v 61.221710 -5.762563 -1.541020
v 61.924625 -6.690768 -4.866792
v 72.402321 -4.847550 8.970863
v 61.748386 -5.729232 -1.663414
v 62.012878 -5.711947 -1.723632
v 62.278168 -5.694280 -1.783166
v 62.989693 -6.487914 -5.140429
v 62.811241 -5.657897 -1.900083
v 63.079067 -5.639229 -1.957419
v 68.964455 -4.727452 3.691164
v 68.055351 -4.963631 0.480377
v 69.156464 -4.743721 3.671634
v 63.347782 -5.620279 -2.013973
v 64.068878 -6.284685 -5.395734
v 69.349083 -4.759523 3.652497
v 69.542320 -4.774854 3.633765
v 69.716751 -4.788247 3.617265
v 63.887974 -5.581635 -2.124638
v 69.891701 -4.801254 3.601114
v 70.049583 -4.812628 3.586885
v 64.159492 -5.561995 -2.178698
v 70.207886 -4.823686 3.572954
v 70.366615 -4.834427 3.559330
v 64.431999 -5.542181 -2.231878
v 65.163651 -6.084073 -5.631423
v 70.525764 -4.844849 3.546018
v 70.685341 -4.854949 3.533027
v 69.775391 -4.856762 2.504034
v 68.523605 -4.970708 0.423854
v 68.995399 -4.976839 0.370094
v 69.423141 -4.981594 0.324200
v 69.853912 -4.985672 0.280787
v 64.980049 -5.502145 -2.335493
v 70.035004 -4.870124 2.479921
v 70.244270 -4.988801 0.243933
v 65.255638 -5.481982 -2.385877
v 70.282677 -4.882221 2.457806
v 70.518280 -4.893145 2.437592
v 70.637199 -4.991454 0.209273
v 65.532295 -5.461763 -2.435277
v 66.275505 -5.889289 -5.846229
v 67.367943 -5.709765 -6.032852
v 70.742966 -4.903037 2.419071
v 71.032761 -4.993665 0.176892
v 70.956627 -4.911973 2.402159
v 71.171059 -4.920482 2.385880
v 71.431007 -4.995471 0.146883
v 71.386292 -4.928566 2.370250
v 71.602318 -4.936225 2.355286
v 71.791779 -4.996780 0.121976
v 72.154816 -4.997819 0.099130
v 72.483528 -4.998548 0.080387
v 72.814133 -4.999102 0.063418
v 73.146667 -4.999503 0.048274
v 73.481163 -4.999774 0.035005
v 69.399063 -5.126550 -1.887221
v 68.598503 -5.248482 -2.899394
v 69.657059 -5.117347 -1.914791
v 68.789375 -5.236393 -2.923017
v 69.916153 -5.108317 -1.941340
v 68.980843 -5.224466 -2.946072
v 70.163338 -5.099917 -1.965598
v 69.172913 -5.212711 -2.968552
v 70.398468 -5.092138 -1.987695
v 69.365585 -5.201139 -2.990448
v 69.539513 -5.190891 -3.009650
v 70.622696 -5.084923 -2.007877
v 69.713943 -5.180808 -3.028367
v 70.835922 -5.078259 -2.026254
v 69.871361 -5.171882 -3.044793
v 71.049911 -5.071772 -2.043899
v 70.029190 -5.163103 -3.060817
v 70.187439 -5.154477 -3.076435
v 71.264694 -5.065475 -2.060799
v 70.346115 -5.146010 -3.091643
v 71.480270 -5.059380 -2.076943
v 70.505211 -5.137709 -3.106437
v 68.730522 -6.217577 -15.073284
v 67.710724 -6.354902 -12.696715
v 67.197235 -6.526015 -12.602406
v 68.176414 -6.206803 -12.776026
v 68.598503 -6.078690 -12.842887
v 68.980843 -5.967874 -12.899400
v 66.650177 -6.716812 -12.493875
v 69.270477 -6.038581 -15.153007
v 69.365585 -5.861570 -12.952440
v 71.524292 -5.369794 -13.181999
v 69.786469 -5.879198 -15.221735
v 69.713943 -5.769969 -12.997209
v 70.029190 -5.690990 -13.035098
v 70.280785 -5.737628 -15.280937
v 70.346115 -5.615437 -13.070713
v 70.729210 -5.618939 -15.329177
v 70.952965 -5.481837 -13.132125
v 70.664734 -5.543453 -13.104056
v 71.157204 -5.514555 -15.370502
v 71.368736 -5.398953 -13.169169
v 71.213600 -5.429044 -13.155818
v 71.588356 -5.418417 -15.407601
v 27.127220 18.502838 5.077246
v 27.505476 18.493370 5.120905
v 27.886982 17.740383 5.166874
v 28.167904 17.730013 5.209556
v 28.447742 17.718319 5.256496
v 27.599733 11.821278 5.085942
v 36.583458 16.586996 8.233562
v 38.269386 11.781256 8.069756
v 38.819233 11.624724 8.294011
v 37.715870 11.930082 7.847587
v 28.865480 7.690636 5.148547
v 29.932362 9.476715 5.314373
v 33.613266 10.557860 6.140584
v 33.786568 10.531925 6.185673
v 33.959473 10.505384 6.231308
v 34.131977 10.478238 6.277472
v 31.389729 7.499012 5.438732
v 29.564047 6.536712 5.185069
v 34.268265 9.350472 6.180574
v 34.397152 9.329791 6.212107
v 29.962759 5.026319 5.173483
v 27.306087 -0.025711 5.001575
v 27.589266 -0.035029 5.002018
v 34.525822 9.308787 6.243877
v 34.654270 9.287461 6.275877
v 34.782501 9.265813 6.308102
v 34.910519 9.243843 6.340542
v 35.038319 9.221552 6.373194
v 35.165909 9.198939 6.406049
v 36.805679 8.875953 6.848807
v 37.623253 8.692067 7.081381
v 37.900791 8.626132 7.161728
v 38.453072 8.489594 7.323358
v 38.727840 8.419009 7.404514
v 34.332737 4.364841 5.585821
v 34.397152 4.355453 5.593223
v 34.461514 4.346005 5.600644
v 34.525822 4.336497 5.608084
v 39.001720 8.346893 7.485818
v 39.546860 8.198110 7.648629
v 39.818150 8.121465 7.730020
v 40.088604 8.043332 7.811325
v 40.627083 7.882654 7.973460
v 40.895134 7.800133 8.054182
v 41.162415 7.716177 8.134604
v 41.694725 7.544009 8.294346
v 28.711044 -4.532331 4.928380
v 41.959785 7.455827 8.373566
v 42.224136 7.366266 8.452289
v 42.750782 7.183071 8.608056
v 43.013103 7.089468 8.685010
v 43.274784 6.994552 8.761287
v 43.796272 6.800847 8.911638
v 44.056118 6.702094 8.985632
v 44.315384 6.602098 9.058784
v 44.832245 6.398457 9.202417
v 45.089874 6.294849 9.272825
v 45.346992 6.190079 9.342246
v 45.859760 5.977130 9.477996
v 46.115444 5.868994 9.544261
v 46.370686 5.759780 9.609411
v 46.879906 5.538209 9.736253
v 47.133919 5.425899 9.797888
v 47.387558 5.312602 9.858298
v 47.893784 5.083150 9.975343
v 48.146408 4.967044 10.031931
v 48.398727 4.850053 10.087199
v 48.902527 4.613516 10.193699
v 49.154045 4.494025 10.244891
v 49.405331 4.373755 10.294688
v 31.909410 -11.440444 4.263392
v 49.907284 4.130987 10.390032
v 32.042450 -11.452236 4.232904
v 32.219463 -11.468089 4.191434
v 50.157986 4.008547 10.435549
v 50.408531 3.885442 10.479612
v 50.909225 3.637352 10.563328
v 32.711380 -12.252852 4.009276
v 51.159412 3.512428 10.602960
v 51.409512 3.386959 10.641096
v 27.824406 -17.830030 4.846798
v 27.085070 -18.542465 4.929555
v 51.909546 3.134511 10.712851
v 28.105572 -17.843176 4.805940
v 27.463545 -18.555990 4.888005
v 52.159512 3.007595 10.746457
v 28.385649 -17.857430 4.760740
v 52.409473 2.880263 10.778543
v 52.909458 2.624477 10.838141
v 53.159515 2.496091 10.865651
v 53.409645 2.367422 10.891633
v 37.344765 -10.855004 2.804289
v 36.971939 -14.097016 2.274333
v 37.530529 -14.136242 2.018725
v 53.910194 2.109375 10.939019
v 54.160656 1.980067 10.960428
v 38.177391 -10.929110 2.501466
v 38.085297 -14.171584 1.755804
v 54.411266 1.850618 10.980321
v 38.453072 -10.952442 2.397661
v 38.636353 -14.202627 1.486077
v 54.913017 1.591441 11.015576
v 39.001720 -10.996791 2.186024
v 55.164196 1.461788 11.030953
v 39.274719 -11.017721 2.078280
v 55.415607 1.332142 11.044842
v 39.546860 -11.037769 1.969311
v 55.919201 1.073024 11.068188
v 40.088604 -11.075059 1.747871
v 56.171425 0.943629 11.077668
v 40.358246 -11.092227 1.635485
v 56.423962 0.814398 11.085705
v 40.627083 -11.108360 1.522047
v 56.930050 0.556582 11.097500
v 41.162415 -11.137389 1.292179
v 57.183643 0.428079 11.101290
v 41.428940 -11.150219 1.175832
v 57.437634 0.299901 11.103698
v 41.694725 -11.161881 1.058600
v 57.946880 0.044688 11.104441
v 42.224136 -11.181590 0.821640
v 58.202179 -0.082263 11.102815
v 42.487797 -11.189579 0.701993
v 58.457958 -0.208720 11.099886
v 42.750782 -11.196287 0.581623
v 36.276875 -18.430676 1.793684
v 58.971039 -0.459976 11.090212
v 43.274784 -11.205761 0.338870
v 59.228382 -0.584687 11.083514
v 43.535835 -11.208478 0.216566
v 59.486290 -0.708728 11.075610
v 36.446571 -19.170395 1.563199
v 43.796272 -11.209819 0.093695
v 60.003887 -0.954614 11.056293
v 44.315384 -11.208286 -0.153592
v 60.263618 -1.076369 11.044938
v 44.574089 -11.205375 -0.277932
v 60.524002 -1.197270 11.032490
v 44.832245 -11.201008 -0.402685
v 61.046810 -1.436321 11.004444
v 45.346992 -11.187844 -0.653285
v 61.309280 -1.554375 10.988912
v 68.196442 -3.319580 18.119453
v 65.717346 -2.760898 13.901662
v 66.275505 -3.000424 13.859106
v 66.838303 -3.229856 13.814790
v 45.603615 -11.179017 -0.779056
v 61.572491 -1.671385 10.972419
v 45.859760 -11.168674 -0.905094
v 62.101219 -1.902076 10.936696
v 46.370686 -11.143397 -1.157822
v 62.366783 -2.015659 10.917540
v 46.625500 -11.128441 -1.284442
v 62.633175 -2.127999 10.897572
v 46.879906 -11.111928 -1.411184
v 47.049290 -13.860633 -3.374598
v 63.168537 -2.348752 10.855361
v 47.387558 -11.074200 -1.664897
v 47.556450 -13.776350 -3.690728
v 63.437553 -2.457062 10.833202
v 47.640839 -11.052973 -1.791799
v 63.707493 -2.563925 10.810397
v 47.893784 -11.030164 -1.918686
v 48.062233 -13.684066 -4.005996
v 64.250221 -2.773104 10.763028
v 48.398727 -10.979792 -2.172278
v 48.566780 -13.583784 -4.320055
v 48.650761 -10.952224 -2.298916
v 48.902527 -10.923069 -2.425406
v 49.070232 -13.475533 -4.632570
v 65.347733 -3.171781 10.662560
v 49.405331 -10.860003 -2.677809
v 49.572735 -13.359364 -4.943211
v 49.656406 -10.826098 -2.803658
v 73.267899 -4.845888 17.819647
v 74.055206 -4.937496 18.535397
v 73.428703 -4.868346 17.813807
v 49.907284 -10.790618 -2.929229
v 50.074440 -13.235347 -5.251659
v 74.272736 -4.957238 18.530176
v 73.589973 -4.889203 17.808317
v 50.408531 -10.714954 -3.179414
v 50.575485 -13.103576 -5.557602
v 50.658939 -10.674787 -3.303965
v 50.909225 -10.633073 -3.428115
v 51.076027 -12.964168 -5.860737
v 73.812935 -4.920577 16.690260
v 51.409512 -10.545052 -3.675091
v 51.576210 -12.817262 -6.160770
v 51.659550 -10.498768 -3.797857
v 51.909546 -10.450987 -3.920102
v 52.076191 -12.663017 -6.457416
v 52.409473 -10.350992 -4.162916
v 52.576122 -12.501619 -6.750395
v 52.659451 -10.298812 -4.283427
v 52.909458 -10.245199 -4.403304
v 53.076157 -12.333271 -7.039439
v 70.757050 -4.549519 11.292906
v 53.409645 -10.133759 -4.641042
v 53.576447 -12.158201 -7.324289
v 53.659863 -10.075974 -4.758849
v 53.910194 -10.016840 -4.875911
v 54.077152 -11.976659 -7.604691
v 54.411266 -9.894628 -5.107698
v 54.578434 -11.788916 -7.880403
v 54.662045 -9.831599 -5.222370
v 54.913017 -9.767326 -5.336193
v 55.080444 -11.595267 -8.151189
v 55.415607 -9.635158 -5.561192
v 55.583355 -11.396028 -8.416821
v 55.667271 -9.567324 -5.672317
v 55.919201 -9.498364 -5.782494
v 56.087318 -11.191537 -8.677085
v 56.423962 -9.357203 -5.999905
v 56.592499 -10.982155 -8.931767
v 56.676826 -9.285069 -6.107091
v 56.930050 -9.211949 -6.213234
v 57.099068 -10.768265 -9.180670
v 57.437634 -9.062899 -6.422298
v 57.607189 -10.550271 -9.423597
v 57.692039 -8.987047 -6.525173
v 57.946880 -8.910365 -6.626914
v 58.117027 -10.328603 -9.660368
v 58.457958 -8.754677 -6.826908
v 58.628754 -10.103708 -9.890804
v 58.714237 -8.675758 -6.925117
v 58.971039 -8.596184 -7.022108
v 59.142536 -9.876060 -10.114741
v 59.486290 -8.435252 -7.212348
v 59.658550 -9.646150 -10.332018
v 59.744781 -8.353992 -7.305558
v 60.003887 -8.272266 -7.397468
v 60.176968 -9.414496 -10.542485
v 60.524002 -8.107630 -7.577310
v 60.697964 -9.181637 -10.746001
v 60.785057 -8.024823 -7.665204
v 61.046810 -7.941763 -7.751723
v 61.221710 -8.948132 -10.942432
v 61.572491 -7.775104 -7.920560
v 61.748386 -8.714565 -11.131656
v 61.836460 -7.691620 -8.002843
v 62.101219 -7.608111 -8.083678
v 62.278168 -8.481541 -11.313553
v 62.633175 -7.441258 -8.240942
v 62.811241 -8.249686 -11.488017
v 62.900417 -7.358037 -8.317337
v 63.168537 -7.275038 -8.392218
v 63.347782 -8.019650 -11.654949
v 63.707493 -7.109962 -8.537378
v 63.887974 -7.792107 -11.814259
v 63.978374 -7.028018 -8.607627
v 64.431999 -7.567747 -11.965862
v 58.799778 -11.406910 -12.974776
v 64.796906 -6.785378 -8.808866
v 64.980049 -7.347288 -12.109686
v 65.071793 -6.705794 -8.872729
v 65.532295 -7.131469 -12.245667
v 59.831081 -10.811400 -13.469534
v 65.902893 -6.471951 -9.054479
v 66.088943 -6.921049 -12.373745
v 60.872231 -10.210528 -13.930346
v 69.260490 -5.662528 -9.618415
v 69.335503 -5.647437 -9.627977
v 69.410614 -5.632475 -9.637424
v 67.301308 -7.004270 -17.022070
v 73.717766 -5.089294 -16.639511
v 73.428055 -5.131220 -17.739870
v 73.589317 -5.110553 -17.746061
v 73.751038 -5.091459 -17.751720
v 29.843630 12.448555 5.393937
v 57.437634 -11.403599 -10.803797
v 62.366783 -8.901881 -12.933198
v 56.423962 -13.171552 -12.407008
v 55.247974 -12.685533 -9.961393
v 53.826736 -14.734596 -10.914425
v 52.701115 -13.884369 -8.476512
v 51.555374 -15.885249 -9.337918
v 50.314594 -14.795836 -6.903339
v 50.565052 -14.711019 -7.074583
v 48.855339 -16.978136 -7.293390
v 101.000000 5.000000 20.000000
v 101.000000 -5.000000 20.000000
v 101.000000 5.000000 -20.000000
v 101.000000 -5.000000 -20.000000
v 91.836853 5.000000 -8.502159
v 92.272041 5.000000 -8.948336
v 92.728928 5.000000 -9.372265
v 91.424446 5.000000 -8.034845
v 93.206375 5.000000 -9.772894
v 91.035843 5.000000 -7.547555
v 93.703201 5.000000 -10.149225
v 90.672012 5.000000 -7.041501
v 94.218170 5.000000 -10.500324
v 90.333862 5.000000 -6.517940
v 94.750000 5.000000 -10.825317
v 90.022232 5.000000 -5.978175
v 95.297363 5.000000 -11.123398
v 89.737892 5.000000 -5.423547
v 95.858910 5.000000 -11.393824
v 89.481544 5.000000 -4.855435
v 96.433235 5.000000 -11.635921
v 89.253845 5.000000 -4.275252
v 97.018913 5.000000 -11.849092
v 89.055344 5.000000 -3.684440
v 97.614494 5.000000 -12.032804
v 88.886536 5.000000 -3.084467
v 98.218491 5.000000 -12.186599
v 88.747841 5.000000 -2.476827
v 98.829399 5.000000 -12.310097
v 88.639618 5.000000 -1.863028
v 99.445702 5.000000 -12.402990
v 88.562119 5.000000 -1.244598
v 100.065872 5.000000 -12.465048
v 88.515541 5.000000 -0.623074
v 100.688370 5.000000 -12.496115
v 88.500000 5.000000 0.000000
v 101.311630 5.000000 -12.496115
v 101.996918 5.000000 -19.975138
v 101.934128 5.000000 -12.465048
v 102.991356 5.000000 -19.900616
v 102.554298 5.000000 -12.402990
v 103.980843 5.000000 -19.776617
v 103.170601 5.000000 -12.310097
v 104.962921 5.000000 -19.603449
v 103.781509 5.000000 -12.186599
v 105.935150 5.000000 -19.381546
v 104.385506 5.000000 -12.032804
v 106.895103 5.000000 -19.111456
v 104.981087 5.000000 -11.849092
v 107.840401 5.000000 -18.793852
v 105.566765 5.000000 -11.635921
v 108.768700 5.000000 -18.429523
v 106.141090 5.000000 -11.393824
v 109.677673 5.000000 -18.019377
v 106.702637 5.000000 -11.123398
v 110.565079 5.000000 -17.564432
v 89.737892 5.000000 5.423547
v 89.481544 5.000000 4.855435
v 89.253845 5.000000 4.275252
v 89.055344 5.000000 3.684440
v 88.886536 5.000000 3.084467
v 88.747841 5.000000 2.476827
v 88.639618 5.000000 1.863028
v 88.562119 5.000000 1.244598
v 88.515541 5.000000 0.623074
v 90.022232 5.000000 5.978175
v 107.250000 5.000000 -10.825317
v 111.428703 5.000000 -17.065817
v 90.333862 5.000000 6.517940
v 107.781830 5.000000 -10.500324
v 112.266403 5.000000 -16.524775
v 90.672012 5.000000 7.041501
v 108.296799 5.000000 -10.149225
v 113.076088 5.000000 -15.942650
v 91.035843 5.000000 7.547555
v 108.793625 5.000000 -9.772894
v 113.855751 5.000000 -15.320889
v 91.424446 5.000000 8.034845
v 109.271072 5.000000 -9.372265
v 114.603455 5.000000 -14.661037
v 91.836853 5.000000 8.502159
v 109.727959 5.000000 -8.948336
v 92.272041 5.000000 8.948336
v 115.317337 5.000000 -13.964736
v 110.163147 5.000000 -8.502159
v 92.728928 5.000000 9.372265
v 115.995621 5.000000 -13.233717
v 110.575554 5.000000 -8.034845
v 93.206375 5.000000 9.772894
v 93.703201 5.000000 10.149225
v 116.636627 5.000000 -12.469796
v 110.964157 5.000000 -7.547555
v 94.218170 5.000000 10.500324
v 117.238762 5.000000 -11.674873
v 111.327988 5.000000 -7.041501
v 94.750000 5.000000 10.825317
v 117.800522 5.000000 -10.850925
v 111.666138 5.000000 -6.517940
v 118.320511 5.000000 -10.000000
v 111.977768 5.000000 -5.978175
v 118.797440 5.000000 -9.124213
v 112.262108 5.000000 -5.423547
v 119.230118 5.000000 -8.225742
v 112.518456 5.000000 -4.855435
v 119.617477 5.000000 -7.306820
v 112.746155 5.000000 -4.275252
v 119.958549 5.000000 -6.369733
v 112.944656 5.000000 -3.684440
v 120.252487 5.000000 -5.416810
v 113.113464 5.000000 -3.084467
v 120.498558 5.000000 -4.450418
v 113.252159 5.000000 -2.476827
v 120.696152 5.000000 -3.472964
v 113.360382 5.000000 -1.863028
v 120.844788 5.000000 -2.486874
v 113.437881 5.000000 -1.244598
v 120.944077 5.000000 -1.494602
v 113.484459 5.000000 -0.623074
v 120.993782 5.000000 -0.498614
v 113.500000 5.000000 0.000000
v 101.311630 5.000000 12.496115
v 100.688370 5.000000 12.496115
v 100.065872 5.000000 12.465048
v 99.445702 5.000000 12.402990
v 98.829399 5.000000 12.310097
v 98.218491 5.000000 12.186599
v 97.614494 5.000000 12.032804
v 97.018913 5.000000 11.849092
v 96.433235 5.000000 11.635921
v 95.858910 5.000000 11.393824
v 95.297363 5.000000 11.123398
v 120.993782 5.000000 0.498614
v 113.484459 5.000000 0.623074
v 101.996918 5.000000 19.975138
v 101.934128 5.000000 12.465048
v 120.944077 5.000000 1.494602
v 113.437881 5.000000 1.244598
v 102.991356 5.000000 19.900616
v 102.554298 5.000000 12.402990
v 120.844788 5.000000 2.486874
v 113.360382 5.000000 1.863028
v 103.980843 5.000000 19.776617
v 103.170601 5.000000 12.310097
v 120.696152 5.000000 3.472964
v 113.252159 5.000000 2.476827
v 104.962921 5.000000 19.603449
v 103.781509 5.000000 12.186599
v 120.498558 5.000000 4.450418
v 113.113464 5.000000 3.084467
v 105.935150 5.000000 19.381546
v 104.385506 5.000000 12.032804
v 120.252487 5.000000 5.416810
v 112.944656 5.000000 3.684440
v 106.895103 5.000000 19.111456
v 104.981087 5.000000 11.849092
v 119.958549 5.000000 6.369733
v 112.746155 5.000000 4.275252
v 107.840401 5.000000 18.793852
v 105.566765 5.000000 11.635921
v 119.617477 5.000000 7.306820
v 112.518456 5.000000 4.855435
v 108.768700 5.000000 18.429523
v 106.141090 5.000000 11.393824
v 119.230118 5.000000 8.225742
v 112.262108 5.000000 5.423547
v 109.677673 5.000000 18.019377
v 106.702637 5.000000 11.123398
v 118.797440 5.000000 9.124213
v 111.977768 5.000000 5.978175
v 110.565079 5.000000 17.564432
v 107.250000 5.000000 10.825317
v 118.320511 5.000000 10.000000
v 111.666138 5.000000 6.517940
v 111.428703 5.000000 17.065817
v 107.781830 5.000000 10.500324
v 117.800522 5.000000 10.850925
v 111.327988 5.000000 7.041501
v 112.266403 5.000000 16.524775
v 108.296799 5.000000 10.149225
v 117.238762 5.000000 11.674873
v 110.964157 5.000000 7.547555
v 113.076088 5.000000 15.942650
v 108.793625 5.000000 9.772894
v 116.636627 5.000000 12.469796
v 110.575554 5.000000 8.034845
v 113.855751 5.000000 15.320889
v 109.271072 5.000000 9.372265
v 115.995621 5.000000 13.233717
v 110.163147 5.000000 8.502159
v 114.603455 5.000000 14.661037
v 109.727959 5.000000 8.948336
v 115.317337 5.000000 13.964736
v 92.272041 -5.000000 -8.948336
v 91.836853 -5.000000 -8.502159
v 92.728928 -5.000000 -9.372265
v 91.424446 -5.000000 -8.034845
v 93.206375 -5.000000 -9.772894
v 91.035843 -5.000000 -7.547555
v 93.703201 -5.000000 -10.149225
v 90.672012 -5.000000 -7.041501
v 94.218170 -5.000000 -10.500324
v 90.333862 -5.000000 -6.517940
v 94.750000 -5.000000 -10.825317
v 90.022232 -5.000000 -5.978175
v 95.297363 -5.000000 -11.123398
v 89.737892 -5.000000 -5.423547
v 95.858910 -5.000000 -11.393824
v 89.481544 -5.000000 -4.855435
v 96.433235 -5.000000 -11.635921
v 89.253845 -5.000000 -4.275252
v 97.018913 -5.000000 -11.849092
v 89.055344 -5.000000 -3.684440
v 97.614494 -5.000000 -12.032804
v 88.886536 -5.000000 -3.084467
v 98.218491 -5.000000 -12.186599
v 88.747841 -5.000000 -2.476827
v 98.829399 -5.000000 -12.310097
v 88.639618 -5.000000 -1.863028
v 99.445702 -5.000000 -12.402990
v 88.562119 -5.000000 -1.244598
v 100.065872 -5.000000 -12.465048
v 88.515541 -5.000000 -0.623074
v 100.688370 -5.000000 -12.496115
v 88.500000 -5.000000 0.000000
v 101.996918 -5.000000 -19.975138
v 101.311630 -5.000000 -12.496115
v 102.991356 -5.000000 -19.900616
v 101.934128 -5.000000 -12.465048
v 103.980843 -5.000000 -19.776617
v 102.554298 -5.000000 -12.402990
v 104.962921 -5.000000 -19.603449
v 103.170601 -5.000000 -12.310097
v 105.935150 -5.000000 -19.381546
v 103.781509 -5.000000 -12.186599
v 106.895103 -5.000000 -19.111456
v 104.385506 -5.000000 -12.032804
v 107.840401 -5.000000 -18.793852
v 104.981087 -5.000000 -11.849092
v 108.768700 -5.000000 -18.429523
v 105.566765 -5.000000 -11.635921
v 106.141090 -5.000000 -11.393824
v 109.677673 -5.000000 -18.019377
v 110.565079 -5.000000 -17.564432
v 106.702637 -5.000000 -11.123398
v 89.737892 -5.000000 5.423547
v 89.481544 -5.000000 4.855435
v 89.253845 -5.000000 4.275252
v 89.055344 -5.000000 3.684440
v 88.886536 -5.000000 3.084467
v 88.747841 -5.000000 2.476827
v 88.639618 -5.000000 1.863028
v 88.562119 -5.000000 1.244598
v 88.515541 -5.000000 0.623074
v 90.022232 -5.000000 5.978175
v 111.428703 -5.000000 -17.065817
v 107.250000 -5.000000 -10.825317
v 90.333862 -5.000000 6.517940
v 107.781830 -5.000000 -10.500324
v 112.266403 -5.000000 -16.524775
v 90.672012 -5.000000 7.041501
v 113.076088 -5.000000 -15.942650
v 108.296799 -5.000000 -10.149225
v 91.035843 -5.000000 7.547555
v 113.855751 -5.000000 -15.320889
v 108.793625 -5.000000 -9.772894
v 91.424446 -5.000000 8.034845
v 109.271072 -5.000000 -9.372265
v 114.603455 -5.000000 -14.661037
v 91.836853 -5.000000 8.502159
v 109.727959 -5.000000 -8.948336
v 92.272041 -5.000000 8.948336
v 115.317337 -5.000000 -13.964736
v 110.163147 -5.000000 -8.502159
v 92.728928 -5.000000 9.372265
v 115.995621 -5.000000 -13.233717
v 110.575554 -5.000000 -8.034845
v 93.206375 -5.000000 9.772894
v 93.703201 -5.000000 10.149225
v 116.636627 -5.000000 -12.469796
v 110.964157 -5.000000 -7.547555
v 94.218170 -5.000000 10.500324
v 117.238762 -5.000000 -11.674873
v 111.327988 -5.000000 -7.041501
v 94.750000 -5.000000 10.825317
v 117.800522 -5.000000 -10.850925
v 111.666138 -5.000000 -6.517940
v 118.320511 -5.000000 -10.000000
v 111.977768 -5.000000 -5.978175
v 118.797440 -5.000000 -9.124213
v 112.262108 -5.000000 -5.423547
v 119.230118 -5.000000 -8.225742
v 112.518456 -5.000000 -4.855435
v 119.617477 -5.000000 -7.306820
v 112.746155 -5.000000 -4.275252
v 119.958549 -5.000000 -6.369733
v 112.944656 -5.000000 -3.684440
v 120.252487 -5.000000 -5.416810
v 113.113464 -5.000000 -3.084467
v 120.498558 -5.000000 -4.450418
v 113.252159 -5.000000 -2.476827
v 120.696152 -5.000000 -3.472964
v 113.360382 -5.000000 -1.863028
v 120.844788 -5.000000 -2.486874
v 113.437881 -5.000000 -1.244598
v 120.944077 -5.000000 -1.494602
v 113.484459 -5.000000 -0.623074
v 120.993782 -5.000000 -0.498614
v 113.500000 -5.000000 0.000000
v 101.311630 -5.000000 12.496115
v 100.688370 -5.000000 12.496115
v 100.065872 -5.000000 12.465048
v 99.445702 -5.000000 12.402990
v 98.829399 -5.000000 12.310097
v 98.218491 -5.000000 12.186599
v 97.614494 -5.000000 12.032804
v 97.018913 -5.000000 11.849092
v 96.433235 -5.000000 11.635921
v 95.858910 -5.000000 11.393824
v 95.297363 -5.000000 11.123398
v 120.993782 -5.000000 0.498614
v 113.484459 -5.000000 0.623074
v 101.996918 -5.000000 19.975138
v 101.934128 -5.000000 12.465048
v 120.944077 -5.000000 1.494602
v 113.437881 -5.000000 1.244598
v 102.991356 -5.000000 19.900616
v 102.554298 -5.000000 12.402990
v 120.844788 -5.000000 2.486874
v 113.360382 -5.000000 1.863028
v 103.980843 -5.000000 19.776617
v 103.170601 -5.000000 12.310097
v 120.696152 -5.000000 3.472964
v 113.252159 -5.000000 2.476827
v 104.962921 -5.000000 19.603449
v 103.781509 -5.000000 12.186599
v 120.498558 -5.000000 4.450418
v 113.113464 -5.000000 3.084467
v 105.935150 -5.000000 19.381546
v 104.385506 -5.000000 12.032804
v 120.252487 -5.000000 5.416810
v 112.944656 -5.000000 3.684440
v 106.895103 -5.000000 19.111456
v 104.981087 -5.000000 11.849092
v 119.958549 -5.000000 6.369733
v 112.746155 -5.000000 4.275252
v 107.840401 -5.000000 18.793852
v 105.566765 -5.000000 11.635921
v 119.617477 -5.000000 7.306820
v 112.518456 -5.000000 4.855435
v 108.768700 -5.000000 18.429523
v 106.141090 -5.000000 11.393824
v 119.230118 -5.000000 8.225742
v 112.262108 -5.000000 5.423547
v 109.677673 -5.000000 18.019377
v 106.702637 -5.000000 11.123398
v 118.797440 -5.000000 9.124213
v 111.977768 -5.000000 5.978175
v 110.565079 -5.000000 17.564432
v 107.250000 -5.000000 10.825317
v 118.320511 -5.000000 10.000000
v 111.666138 -5.000000 6.517940
v 107.781830 -5.000000 10.500324
v 111.428703 -5.000000 17.065817
v 117.800522 -5.000000 10.850925
v 111.327988 -5.000000 7.041501
v 112.266403 -5.000000 16.524775
v 108.296799 -5.000000 10.149225
v 117.238762 -5.000000 11.674873
v 110.964157 -5.000000 7.547555
v 113.076088 -5.000000 15.942650
v 108.793625 -5.000000 9.772894
v 116.636627 -5.000000 12.469796
v 110.575554 -5.000000 8.034845
v 109.271072 -5.000000 9.372265
v 113.855751 -5.000000 15.320889
v 115.995621 -5.000000 13.233717
v 110.163147 -5.000000 8.502159
v 114.603455 -5.000000 14.661037
v 109.727959 -5.000000 8.948336
v 115.317337 -5.000000 13.964736
vn -0.024931 0.999689 0.000000
vn -0.024931 0.999689 0.000000
vn -0.074729 0.997204 0.000000
vn -0.074729 0.997204 0.000000
vn -0.124343 0.992239 0.000000
vn -0.124343 0.992239 0.000000
vn -0.173650 0.984808 0.000000
vn -0.173650 0.984808 0.000000
vn -0.222520 0.974928 0.000000
vn -0.222520 0.974928 0.000000
vn -0.270841 0.962624 0.000000
vn -0.270841 0.962624 0.000000
vn -0.318487 0.947927 0.000000
vn -0.318487 0.947927 0.000000
vn -0.365341 0.930874 0.000000
vn -0.365341 0.930874 0.000000
vn -0.411287 0.911506 0.000000
vn -0.456210 0.889872 0.000000
vn -0.411287 0.911506 0.000000
vn -0.500001 0.866025 0.000000
vn -0.456210 0.889872 0.000000
vn -0.542546 0.840026 0.000000
vn -0.500001 0.866025 0.000000
vn -0.542546 0.840026 0.000000
vn -0.583743 0.811938 0.000000
vn -0.583743 0.811938 0.000000
vn -0.623490 0.781831 0.000000
vn -0.623490 0.781831 0.000000
vn -0.661686 0.749781 0.000000
vn -0.661686 0.749781 0.000000
vn -0.698237 0.715867 0.000000
vn -0.698237 0.715867 0.000000
vn -0.733052 0.680173 0.000000
vn -0.766044 0.642788 0.000000
vn -0.733052 0.680173 0.000000
vn -0.766044 0.642788 0.000000
vn -0.797133 0.603804 0.000000
vn -0.797133 0.603804 0.000000
vn -0.826239 0.563320 0.000000
vn -0.826239 0.563320 0.000000
vn -0.853290 0.521436 0.000000
vn -0.853290 0.521436 0.000000
vn -0.878222 0.478253 0.000000
vn -0.878222 0.478253 0.000000
vn -0.900968 0.433885 0.000000
vn -0.900968 0.433885 0.000000
vn -0.921476 0.388434 0.000000
vn -0.921476 0.388434 0.000000
vn -0.939693 0.342020 0.000000
vn -0.939693 0.342020 0.000000
vn -0.955573 0.294755 0.000000
vn -0.955573 0.294755 0.000000
vn -0.969077 0.246757 0.000000
vn -0.969077 0.246757 0.000000
vn -0.980172 0.198147 0.000000
vn -0.980172 0.198147 0.000000
vn -0.988831 0.149041 0.000000
vn -0.988831 0.149041 0.000000
vn -0.995031 0.099569 0.000000
vn -0.995031 0.099569 0.000000
vn -0.998757 0.049846 0.000000
vn -0.998757 0.049846 0.000000
vn -1.000000 -0.000000 0.000000
vn -1.000000 0.000000 0.000000
vn -0.998757 -0.049846 0.000000
vn -0.995031 -0.099569 -0.000000
vn -0.998757 -0.049846 0.000000
vn -0.995031 -0.099569 0.000000
vn -0.988831 -0.149041 0.000000
vn -0.988831 -0.149041 0.000000
vn -0.980172 -0.198147 0.000000
vn -0.980172 -0.198147 0.000000
vn -0.969077 -0.246757 0.000000
vn -0.969077 -0.246757 0.000000
vn -0.955573 -0.294755 0.000000
vn -0.955573 -0.294755 0.000000
vn -0.939693 -0.342020 0.000000
vn -0.921476 -0.388434 -0.000000
vn -0.939693 -0.342020 0.000000
vn -0.900968 -0.433885 -0.000000
vn -0.921476 -0.388434 0.000000
vn -0.900968 -0.433885 0.000000
vn -0.878222 -0.478253 0.000000
vn -0.878222 -0.478253 0.000000
vn -0.853290 -0.521436 0.000000
vn -0.853290 -0.521436 0.000000
vn -0.826239 -0.563320 -0.000000
vn -0.826239 -0.563320 0.000000
vn -0.797133 -0.603804 0.000000
vn -0.797133 -0.603804 0.000000
vn -0.766044 -0.642788 -0.000000
vn -0.766044 -0.642788 0.000000
vn -0.733052 -0.680173 0.000000
vn -0.733052 -0.680173 0.000000
vn -0.698237 -0.715867 -0.000000
vn -0.698237 -0.715867 0.000000
vn -0.661686 -0.749781 -0.000000
vn -0.661686 -0.749781 0.000000
vn -0.623490 -0.781831 0.000000
vn -0.623490 -0.781831 0.000000
vn -0.583743 -0.811938 -0.000000
vn -0.583743 -0.811938 0.000000
vn -0.542546 -0.840026 0.000000
vn -0.542546 -0.840026 0.000000
vn -0.500001 -0.866025 0.000000
vn -0.500001 -0.866025 0.000000
vn -0.456210 -0.889872 0.000000
vn -0.456210 -0.889872 0.000000
vn -0.411287 -0.911506 -0.000000
vn -0.411287 -0.911506 0.000000
vn -0.365341 -0.930874 0.000000
vn -0.365341 -0.930874 0.000000
vn -0.318487 -0.947927 -0.000000
vn -0.270841 -0.962624 -0.000000
vn -0.318487 -0.947927 0.000000
vn -0.222520 -0.974928 -0.000000
vn -0.270841 -0.962624 0.000000
vn -0.173650 -0.984808 -0.000000
vn -0.222520 -0.974928 0.000000
vn -0.173650 -0.984808 0.000000
vn -0.124343 -0.992239 0.000000
vn -0.124343 -0.992239 0.000000
vn -0.074729 -0.997204 0.000000
vn -0.074729 -0.997204 0.000000
vn -0.024931 -0.999689 0.000000
vn -0.024931 -0.999689 0.000000
vn 0.000000 1.000000 0.000000
vn 0.000000 1.000000 -0.000000
vn 0.000000 -1.000000 0.000000
vn 0.000000 -1.000000 0.000000
vn 0.000000 0.000000 -1.000000
vn 0.000000 0.000000 -1.000000
vn 0.000000 0.000000 -1.000000
vn 0.000000 -0.000000 -1.000000
vn 0.000000 0.000000 -1.000000
vn 0.000000 0.000000 -1.000000
vn 0.000000 0.000000 -1.000000
vn 0.000000 0.000000 -1.000000
vn 0.000000 -0.000000 -1.000000
vn 0.000000 0.000000 -1.000000
vn 0.000000 0.000000 -1.000000
vn 0.000000 0.000000 -1.000000
vn 0.000000 -0.000000 -1.000000
vn 0.000000 0.000000 -1.000000
vn 0.000000 0.000000 -1.000000
vn 0.000000 0.000000 -1.000000
vn 0.000000 -0.000000 -1.000000
vn 0.000000 0.000000 -1.000000
vn 0.000000 0.000000 -1.000000
vn 0.000000 0.000000 -1.000000
vn 0.000000 -0.000000 -1.000000
vn 0.000000 0.000000 -1.000000
vn 0.000000 0.000000 -1.000000
vn 0.000000 0.000000 -1.000000
vn 0.000000 -0.000000 -1.000000
vn 0.000000 0.000000 -1.000000
vn 0.000000 0.000000 -1.000000
vn 0.000000 -0.000000 -1.000000
vn 0.000000 0.000000 -1.000000
vn 0.000000 0.000000 -1.000000
vn 0.000000 0.000000 -1.000000
vn 0.000000 -0.000000 -1.000000
vn 0.000000 0.000000 -1.000000
vn 0.000000 0.000000 -1.000000
vn 0.000000 0.000000 -1.000000
vn 0.000000 0.000000 -1.000000
vn 0.000000 -0.000000 -1.000000
vn 0.000000 0.000000 -1.000000
vn 0.000000 0.000000 -1.000000
vn 0.000000 -0.000000 -1.000000
vn 0.000000 0.000000 -1.000000
vn 0.000000 0.000000 -1.000000
vn 0.000000 0.000000 -1.000000
vn 0.000000 -0.000000 -1.000000
vn 0.000000 0.000000 -1.000000
vn 0.000000 0.000000 -1.000000
vn 0.000000 0.000000 -1.000000
vn 0.000000 0.000000 -1.000000
vn 0.000000 -0.000000 -1.000000
vn 0.000000 0.000000 -1.000000
vn 0.000000 0.000000 -1.000000
vn 0.000000 0.000000 -1.000000
vn 0.000000 -0.000000 -1.000000
vn 0.000000 0.000000 -1.000000
vn 0.000000 0.000000 -1.000000
vn 0.000000 -0.000000 -1.000000
vn 0.000000 0.000000 -1.000000
vn 0.000000 0.000000 -1.000000
vn 0.000000 0.000000 -1.000000
vn 0.000000 -0.000000 -1.000000
vn 0.000000 0.000000 -1.000000
vn 0.000000 0.000000 -1.000000
vn 0.000000 0.000000 -1.000000
vn 0.000000 0.000000 -1.000000
vn 0.000000 0.000000 -1.000000
vn 0.000000 -0.000000 -1.000000
vn 0.000000 -0.000000 -1.000000
vn 0.000000 0.000000 -1.000000
vn 0.000000 -0.000000 -1.000000
vn 0.000000 -0.000000 -1.000000
vn 0.000000 -0.000000 -1.000000
vn 0.000000 0.000000 -1.000000
vn 0.000000 -0.000000 -1.000000
vn 0.000000 -0.000000 -1.000000
vn 0.000000 0.000000 -1.000000
vn 0.000000 -0.000000 -1.000000
vn 0.000000 -0.000000 -1.000000
vn 0.000000 0.000000 -1.000000
vn 0.000000 -0.000000 -1.000000
vn 0.000000 0.000000 -1.000000
vn 0.000000 -0.000000 -1.000000
vn 0.000000 -0.000000 -1.000000
vn 0.000000 -0.000000 -1.000000
vn 0.000000 0.000000 -1.000000
vn 0.000000 -0.000000 -1.000000
vn 0.000000 0.000000 -1.000000
vn 0.000000 -0.000000 -1.000000
vn 0.000000 -0.000000 -1.000000
vn 0.000000 -0.000000 -1.000000
vn 0.000000 0.000000 -1.000000
vn 0.000000 -0.000000 -1.000000
vn 0.000000 -0.000000 -1.000000
vn 0.000000 0.000000 -1.000000
vn 0.000000 -0.000000 -1.000000
vn 0.000000 -0.000000 -1.000000
vn 0.000000 0.000000 -1.000000
vn 0.000000 -0.000000 -1.000000
vn 0.000000 0.000000 -1.000000
vn 0.000000 -0.000000 -1.000000
vn 0.000000 0.000000 -1.000000
vn 0.000000 -0.000000 -1.000000
vn 0.000000 0.000000 -1.000000
vn 0.000000 0.000000 -1.000000
vn 0.000000 0.000000 -1.000000
vn 0.000000 0.000000 -1.000000
vn 0.000000 0.000000 -1.000000
vn 0.000000 0.000000 -1.000000
vn 0.000000 0.000000 -1.000000
vn 0.000000 0.000000 -1.000000
vn 0.000000 0.000000 -1.000000
vn 0.000000 0.000000 -1.000000
vn 0.000000 -0.000000 -1.000000
vn 0.000000 -0.000000 -1.000000
vn 0.000000 -0.000000 -1.000000
vn 0.000000 -0.000000 -1.000000
vn 0.000000 -0.000000 -1.000000
vn 0.000000 -0.000000 -1.000000
vn 0.000000 -0.000000 -1.000000
vn 0.000000 -0.000000 -1.000000
vn 0.000000 -0.000000 -1.000000
vn 0.000000 -0.000000 -1.000000
vn 0.000000 -0.000000 -1.000000
vn 0.000000 -0.000000 -1.000000
vn 0.000000 0.000000 -1.000000
vn 0.000000 0.000000 -1.000000
vn 0.000000 0.000000 -1.000000
vn 0.000000 0.000000 -1.000000
vn 0.000000 0.000000 -1.000000
vn 0.000000 0.000000 -1.000000
vn 0.000000 0.000000 -1.000000
vn 0.000000 0.000000 -1.000000
vn 0.000000 0.000000 -1.000000
vn 0.000000 0.000000 -1.000000
vn 0.000000 0.000000 -1.000000
vn 0.000000 0.000000 -1.000000
vn 0.000000 0.000000 -1.000000
vn 0.000000 0.000000 -1.000000
vn 0.000000 0.000000 -1.000000
vn 0.000000 0.000000 -1.000000
vn 0.000000 0.000000 -1.000000
vn 0.000000 0.000000 -1.000000
vn 0.000000 0.000000 -1.000000
vn 0.000000 0.000000 -1.000000
vn 0.000000 0.000000 -1.000000
vn 0.000000 0.000000 -1.000000
vn 0.000000 0.000000 -1.000000
vn 0.000000 0.000000 -1.000000
vn 0.000000 0.000000 -1.000000
vn 0.000000 0.000000 -1.000000
vn 0.000000 0.000000 -1.000000
vn 0.000000 0.000000 -1.000000
vn 0.000000 0.000000 -1.000000
vn 0.000000 0.000000 -1.000000
vn 0.000000 0.000000 -1.000000
vn 0.000000 0.000000 -1.000000
vn 0.000000 0.000000 -1.000000
vn 0.000000 0.000000 -1.000000
vn 0.000000 0.000000 -1.000000
vn 0.000000 0.000000 -1.000000
vn 0.000000 0.000000 -1.000000
vn 0.000000 0.000000 -1.000000
vn 0.000000 0.000000 -1.000000
vn 0.000000 0.000000 -1.000000
vn 0.000000 0.000000 -1.000000
vn 0.000000 0.000000 -1.000000
vn 0.000000 0.000000 -1.000000
vn 0.000000 0.000000 -1.000000
vn 0.000000 0.000000 -1.000000
vn 0.000000 0.000000 -1.000000
vn 0.000000 0.000000 -1.000000
vn 0.000000 0.000000 -1.000000
vn 0.000000 0.000000 -1.000000
vn 0.000000 0.000000 -1.000000
vn 0.000000 0.000000 -1.000000
vn 0.000000 0.000000 -1.000000
vn 0.000000 0.000000 -1.000000
vn 0.000000 0.000000 -1.000000
vn 0.000000 0.000000 -1.000000
vn 0.000000 0.000000 -1.000000
vn 0.000000 0.000000 -1.000000
vn 0.000000 0.000000 -1.000000
vn 0.000000 0.000000 -1.000000
vn 0.000000 0.000000 -1.000000
vn 0.000000 0.000000 -1.000000
vn 0.000000 0.000000 -1.000000
vn 0.000000 0.000000 -1.000000
vn 0.000000 0.000000 -1.000000
vn 0.000000 0.000000 -1.000000
vn 0.000000 0.000000 -1.000000
vn 0.000000 0.000000 -1.000000
vn 0.000000 0.000000 -1.000000
vn 0.000000 0.000000 -1.000000
vn 0.000000 0.000000 1.000000
vn 0.000000 0.000000 1.000000
vn 0.000000 0.000000 1.000000
vn 0.000000 0.000000 1.000000
vn 0.000000 0.000000 1.000000
vn 0.000000 0.000000 1.000000
vn 0.000000 0.000000 1.000000
vn 0.000000 0.000000 1.000000
vn 0.000000 0.000000 1.000000
vn 0.000000 0.000000 1.000000
vn 0.000000 0.000000 1.000000
vn 0.000000 0.000000 1.000000
vn 0.000000 0.000000 1.000000
vn 0.000000 0.000000 1.000000
vn 0.000000 0.000000 1.000000
vn 0.000000 0.000000 1.000000
vn 0.000000 0.000000 1.000000
vn 0.000000 0.000000 1.000000
vn 0.000000 0.000000 1.000000
vn 0.000000 0.000000 1.000000
vn 0.000000 0.000000 1.000000
vn 0.000000 0.000000 1.000000
vn 0.000000 0.000000 1.000000
vn 0.000000 0.000000 1.000000
vn 0.000000 0.000000 1.000000
vn 0.000000 0.000000 1.000000
vn 0.000000 0.000000 1.000000
vn 0.000000 0.000000 1.000000
vn 0.000000 0.000000 1.000000
vn 0.000000 0.000000 1.000000
vn 0.000000 0.000000 1.000000
vn 0.000000 0.000000 1.000000
vn 0.000000 0.000000 1.000000
vn 0.000000 0.000000 1.000000
vn 0.000000 0.000000 1.000000
vn 0.000000 0.000000 1.000000
vn 0.000000 0.000000 1.000000
vn 0.000000 0.000000 1.000000
vn 0.000000 0.000000 1.000000
vn 0.000000 0.000000 1.000000
vn 0.000000 0.000000 1.000000
vn 0.000000 0.000000 1.000000
vn 0.000000 0.000000 1.000000
vn 0.000000 0.000000 1.000000
vn 0.000000 0.000000 1.000000
vn 0.000000 0.000000 1.000000
vn 0.000000 0.000000 1.000000
vn 0.000000 0.000000 1.000000
vn 0.000000 0.000000 1.000000
vn 0.000000 0.000000 1.000000
vn 0.000000 0.000000 1.000000
vn 0.000000 0.000000 1.000000
vn 0.000000 0.000000 1.000000
vn 0.000000 0.000000 1.000000
vn 0.000000 0.000000 1.000000
vn 0.000000 0.000000 1.000000
vn 0.000000 0.000000 1.000000
vn 0.000000 0.000000 1.000000
vn 0.000000 0.000000 1.000000
vn 0.000000 0.000000 1.000000
vn 0.000000 0.000000 1.000000
vn 0.000000 0.000000 1.000000
vn 0.000000 0.000000 1.000000
vn 0.000000 0.000000 1.000000
vn 0.000000 0.000000 1.000000
vn 0.000000 0.000000 1.000000
vn 0.000000 0.000000 1.000000
vn 0.000000 0.000000 1.000000
vn 0.000000 0.000000 1.000000
vn 0.000000 0.000000 1.000000
vn 0.000000 0.000000 1.000000
vn 0.000000 0.000000 1.000000
vn 0.000000 0.000000 1.000000
vn 0.000000 0.000000 1.000000
vn 0.000000 0.000000 1.000000
vn 0.000000 0.000000 1.000000
vn 0.000000 0.000000 1.000000
vn 0.000000 0.000000 1.000000
vn 0.000000 0.000000 1.000000
vn 0.000000 0.000000 1.000000
vn 0.000000 0.000000 1.000000
vn 0.000000 0.000000 1.000000
vn 0.000000 0.000000 1.000000
vn 0.000000 0.000000 1.000000
vn 0.000000 0.000000 1.000000
vn 0.000000 0.000000 1.000000
vn 0.000000 0.000000 1.000000
vn 0.000000 0.000000 1.000000
vn 0.000000 0.000000 1.000000
vn 0.000000 0.000000 1.000000
vn 0.000000 0.000000 1.000000
vn 0.000000 0.000000 1.000000
vn 0.000000 0.000000 1.000000
vn 0.000000 0.000000 1.000000
vn 0.000000 0.000000 1.000000
vn 0.000000 0.000000 1.000000
vn 0.000000 0.000000 1.000000
vn 0.000000 0.000000 1.000000
vn 0.000000 0.000000 1.000000
vn 0.000000 0.000000 1.000000
vn 0.000000 0.000000 1.000000
vn 0.000000 0.000000 1.000000
vn 0.000000 0.000000 1.000000
vn 0.000000 0.000000 1.000000
vn 0.000000 0.000000 1.000000
vn 0.000000 0.000000 1.000000
vn 0.000000 0.000000 1.000000
vn 0.000000 0.000000 1.000000
vn 0.000000 0.000000 1.000000
vn 0.000000 0.000000 1.000000
vn 0.000000 0.000000 1.000000
vn 0.000000 0.000000 1.000000
vn 0.000000 0.000000 1.000000
vn 0.000000 0.000000 1.000000
vn 0.000000 0.000000 1.000000
vn 0.000000 0.000000 1.000000
vn 0.000000 0.000000 1.000000
vn 0.000000 0.000000 1.000000
vn 0.000000 0.000000 1.000000
vn 0.000000 0.000000 1.000000
vn 0.000000 0.000000 1.000000
vn 0.000000 0.000000 1.000000
vn 0.000000 0.000000 1.000000
vn 0.000000 0.000000 1.000000
vn 0.000000 0.000000 1.000000
vn 0.000000 0.000000 1.000000
vn 0.000000 0.000000 1.000000
vn 0.000000 0.000000 1.000000
vn 0.000000 0.000000 1.000000
vn 0.000000 0.000000 1.000000
vn 0.000000 0.000000 1.000000
vn 0.000000 0.000000 1.000000
vn 0.000000 0.000000 1.000000
vn 0.000000 0.000000 1.000000
vn 0.000000 0.000000 1.000000
vn 0.000000 0.000000 1.000000
vn 0.000000 0.000000 1.000000
vn 0.000000 0.000000 1.000000
vn 0.000000 0.000000 1.000000
vn 0.000000 0.000000 1.000000
vn 0.000000 0.000000 1.000000
vn 0.000000 0.000000 1.000000
vn 0.000000 0.000000 1.000000
vn 0.000000 0.000000 1.000000
vn 0.000000 0.000000 1.000000
vn 0.000000 0.000000 1.000000
vn 0.000000 0.000000 1.000000
vn 0.000000 0.000000 1.000000
vn 0.000000 0.000000 1.000000
vn 0.000000 0.000000 1.000000
vn 0.000000 0.000000 1.000000
vn 0.000000 0.000000 1.000000
vn 0.000000 0.000000 1.000000
vn 0.000000 0.000000 1.000000
vn 0.000000 0.000000 1.000000
vn 0.000000 0.000000 1.000000
vn 0.000000 0.000000 1.000000
vn 0.000000 0.000000 1.000000
vn 0.000000 0.000000 1.000000
vn 0.000000 0.000000 1.000000
vn 0.000000 0.000000 1.000000
vn 0.000000 0.000000 1.000000
vn 0.000000 0.000000 1.000000
vn 0.000000 0.000000 1.000000
vn 0.000000 0.000000 1.000000
vn 0.000000 0.000000 1.000000
vn 0.000000 0.000000 1.000000
vn 0.000000 0.000000 1.000000
vn 0.000000 0.000000 1.000000
vn 0.000000 0.000000 1.000000
vn 0.000000 0.000000 1.000000
vn 0.000000 0.000000 1.000000
vn 0.000000 0.000000 1.000000
vn 0.000000 0.000000 1.000000
vn 0.000000 0.000000 1.000000
vn 0.000000 0.000000 1.000000
vn 0.000000 0.000000 1.000000
vn 0.000000 0.000000 1.000000
vn 0.000000 0.000000 1.000000
vn 0.000000 0.000000 1.000000
vn 0.000000 0.000000 1.000000
vn 0.000000 0.000000 1.000000
vn 0.000000 0.000000 1.000000
vn 0.000000 0.000000 1.000000
vn 0.000000 0.000000 1.000000
vn 0.000000 0.000000 1.000000
vn 0.000000 0.000000 1.000000
vn 0.000000 0.000000 1.000000
vn 0.000000 0.000000 1.000000
vn 0.000000 0.000000 1.000000
vn 0.000000 0.000000 1.000000
vn 0.000000 0.000000 1.000000
vn 0.045248 0.997383 0.056390
vn 0.053241 0.996669 0.061772
vn 0.061842 0.995886 0.066227
vn 0.071158 0.995027 0.069700
vn 0.083045 0.993903 0.072535
vn 0.099265 0.992323 0.073767
vn -0.006703 0.996589 0.082250
vn 0.110370 0.989724 0.090910
vn -0.002374 0.996609 0.082252
vn -0.002374 0.996609 0.082251
vn -0.118515 0.988823 0.090464
vn -0.006075 0.994942 0.100265
vn -0.006075 0.994942 0.100266
vn 0.120828 0.986633 0.109346
vn -0.001113 0.994960 0.100268
vn -0.001113 0.994960 0.100267
vn -0.127201 0.985886 0.108855
vn -0.005561 0.992810 0.119569
vn -0.005561 0.992810 0.119569
vn 0.000033 0.992826 0.119571
vn 0.130609 0.983012 0.128950
vn 0.000033 0.992826 0.119571
vn -0.135475 0.982423 0.128420
vn -0.005170 0.990132 0.140040
vn -0.005170 0.990132 0.140040
vn 0.001033 0.990145 0.140042
vn 0.139713 0.978826 0.149601
vn 0.001033 0.990145 0.140042
vn -0.143354 0.978385 0.149038
vn -0.004927 0.986851 0.161561
vn -0.004927 0.986851 0.161560
vn 0.149342 0.973143 0.175184
vn -0.151945 0.972921 0.174177
vn 0.003082 0.986858 0.161561
vn 0.003082 0.986858 0.161562
vn -0.006005 0.981437 0.191690
vn -0.006004 0.981437 0.191690
vn 0.159983 0.965060 0.207520
vn 0.004810 0.981443 0.191691
vn -0.161722 0.965061 0.206164
vn 0.004810 0.981443 0.191692
vn -0.006894 0.973812 0.227251
vn -0.006894 0.973812 0.227252
vn 0.170154 0.954993 0.242972
vn 0.005853 0.973818 0.227253
vn 0.005853 0.973818 0.227253
vn -0.171290 0.955159 0.241519
vn -0.007283 0.964431 0.264235
vn -0.007283 0.964431 0.264235
vn 0.179273 0.943245 0.279552
vn 0.006760 0.964434 0.264236
vn 0.006761 0.964434 0.264236
vn -0.179901 0.943579 0.278018
vn -0.007638 0.953181 0.302304
vn -0.007638 0.953181 0.302304
vn -0.019594 0.228691 0.973302
vn -0.184651 0.207234 0.960707
vn -0.007191 0.228729 0.973464
vn -0.007191 0.228730 0.973463
vn 0.156602 0.207006 0.965725
vn -0.021794 0.191477 0.981255
vn -0.021794 0.191477 0.981255
vn -0.174694 0.171894 0.969502
vn -0.010506 0.191512 0.981434
vn -0.010506 0.191512 0.981434
vn 0.142267 0.171640 0.974833
vn -0.022817 0.156245 0.987455
vn -0.022818 0.156244 0.987455
vn -0.162161 0.138627 0.976978
vn -0.012639 0.156272 0.987633
vn -0.012638 0.156273 0.987633
vn 0.127748 0.138269 0.982121
vn -0.022502 0.123423 0.992099
vn -0.022502 0.123424 0.992099
vn -0.147810 0.109133 0.982976
vn -0.013856 0.123443 0.992255
vn -0.013856 0.123443 0.992255
vn 0.113941 0.108841 0.987507
vn -0.020590 0.096309 0.995138
vn -0.020591 0.096309 0.995139
vn -0.132741 0.084818 0.987515
vn -0.013667 0.096320 0.995257
vn -0.013667 0.096320 0.995257
vn 0.101447 0.084559 0.991241
vn -0.018026 0.074147 0.997084
vn -0.018026 0.074147 0.997084
vn -0.117496 0.064982 0.990945
vn -0.012516 0.074153 0.997168
vn 0.024933 0.999299 0.027914
vn 0.032945 0.998993 0.030475
vn 0.041561 0.998607 0.032508
vn 0.011153 0.999551 0.027795
vn -0.078741 0.996293 0.034651
vn -0.056470 0.995774 0.072425
vn -0.044921 0.998398 0.034416
vn -0.085266 0.995598 0.038928
vn -0.089313 0.995259 0.038496
vn -0.092302 0.995027 0.037425
vn -0.093841 0.994928 0.036235
vn -0.061411 0.994731 0.082096
vn 0.016039 0.999436 0.029492
vn -0.027201 0.930827 0.364446
vn -0.036171 0.933518 0.356702
vn -0.068501 0.950970 0.301603
vn 0.000435 0.928619 0.371034
vn -0.015116 0.929178 0.369323
vn -0.229735 0.901553 0.366638
vn -0.201679 0.910096 0.362011
vn 0.000840 0.920489 0.390767
vn -0.099434 0.920373 0.378189
vn -0.100108 0.919990 0.378941
vn 0.001329 0.911845 0.410532
vn -0.100556 0.911952 0.397783
vn -0.082379 0.922151 0.377957
vn -0.207501 0.892669 0.400106
vn -0.106122 0.902412 0.417602
vn -0.106122 0.902411 0.417602
vn 0.001914 0.902685 0.430297
vn -0.097592 0.903204 0.417968
vn -0.097593 0.903204 0.417969
vn -0.194715 0.886161 0.420480
vn 0.002591 0.893009 0.450032
vn -0.102248 0.893630 0.437002
vn -0.119796 0.882453 0.454890
vn -0.107758 0.883044 0.456752
vn -0.107759 0.883043 0.456752
vn 0.003361 0.882816 0.469707
vn -0.098661 0.883882 0.457186
vn -0.098661 0.883882 0.457186
vn 0.004226 0.872109 0.489293
vn -0.103207 0.873328 0.476073
vn -0.215798 0.852475 0.476149
vn -0.083294 0.885803 0.456525
vn -0.108663 0.861704 0.495640
vn -0.108664 0.861704 0.495640
vn 0.005169 0.860890 0.508765
vn -0.099042 0.862575 0.496140
vn -0.099043 0.862574 0.496141
vn -0.037149 0.925759 0.376285
vn -0.057986 0.921863 0.383153
vn 0.158092 0.921119 0.355735
vn 0.186708 0.911860 0.365583
vn 0.001174 0.928959 0.370180
vn 0.124582 0.945783 0.299958
vn -0.017222 0.928157 0.371790
vn 0.006196 0.849162 0.528096
vn -0.218393 0.829707 0.513703
vn -0.103486 0.851052 0.514782
vn -0.082854 0.864620 0.495547
vn 0.102156 0.920150 0.378005
vn 0.001611 0.920857 0.389898
vn 0.101343 0.919841 0.378974
vn -0.108891 0.838405 0.534059
vn -0.108891 0.838405 0.534060
vn 0.007278 0.836930 0.547262
vn -0.098819 0.839292 0.534625
vn -0.098818 0.839292 0.534624
vn 0.193293 0.894168 0.403857
vn 0.002131 0.912240 0.409650
vn 0.103382 0.911306 0.398539
vn 0.119840 0.917540 0.379156
vn 0.100857 0.902909 0.417832
vn 0.100858 0.902909 0.417832
vn 0.008416 0.824198 0.566239
vn -0.103179 0.826816 0.552928
vn -0.081923 0.841438 0.534107
vn -0.220090 0.805162 0.550703
vn 0.110819 0.901947 0.417386
vn 0.002746 0.903109 0.429403
vn 0.110819 0.901946 0.417387
vn -0.108541 0.813168 0.571819
vn -0.108541 0.813168 0.571819
vn 0.009584 0.810973 0.585005
vn -0.098096 0.814055 0.572443
vn -0.098096 0.814055 0.572443
vn 0.107425 0.892702 0.437657
vn 0.124651 0.899786 0.418148
vn 0.199509 0.874526 0.442042
vn 0.003454 0.893461 0.449127
vn 0.104740 0.883330 0.456900
vn 0.104739 0.883330 0.456900
vn -0.080621 0.816276 0.572009
vn -0.102407 0.800645 0.590322
vn 0.010770 0.797263 0.603537
vn -0.221020 0.778850 0.586978
vn 0.004251 0.883297 0.468794
vn 0.115079 0.882314 0.456375
vn 0.115079 0.882315 0.456375
vn -0.107757 0.786021 0.608736
vn -0.107757 0.786021 0.608736
vn -0.097015 0.786895 0.609413
vn -0.097015 0.786895 0.609413
vn 0.011950 0.783073 0.621815
vn 0.205412 0.852936 0.479902
vn 0.129371 0.879996 0.457024
vn 0.111479 0.872049 0.476554
vn 0.005142 0.872618 0.488375
vn 0.108648 0.861706 0.495640
vn 0.108648 0.861705 0.495640
vn 0.013107 0.768414 0.639819
vn -0.101319 0.772574 0.626788
vn -0.079095 0.789166 0.609066
vn -0.221337 0.750786 0.622358
vn 0.119311 0.860645 0.495030
vn 0.119311 0.860645 0.495031
vn 0.006109 0.861428 0.507843
vn -0.106691 0.757006 0.644638
vn -0.106691 0.757006 0.644638
vn -0.095727 0.757855 0.645362
vn -0.095727 0.757856 0.645361
vn 0.014216 0.753295 0.657530
vn -0.200797 0.739464 0.642553
vn 0.007158 0.849728 0.527173
vn 0.133989 0.858183 0.495549
vn 0.115523 0.849364 0.515009
vn 0.211022 0.829423 0.517230
vn 0.112559 0.838061 0.533840
vn 0.112559 0.838060 0.533840
vn 0.015255 0.737725 0.674929
vn -0.100081 0.742654 0.662155
vn -0.120444 0.726081 0.676978
vn 0.123490 0.836965 0.533142
vn 0.008261 0.837523 0.546340
vn 0.123490 0.836965 0.533142
vn -0.105514 0.726180 0.679359
vn -0.105514 0.726181 0.679359
vn -0.094426 0.726994 0.680120
vn 0.016207 0.721718 0.691998
vn -0.094426 0.726994 0.680120
vn 0.009417 0.824818 0.565320
vn 0.216306 0.804035 0.553840
vn 0.138465 0.834380 0.533515
vn 0.119512 0.824686 0.552820
vn 0.116401 0.812440 0.571308
vn 0.116402 0.812440 0.571307
vn -0.098856 0.710948 0.696261
vn 0.017041 0.705284 0.708720
vn -0.076037 0.729301 0.679954
vn -0.220752 0.689539 0.689786
vn 0.010602 0.811619 0.584091
vn 0.127531 0.811321 0.570521
vn 0.127531 0.811321 0.570521
vn -0.104396 0.693615 0.712741
vn -0.104396 0.693615 0.712741
vn -0.093254 0.694386 0.713534
vn 0.017744 0.688438 0.725078
vn -0.093254 0.694387 0.713534
vn 0.221188 0.776839 0.589573
vn 0.011802 0.797933 0.602631
vn 0.123348 0.798068 0.589807
vn 0.142709 0.808637 0.570736
vn 0.120065 0.784905 0.607872
vn 0.120065 0.784905 0.607872
vn 0.018294 0.671194 0.741056
vn -0.097817 0.677541 0.728952
vn -0.220149 0.656467 0.721516
vn -0.074851 0.696685 0.713462
vn 0.131314 0.783778 0.607000
vn 0.131314 0.783778 0.607000
vn 0.012994 0.783767 0.620919
vn -0.103485 0.659403 0.744634
vn -0.103485 0.659403 0.744634
vn -0.092376 0.660127 0.745452
vn 0.018667 0.653566 0.756639
vn -0.092376 0.660127 0.745452
vn -0.198703 0.642322 0.740230
vn 0.014161 0.769131 0.638934
vn 0.126903 0.769581 0.625812
vn 0.225554 0.747919 0.624293
vn 0.146595 0.781024 0.607051
vn 0.123399 0.755533 0.643383
vn 0.123399 0.755533 0.643384
vn -0.117824 0.623922 0.772554
vn 0.018856 0.635573 0.771811
vn -0.097098 0.642534 0.760080
vn 0.134691 0.754414 0.642431
vn 0.134691 0.754414 0.642431
vn 0.015277 0.754033 0.656659
vn -0.102909 0.623658 0.774894
vn -0.102908 0.623659 0.774893
vn -0.091913 0.624333 0.775732
vn -0.091914 0.624333 0.775732
vn 0.018842 0.617231 0.786557
vn -0.198141 0.606831 0.769738
vn 0.016321 0.738484 0.674073
vn 0.149969 0.751623 0.642318
vn 0.229259 0.717372 0.657888
vn 0.130016 0.739312 0.660692
vn 0.126247 0.724414 0.677707
vn 0.126248 0.724414 0.677707
vn -0.117460 0.586897 0.801096
vn -0.096804 0.606058 0.789508
vn 0.018614 0.598560 0.800862
vn 0.017275 0.722495 0.691160
vn 0.137496 0.723321 0.676685
vn 0.137496 0.723321 0.676684
vn -0.102751 0.586523 0.803388
vn -0.102752 0.586523 0.803388
vn -0.091946 0.587146 0.804242
vn -0.091946 0.587146 0.804242
vn 0.018161 0.579580 0.814713
vn -0.197745 0.570000 0.797495
vn 0.232137 0.685308 0.690264
vn 0.132511 0.707355 0.694326
vn 0.152656 0.720528 0.676413
vn 0.018110 0.706079 0.707902
vn 0.128427 0.691650 0.710723
vn 0.128427 0.691650 0.710723
vn -0.117468 0.548639 0.827766
vn -0.096997 0.568267 0.817107
vn 0.017491 0.560313 0.828096
vn 0.139550 0.690601 0.709645
vn 0.018810 0.689248 0.724281
vn 0.139550 0.690601 0.709645
vn -0.103048 0.548164 0.829998
vn -0.103047 0.548165 0.829998
vn -0.092500 0.548735 0.830863
vn -0.092499 0.548736 0.830863
vn 0.016589 0.540783 0.840998
vn -0.197489 0.532004 0.823389
vn 0.234021 0.651842 0.721343
vn 0.154480 0.687846 0.709228
vn 0.134211 0.673823 0.726602
vn 0.019355 0.672017 0.740282
vn 0.129765 0.657357 0.742323
vn 0.129765 0.657356 0.742323
vn -0.117833 0.509347 0.852455
vn 0.015466 0.521016 0.853407
vn -0.097675 0.529344 0.842766
vn 0.140675 0.656370 0.741208
vn 0.140675 0.656369 0.741208
vn 0.019721 0.654402 0.755890
vn -0.103782 0.508781 0.854618
vn -0.103782 0.508781 0.854618
vn -0.093534 0.509301 0.855491
vn -0.093534 0.509301 0.855491
vn 0.014128 0.501037 0.865310
vn -0.197292 0.493052 0.847335
vn 0.234741 0.617098 0.751057
vn 0.019900 0.636418 0.771088
vn 0.155271 0.653687 0.740665
vn 0.134953 0.638832 0.757417
vn 0.130097 0.621659 0.772409
vn 0.130097 0.621658 0.772409
vn -0.098780 0.489503 0.866389
vn -0.118487 0.469250 0.875080
vn 0.012583 0.480877 0.876698
vn 0.140718 0.620749 0.771278
vn 0.019874 0.618085 0.785860
vn 0.140717 0.620748 0.771278
vn -0.104859 0.468602 0.877164
vn -0.104859 0.468602 0.877164
vn -0.196999 0.453384 0.869272
vn -0.094958 0.469070 0.878041
vn -0.094959 0.469070 0.878041
vn 0.010853 0.460565 0.887560
vn 0.234144 0.581203 0.779346
vn 0.154872 0.618174 0.770633
vn 0.019633 0.599420 0.800194
vn 0.134585 0.602517 0.786677
vn 0.129301 0.584694 0.800883
vn 0.129301 0.584694 0.800883
vn -0.100180 0.448991 0.887903
vn -0.119286 0.428609 0.895581
vn 0.008950 0.440135 0.897887
vn 0.139556 0.583874 0.799760
vn 0.139557 0.583874 0.799759
vn 0.019162 0.580444 0.814075
vn -0.106128 0.427889 0.897579
vn -0.106128 0.427889 0.897579
vn -0.096614 0.428306 0.898454
vn -0.096613 0.428306 0.898454
vn 0.006904 0.419621 0.907673
vn 0.153167 0.581438 0.799043
vn 0.232101 0.544295 0.806146
vn 0.132998 0.565018 0.814289
vn 0.018474 0.561180 0.827488
vn 0.127273 0.546617 0.827654
vn 0.127273 0.546617 0.827654
vn -0.214837 0.391566 0.894719
vn -0.101688 0.408085 0.907263
vn -0.081324 0.430210 0.899058
vn 0.004743 0.399061 0.916912
vn 0.137091 0.545895 0.826562
vn 0.137091 0.545895 0.826562
vn 0.017551 0.541650 0.840421
vn -0.107369 0.386934 0.915835
vn -0.107370 0.386933 0.915835
vn 0.002487 0.378493 0.925601
vn -0.098257 0.387300 0.916703
vn -0.098258 0.387300 0.916703
vn 0.150080 0.543622 0.825803
vn 0.228525 0.506519 0.831393
vn 0.130132 0.526496 0.840159
vn 0.016405 0.521881 0.852861
vn 0.123971 0.507597 0.852629
vn 0.123971 0.507597 0.852629
vn -0.212756 0.351568 0.911666
vn -0.103053 0.367091 0.924459
vn 0.000181 0.357957 0.933738
vn -0.083691 0.389112 0.917381
vn 0.133297 0.506978 0.851590
vn 0.133296 0.506978 0.851590
vn 0.015043 0.501899 0.864795
vn -0.108321 0.346057 0.931940
vn -0.108322 0.346056 0.931940
vn -0.002141 0.337497 0.941324
vn -0.099626 0.346373 0.932792
vn -0.099627 0.346372 0.932792
vn 0.223369 0.468035 0.855015
vn 0.145576 0.504888 0.850821
vn 0.125964 0.487132 0.864197
vn 0.013473 0.481733 0.876214
vn 0.119416 0.467827 0.875715
vn 0.119417 0.467828 0.875715
vn -0.209626 0.311902 0.926701
vn -0.177009 0.310214 0.934042
vn -0.156954 0.293210 0.943077
vn 0.045210 0.328449 0.943439
vn -0.004447 0.317158 0.948362
vn 0.028024 0.322535 0.946142
vn -0.142234 0.240471 0.960179
vn -0.103979 0.326344 0.939515
vn -0.085787 0.348088 0.933528
vn 0.011257 0.318596 0.947824
vn 0.128185 0.467312 0.874750
vn 0.128185 0.467312 0.874750
vn 0.011715 0.461415 0.887107
vn 0.216636 0.429022 0.876931
vn 0.139695 0.465413 0.874000
vn 0.120551 0.447128 0.886309
vn 0.009783 0.440975 0.897466
vn 0.113686 0.427529 0.896825
vn 0.113687 0.427529 0.896825
vn 0.121851 0.427112 0.895951
vn 0.121851 0.427112 0.895950
vn 0.007708 0.420450 0.907283
vn 0.132525 0.425411 0.895244
vn 0.208388 0.389689 0.897060
vn 0.113994 0.406717 0.906414
vn 0.005515 0.399878 0.916552
vn 0.106914 0.386953 0.915880
vn 0.106914 0.386952 0.915881
vn 0.003226 0.379295 0.925270
vn 0.114436 0.386627 0.915109
vn 0.114435 0.386626 0.915109
vn 0.106473 0.366167 0.924438
vn 0.000888 0.358744 0.933436
vn 0.198745 0.350274 0.915319
vn 0.124232 0.385122 0.914466
vn 0.099289 0.346384 0.932823
vn 0.099289 0.346384 0.932823
vn -0.001468 0.338267 0.941049
vn 0.106145 0.346138 0.932160
vn 0.204449 0.329929 0.921600
vn 0.106145 0.346138 0.932160
vn 0.088535 0.307185 0.947523
vn 0.016457 0.292266 0.956196
vn -0.022207 0.296140 0.954886
vn 0.006668 0.296298 0.955072
vn 0.103931 0.324959 0.940000
vn 0.057375 0.228359 0.971885
vn 0.023653 0.285944 0.957954
vn 0.191475 0.291146 0.937321
vn 0.209645 0.294679 0.932316
vn -0.006088 0.297717 0.954635
vn -0.115071 0.013812 0.993261
vn -0.091201 0.023264 0.995561
vn -0.072046 0.025617 0.997072
vn -0.041913 0.058571 0.997403
vn 0.042618 0.074091 0.996340
vn 0.073956 0.026458 0.996910
vn 0.072024 0.028010 0.997010
vn 0.067635 0.029546 0.997273
vn -0.037015 0.017275 0.999165
vn -0.017303 0.025071 0.999536
vn 0.059637 0.025289 0.997900
vn 0.028198 0.029377 0.999171
vn 0.037793 0.063762 0.997249
vn -0.017407 0.999848 0.000000
vn -0.002337 0.999982 0.005597
vn 0.004200 0.999962 0.007579
vn -0.029873 0.999538 0.005662
vn 0.011292 0.999894 0.009243
vn 0.018973 0.999765 0.010523
vn -0.049966 0.998344 0.028517
vn 0.004152 0.998930 -0.046068
vn -0.007867 0.999650 -0.025250
vn -0.020100 0.999761 -0.008631
vn -0.031954 0.999484 0.003158
vn -0.042823 0.999033 0.009931
vn -0.052196 0.998564 0.012041
vn -0.059759 0.998159 0.010343
vn -0.065401 0.997841 0.006030
vn -0.063196 -0.006403 0.997981
vn -0.045852 0.004295 0.998939
vn -0.036977 0.019588 0.999124
vn -0.031409 0.005585 0.999491
vn -0.018894 0.002226 0.999819
vn -0.008175 -0.006409 0.999946
vn -0.026128 -0.004642 0.999648
vn 0.000017 -0.017099 0.999854
vn 0.006396 -0.027276 0.999607
vn -0.024591 0.007423 0.999670
vn -0.038098 0.025057 0.998960
vn 0.033137 0.021102 0.999228
vn 0.046843 0.002317 0.998900
vn 0.039682 0.006710 0.999190
vn 0.025764 0.013044 0.999583
vn 0.024924 0.007019 0.999665
vn 0.023692 0.010606 0.999663
vn 0.018964 0.004654 0.999809
vn -0.010634 0.004654 0.999933
vn 0.023266 0.007273 0.999703
vn 0.029885 0.005349 0.999539
vn 0.019208 0.002644 0.999812
vn 0.008498 -0.004914 0.999952
vn 0.000156 -0.014168 0.999900
vn -0.006026 -0.022553 0.999727
vn 0.007937 0.000000 0.999968
vn 0.045248 -0.997383 -0.056390
vn 0.053241 -0.996669 -0.061772
vn 0.061842 -0.995886 -0.066227
vn 0.071158 -0.995027 -0.069700
vn 0.083045 -0.993903 -0.072535
vn 0.099265 -0.992323 -0.073767
vn -0.006703 -0.996589 -0.082250
vn 0.110370 -0.989724 -0.090910
vn -0.002374 -0.996609 -0.082252
vn -0.118515 -0.988823 -0.090464
vn -0.002374 -0.996609 -0.082251
vn -0.006075 -0.994942 -0.100265
vn -0.006075 -0.994942 -0.100266
vn 0.120828 -0.986633 -0.109346
vn -0.001113 -0.994960 -0.100268
vn -0.001113 -0.994960 -0.100267
vn -0.127201 -0.985886 -0.108855
vn -0.005561 -0.992810 -0.119569
vn -0.005561 -0.992810 -0.119569
vn 0.000033 -0.992826 -0.119571
vn 0.130609 -0.983012 -0.128950
vn 0.000033 -0.992826 -0.119571
vn -0.135475 -0.982423 -0.128420
vn -0.005170 -0.990132 -0.140040
vn -0.005170 -0.990132 -0.140040
vn 0.001033 -0.990145 -0.140042
vn 0.139713 -0.978826 -0.149601
vn 0.001033 -0.990145 -0.140042
vn -0.143354 -0.978385 -0.149038
vn -0.004927 -0.986851 -0.161561
vn -0.004927 -0.986851 -0.161560
vn 0.149342 -0.973143 -0.175184
vn -0.151945 -0.972921 -0.174177
vn 0.003082 -0.986858 -0.161561
vn 0.003082 -0.986858 -0.161562
vn -0.006005 -0.981437 -0.191690
vn -0.006004 -0.981437 -0.191690
vn 0.159983 -0.965060 -0.207520
vn 0.004810 -0.981443 -0.191691
vn -0.161722 -0.965061 -0.206164
vn 0.004810 -0.981443 -0.191692
vn -0.006894 -0.973812 -0.227251
vn -0.006894 -0.973812 -0.227252
vn 0.170154 -0.954993 -0.242972
vn 0.005853 -0.973818 -0.227253
vn 0.005853 -0.973818 -0.227253
vn -0.171290 -0.955159 -0.241519
vn -0.007283 -0.964431 -0.264235
vn -0.007283 -0.964431 -0.264235
vn 0.179273 -0.943245 -0.279552
vn 0.006760 -0.964434 -0.264236
vn 0.006761 -0.964434 -0.264236
vn -0.179901 -0.943579 -0.278018
vn -0.007638 -0.953181 -0.302304
vn -0.007638 -0.953181 -0.302304
vn -0.019594 -0.228691 -0.973302
vn -0.184651 -0.207234 -0.960707
vn -0.007191 -0.228729 -0.973464
vn -0.007191 -0.228730 -0.973463
vn 0.156602 -0.207006 -0.965725
vn -0.021794 -0.191477 -0.981255
vn -0.021794 -0.191477 -0.981255
vn -0.174694 -0.171894 -0.969502
vn -0.010506 -0.191512 -0.981434
vn -0.010506 -0.191512 -0.981434
vn 0.142267 -0.171640 -0.974833
vn -0.022817 -0.156245 -0.987455
vn -0.022818 -0.156244 -0.987455
vn -0.162161 -0.138627 -0.976978
vn -0.012639 -0.156272 -0.987633
vn -0.012638 -0.156273 -0.987633
vn 0.127748 -0.138269 -0.982121
vn -0.022502 -0.123423 -0.992099
vn -0.022502 -0.123424 -0.992099
vn -0.147810 -0.109133 -0.982976
vn -0.013856 -0.123443 -0.992255
vn -0.013856 -0.123443 -0.992255
vn 0.113941 -0.108841 -0.987507
vn -0.020591 -0.096309 -0.995139
vn -0.020590 -0.096309 -0.995138
vn -0.132741 -0.084818 -0.987515
vn -0.013667 -0.096320 -0.995257
vn -0.013667 -0.096320 -0.995257
vn 0.101447 -0.084559 -0.991241
vn -0.018026 -0.074147 -0.997084
vn -0.018026 -0.074147 -0.997084
vn -0.117496 -0.064982 -0.990945
vn -0.012516 -0.074153 -0.997168
vn 0.024933 -0.999299 -0.027914
vn 0.032945 -0.998993 -0.030475
vn 0.041561 -0.998607 -0.032508
vn 0.011153 -0.999551 -0.027795
vn -0.078741 -0.996293 -0.034651
vn -0.056470 -0.995774 -0.072425
vn -0.044921 -0.998398 -0.034416
vn -0.085266 -0.995598 -0.038928
vn -0.089313 -0.995259 -0.038496
vn -0.092302 -0.995027 -0.037425
vn -0.093841 -0.994928 -0.036235
vn -0.061411 -0.994731 -0.082096
vn 0.016039 -0.999436 -0.029492
vn -0.027201 -0.930827 -0.364446
vn -0.036171 -0.933518 -0.356702
vn -0.068501 -0.950970 -0.301603
vn 0.000435 -0.928619 -0.371034
vn -0.015116 -0.929178 -0.369323
vn -0.229735 -0.901553 -0.366638
vn -0.201679 -0.910096 -0.362011
vn -0.099434 -0.920373 -0.378189
vn 0.000840 -0.920489 -0.390767
vn -0.100108 -0.919990 -0.378941
vn -0.190787 -0.904218 -0.382086
vn -0.100556 -0.911952 -0.397783
vn 0.001329 -0.911845 -0.410532
vn -0.117355 -0.901810 -0.415892
vn -0.106122 -0.902412 -0.417602
vn -0.106122 -0.902411 -0.417602
vn 0.001914 -0.902685 -0.430297
vn -0.097592 -0.903204 -0.417968
vn -0.097593 -0.903204 -0.417969
vn -0.194715 -0.886161 -0.420480
vn 0.002591 -0.893009 -0.450032
vn -0.102248 -0.893630 -0.437002
vn -0.119796 -0.882453 -0.454890
vn -0.107758 -0.883044 -0.456752
vn -0.107759 -0.883043 -0.456752
vn 0.003361 -0.882816 -0.469707
vn -0.098661 -0.883882 -0.457186
vn -0.098661 -0.883882 -0.457186
vn 0.004226 -0.872109 -0.489293
vn -0.215798 -0.852475 -0.476149
vn -0.103207 -0.873328 -0.476073
vn -0.083294 -0.885803 -0.456525
vn -0.108663 -0.861704 -0.495640
vn -0.108664 -0.861704 -0.495640
vn 0.005169 -0.860890 -0.508765
vn -0.099042 -0.862575 -0.496140
vn -0.099043 -0.862574 -0.496141
vn -0.037149 -0.925759 -0.376285
vn -0.057986 -0.921863 -0.383153
vn 0.158092 -0.921119 -0.355735
vn 0.186708 -0.911860 -0.365583
vn 0.001174 -0.928959 -0.370180
vn 0.124582 -0.945783 -0.299958
vn -0.017222 -0.928157 -0.371790
vn 0.006196 -0.849162 -0.528096
vn -0.218393 -0.829707 -0.513703
vn -0.103486 -0.851052 -0.514782
vn -0.082854 -0.864620 -0.495547
vn 0.101343 -0.919841 -0.378974
vn 0.102156 -0.920150 -0.378005
vn 0.001611 -0.920857 -0.389898
vn -0.108891 -0.838405 -0.534059
vn -0.108891 -0.838405 -0.534060
vn 0.007278 -0.836930 -0.547262
vn -0.098819 -0.839292 -0.534625
vn -0.098818 -0.839292 -0.534624
vn 0.103382 -0.911306 -0.398539
vn 0.119840 -0.917540 -0.379156
vn 0.193293 -0.894168 -0.403857
vn 0.002131 -0.912240 -0.409650
vn 0.100857 -0.902909 -0.417832
vn 0.100858 -0.902909 -0.417832
vn 0.008416 -0.824198 -0.566239
vn -0.103179 -0.826816 -0.552928
vn -0.081923 -0.841438 -0.534107
vn -0.220090 -0.805162 -0.550703
vn 0.110819 -0.901946 -0.417387
vn 0.002746 -0.903109 -0.429403
vn 0.110819 -0.901947 -0.417386
vn -0.108541 -0.813168 -0.571819
vn -0.108541 -0.813168 -0.571819
vn 0.009584 -0.810973 -0.585005
vn -0.098096 -0.814055 -0.572443
vn -0.098096 -0.814055 -0.572443
vn 0.107425 -0.892702 -0.437657
vn 0.124651 -0.899786 -0.418148
vn 0.199509 -0.874526 -0.442042
vn 0.003454 -0.893461 -0.449127
vn 0.104740 -0.883330 -0.456900
vn 0.104739 -0.883330 -0.456900
vn -0.080621 -0.816276 -0.572009
vn -0.102407 -0.800645 -0.590322
vn 0.010770 -0.797263 -0.603537
vn -0.221020 -0.778850 -0.586978
vn 0.115079 -0.882314 -0.456375
vn 0.004251 -0.883297 -0.468794
vn 0.115079 -0.882315 -0.456375
vn -0.107757 -0.786021 -0.608736
vn -0.107757 -0.786021 -0.608736
vn 0.011950 -0.783073 -0.621815
vn -0.097015 -0.786895 -0.609413
vn -0.097015 -0.786895 -0.609413
vn 0.205412 -0.852936 -0.479902
vn 0.129371 -0.879996 -0.457024
vn 0.005142 -0.872618 -0.488375
vn 0.111479 -0.872049 -0.476554
vn 0.108648 -0.861705 -0.495640
vn 0.108648 -0.861706 -0.495640
vn -0.101319 -0.772574 -0.626788
vn 0.013107 -0.768414 -0.639819
vn -0.079095 -0.789166 -0.609066
vn -0.221337 -0.750786 -0.622358
vn 0.119311 -0.860645 -0.495030
vn 0.119311 -0.860645 -0.495031
vn 0.006109 -0.861428 -0.507843
vn -0.106691 -0.757006 -0.644638
vn -0.106691 -0.757006 -0.644638
vn 0.014216 -0.753295 -0.657530
vn -0.095727 -0.757856 -0.645361
vn -0.095727 -0.757855 -0.645362
vn -0.200797 -0.739464 -0.642553
vn 0.211022 -0.829423 -0.517230
vn 0.133989 -0.858183 -0.495549
vn 0.007158 -0.849728 -0.527173
vn 0.115523 -0.849364 -0.515009
vn 0.112559 -0.838060 -0.533840
vn 0.112559 -0.838061 -0.533840
vn 0.015255 -0.737725 -0.674929
vn -0.100081 -0.742654 -0.662155
vn -0.120444 -0.726081 -0.676978
vn 0.123490 -0.836965 -0.533142
vn 0.008261 -0.837523 -0.546340
vn 0.123490 -0.836965 -0.533142
vn -0.105514 -0.726181 -0.679359
vn -0.105514 -0.726180 -0.679359
vn 0.016207 -0.721718 -0.691998
vn -0.094426 -0.726994 -0.680120
vn -0.094426 -0.726994 -0.680120
vn -0.200133 -0.708738 -0.676489
vn 0.009417 -0.824818 -0.565320
vn 0.216306 -0.804035 -0.553840
vn 0.119512 -0.824686 -0.552820
vn 0.138465 -0.834380 -0.533515
vn 0.116402 -0.812440 -0.571307
vn 0.116401 -0.812440 -0.571308
vn 0.017041 -0.705284 -0.708720
vn -0.098856 -0.710948 -0.696261
vn -0.119426 -0.693638 -0.710354
vn 0.010602 -0.811619 -0.584091
vn 0.127531 -0.811321 -0.570521
vn 0.127531 -0.811321 -0.570521
vn -0.104396 -0.693615 -0.712741
vn -0.104396 -0.693615 -0.712741
vn -0.093254 -0.694386 -0.713534
vn 0.017744 -0.688438 -0.725078
vn -0.093254 -0.694387 -0.713534
vn -0.199395 -0.676329 -0.709099
vn 0.221188 -0.776839 -0.589573
vn 0.011802 -0.797933 -0.602631
vn 0.123348 -0.798068 -0.589807
vn 0.142709 -0.808637 -0.570736
vn 0.120065 -0.784905 -0.607872
vn 0.120065 -0.784905 -0.607872
vn -0.118511 -0.659548 -0.742261
vn 0.018294 -0.671194 -0.741056
vn -0.097817 -0.677541 -0.728952
vn 0.012994 -0.783767 -0.620919
vn 0.131314 -0.783778 -0.607000
vn 0.131314 -0.783778 -0.607000
vn -0.103485 -0.659403 -0.744634
vn -0.103485 -0.659403 -0.744634
vn -0.092376 -0.660127 -0.745452
vn -0.092376 -0.660127 -0.745452
vn 0.018667 -0.653566 -0.756639
vn -0.198703 -0.642322 -0.740230
vn 0.126903 -0.769581 -0.625812
vn 0.225554 -0.747919 -0.624293
vn 0.014161 -0.769131 -0.638934
vn 0.146595 -0.781024 -0.607051
vn 0.123399 -0.755533 -0.643383
vn 0.123399 -0.755533 -0.643384
vn -0.097098 -0.642534 -0.760080
vn -0.117824 -0.623922 -0.772554
vn 0.018856 -0.635573 -0.771811
vn 0.134691 -0.754414 -0.642431
vn 0.015277 -0.754033 -0.656659
vn 0.134691 -0.754414 -0.642431
vn -0.102909 -0.623658 -0.774894
vn -0.102908 -0.623659 -0.774893
vn -0.091914 -0.624333 -0.775732
vn 0.018842 -0.617231 -0.786557
vn -0.091913 -0.624333 -0.775732
vn -0.198141 -0.606831 -0.769738
vn 0.016321 -0.738484 -0.674073
vn 0.149969 -0.751623 -0.642318
vn 0.229259 -0.717372 -0.657888
vn 0.130016 -0.739312 -0.660692
vn 0.126247 -0.724414 -0.677707
vn 0.126248 -0.724414 -0.677707
vn -0.096804 -0.606058 -0.789508
vn -0.117460 -0.586897 -0.801096
vn 0.018614 -0.598560 -0.800862
vn 0.137496 -0.723321 -0.676685
vn 0.137496 -0.723321 -0.676684
vn 0.017275 -0.722495 -0.691160
vn -0.102752 -0.586523 -0.803388
vn -0.102751 -0.586523 -0.803388
vn -0.091946 -0.587146 -0.804242
vn 0.018161 -0.579580 -0.814713
vn -0.091946 -0.587146 -0.804242
vn -0.197745 -0.570000 -0.797495
vn 0.232137 -0.685308 -0.690264
vn 0.152656 -0.720528 -0.676413
vn 0.132511 -0.707355 -0.694326
vn 0.018110 -0.706079 -0.707902
vn 0.128427 -0.691650 -0.710723
vn 0.128427 -0.691650 -0.710723
vn -0.096997 -0.568267 -0.817107
vn -0.117468 -0.548639 -0.827766
vn 0.017491 -0.560313 -0.828096
vn 0.018810 -0.689248 -0.724281
vn 0.139550 -0.690601 -0.709645
vn 0.139550 -0.690601 -0.709645
vn -0.103048 -0.548164 -0.829998
vn -0.103047 -0.548165 -0.829998
vn -0.092500 -0.548735 -0.830863
vn 0.016589 -0.540783 -0.840998
vn -0.092499 -0.548736 -0.830863
vn -0.197489 -0.532004 -0.823389
vn 0.154480 -0.687846 -0.709228
vn 0.019355 -0.672017 -0.740282
vn 0.234021 -0.651842 -0.721343
vn 0.134211 -0.673823 -0.726602
vn 0.129765 -0.657356 -0.742323
vn 0.129765 -0.657357 -0.742323
vn -0.117833 -0.509347 -0.852455
vn 0.015466 -0.521016 -0.853407
vn -0.097675 -0.529344 -0.842766
vn 0.140675 -0.656369 -0.741208
vn 0.140675 -0.656370 -0.741208
vn 0.019721 -0.654402 -0.755890
vn -0.103782 -0.508781 -0.854618
vn -0.103782 -0.508781 -0.854618
vn -0.093534 -0.509301 -0.855491
vn -0.093534 -0.509301 -0.855491
vn 0.014128 -0.501037 -0.865310
vn -0.197292 -0.493052 -0.847335
vn 0.234741 -0.617098 -0.751057
vn 0.019900 -0.636418 -0.771088
vn 0.134953 -0.638832 -0.757417
vn 0.155271 -0.653687 -0.740665
vn 0.130097 -0.621659 -0.772409
vn 0.130097 -0.621658 -0.772409
vn -0.098780 -0.489503 -0.866389
vn -0.118487 -0.469250 -0.875080
vn 0.012583 -0.480877 -0.876698
vn 0.019874 -0.618085 -0.785860
vn 0.140717 -0.620748 -0.771278
vn 0.140718 -0.620749 -0.771278
vn -0.104859 -0.468602 -0.877164
vn -0.104859 -0.468602 -0.877164
vn -0.196999 -0.453384 -0.869272
vn -0.094958 -0.469070 -0.878041
vn -0.094959 -0.469070 -0.878041
vn 0.010853 -0.460565 -0.887560
vn 0.234144 -0.581203 -0.779346
vn 0.019633 -0.599420 -0.800194
vn 0.134585 -0.602517 -0.786677
vn 0.154872 -0.618174 -0.770633
vn 0.129301 -0.584694 -0.800883
vn 0.129301 -0.584694 -0.800883
vn -0.100180 -0.448991 -0.887903
vn -0.119286 -0.428609 -0.895581
vn 0.008950 -0.440135 -0.897887
vn 0.139557 -0.583874 -0.799759
vn 0.139556 -0.583874 -0.799760
vn 0.019162 -0.580444 -0.814075
vn -0.106128 -0.427889 -0.897579
vn -0.106128 -0.427889 -0.897579
vn -0.196396 -0.413271 -0.889177
vn -0.096614 -0.428306 -0.898454
vn -0.096613 -0.428306 -0.898454
vn 0.006904 -0.419621 -0.907673
vn 0.153167 -0.581438 -0.799043
vn 0.232101 -0.544295 -0.806146
vn 0.018474 -0.561180 -0.827488
vn 0.132998 -0.565018 -0.814289
vn 0.127273 -0.546617 -0.827654
vn 0.127273 -0.546617 -0.827654
vn -0.101688 -0.408085 -0.907263
vn -0.120033 -0.387717 -0.913930
vn 0.004743 -0.399061 -0.916912
vn 0.137091 -0.545895 -0.826562
vn 0.248148 -0.523193 -0.815286
vn 0.137091 -0.545895 -0.826562
vn 0.017551 -0.541650 -0.840421
vn -0.107370 -0.386933 -0.915835
vn -0.107369 -0.386934 -0.915835
vn -0.195218 -0.373011 -0.907057
vn 0.002487 -0.378493 -0.925601
vn -0.098257 -0.387300 -0.916703
vn -0.098258 -0.387300 -0.916703
vn 0.108224 -0.507262 -0.854970
vn 0.130132 -0.526496 -0.840159
vn 0.016405 -0.521881 -0.852861
vn 0.123971 -0.507597 -0.852629
vn 0.123971 -0.507597 -0.852629
vn -0.103053 -0.367091 -0.924459
vn 0.000181 -0.357957 -0.933738
vn -0.120477 -0.346895 -0.930134
vn 0.133297 -0.506978 -0.851590
vn 0.133296 -0.506978 -0.851590
vn 0.015043 -0.501899 -0.864795
vn -0.108321 -0.346057 -0.931940
vn -0.108322 -0.346056 -0.931940
vn -0.002141 -0.337497 -0.941324
vn -0.099626 -0.346373 -0.932792
vn -0.099627 -0.346372 -0.932792
vn 0.223369 -0.468035 -0.855015
vn 0.145576 -0.504888 -0.850821
vn 0.125964 -0.487132 -0.864197
vn 0.013473 -0.481733 -0.876214
vn 0.119416 -0.467827 -0.875715
vn 0.119417 -0.467828 -0.875715
vn -0.209626 -0.311902 -0.926701
vn -0.177009 -0.310214 -0.934042
vn -0.156954 -0.293210 -0.943077
vn 0.045210 -0.328449 -0.943439
vn -0.004447 -0.317158 -0.948362
vn 0.028024 -0.322535 -0.946142
vn -0.142234 -0.240471 -0.960179
vn -0.103979 -0.326344 -0.939515
vn -0.085787 -0.348088 -0.933528
vn 0.011257 -0.318596 -0.947824
vn 0.128185 -0.467312 -0.874750
vn 0.128185 -0.467312 -0.874750
vn 0.011715 -0.461415 -0.887107
vn 0.216636 -0.429022 -0.876931
vn 0.139695 -0.465413 -0.874000
vn 0.120551 -0.447128 -0.886309
vn 0.009783 -0.440975 -0.897466
vn 0.113686 -0.427529 -0.896825
vn 0.113687 -0.427529 -0.896825
vn 0.121851 -0.427112 -0.895951
vn 0.121851 -0.427112 -0.895950
vn 0.007708 -0.420450 -0.907283
vn 0.132525 -0.425411 -0.895244
vn 0.208388 -0.389689 -0.897060
vn 0.113994 -0.406717 -0.906414
vn 0.005515 -0.399878 -0.916552
vn 0.106914 -0.386953 -0.915880
vn 0.106914 -0.386952 -0.915881
vn 0.003226 -0.379295 -0.925270
vn 0.114436 -0.386627 -0.915109
vn 0.114435 -0.386626 -0.915109
vn 0.106473 -0.366167 -0.924438
vn 0.000888 -0.358744 -0.933436
vn 0.198745 -0.350274 -0.915319
vn 0.124232 -0.385122 -0.914466
vn 0.099289 -0.346384 -0.932823
vn 0.099289 -0.346384 -0.932823
vn -0.001468 -0.338267 -0.941049
vn 0.106145 -0.346138 -0.932160
vn 0.204449 -0.329929 -0.921600
vn 0.106145 -0.346138 -0.932160
vn 0.088535 -0.307185 -0.947523
vn 0.016457 -0.292266 -0.956196
vn -0.022207 -0.296140 -0.954886
vn 0.006668 -0.296298 -0.955072
vn 0.103931 -0.324959 -0.940000
vn 0.057375 -0.228359 -0.971885
vn 0.023653 -0.285944 -0.957954
vn 0.191475 -0.291146 -0.937321
vn 0.209645 -0.294679 -0.932316
vn -0.006088 -0.297717 -0.954635
vn -0.115071 -0.013812 -0.993261
vn -0.091201 -0.023264 -0.995561
vn -0.072046 -0.025617 -0.997072
vn -0.041913 -0.058571 -0.997403
vn -0.037015 -0.017275 -0.999165
vn 0.042618 -0.074091 -0.996340
vn 0.073956 -0.026458 -0.996910
vn 0.072024 -0.028010 -0.997010
vn 0.067635 -0.029546 -0.997273
vn 0.028198 -0.029377 -0.999171
vn 0.059637 -0.025289 -0.997900
vn -0.017303 -0.025071 -0.999536
vn 0.037793 -0.063762 -0.997249
vn -0.017407 -0.999848 0.000000
vn -0.002337 -0.999982 -0.005597
vn 0.004200 -0.999962 -0.007579
vn 0.011292 -0.999894 -0.009243
vn 0.018973 -0.999765 -0.010523
vn -0.029873 -0.999538 -0.005662
vn -0.049966 -0.998344 -0.028517
vn 0.004152 -0.998930 0.046068
vn -0.007867 -0.999650 0.025250
vn -0.020100 -0.999761 0.008631
vn -0.031954 -0.999484 -0.003158
vn -0.042823 -0.999033 -0.009931
vn -0.052196 -0.998564 -0.012041
vn -0.059759 -0.998159 -0.010343
vn -0.065401 -0.997841 -0.006030
vn -0.063196 0.006403 -0.997981
vn -0.045852 -0.004295 -0.998939
vn -0.036977 -0.019588 -0.999124
vn -0.038098 -0.025057 -0.998960
vn -0.026128 0.004642 -0.999648
vn -0.031409 -0.005585 -0.999491
vn -0.018894 -0.002226 -0.999819
vn -0.008175 0.006409 -0.999946
vn 0.000017 0.017099 -0.999854
vn 0.006396 0.027276 -0.999607
vn -0.024591 -0.007423 -0.999670
vn 0.033137 -0.021102 -0.999228
vn 0.046843 -0.002317 -0.998900
vn 0.039682 -0.006710 -0.999190
vn 0.025764 -0.013044 -0.999583
vn 0.024924 -0.007019 -0.999665
vn 0.018964 -0.004654 -0.999809
vn -0.010634 -0.004654 -0.999933
vn 0.023266 -0.007273 -0.999703
vn 0.023692 -0.010606 -0.999663
vn 0.029885 -0.005349 -0.999539
vn 0.019208 -0.002644 -0.999812
vn 0.008498 0.004914 -0.999952
vn 0.000156 0.014168 -0.999900
vn -0.006026 0.022553 -0.999727
vn 0.007937 0.000000 -0.999968
vn -0.000567 0.000000 -1.000000
vn -0.000029 1.000000 0.000000
vn -0.257101 0.041536 -0.965491
vn -0.326546 0.047158 -0.944004
vn -0.355321 0.052913 -0.933245
vn -0.271429 0.050075 -0.961155
vn -0.285659 0.063240 -0.956243
vn -0.298257 0.062528 -0.952435
vn -0.310402 0.062890 -0.948523
vn -0.388399 0.071809 -0.918689
vn -0.323428 0.077720 -0.943056
vn -0.335473 0.077727 -0.938838
vn -0.419838 0.086088 -0.903507
vn -0.350747 0.093671 -0.931774
vn -0.447734 0.095234 -0.889081
vn -0.258002 0.053738 -0.964649
vn -0.272207 0.060070 -0.960362
vn -0.285713 0.063897 -0.956183
vn -0.298506 0.065374 -0.952166
vn -0.367154 0.111276 -0.923480
vn -0.266423 0.067184 -0.961512
vn -0.311094 0.070363 -0.947771
vn -0.323200 0.075329 -0.943328
vn -0.274920 0.074088 -0.958608
vn -0.381063 0.110502 -0.917922
vn -0.283245 0.081336 -0.955592
vn -0.336307 0.086069 -0.937811
vn -0.290618 0.081201 -0.953387
vn -0.350507 0.091364 -0.932093
vn -0.298658 0.089705 -0.950135
vn -0.306807 0.100987 -0.946399
vn -0.366215 0.102549 -0.924862
vn -0.313486 0.100421 -0.944268
vn -0.322412 0.112520 -0.939888
vn -0.382044 0.119142 -0.916432
vn -0.331188 0.112096 -0.936882
vn -0.396120 0.127936 -0.909242
vn -0.341521 0.124180 -0.931634
vn -0.351529 0.136810 -0.926127
vn -0.359542 0.136822 -0.923043
vn -0.367271 0.138267 -0.919779
vn -0.375916 0.141415 -0.915800
vn -0.385774 0.147205 -0.910774
vn -0.590382 0.223831 -0.775467
vn -0.442572 0.271217 -0.854735
vn -0.448101 0.270207 -0.852170
vn -0.607556 0.250670 -0.753684
vn -0.003069 0.044630 -0.998999
vn -0.001721 0.044921 -0.998989
vn -0.002146 0.044898 -0.998989
vn -0.002512 0.044833 -0.998991
vn -0.002819 0.044739 -0.998995
vn -0.003263 0.044520 -0.999003
vn -0.003474 0.044367 -0.999009
vn -0.003506 0.044331 -0.999011
vn -0.003398 0.044425 -0.999007
vn -0.003481 0.044356 -0.999010
vn -0.003389 0.044474 -0.999005
vn -0.039578 0.047423 -0.998091
vn -0.458491 0.303278 -0.835350
vn -0.041841 0.074455 -0.996346
vn -0.040400 0.047410 -0.998058
vn -0.042652 0.073464 -0.996385
vn -0.001781 0.051116 -0.998691
vn -0.043429 0.072667 -0.996410
vn -0.041600 0.052137 -0.997773
vn -0.001469 0.054345 -0.998521
vn -0.044183 0.072035 -0.996423
vn -0.042960 0.058686 -0.997352
vn -0.001350 0.061031 -0.998135
vn -0.044911 0.071559 -0.996425
vn -0.043700 0.058704 -0.997319
vn -0.462823 0.302372 -0.833286
vn -0.622188 0.277562 -0.732012
vn -0.045610 0.071226 -0.996417
vn -0.045063 0.065568 -0.996830
vn -0.001171 0.068031 -0.997683
vn -0.045743 0.065584 -0.996798
vn -0.046283 0.071022 -0.996400
vn -0.070448 0.071456 -0.994953
vn -0.047207 0.073660 -0.996166
vn -0.046929 0.070933 -0.996377
vn -0.472307 0.335426 -0.815117
vn -0.071669 0.075128 -0.994595
vn -0.047837 0.073687 -0.996133
vn -0.047835 0.073669 -0.996135
vn -0.048419 0.073665 -0.996107
vn -0.072888 0.078861 -0.994217
vn -0.073688 0.078846 -0.994160
vn -0.048716 0.076453 -0.995882
vn -0.001334 0.079088 -0.996867
vn -0.049894 0.082143 -0.995371
vn -0.074886 0.082670 -0.993759
vn -0.049895 0.082152 -0.995370
vn -0.475569 0.334655 -0.813536
vn -0.634619 0.304401 -0.710351
vn -0.050429 0.082143 -0.995344
vn -0.050751 0.085040 -0.995084
vn -0.001110 0.086817 -0.996224
vn -0.076085 0.086551 -0.993338
vn -0.051971 0.090970 -0.994497
vn -0.051630 0.087978 -0.994784
vn -0.078077 0.091150 -0.992772
vn -0.077350 0.091146 -0.992829
vn -0.079407 0.096528 -0.992158
vn -0.052912 0.093965 -0.994168
vn -0.001115 0.096855 -0.995298
vn -0.052561 0.090963 -0.994466
vn -0.080101 0.096514 -0.992103
vn -0.484234 0.367502 -0.794015
vn -0.081466 0.102365 -0.991405
vn -0.054241 0.100104 -0.993497
vn -0.000581 0.102721 -0.994710
vn -0.054244 0.100128 -0.993495
vn -0.082115 0.102343 -0.991354
vn -0.084236 0.108652 -0.990505
vn -0.055984 0.109590 -0.992399
vn -0.083525 0.108677 -0.990562
vn -0.055590 0.106384 -0.992770
vn -0.486530 0.366895 -0.792892
vn -0.645140 0.331096 -0.688600
vn -0.085842 0.115127 -0.989635
vn -0.057068 0.113891 -0.991853
vn -0.056525 0.109593 -0.992368
vn -0.000876 0.115568 -0.993299
vn -0.000340 0.122185 -0.992507
vn -0.058256 0.119374 -0.991139
vn -0.087492 0.121707 -0.988702
vn -0.058111 0.118254 -0.991282
vn -0.089953 0.128392 -0.987636
vn -0.059181 0.123240 -0.990611
vn -0.089183 0.128391 -0.987706
vn -0.060004 0.129431 -0.989771
vn -0.494457 0.399367 -0.772022
vn -0.002765 0.040154 -0.999190
vn -0.001754 0.040005 -0.999198
vn -0.002146 0.040021 -0.999196
vn -0.002483 0.040075 -0.999194
vn -0.002990 0.040244 -0.999185
vn -0.003290 0.040415 -0.999178
vn -0.003307 0.040430 -0.999177
vn -0.003154 0.040328 -0.999181
vn -0.003262 0.040396 -0.999178
vn 0.033938 0.042900 -0.998503
vn 0.002626 0.135299 -0.990801
vn -0.060365 0.129433 -0.989749
vn 0.000876 0.135705 -0.990749
vn -0.000709 0.135814 -0.990734
vn -0.093876 0.134389 -0.986472
vn -0.060907 0.133414 -0.989187
vn -0.091607 0.135227 -0.986571
vn -0.092273 0.135150 -0.986519
vn -0.092876 0.134970 -0.986487
vn -0.093406 0.134712 -0.986472
vn 0.004887 0.134425 -0.990912
vn -0.094280 0.134025 -0.986483
vn -0.001804 0.045918 -0.998944
vn 0.035385 0.042898 -0.998453
vn -0.094630 0.133632 -0.986503
vn -0.001595 0.049002 -0.998797
vn 0.036454 0.047439 -0.998209
vn -0.495894 0.398947 -0.771317
vn -0.653993 0.357567 -0.666663
vn 0.037495 0.052139 -0.997936
vn -0.094963 0.133179 -0.986532
vn -0.102287 0.180539 -0.978235
vn -0.069098 0.176829 -0.981813
vn 0.038962 0.052136 -0.997880
vn -0.001567 0.055410 -0.998462
vn -0.102041 0.175507 -0.979176
vn -0.000697 0.186608 -0.982434
vn -0.102825 0.180515 -0.978183
vn 0.039816 0.058707 -0.997481
vn -0.503150 0.430898 -0.749110
vn -0.001458 0.062146 -0.998066
vn 0.041288 0.058704 -0.997421
vn 0.042090 0.065589 -0.996959
vn 0.043573 0.065585 -0.996895
vn -0.001289 0.069188 -0.997603
vn -0.209603 0.199157 -0.957289
vn -0.103475 0.180535 -0.978110
vn -0.105106 0.190647 -0.976016
vn -0.000720 0.203422 -0.979091
vn 0.044224 0.073675 -0.996301
vn -0.503803 0.430689 -0.748792
vn -0.661382 0.383746 -0.644448
vn -0.108498 0.208043 -0.972083
vn -0.109470 0.213940 -0.970694
vn 0.045707 0.073699 -0.996233
vn -0.001059 0.076533 -0.997066
vn 0.046291 0.082120 -0.995547
vn -0.108759 0.208030 -0.972057
vn -0.000704 0.221278 -0.975211
vn -0.109753 0.213925 -0.970665
vn 0.047775 0.082173 -0.995472
vn -0.510460 0.461987 -0.725257
vn 0.033166 0.069143 -0.997055
vn 0.031662 0.070629 -0.997000
vn 0.039196 0.065281 -0.997097
vn 0.040692 0.064869 -0.997064
vn 0.042179 0.064689 -0.997014
vn 0.037695 0.065918 -0.997113
vn 0.034676 0.067855 -0.997092
vn 0.036184 0.066780 -0.997111
vn -0.001329 0.088747 -0.996053
vn 0.049412 0.082102 -0.995398
vn 0.043396 0.067326 -0.996787
vn 0.065118 0.065528 -0.995724
vn 0.066263 0.069077 -0.995408
vn 0.044603 0.070019 -0.996548
vn 0.050279 0.091002 -0.994581
vn -0.000787 0.094090 -0.995563
vn 0.067395 0.072679 -0.995076
vn -0.000694 0.239503 -0.970896
vn -0.222742 0.233675 -0.946458
vn -0.109942 0.213931 -0.970642
vn -0.112007 0.225831 -0.967706
vn 0.045513 0.075519 -0.996105
vn 0.068896 0.072671 -0.994973
vn -0.510404 0.462007 -0.725285
vn -0.667472 0.409574 -0.621877
vn 0.051274 0.100128 -0.993653
vn 0.046704 0.078320 -0.995834
vn 0.070007 0.076386 -0.994618
vn -0.116336 0.250067 -0.961214
vn -0.115255 0.243957 -0.962913
vn 0.047886 0.081176 -0.995549
vn 0.071098 0.080151 -0.994244
vn -0.001008 0.106185 -0.994346
vn 0.053481 0.100131 -0.993536
vn 0.072174 0.083967 -0.993851
vn -0.115188 0.243960 -0.962920
vn -0.000691 0.258054 -0.966130
vn -0.116291 0.250070 -0.961219
vn 0.073671 0.083957 -0.993742
vn 0.048860 0.086979 -0.995011
vn -0.000497 0.112615 -0.993639
vn 0.054584 0.109635 -0.992472
vn -0.516514 0.492536 -0.700444
vn 0.074647 0.088541 -0.993272
vn 0.050402 0.089938 -0.994671
vn 0.064481 0.185610 -0.980506
vn 0.075527 0.093805 -0.992722
vn 0.055625 0.119378 -0.991289
vn 0.065997 0.184414 -0.980630
vn 0.077021 0.093853 -0.992602
vn 0.051771 0.095966 -0.994037
vn 0.077825 0.099595 -0.991980
vn 0.067502 0.183274 -0.980742
vn -0.118271 0.262380 -0.957689
vn -0.234693 0.269269 -0.934031
vn -0.000687 0.276890 -0.960901
vn -0.115989 0.250063 -0.961257
vn -0.000830 0.125866 -0.992047
vn 0.003836 0.127037 -0.991891
vn 0.002207 0.126339 -0.991985
vn 0.000648 0.125961 -0.992035
vn 0.057916 0.119377 -0.991158
vn 0.053235 0.102143 -0.993344
vn 0.079309 0.099622 -0.991860
vn 0.069013 0.182175 -0.980841
vn -0.515810 0.492800 -0.700777
vn -0.672395 0.434998 -0.598884
vn 0.080042 0.105847 -0.991156
vn 0.070532 0.181118 -0.980929
vn -0.121354 0.281067 -0.951985
vn -0.122536 0.287334 -0.949960
vn 0.054596 0.109537 -0.992482
vn 0.081770 0.105877 -0.991011
vn 0.072299 0.179943 -0.981016
vn -0.120970 0.281090 -0.952027
vn -0.000678 0.295971 -0.955197
vn -0.122174 0.287357 -0.950000
vn 0.056336 0.113859 -0.991898
vn 0.082940 0.112286 -0.990208
vn 0.074316 0.178687 -0.981095
vn -0.521419 0.522456 -0.674657
vn 0.084213 0.118771 -0.989344
vn 0.076471 0.177437 -0.981157
vn 0.086430 0.118763 -0.989154
vn 0.057337 0.123766 -0.990654
vn 0.078742 0.176229 -0.981195
vn -0.245348 0.305662 -0.919987
vn -0.121402 0.287344 -0.950103
vn -0.123886 0.299966 -0.945871
vn -0.000662 0.315255 -0.949007
vn 0.087768 0.125454 -0.988210
vn 0.081016 0.175131 -0.981206
vn -0.676250 0.459977 -0.575419
vn -0.520116 0.522978 -0.675258
vn 0.090018 0.125187 -0.988041
vn 0.083281 0.174150 -0.981191
vn -0.128073 0.325426 -0.936854
vn -0.126799 0.319054 -0.939216
vn 0.092333 0.124532 -0.987910
vn 0.085546 0.173282 -0.981150
vn -0.000632 0.334706 -0.942322
vn -0.126117 0.319099 -0.939292
vn -0.127414 0.325471 -0.936928
vn 0.094702 0.123490 -0.987817
vn 0.087799 0.172534 -0.981083
vn -0.525248 0.551672 -0.647898
vn 0.097136 0.122055 -0.987759
vn 0.090047 0.171904 -0.980990
vn 0.075044 0.043563 -0.996228
vn 0.078007 0.044858 -0.995943
vn 0.079483 0.045561 -0.995794
vn 0.174321 0.093174 -0.980271
vn 0.067566 0.040967 -0.996873
vn 0.069068 0.041412 -0.996752
vn 0.070568 0.041894 -0.996627
vn 0.072061 0.042412 -0.996498
vn 0.076528 0.044192 -0.996088
vn 0.073556 0.042970 -0.996365
vn 0.092290 0.171392 -0.980871
vn 0.099638 0.120223 -0.987734
vn 0.001678 0.155589 -0.987820
vn 0.054929 0.158707 -0.985797
vn -0.126194 0.325460 -0.937097
vn -0.000588 0.354287 -0.935136
vn -0.254771 0.342575 -0.904286
vn -0.128860 0.338280 -0.932181
vn -0.523390 0.552463 -0.648727
vn -0.679102 0.484484 -0.551449
vn -0.132958 0.364048 -0.921841
vn -0.131600 0.357621 -0.924548
vn -0.132015 0.364118 -0.921949
vn -0.130636 0.357692 -0.924657
vn -0.000525 0.373962 -0.927444
vn -0.528064 0.580115 -0.620173
vn -0.130373 0.364117 -0.922183
vn -0.133206 0.377037 -0.916569
vn -0.263028 0.379757 -0.886905
vn -0.000441 0.393697 -0.919240
vn 0.100713 0.176390 -0.979155
vn -0.002436 0.197600 -0.980280
vn 0.000259 0.197454 -0.980312
vn 0.202240 0.193853 -0.959958
vn 0.101730 0.169733 -0.980225
vn -0.525675 0.581187 -0.621198
vn -0.680989 0.508499 -0.526956
vn -0.137206 0.402931 -0.904887
vn -0.135773 0.396495 -0.907941
vn 0.105425 0.208050 -0.972420
vn 0.106380 0.202185 -0.973553
vn -0.000334 0.413459 -0.910523
vn -0.134544 0.396592 -0.908082
vn -0.135999 0.403028 -0.905026
vn 0.218020 0.210767 -0.952914
vn 0.108674 0.208066 -0.972059
vn 0.109639 0.202203 -0.973187
vn 0.000336 0.215171 -0.976576
vn -0.529898 0.607724 -0.591506
vn -0.136943 0.415973 -0.899007
vn -0.133961 0.403043 -0.905324
vn -0.270189 0.416978 -0.867829
vn -0.000202 0.433217 -0.901290
vn 0.108442 0.238267 -0.965127
vn 0.110543 0.225983 -0.967839
vn 0.000404 0.233273 -0.972411
vn -0.526991 0.609092 -0.592696
vn -0.681920 0.532018 -0.501938
vn -0.139342 0.435421 -0.889378
vn -0.140842 0.441826 -0.885976
vn 0.112293 0.243982 -0.963257
vn 0.113360 0.237872 -0.964659
vn -0.000046 0.452941 -0.891541
vn -0.137863 0.435547 -0.889546
vn -0.139386 0.441952 -0.886143
vn 0.115523 0.243978 -0.962875
vn 0.230552 0.245670 -0.941537
vn 0.116597 0.237870 -0.964273
vn 0.000464 0.251716 -0.967801
vn -0.530746 0.634455 -0.561939
vn 0.000134 0.472601 -0.881277
vn -0.140098 0.454847 -0.879481
vn -0.136983 0.441990 -0.886499
vn -0.276325 0.454031 -0.847054
vn 0.114736 0.275229 -0.954508
vn 0.117051 0.262541 -0.957795
vn 0.000523 0.270458 -0.962732
vn -0.527324 0.636132 -0.563263
vn -0.681865 0.555059 -0.476414
vn -0.143892 0.480504 -0.865108
vn -0.142332 0.474169 -0.868853
vn 0.118472 0.281111 -0.952335
vn 0.119642 0.274811 -0.954026
vn -0.140628 0.474326 -0.869045
vn 0.000338 0.492170 -0.870499
vn -0.142210 0.480661 -0.865299
vn 0.241764 0.281569 -0.928585
vn 0.000585 0.289457 -0.957191
vn 0.121697 0.281086 -0.951935
vn 0.122872 0.274788 -0.953622
vn -0.530580 0.660276 -0.531526
vn -0.281508 0.490727 -0.824585
vn 0.000563 0.511622 -0.859211
vn -0.142704 0.493434 -0.857997
vn -0.139471 0.480726 -0.865708
vn 0.000651 0.308674 -0.951168
vn 0.120399 0.313119 -0.942051
vn 0.122910 0.300133 -0.945946
vn -0.526634 0.662277 -0.532959
vn -0.680773 0.577650 -0.450409
vn -0.146398 0.518757 -0.842294
vn -0.144785 0.512527 -0.846377
vn 0.124037 0.319116 -0.939564
vn 0.125301 0.312677 -0.941559
vn 0.000809 0.530930 -0.847415
vn -0.144509 0.518945 -0.842504
vn -0.142874 0.512713 -0.846588
vn 0.251779 0.318167 -0.913990
vn 0.128525 0.312631 -0.941139
vn 0.000730 0.328071 -0.944653
vn 0.127257 0.319068 -0.939149
vn -0.529348 0.685165 -0.500339
vn -0.144803 0.531533 -0.834569
vn -0.285810 0.526893 -0.800435
vn 0.001070 0.550072 -0.835117
vn -0.141466 0.519042 -0.842961
vn 0.128194 0.338447 -0.932212
vn 0.000819 0.347609 -0.937639
vn 0.125503 0.351635 -0.927686
vn -0.524854 0.687509 -0.501856
vn -0.678552 0.599848 -0.423970
vn 0.228905 0.037831 -0.972713
vn -0.146740 0.550298 -0.821973
vn -0.148399 0.556393 -0.817560
vn 0.130407 0.351166 -0.927188
vn 0.129058 0.357696 -0.924877
vn 0.323475 0.045360 -0.945149
vn 0.249486 0.041444 -0.967491
vn 0.248719 0.050568 -0.967255
vn 0.001345 0.569022 -0.822321
vn -0.146326 0.556611 -0.817785
vn -0.144646 0.550515 -0.822199
vn 0.133626 0.351095 -0.926756
vn 0.132275 0.357624 -0.924450
vn 0.260707 0.355186 -0.897705
vn 0.000926 0.367254 -0.930120
vn -0.526960 0.709119 -0.468470
vn 0.263743 0.050208 -0.963285
vn 0.263131 0.057127 -0.963067
vn -0.143011 0.556744 -0.818281
vn -0.146437 0.568955 -0.809226
vn 0.001629 0.587760 -0.809034
vn -0.289298 0.562371 -0.774626
vn 0.130114 0.390491 -0.911365
vn 0.132964 0.377193 -0.916540
vn 0.001052 0.386969 -0.922092
vn 0.352815 0.057280 -0.933938
vn 0.277342 0.060973 -0.958834
vn 0.278312 0.050311 -0.959172
vn -0.521879 0.711828 -0.470046
vn -0.675073 0.621729 -0.397152
vn -0.149943 0.593234 -0.790943
vn -0.148244 0.587303 -0.795675
vn 0.133597 0.396570 -0.908231
vn 0.135023 0.389994 -0.910864
vn 0.258407 0.064981 -0.963848
vn 0.291323 0.062686 -0.954569
vn 0.291365 0.062243 -0.954585
vn 0.001918 0.606263 -0.795262
vn -0.147705 0.593483 -0.791177
vn -0.145987 0.587549 -0.795911
vn 0.001198 0.406724 -0.913550
vn 0.138236 0.389899 -0.910423
vn 0.136812 0.396474 -0.907795
vn 0.268653 0.392373 -0.879698
vn -0.523291 0.732153 -0.436026
vn 0.385934 0.069804 -0.919882
vn 0.266859 0.071901 -0.961050
vn 0.304633 0.067056 -0.950106
vn 0.305053 0.062705 -0.950269
vn 0.275071 0.079189 -0.958157
vn 0.283892 0.078790 -0.955614
vn 0.317478 0.071834 -0.945541
vn 0.316856 0.078014 -0.945260
vn 0.002207 0.624511 -0.781013
vn -0.144153 0.593652 -0.791705
vn -0.292030 0.597014 -0.747190
vn -0.147656 0.605527 -0.782007
vn 0.134291 0.429426 -0.893062
vn 0.137281 0.416101 -0.898896
vn 0.001366 0.426485 -0.904494
vn -0.517577 0.735248 -0.437635
vn -0.670178 0.643389 -0.370017
vn -0.149342 0.623375 -0.767529
vn -0.151074 0.629116 -0.762489
vn 0.330342 0.082607 -0.940239
vn 0.417891 0.083909 -0.904614
vn 0.300002 0.087406 -0.949926
vn 0.291578 0.087343 -0.952551
vn 0.330856 0.077619 -0.940484
vn 0.139200 0.428900 -0.892563
vn 0.137707 0.435482 -0.889602
vn -0.148693 0.629393 -0.762728
vn 0.002490 0.642483 -0.766296
vn -0.146942 0.623650 -0.767769
vn 0.142408 0.428780 -0.892114
vn 0.001556 0.446221 -0.894922
vn 0.140919 0.435360 -0.889159
vn 0.275709 0.429497 -0.859951
vn -0.518196 0.754295 -0.403129
vn 0.345200 0.093604 -0.933850
vn 0.345167 0.093911 -0.933831
vn 0.307088 0.097945 -0.946628
vn -0.144936 0.629601 -0.763280
vn -0.148501 0.641086 -0.752965
vn -0.294058 0.630688 -0.718166
vn 0.002762 0.660160 -0.751120
vn 0.138076 0.468199 -0.872768
vn 0.001769 0.465904 -0.884834
vn 0.141189 0.454926 -0.879266
vn -0.663657 0.664949 -0.342640
vn -0.511778 0.757801 -0.404747
vn 0.326301 0.109391 -0.938915
vn 0.446264 0.104198 -0.888815
vn 0.361970 0.098718 -0.926948
vn 0.315085 0.110230 -0.942640
vn 0.362508 0.093767 -0.927251
vn -0.151836 0.663885 -0.732259
vn -0.150079 0.658357 -0.737592
vn 0.142976 0.467646 -0.872276
vn 0.141426 0.474195 -0.868987
vn -0.147558 0.658659 -0.737832
vn -0.149334 0.664188 -0.732498
vn 0.003017 0.677524 -0.735494
vn 0.144634 0.474047 -0.868539
vn 0.002003 0.485505 -0.874231
vn 0.146178 0.467499 -0.871824
vn 0.281942 0.466350 -0.838466
vn -0.511484 0.775593 -0.369919
vn 0.367441 0.129141 -0.921037
vn 0.336281 0.121487 -0.933893
vn 0.347268 0.122006 -0.929796
vn 0.377081 0.115398 -0.918963
vn 0.357650 0.124599 -0.925506
vn 0.378165 0.136558 -0.915611
vn -0.145400 0.664435 -0.733066
vn 0.003250 0.694556 -0.719431
vn -0.295421 0.663264 -0.687609
vn -0.149014 0.675481 -0.722164
vn 0.002256 0.504998 -0.863118
vn 0.144720 0.493440 -0.857655
vn 0.141501 0.506591 -0.850496
vn -0.655258 0.686550 -0.315097
vn -0.504286 0.779532 -0.371518
vn -0.150495 0.692103 -0.705935
vn -0.152273 0.697394 -0.700325
vn 0.144785 0.512493 -0.846397
vn 0.146385 0.506011 -0.850014
vn -0.149662 0.697723 -0.700560
vn 0.003455 0.711239 -0.702942
vn -0.147867 0.692429 -0.706171
vn 0.149564 0.505839 -0.849563
vn 0.002529 0.524357 -0.851495
vn 0.287406 0.502745 -0.815258
vn 0.147971 0.512320 -0.845951
vn -0.502944 0.796105 -0.336548
vn -0.149231 0.708568 -0.689682
vn -0.296139 0.694625 -0.655589
vn 0.003628 0.727555 -0.686040
vn -0.145584 0.698006 -0.701137
vn 0.147890 0.531440 -0.834086
vn 0.002814 0.543556 -0.839368
vn 0.144581 0.544402 -0.826271
vn -0.644674 0.708347 -0.287472
vn -0.494867 0.800497 -0.338099
vn -0.152402 0.729508 -0.666778
vn -0.150613 0.724474 -0.672646
vn 0.147789 0.550180 -0.821864
vn 0.149431 0.543797 -0.825806
vn -0.147904 0.724821 -0.672873
vn -0.149709 0.729858 -0.667004
vn 0.003764 0.743487 -0.668740
vn 0.003112 0.562573 -0.826742
vn 0.292132 0.538513 -0.790356
vn 0.150947 0.549983 -0.821422
vn 0.152579 0.543602 -0.825359
vn -0.492322 0.815902 -0.303188
vn 0.003856 0.759020 -0.651056
vn -0.149171 0.740214 -0.655615
vn -0.145508 0.730177 -0.667584
vn -0.296213 0.724662 -0.622192
vn 0.147316 0.581450 -0.800134
vn 0.150699 0.568738 -0.808596
vn 0.003417 0.581385 -0.813622
vn -0.631534 0.730507 -0.259853
vn -0.483256 0.820760 -0.304657
vn -0.150456 0.755339 -0.637829
vn -0.152248 0.760096 -0.631724
vn 0.152111 0.580825 -0.799691
vn 0.150434 0.587079 -0.795430
vn 0.590209 0.234313 -0.772496
vn 0.439519 0.237598 -0.866239
vn -0.147677 0.755705 -0.638045
vn 0.003902 0.774137 -0.633006
vn -0.149484 0.760466 -0.631939
vn 0.153549 0.586859 -0.794996
vn 0.003724 0.599969 -0.800014
vn 0.155214 0.580606 -0.799253
vn 0.296131 0.573508 -0.763803
vn -0.479340 0.835058 -0.270022
vn 0.445419 0.270552 -0.853466
vn 0.003899 0.788824 -0.614607
vn -0.148847 0.770291 -0.620078
vn -0.145185 0.760819 -0.632516
vn -0.295629 0.753274 -0.587521
vn 0.153133 0.605164 -0.781234
vn 0.004029 0.618306 -0.785927
vn 0.149689 0.617570 -0.772140
vn -0.615396 0.753198 -0.232338
vn -0.469156 0.840386 -0.271376
vn -0.150025 0.784575 -0.601610
vn -0.151811 0.789037 -0.595293
vn 0.152699 0.623026 -0.767151
vn 0.154403 0.616929 -0.771724
vn 0.607486 0.261182 -0.750163
vn 0.455929 0.269287 -0.848300
vn -0.147191 0.784958 -0.601811
vn 0.003844 0.803065 -0.595879
vn -0.148990 0.789424 -0.595493
vn 0.004327 0.636373 -0.771369
vn 0.299391 0.607600 -0.735654
vn 0.155754 0.622787 -0.766731
vn 0.157446 0.616691 -0.771299
vn -0.463684 0.853643 -0.237256
vn 0.460635 0.302698 -0.834380
vn -0.144610 0.789809 -0.596062
vn -0.148249 0.798680 -0.583208
vn 0.003733 0.816847 -0.576843
vn -0.294347 0.780373 -0.551705
vn 0.151672 0.652611 -0.742357
vn 0.004612 0.654153 -0.756348
vn 0.155162 0.640566 -0.752064
vn -0.595734 0.776570 -0.205037
vn -0.452236 0.859430 -0.238458
vn -0.151082 0.816221 -0.557635
vn -0.149312 0.812070 -0.564135
vn 0.154552 0.657876 -0.737098
vn 0.156278 0.651961 -0.741973
vn 0.622263 0.288018 -0.727897
vn 0.470260 0.301279 -0.829510
vn -0.148207 0.816623 -0.557819
vn 0.003569 0.830155 -0.557521
vn -0.146425 0.812467 -0.564320
vn 0.159236 0.651707 -0.741567
vn 0.157524 0.657621 -0.736696
vn 0.301884 0.640674 -0.705977
vn 0.004878 0.671626 -0.740874
vn -0.445012 0.871717 -0.205116
vn 0.473915 0.334930 -0.814387
vn -0.143760 0.817037 -0.558377
vn 0.003348 0.842977 -0.537939
vn -0.292302 0.805880 -0.514894
vn -0.147355 0.825276 -0.545166
vn 0.153222 0.686436 -0.710865
vn 0.156747 0.674802 -0.721161
vn 0.005121 0.688773 -0.724959
vn -0.571927 0.800742 -0.178077
vn -0.432144 0.877931 -0.206130
vn -0.148277 0.837722 -0.525581
vn -0.150019 0.841549 -0.518931
vn 0.157686 0.685785 -0.710517
vn 0.155945 0.691492 -0.705351
vn 0.634897 0.314711 -0.705594
vn 0.482752 0.333378 -0.809821
vn -0.147098 0.841963 -0.519097
vn -0.145346 0.838131 -0.525747
vn 0.003073 0.855302 -0.518121
vn 0.005333 0.705577 -0.708613
vn 0.158818 0.691224 -0.704972
vn 0.303566 0.672629 -0.674847
vn 0.160544 0.685518 -0.710134
vn -0.422959 0.889313 -0.173860
vn 0.485486 0.367073 -0.793449
vn -0.289414 0.829735 -0.477262
vn -0.146123 0.849982 -0.506141
vn -0.142596 0.842402 -0.519639
vn 0.002745 0.867117 -0.498096
vn 0.157837 0.707741 -0.688614
vn 0.154292 0.718916 -0.677757
vn 0.005512 0.722020 -0.691850
vn -0.543256 0.825763 -0.151620
vn -0.408501 0.895893 -0.174651
vn -0.148573 0.864937 -0.479385
vn -0.146871 0.861446 -0.486148
vn 0.158576 0.718273 -0.677449
vn 0.156826 0.723749 -0.672007
vn 0.645691 0.341165 -0.683147
vn 0.493614 0.365410 -0.789190
vn -0.143904 0.861864 -0.486294
vn 0.002368 0.878414 -0.477894
vn -0.145613 0.865359 -0.479531
vn 0.304372 0.703377 -0.642354
vn 0.161311 0.717999 -0.677094
vn 0.159577 0.723474 -0.671655
vn 0.005650 0.738086 -0.674683
vn 0.495533 0.398975 -0.771535
vn -0.285569 0.851892 -0.439011
vn 0.001945 0.889183 -0.457547
vn -0.141054 0.865823 -0.480057
vn -0.144488 0.872722 -0.466347
vn 0.005743 0.753758 -0.657127
vn 0.158375 0.739265 -0.654526
vn 0.154821 0.749934 -0.643141
vn -0.145026 0.883171 -0.446067
vn -0.146675 0.886318 -0.439234
vn 0.158894 0.749308 -0.642877
vn 0.157142 0.754530 -0.637174
vn 0.654885 0.367299 -0.660468
vn 0.503016 0.397223 -0.767586
vn -0.143675 0.886748 -0.439359
vn -0.142022 0.883596 -0.446193
vn 0.001481 0.899418 -0.437087
vn 0.161476 0.749034 -0.642553
vn 0.159740 0.754255 -0.636854
vn 0.005788 0.769020 -0.639199
vn 0.304232 0.732839 -0.608597
vn 0.504218 0.430501 -0.748620
vn -0.142373 0.893436 -0.426032
vn -0.139060 0.887232 -0.439866
vn -0.280649 0.872321 -0.400365
vn 0.000983 0.909112 -0.416551
vn 0.005781 0.783856 -0.620916
vn 0.154757 0.779378 -0.607142
vn 0.158304 0.769261 -0.619014
vn -0.144238 0.905650 -0.398741
vn -0.142656 0.902851 -0.405598
vn 0.156831 0.783726 -0.600981
vn 0.158579 0.778780 -0.606922
vn 0.662673 0.393045 -0.637480
vn 0.511101 0.428686 -0.744986
vn -0.139610 0.903280 -0.405702
vn 0.000458 0.918261 -0.395976
vn -0.141195 0.906084 -0.398844
vn -0.334997 0.938015 -0.088904
vn 0.160984 0.778511 -0.606634
vn 0.005720 0.798252 -0.602297
vn 0.303066 0.760942 -0.573688
vn 0.159254 0.783456 -0.600695
vn -0.319107 0.944633 -0.076412
vn 0.511659 0.461539 -0.724698
vn -0.274504 0.891017 -0.361576
vn -0.136518 0.906585 -0.399332
vn -0.000090 0.926863 -0.375401
vn -0.139682 0.912087 -0.385468
vn 0.005600 0.812193 -0.583362
vn 0.157564 0.797622 -0.582214
vn 0.154038 0.807145 -0.569903
vn -0.141166 0.922911 -0.358199
vn -0.139664 0.920461 -0.365029
vn -0.303755 0.950287 -0.068463
vn -0.302096 0.952542 -0.037447
vn -0.259269 0.964969 -0.040169
vn 0.157570 0.806586 -0.569729
vn 0.155834 0.811235 -0.563572
vn -0.138070 0.923348 -0.358280
vn -0.000648 0.934916 -0.354867
vn -0.136569 0.920892 -0.365111
vn 0.005424 0.825666 -0.564134
vn 0.158060 0.810977 -0.563323
vn 0.300787 0.787621 -0.537754
vn 0.159778 0.806329 -0.569477
vn -0.289085 0.955148 -0.064206
vn -0.238883 0.970614 -0.029058
vn -0.274442 0.959550 -0.062817
vn -0.302567 0.951228 -0.060158
vn -0.133323 0.923864 -0.358749
vn -0.001209 0.942424 -0.334418
vn -0.136311 0.928667 -0.344960
vn -0.266982 0.907989 -0.322919
vn 0.152616 0.833139 -0.531589
vn 0.005189 0.838657 -0.544636
vn 0.156104 0.824251 -0.544281
vn -0.137345 0.938114 -0.317930
vn -0.135937 0.936005 -0.324677
vn -0.260790 0.963919 -0.053368
vn 0.155820 0.832630 -0.531458
vn 0.154104 0.836962 -0.525115
vn -0.001763 0.949389 -0.314097
vn -0.134190 0.938550 -0.317988
vn -0.132786 0.936437 -0.324736
vn -0.247389 0.967439 -0.053477
vn -0.280725 0.958579 -0.048170
vn 0.297309 0.812816 -0.500937
vn 0.156107 0.836724 -0.524904
vn 0.157803 0.832392 -0.531245
vn 0.004897 0.851154 -0.524894
vn -0.235081 0.970957 -0.044489
vn -0.259080 0.964908 -0.042778
vn -0.132145 0.943193 -0.304837
vn -0.129361 0.939076 -0.318438
vn -0.257922 0.923269 -0.284694
vn -0.002302 0.955818 -0.293951
vn -0.222273 0.974267 -0.037395
vn -0.238331 0.970468 -0.037282
vn 0.150449 0.857275 -0.492387
vn 0.153879 0.849057 -0.505394
vn 0.004549 0.863146 -0.504934
vn -0.132665 0.951295 -0.278277
vn -0.131364 0.949519 -0.284882
vn 0.151601 0.860822 -0.485801
vn 0.153287 0.856824 -0.492297
vn -0.002813 0.961718 -0.274027
vn -0.128147 0.949947 -0.284919
vn -0.129442 0.951729 -0.278312
vn 0.153358 0.860608 -0.485628
vn 0.292546 0.836468 -0.463399
vn 0.155024 0.856611 -0.492123
vn 0.004148 0.874622 -0.484788
vn -0.200816 0.979176 -0.029779
vn -0.181750 0.982814 -0.032308
vn -0.127071 0.955714 -0.265450
vn -0.003288 0.967100 -0.254374
vn -0.124515 0.952259 -0.278744
vn -0.247157 0.936907 -0.247223
vn 0.147497 0.879475 -0.452513
vn 0.150848 0.871960 -0.465757
vn 0.003698 0.885574 -0.464484
vn -0.125830 0.961065 -0.246009
vn -0.127013 0.962526 -0.239609
vn 0.149941 0.879090 -0.452457
vn 0.148297 0.882738 -0.445848
vn -0.003717 0.971978 -0.235042
vn -0.123712 0.962952 -0.239621
vn -0.122538 0.961487 -0.246023
vn 0.286420 0.858525 -0.425321
vn 0.151407 0.878909 -0.452321
vn 0.003203 0.895993 -0.444057
vn 0.149784 0.882556 -0.445712
vn -0.234530 0.948967 -0.210851
vn -0.004091 0.976367 -0.216082
vn -0.118674 0.963483 -0.240036
vn -0.120979 0.966310 -0.227175
vn 0.143750 0.899678 -0.412208
vn 0.002671 0.905873 -0.423540
vn 0.146999 0.892891 -0.425601
vn -0.119232 0.970740 -0.208441
vn -0.120285 0.971906 -0.202310
vn 0.145766 0.899366 -0.412181
vn 0.144174 0.902653 -0.405503
vn -0.116897 0.972322 -0.202300
vn -0.004402 0.980284 -0.197545
vn -0.115855 0.971150 -0.208433
vn 0.145373 0.902506 -0.405402
vn 0.146943 0.899221 -0.412080
vn 0.002108 0.915210 -0.402972
vn 0.278861 0.878940 -0.386913
vn -0.004640 0.983750 -0.179484
vn -0.219896 0.959525 -0.175945
vn -0.111735 0.972845 -0.202700
vn -0.113769 0.975091 -0.190405
vn 0.139201 0.917840 -0.371744
vn 0.142322 0.911798 -0.385187
vn 0.001520 0.924000 -0.382390
vn -0.111478 0.978667 -0.172580
vn -0.112394 0.979566 -0.166786
vn 0.139231 0.920521 -0.365041
vn 0.140756 0.917605 -0.371737
vn -0.108916 0.979964 -0.166754
vn 0.002012 0.986572 -0.163314
vn -0.179543 0.971700 -0.153501
vn -0.200816 0.966601 -0.159236
vn -0.004801 0.986787 -0.161953
vn 0.000038 0.986694 -0.162588
vn -0.108013 0.979061 -0.172550
vn -0.002274 0.986773 -0.162092
vn 0.140131 0.920412 -0.364972
vn 0.141634 0.917498 -0.371668
vn 0.269809 0.897672 -0.348408
vn 0.000917 0.932241 -0.361836
vn 0.133859 0.933938 -0.331423
vn 0.136824 0.928648 -0.344806
vn 0.000308 0.939936 -0.341351
vn 0.134940 0.933781 -0.331428
vn 0.133494 0.936325 -0.324769
vn 0.259220 0.914691 -0.310073
vn -0.000299 0.947086 -0.320980
vn 0.135491 0.933715 -0.331389
vn 0.134068 0.936257 -0.324729
vn -0.063568 0.997953 -0.006941
vn 0.127753 0.947978 -0.291577
vn 0.130533 0.943436 -0.304779
vn -0.000892 0.953697 -0.300767
vn 0.126981 0.950073 -0.285023
vn 0.128333 0.947897 -0.291584
vn -0.001462 0.959777 -0.280761
vn 0.127226 0.950044 -0.285008
vn 0.128554 0.947872 -0.291570
vn 0.247060 0.929982 -0.272202
vn -0.002000 0.965334 -0.261009
vn 0.123483 0.956183 -0.265454
vn 0.120916 0.959996 -0.252563
vn 0.120978 0.959987 -0.252564
vn 0.119735 0.961803 -0.246166
vn -0.094192 0.988992 -0.114117
vn -0.096067 0.990367 -0.099717
vn -0.007829 0.997110 -0.075562
vn -0.072994 0.991439 -0.108264
vn 0.233310 0.943548 -0.235125
vn -0.002493 0.970383 -0.241560
vn 0.119639 0.961814 -0.246171
vn 0.120858 0.960001 -0.252571
vn -0.070478 0.991504 -0.109324
vn -0.067953 0.991548 -0.110518
vn -0.065560 0.991569 -0.111773
vn -0.002935 0.974936 -0.222467
vn 0.113393 0.970061 -0.214764
vn 0.115720 0.966946 -0.227209
vn -0.063283 0.991569 -0.113072
vn -0.061122 0.991552 -0.114404
vn 0.112930 0.970118 -0.214751
vn 0.111809 0.971592 -0.208584
vn -0.059078 0.991520 -0.115746
vn -0.057032 0.991473 -0.117173
vn 0.112455 0.970168 -0.214776
vn 0.111358 0.971639 -0.208607
vn -0.003316 0.979011 -0.203779
vn 0.217961 0.955411 -0.199204
vn -0.054995 0.991409 -0.118676
vn -0.143162 0.988484 -0.049030
vn -0.061474 0.997893 -0.020768
vn -0.073464 0.995666 -0.057032
vn -0.068724 0.995967 -0.057678
vn -0.076102 0.995524 -0.056041
vn -0.036452 0.995835 -0.083573
vn -0.007913 0.998201 -0.059440
vn -0.006307 0.998269 -0.058478
vn -0.004879 0.998307 -0.057958
vn -0.078787 0.995395 -0.054605
vn -0.003630 0.998324 -0.057757
vn -0.071015 0.995814 -0.057548
vn 0.105228 0.978281 -0.178587
vn -0.003626 0.982628 -0.185549
vn 0.107290 0.975818 -0.190440
vn -0.064981 0.996498 -0.052614
vn -0.046193 0.997397 -0.055362
vn -0.067035 0.996361 -0.052634
vn -0.046113 0.997354 -0.056201
vn -0.003030 0.998605 -0.052719
vn 0.104226 0.978395 -0.178551
vn 0.103239 0.979551 -0.172688
vn -0.063326 0.996834 -0.048078
vn -0.044325 0.997795 -0.049402
vn -0.044380 0.997822 -0.048807
vn -0.042280 0.998022 -0.046525
vn -0.059554 0.997261 -0.043854
vn -0.042083 0.997923 -0.048772
vn -0.061628 0.997135 -0.043863
vn -0.002869 0.999031 -0.043922
vn 0.102434 0.979629 -0.172725
vn -0.003861 0.985808 -0.167831
vn 0.103397 0.978476 -0.178589
vn 0.000672 0.985965 -0.166951
vn 0.201010 0.965622 -0.164828
vn 0.186925 0.968896 -0.162170
vn -0.001439 0.985861 -0.167561
vn -0.002304 0.999193 -0.040089
vn -0.040501 0.998301 -0.041882
vn -0.040575 0.998335 -0.040997
vn -0.038966 0.998616 -0.035327
vn -0.038500 0.998413 -0.041108
vn -0.002027 0.999445 -0.033238
vn -0.036945 0.998690 -0.035399
vn -0.036466 0.998469 -0.041599
vn -0.034421 0.998505 -0.042467
vn -0.035390 0.998943 -0.029348
vn -0.001769 0.999635 -0.026955
vn -0.001161 0.999635 -0.027006
vn -0.000667 0.999632 -0.027127
vn -0.061686 0.997878 -0.020835
vn -0.012995 0.999803 -0.014973
vn -0.000275 0.999628 -0.027279
vn 0.000043 0.999623 -0.027447
vn 0.000286 0.999619 -0.027610
vn -0.032372 0.998520 -0.043703
vn 0.000449 0.999615 -0.027742
vn -0.033381 0.999011 -0.029390
vn -0.007294 0.997889 -0.064527
vn -0.005537 0.997857 -0.065190
vn -0.004070 0.997847 -0.065452
vn -0.009096 0.996574 -0.082206
vn 0.037842 0.995226 -0.089960
vn 0.087627 0.988312 -0.124742
vn 0.085821 0.989991 -0.112036
vn -0.006885 0.996535 -0.082883
vn -0.003386 0.998183 -0.060168
vn 0.042496 0.996987 -0.064889
vn 0.077020 0.990312 -0.115539
vn 0.070942 0.995438 -0.063806
vn 0.040528 0.997597 -0.056195
vn 0.075681 0.990344 -0.116156
vn 0.069780 0.995475 -0.064494
vn -0.003255 0.998727 -0.050345
vn 0.039412 0.997643 -0.056167
vn 0.068535 0.995530 -0.064991
vn 0.074292 0.990363 -0.116885
vn 0.037609 0.998099 -0.048816
vn -0.002679 0.998935 -0.046071
vn 0.072859 0.990369 -0.117730
vn 0.067211 0.995601 -0.065274
vn 0.042241 0.997154 -0.062445
vn 0.065882 0.995687 -0.065320
vn 0.071456 0.990362 -0.118650
vn 0.035896 0.998479 -0.041859
vn 0.064023 0.996141 -0.060039
vn 0.040802 0.997428 -0.058926
vn 0.070082 0.990342 -0.119633
vn -0.002427 0.999252 -0.038585
vn 0.034819 0.998516 -0.041867
vn 0.062233 0.996552 -0.054881
vn 0.068744 0.990309 -0.120672
vn 0.033196 0.998822 -0.035386
vn 0.061013 0.996624 -0.054935
vn 0.039087 0.997841 -0.052780
vn 0.067444 0.990266 -0.121754
vn 0.059304 0.996974 -0.050254
vn 0.066109 0.990210 -0.122939
vn 0.032069 0.998859 -0.035378
vn -0.002132 0.999490 -0.031854
vn 0.037436 0.998196 -0.046936
vn 0.064739 0.990139 -0.124232
vn 0.058015 0.997051 -0.050230
vn -0.001649 0.999587 -0.028690
vn -0.001061 0.999590 -0.028607
vn 0.030448 0.999104 -0.029387
vn -0.000591 0.999595 -0.028461
vn -0.000223 0.999600 -0.028290
vn 0.000073 0.999605 -0.028106
vn 0.000299 0.999610 -0.027929
vn 0.000451 0.999614 -0.027785
vn 0.035019 0.998407 -0.044228
vn 0.032824 0.998442 -0.045133
vn 0.036095 0.998374 -0.044112
vn 0.031671 0.998441 -0.045970
vn 0.033941 0.998430 -0.044560
vn 0.063341 0.990053 -0.125631
vn 0.056317 0.997353 -0.046000
vn 0.329287 0.940216 -0.086971
vn 0.314478 0.945863 -0.080290
vn 0.300724 0.950598 -0.076994
vn 0.287977 0.954578 -0.076488
vn 0.344937 0.933547 -0.097515
vn 0.274107 0.959477 -0.065332
vn 0.323316 0.943612 -0.071159
vn 0.383215 0.921443 -0.063941
vn 0.050524 0.998327 -0.028106
vn 0.000309 0.999610 -0.027943
vn 0.260614 0.963828 -0.055822
vn 0.248927 0.966926 -0.055594
vn 0.302239 0.951118 -0.063444
vn 0.301237 0.952030 -0.053809
vn 0.280641 0.958439 -0.051343
vn 0.341491 0.938746 -0.046264
vn 0.280879 0.958233 -0.053821
vn 0.236601 0.970486 -0.046659
vn 0.212543 0.976362 -0.039281
vn 0.224134 0.973756 -0.039529
vn 0.260187 0.964480 -0.045630
vn 0.259709 0.964847 -0.040282
vn 0.240079 0.970082 -0.036085
vn 0.193044 0.980637 -0.032948
vn 0.240475 0.969793 -0.040915
vn 0.298315 0.953899 -0.032920
vn 0.201272 0.978990 -0.032674
vn 0.186309 0.982125 -0.026819
vn 0.220000 0.975037 -0.030063
vn 0.014542 -0.072117 -0.997290
vn -0.026174 -0.030281 -0.999199
vn -0.066021 -0.004511 -0.997808
vn -0.104446 0.005645 -0.994515
vn -0.114768 0.004375 -0.993383
vn -0.141180 0.007954 -0.989952
vn -0.175812 -0.000901 -0.984423
vn -0.114597 -0.002585 -0.993409
vn -0.150770 0.016046 -0.988439
vn -0.148673 -0.039383 -0.988102
vn -0.164478 -0.022429 -0.986126
vn -0.153508 0.013772 -0.988051
vn -0.230329 0.041633 -0.972222
vn -0.166579 0.030099 -0.985569
vn -0.209559 0.014030 -0.977695
vn -0.240497 0.005938 -0.970632
vn -0.268932 -0.009413 -0.963113
vn -0.294643 -0.030915 -0.955107
vn -0.048134 0.004804 -0.998829
vn -0.037225 0.001332 -0.999306
vn -0.124592 0.007520 -0.992180
vn -0.185412 0.004438 -0.982651
vn -0.414259 0.175768 -0.893026
vn -0.421157 0.178923 -0.889164
vn -0.406620 0.173224 -0.897025
vn -0.512738 0.232117 -0.826572
vn -0.398230 0.171523 -0.901106
vn -0.459113 0.116095 -0.880760
vn -0.402200 0.185476 -0.896568
vn -0.475771 0.134025 -0.869298
vn -0.499229 0.151251 -0.853167
vn -0.522357 0.159317 -0.837712
vn -0.544596 0.153917 -0.824454
vn -0.561443 0.136128 -0.816242
vn -0.417039 0.172740 -0.892322
vn -0.118629 0.021306 -0.992710
vn -0.062702 0.004087 -0.998024
vn -0.206687 0.043273 -0.977450
vn -0.268062 0.085197 -0.959627
vn -0.284442 0.093712 -0.954102
vn -0.292147 0.096366 -0.951506
vn -0.299521 0.098019 -0.949041
vn -0.276413 0.090006 -0.956815
vn -0.306567 0.098728 -0.946715
vn -0.264487 0.099731 -0.959219
vn -0.313728 0.102617 -0.943952
vn -0.268897 0.105686 -0.957353
vn -0.321727 0.106460 -0.940828
vn -0.330924 0.109869 -0.937240
vn -0.339454 0.107501 -0.934460
vn -0.347246 0.103680 -0.932025
vn -0.354305 0.098618 -0.929915
vn -0.273535 0.114037 -0.955078
vn -0.195172 0.082368 -0.977304
vn -0.117074 0.039467 -0.992339
vn -0.115897 0.022964 -0.992996
vn -0.068897 0.056482 -0.996024
vn -0.273660 0.115117 -0.954913
vn -0.201952 0.077220 -0.976347
vn -0.265933 0.112557 -0.957398
vn -0.269868 0.114156 -0.956107
vn -0.253216 0.113150 -0.960770
vn -0.259066 0.162959 -0.952013
vn -0.015613 0.027265 -0.999506
vn -0.002430 0.032732 -0.999461
vn -0.114337 0.037797 -0.992723
vn -0.002792 0.032550 -0.999466
vn -0.083012 0.058809 -0.994812
vn -0.117512 0.038632 -0.992320
vn -0.002639 0.032622 -0.999464
vn -0.065753 0.040306 -0.997022
vn -0.043706 0.008650 -0.999007
vn -0.255606 0.113662 -0.960076
vn -0.261660 0.164395 -0.951056
vn -0.258004 0.114449 -0.959341
vn -0.264219 0.165721 -0.950118
vn -0.266715 0.166926 -0.949210
vn -0.260385 0.115492 -0.958573
vn -0.262748 0.116780 -0.957771
vn -0.269148 0.168013 -0.948331
vn -0.271545 0.168997 -0.947472
vn -0.265122 0.118320 -0.956928
vn -0.273871 0.169868 -0.946647
vn -0.267470 0.120080 -0.956055
vn -0.300931 0.148535 -0.942007
vn -0.366449 0.132292 -0.920985
vn -0.390141 0.177290 -0.903525
vn -0.207826 0.187836 -0.959961
vn -0.288613 0.174834 -0.941348
vn -0.286943 0.162671 -0.944035
vn -0.380837 0.177441 -0.907457
vn -0.308404 0.193127 -0.931445
vn -0.310145 0.204748 -0.928379
vn -0.402373 0.199891 -0.893386
vn -0.411888 0.207256 -0.887352
vn -0.317546 0.209741 -0.924756
vn -0.316657 0.204089 -0.926324
vn -0.220681 0.221405 -0.949884
vn -0.421873 0.222824 -0.878847
vn -0.326503 0.237752 -0.914806
vn -0.324716 0.226355 -0.918326
vn -0.330798 0.237629 -0.913294
vn -0.331737 0.243437 -0.911421
vn -0.082495 0.123137 -0.988955
vn -0.083853 0.122311 -0.988943
vn -0.175417 0.118853 -0.977294
vn -0.085852 0.121538 -0.988867
vn -0.085137 0.121756 -0.988902
vn -0.086641 0.121384 -0.988817
vn -0.087440 0.121313 -0.988756
vn -0.078002 0.127580 -0.988756
vn -0.077187 0.128662 -0.988680
vn -0.081793 0.123659 -0.988948
vn -0.084505 0.122001 -0.988926
vn -0.078795 0.126607 -0.988818
vn -0.120192 0.066375 -0.990529
vn -0.079570 0.125734 -0.988868
vn -0.080331 0.124952 -0.988905
vn -0.184050 0.118776 -0.975714
vn -0.081071 0.124263 -0.988932
vn -0.083188 0.122685 -0.988953
vn -0.139363 0.189986 -0.971845
vn -0.130888 0.122402 -0.983812
vn -0.139846 0.189257 -0.971918
vn -0.131395 0.122393 -0.983746
vn -0.093771 0.128042 -0.987326
vn -0.131898 0.122365 -0.983682
vn -0.089676 0.126343 -0.987925
vn -0.140331 0.188553 -0.971985
vn -0.092839 0.127399 -0.987497
vn -0.088909 0.126322 -0.987997
vn -0.090398 0.126443 -0.987846
vn -0.091075 0.126611 -0.987763
vn -0.091713 0.126835 -0.987675
vn -0.092297 0.127100 -0.987586
vn -0.150292 0.174558 -0.973109
vn -0.093327 0.127715 -0.987410
vn -0.431220 0.238552 -0.870139
vn -0.333358 0.237326 -0.912441
vn -0.232468 0.256827 -0.938082
vn -0.334326 0.243123 -0.910559
vn -0.342751 0.271807 -0.899246
vn -0.439961 0.254410 -0.861226
vn -0.340818 0.260164 -0.903414
vn -0.346155 0.271643 -0.897990
vn -0.347163 0.277543 -0.895795
vn -0.448127 0.270369 -0.852105
vn -0.242976 0.293145 -0.924678
vn -0.348149 0.271371 -0.897302
vn -0.349187 0.277261 -0.895095
vn -0.455747 0.286406 -0.842773
vn -0.357105 0.306370 -0.882391
vn -0.355044 0.294586 -0.887222
vn -0.360759 0.312133 -0.878877
vn -0.359691 0.306192 -0.881402
vn -0.462844 0.302496 -0.833230
vn -0.252270 0.330071 -0.909622
vn -0.361157 0.305964 -0.880881
vn -0.362257 0.311895 -0.878345
vn -0.369706 0.341206 -0.864232
vn -0.367531 0.329379 -0.869730
vn -0.469449 0.318616 -0.823469
vn 0.033767 0.003474 -0.999424
vn 0.104755 0.020529 -0.994286
vn 0.056881 0.038071 -0.997655
vn 0.057762 0.041255 -0.997478
vn -0.001982 0.016857 -0.999856
vn -0.002207 0.016922 -0.999854
vn 0.024310 0.013609 -0.999612
vn -0.002122 0.016901 -0.999855
vn -0.002232 0.016927 -0.999854
vn -0.372663 0.346979 -0.860656
vn -0.371541 0.341040 -0.863510
vn -0.475585 0.334745 -0.813489
vn -0.260413 0.367344 -0.892885
vn -0.373683 0.346796 -0.860287
vn -0.372528 0.340867 -0.863153
vn -0.481275 0.350864 -0.803286
vn -0.380688 0.376109 -0.844759
vn -0.378412 0.364325 -0.850924
vn -0.381839 0.375980 -0.844297
vn -0.383009 0.381875 -0.841116
vn -0.486541 0.366955 -0.792857
vn -0.267474 0.404727 -0.874445
vn -0.382381 0.375874 -0.844099
vn -0.383585 0.381759 -0.840906
vn -0.387820 0.399230 -0.830790
vn -0.491409 0.382999 -0.782195
vn -0.390185 0.410896 -0.823966
vn -0.391917 0.416640 -0.820251
vn -0.390705 0.410825 -0.823755
vn -0.390848 0.410794 -0.823703
vn -0.273521 0.442005 -0.854294
vn -0.392095 0.416601 -0.820186
vn -0.495900 0.398981 -0.771296
vn -0.500022 0.414887 -0.760163
vn -0.398316 0.445401 -0.801849
vn -0.395870 0.433924 -0.809319
vn -0.398268 0.445409 -0.801869
vn -0.399517 0.451112 -0.798050
vn -0.398041 0.445463 -0.801952
vn -0.399327 0.451158 -0.798119
vn -0.278627 0.478981 -0.832433
vn -0.503805 0.430700 -0.748784
vn -0.402680 0.468251 -0.786504
vn -0.405199 0.479479 -0.778405
vn -0.507259 0.446409 -0.737162
vn -0.404627 0.479582 -0.778639
vn -0.405910 0.485146 -0.774513
vn -0.404066 0.479727 -0.778841
vn -0.405387 0.485283 -0.774701
vn -0.282861 0.515477 -0.808872
vn -0.510402 0.461998 -0.725291
vn -0.410937 0.512995 -0.753636
vn -0.408354 0.502073 -0.762345
vn -0.513245 0.477458 -0.713171
vn -0.411197 0.518608 -0.749641
vn -0.409883 0.513210 -0.754063
vn -0.515805 0.492775 -0.700799
vn -0.410373 0.518840 -0.749933
vn -0.286291 0.551329 -0.783629
vn -0.409021 0.513449 -0.754368
vn -0.518091 0.507938 -0.688172
vn -0.412979 0.535261 -0.736847
vn -0.415620 0.545830 -0.727550
vn -0.414124 0.546168 -0.728150
vn -0.415464 0.551378 -0.723444
vn -0.412978 0.546508 -0.728545
vn -0.520107 0.522940 -0.675295
vn -0.414356 0.551712 -0.723825
vn -0.288974 0.586387 -0.756733
vn -0.419324 0.577873 -0.700164
vn -0.521867 0.537768 -0.662164
vn -0.416633 0.567701 -0.710023
vn -0.417418 0.578343 -0.700915
vn -0.418782 0.583345 -0.695939
vn -0.416012 0.578787 -0.701385
vn -0.417413 0.583782 -0.696394
vn -0.290964 0.620511 -0.728221
vn -0.523377 0.552413 -0.648780
vn 0.158279 0.062196 -0.985434
vn -0.524637 0.566870 -0.635149
vn -0.419367 0.599288 -0.681898
vn -0.422101 0.609023 -0.671507
vn 0.221770 0.018634 -0.974921
vn 0.166522 0.063925 -0.983963
vn 0.226812 0.014851 -0.973825
vn -0.421197 0.614408 -0.667154
vn -0.419815 0.609634 -0.672385
vn -0.525659 0.581127 -0.621268
vn -0.418160 0.610184 -0.672917
vn -0.292300 0.653572 -0.698144
vn -0.419581 0.614952 -0.667672
vn -0.526436 0.595181 -0.607144
vn -0.421222 0.629925 -0.652508
vn -0.423990 0.639188 -0.641616
vn 0.332413 0.052175 -0.941689
vn 0.242226 0.063711 -0.968126
vn 0.345199 0.037154 -0.937794
vn 0.257555 0.073612 -0.963456
vn 0.301305 0.075201 -0.950558
vn 0.275050 0.079396 -0.958146
vn 0.292549 0.078238 -0.953045
vn 0.214650 0.092245 -0.972325
vn 0.283802 0.079654 -0.955569
vn 0.266300 0.077402 -0.960777
vn 0.219759 0.087774 -0.971597
vn 0.310040 0.070607 -0.948098
vn 0.320180 0.063507 -0.945226
vn -0.422732 0.644481 -0.637136
vn -0.421335 0.639948 -0.642606
vn -0.526971 0.609024 -0.592783
vn -0.420888 0.645131 -0.637699
vn -0.419453 0.640604 -0.643184
vn -0.293001 0.685447 -0.666568
vn 0.205202 0.038710 -0.977954
vn -0.014455 -0.068890 -0.997520
vn 0.025520 -0.027721 -0.999290
vn 0.063969 -0.003352 -0.997946
vn 0.101314 0.005554 -0.994839
vn 0.018312 -0.022115 -0.999588
vn 0.125848 0.015377 -0.991930
vn -0.527260 0.622652 -0.578188
vn -0.425004 0.668285 -0.610546
vn -0.422212 0.659527 -0.621901
vn 0.145625 -0.042574 -0.988423
vn 0.137604 0.007482 -0.990459
vn 0.173165 -0.002442 -0.984890
vn 0.109203 -0.002140 -0.994017
vn 0.143105 0.014964 -0.989594
vn 0.108971 0.004402 -0.994035
vn -0.422003 0.669199 -0.611626
vn -0.423408 0.673474 -0.605936
vn 0.206066 0.012945 -0.978453
vn 0.238871 0.003669 -0.971044
vn 0.270732 -0.013465 -0.962560
vn 0.301476 -0.037812 -0.952724
vn 0.222781 0.042296 -0.973951
vn 0.147373 0.014359 -0.988977
vn 0.160499 -0.024681 -0.986727
vn 0.157844 0.028531 -0.987052
vn -0.527301 0.636058 -0.563368
vn -0.293073 0.716027 -0.633572
vn -0.421322 0.674239 -0.606539
vn -0.419879 0.669970 -0.612243
vn -0.527084 0.649243 -0.548330
vn -0.425131 0.696244 -0.578367
vn -0.422326 0.688018 -0.590145
vn -0.423186 0.701324 -0.573636
vn -0.421778 0.697320 -0.579524
vn -0.420870 0.702204 -0.574263
vn -0.419426 0.698204 -0.580166
vn -0.292504 0.745207 -0.599256
vn -0.526608 0.662198 -0.533082
vn 0.219142 0.203738 -0.954184
vn 0.360201 0.184084 -0.914532
vn 0.276630 0.174436 -0.945012
vn 0.340868 0.171395 -0.924355
vn 0.350597 0.178528 -0.919353
vn 0.267065 0.055906 -0.962056
vn 0.283852 0.120894 -0.951216
vn 0.383929 0.191797 -0.903224
vn 0.371235 0.188810 -0.909140
vn 0.397129 0.192359 -0.897378
vn 0.200401 0.205638 -0.957889
vn -0.424338 0.723001 -0.545167
vn -0.525858 0.674927 -0.517636
vn -0.421534 0.715331 -0.557324
vn -0.420619 0.724250 -0.546390
vn -0.422022 0.727973 -0.540327
vn 0.318579 0.203604 -0.925771
vn 0.314969 0.226971 -0.921563
vn 0.406934 0.215683 -0.887629
vn -0.524824 0.687427 -0.502000
vn -0.419478 0.728967 -0.540967
vn -0.418040 0.725249 -0.547044
vn -0.291253 0.772897 -0.563740
vn 0.418350 0.223336 -0.880400
vn 0.326399 0.226387 -0.917722
vn 0.327299 0.220592 -0.918811
vn -0.523493 0.699697 -0.486188
vn -0.419763 0.741419 -0.523542
vn -0.422550 0.748513 -0.511058
vn 0.228678 0.256572 -0.939083
vn 0.332874 0.237201 -0.912650
vn 0.427960 0.239076 -0.871604
vn 0.334752 0.225191 -0.915003
vn -0.419857 0.753369 -0.506118
vn -0.418466 0.749937 -0.512330
vn 0.338072 0.254540 -0.906045
vn 0.337087 0.260522 -0.904710
vn -0.415639 0.751057 -0.512990
vn -0.417063 0.754485 -0.506764
vn -0.521845 0.711743 -0.470213
vn -0.289259 0.799015 -0.527166
vn 0.343318 0.254182 -0.904171
vn 0.436954 0.254943 -0.862598
vn 0.342345 0.260152 -0.902840
vn -0.519868 0.723562 -0.454087
vn -0.416927 0.766242 -0.488922
vn -0.419681 0.772744 -0.476166
vn 0.239718 0.292869 -0.925615
vn 0.350142 0.258899 -0.900207
vn 0.348130 0.271211 -0.897357
vn 0.445364 0.270907 -0.853382
vn -0.415201 0.774354 -0.477477
vn -0.416571 0.777488 -0.471148
vn 0.351536 0.294975 -0.888489
vn 0.352587 0.288865 -0.890078
vn -0.286444 0.823495 -0.489700
vn -0.412115 0.775597 -0.478132
vn -0.517540 0.735160 -0.437826
vn -0.413516 0.778729 -0.471789
vn 0.357500 0.288433 -0.888257
vn 0.356465 0.294532 -0.886670
vn 0.453230 0.286942 -0.843947
vn -0.415610 0.795677 -0.440643
vn -0.514839 0.746542 -0.421446
vn -0.412907 0.789778 -0.453606
vn 0.249578 0.329763 -0.910477
vn 0.361617 0.305748 -0.880768
vn 0.460583 0.303023 -0.834290
vn 0.363745 0.293225 -0.884143
vn -0.412049 0.800311 -0.435566
vn -0.410709 0.797477 -0.441982
vn 0.365421 0.323590 -0.872787
vn 0.364312 0.329786 -0.870929
vn -0.408709 0.801681 -0.436194
vn -0.511738 0.757713 -0.404964
vn -0.282696 0.846286 -0.451535
vn -0.407341 0.798848 -0.442623
vn 0.467451 0.319126 -0.824408
vn 0.368929 0.329274 -0.869178
vn 0.370018 0.323091 -0.871033
vn -0.508216 0.768677 -0.388397
vn -0.407559 0.812018 -0.417760
vn -0.410192 0.817309 -0.404658
vn 0.473866 0.335227 -0.814294
vn 0.375749 0.327917 -0.866766
vn 0.258369 0.366987 -0.893625
vn 0.373522 0.340568 -0.862841
vn -0.406127 0.821840 -0.399549
vn -0.404828 0.819309 -0.406013
vn 0.376738 0.358484 -0.854142
vn 0.375580 0.364725 -0.852007
vn -0.504242 0.779443 -0.371764
vn -0.277895 0.867352 -0.412886
vn -0.402476 0.823341 -0.400153
vn -0.401151 0.820810 -0.406630
vn 0.381049 0.357923 -0.852463
vn 0.379913 0.364152 -0.850329
vn 0.479855 0.351306 -0.803942
vn 0.471161 0.130743 -0.872303
vn 0.425171 0.172626 -0.888499
vn 0.436040 0.179171 -0.881911
vn 0.501236 0.230943 -0.833923
vn 0.449480 0.103883 -0.887230
vn 0.387880 0.162831 -0.907213
vn 0.400888 0.164259 -0.901281
vn 0.366894 0.193209 -0.909978
vn 0.413471 0.167601 -0.894959
vn 0.403388 0.162360 -0.900510
vn -0.499789 0.790017 -0.355083
vn -0.403254 0.837655 -0.368403
vn -0.400711 0.832969 -0.381566
vn 0.386312 0.362750 -0.848042
vn 0.485440 0.367344 -0.793351
vn 0.266194 0.404294 -0.875035
vn 0.384002 0.375452 -0.843551
vn -0.397380 0.839859 -0.369765
vn -0.398629 0.842089 -0.363292
vn 0.385497 0.399589 -0.831697
vn 0.386696 0.393338 -0.834117
vn -0.393364 0.841491 -0.370348
vn -0.271895 0.886679 -0.373996
vn -0.494819 0.800410 -0.338376
vn -0.394636 0.843722 -0.363862
vn 0.494995 0.144344 -0.856823
vn 0.520184 0.157860 -0.839338
vn 0.550232 0.145324 -0.822269
vn 0.499855 0.151060 -0.852834
vn 0.579301 0.105575 -0.808248
vn 0.572225 0.121440 -0.811055
vn 0.390749 0.392722 -0.832517
vn 0.389575 0.398960 -0.830098
vn 0.490649 0.383321 -0.782515
vn -0.394605 0.856740 -0.332089
vn -0.489304 0.810626 -0.321665
vn -0.392173 0.852653 -0.345229
vn 0.495490 0.399222 -0.771434
vn 0.395579 0.397521 -0.827946
vn 0.393201 0.410204 -0.822876
vn 0.273147 0.441462 -0.854694
vn -0.388168 0.859150 -0.333446
vn -0.389356 0.861085 -0.327008
vn 0.395420 0.427969 -0.812703
vn 0.394189 0.434194 -0.809994
vn -0.383771 0.860915 -0.333984
vn -0.384978 0.862852 -0.327534
vn -0.264541 0.904270 -0.335132
vn -0.483204 0.820675 -0.304970
vn 0.499999 0.415027 -0.760101
vn 0.399234 0.427303 -0.811187
vn 0.398029 0.433516 -0.808478
vn -0.384032 0.874606 -0.295947
vn -0.381731 0.871101 -0.308974
vn -0.476482 0.830565 -0.288316
vn 0.504178 0.430726 -0.748518
vn 0.401236 0.444649 -0.800810
vn 0.403667 0.432049 -0.806465
vn 0.279292 0.478287 -0.832609
vn -0.376966 0.877221 -0.297289
vn -0.378083 0.878869 -0.290934
vn -0.514878 0.855818 -0.049765
vn -0.385397 0.916747 -0.105094
vn -0.472141 0.877897 -0.079877
vn -0.429343 0.899108 -0.085259
vn -0.387680 0.919269 -0.068182
vn -0.347242 0.937240 -0.031689
vn -0.437766 0.887106 -0.146298
vn -0.400443 0.909082 -0.114953
vn -0.369140 0.924277 -0.097200
vn -0.334672 0.938165 -0.088546
vn -0.352213 0.931416 -0.091711
vn -0.356658 0.933174 -0.044520
vn -0.297997 0.948162 -0.110389
vn -0.273443 0.953052 -0.130080
vn 0.403029 0.462207 -0.789894
vn 0.401771 0.468379 -0.786894
vn -0.372150 0.879111 -0.297772
vn -0.255673 0.920146 -0.296584
vn -0.373283 0.880763 -0.291405
vn -0.469100 0.840303 -0.271727
vn 0.508049 0.446302 -0.736683
vn 0.405378 0.467660 -0.785470
vn 0.406606 0.461502 -0.788471
vn -0.461011 0.849898 -0.255230
vn -0.369152 0.888353 -0.273047
vn -0.371303 0.891299 -0.260232
vn 0.408199 0.478632 -0.777358
vn 0.284682 0.514591 -0.808797
vn 0.410671 0.466175 -0.783601
vn 0.511622 0.461742 -0.724594
vn -0.364582 0.895482 -0.255327
vn -0.363545 0.894107 -0.261547
vn 0.408315 0.502000 -0.762414
vn 0.409593 0.495912 -0.765705
vn -0.452177 0.859352 -0.238852
vn -0.359315 0.897494 -0.255730
vn -0.245119 0.934349 -0.258668
vn -0.358265 0.896114 -0.261964
vn 0.411699 0.501250 -0.761086
vn 0.412946 0.495176 -0.764380
vn 0.514907 0.477037 -0.712255
vn -0.442547 0.868673 -0.222622
vn -0.354201 0.904451 -0.237717
vn -0.356183 0.906868 -0.225219
vn 0.517916 0.492173 -0.699663
vn 0.289346 0.550211 -0.783292
vn 0.416656 0.499759 -0.759367
vn 0.414154 0.512020 -0.752537
vn -0.347663 0.909851 -0.226497
vn -0.348610 0.910969 -0.220467
vn 0.413881 0.534935 -0.736577
vn 0.415175 0.528956 -0.740159
vn -0.341863 0.911962 -0.226838
vn -0.232723 0.946931 -0.221722
vn -0.432081 0.877858 -0.206571
vn -0.342819 0.913086 -0.220795
vn 0.520648 0.507145 -0.686825
vn 0.418307 0.528199 -0.738935
vn 0.417047 0.534164 -0.735350
vn -0.420722 0.886913 -0.190733
vn -0.338424 0.921362 -0.191211
vn -0.336628 0.919434 -0.203278
vn 0.421662 0.532685 -0.733790
vn 0.523115 0.521943 -0.673741
vn 0.419139 0.544698 -0.726379
vn 0.293295 0.585004 -0.756141
vn 0.418492 0.567080 -0.709426
vn 0.419796 0.561234 -0.713294
vn 0.422707 0.560468 -0.712176
vn 0.421437 0.566300 -0.708305
vn 0.525317 0.536558 -0.660415
vn -0.319245 0.927662 -0.193716
vn -0.379092 0.911614 -0.158897
vn -0.175827 0.967734 -0.180489
vn -0.199128 0.964958 -0.170889
vn -0.320362 0.928827 -0.186139
vn -0.395159 0.904599 -0.159841
vn -0.362512 0.919086 -0.154486
vn -0.346000 0.926720 -0.146537
vn -0.329868 0.934263 -0.135420
vn -0.220975 0.960555 -0.168832
vn -0.410676 0.898048 -0.157652
vn 0.425708 0.564851 -0.706906
vn 0.527255 0.550986 -0.646851
vn 0.296513 0.618844 -0.727401
vn 0.423171 0.576569 -0.698924
vn 0.422147 0.598348 -0.681007
vn 0.423459 0.592658 -0.685156
vn -0.198548 0.979695 -0.027866
vn -0.259161 0.965559 0.023032
vn -0.213539 0.976934 -0.000556
vn -0.169433 0.985445 0.013781
vn -0.121996 0.992519 -0.004756
vn -0.131516 0.991154 -0.017808
vn -0.137405 0.990214 -0.024405
vn 0.426145 0.591896 -0.684149
vn 0.424869 0.597571 -0.679996
vn 0.528922 0.565225 -0.633058
vn -0.075866 0.997111 -0.003729
vn -0.033231 0.999390 0.010739
vn -0.000272 0.999406 0.034473
vn 0.024843 0.997994 0.058229
vn -0.090322 0.995909 -0.002582
vn -0.127714 0.991684 -0.015851
vn -0.090576 0.995856 0.008190
vn 0.428781 0.596174 -0.678766
vn 0.426236 0.607553 -0.670225
vn 0.298973 0.651621 -0.697141
vn 0.530330 0.579263 -0.619035
vn 0.424836 0.628666 -0.651379
vn 0.426152 0.623152 -0.655802
vn 0.427313 0.627910 -0.650486
vn 0.428592 0.622412 -0.654914
vn 0.531460 0.593106 -0.604794
vn -0.158298 0.987329 0.011099
vn -0.030393 0.999530 0.003902
vn -0.009906 0.999799 0.017446
vn -0.138361 0.990381 0.001276
vn -0.128184 0.991748 -0.002268
vn -0.106193 0.994323 -0.006726
vn -0.175260 0.983948 -0.033625
vn -0.152565 0.988120 -0.018531
vn 0.428297 0.637588 -0.640346
vn 0.430845 0.626591 -0.649428
vn 0.532316 0.606746 -0.590338
vn 0.300629 0.683235 -0.665441
vn 0.426509 0.657975 -0.620612
vn 0.427827 0.652659 -0.625300
vn 0.532884 0.620186 -0.575677
vn 0.430000 0.651960 -0.624538
vn 0.428718 0.657262 -0.619845
vn 0.533157 0.633424 -0.560819
vn 0.431848 0.656046 -0.618960
vn 0.301416 0.713599 -0.632396
vn 0.429300 0.666622 -0.609357
vn 0.428412 0.681137 -0.593730
vn 0.427094 0.686235 -0.588789
vn 0.533128 0.646459 -0.545770
vn 0.429029 0.685578 -0.588147
vn 0.430311 0.680495 -0.593093
vn -0.262821 0.964432 -0.028202
vn -0.253677 0.964898 -0.067969
vn -0.248943 0.967924 -0.033932
vn -0.222150 0.974229 -0.039078
vn -0.258326 0.958282 -0.122325
vn -0.278019 0.960378 -0.019497
vn -0.152907 0.988068 -0.018476
vn -0.235617 0.971123 -0.037486
vn -0.327381 0.944516 0.026685
vn -0.200234 0.978997 -0.038351
vn -0.136168 0.990213 -0.030611
vn -0.181804 0.982831 -0.031460
vn -0.309942 0.950728 0.007209
vn -0.293742 0.955853 -0.007735
vn 0.429167 0.694616 -0.577342
vn 0.532784 0.659294 -0.530540
vn 0.431712 0.684501 -0.587438
vn 0.301264 0.742636 -0.598107
vn 0.427844 0.708543 -0.561174
vn 0.426527 0.713405 -0.555993
vn 0.532109 0.671931 -0.515140
vn 0.429426 0.707985 -0.560670
vn 0.428146 0.712832 -0.555483
vn 0.531090 0.684373 -0.499577
vn 0.427810 0.721541 -0.544388
vn 0.430348 0.711924 -0.554945
vn 0.300092 0.770273 -0.562693
vn 0.426006 0.734858 -0.527733
vn 0.424693 0.739465 -0.522329
vn 0.529715 0.696620 -0.483862
vn 0.427249 0.734404 -0.527360
vn 0.425972 0.738997 -0.521950
vn 0.527958 0.708681 -0.468008
vn 0.425122 0.747370 -0.510596
vn 0.297816 0.796447 -0.526287
vn 0.427650 0.738291 -0.521577
vn 0.422787 0.760063 -0.493514
vn 0.421480 0.764395 -0.487909
vn 0.525814 0.720553 -0.452022
vn 0.422403 0.764048 -0.487654
vn 0.423675 0.759730 -0.493265
vn 0.420981 0.772090 -0.476080
vn 0.294351 0.821095 -0.489040
vn 0.423493 0.763583 -0.487436
vn 0.523256 0.732243 -0.435917
vn 0.418091 0.784130 -0.458629
vn 0.416793 0.788170 -0.452848
vn 0.418562 0.783950 -0.458507
vn 0.520261 0.743757 -0.419707
vn 0.417299 0.787977 -0.452718
vn 0.289613 0.844164 -0.451122
vn 0.516814 0.755095 -0.403404
vn 0.417761 0.787779 -0.452637
vn 0.415271 0.795679 -0.440959
vn 0.410478 0.810787 -0.417291
vn 0.411762 0.807055 -0.423219
vn 0.411800 0.807040 -0.423210
vn 0.512891 0.766262 -0.387021
vn 0.410550 0.810759 -0.417275
vn 0.283527 0.865604 -0.412726
vn 0.508466 0.777263 -0.370573
vn 0.410311 0.810861 -0.417311
vn 0.407853 0.818124 -0.405376
vn 0.403693 0.828813 -0.387429
vn 0.402428 0.832222 -0.381389
vn 0.403240 0.828988 -0.387527
vn 0.402008 0.832385 -0.381478
vn 0.503520 0.788098 -0.354074
vn 0.401011 0.832807 -0.381604
vn 0.398598 0.839404 -0.369488
vn 0.276027 0.885370 -0.374072
vn 0.498021 0.798774 -0.337543
vn 0.393742 0.849390 -0.351432
vn 0.392504 0.852464 -0.345319
vn 0.491947 0.809289 -0.320997
vn 0.391548 0.852831 -0.345500
vn 0.392754 0.849769 -0.351621
vn 0.387372 0.859498 -0.333477
vn 0.389724 0.853590 -0.345687
vn 0.485270 0.819646 -0.304455
vn 0.267055 0.903429 -0.335405
vn 0.381772 0.868768 -0.315423
vn 0.380571 0.871498 -0.309284
vn 0.380213 0.869356 -0.315687
vn 0.379043 0.872074 -0.309539
vn 0.477966 0.829844 -0.287938
vn 0.256572 0.919760 -0.297004
vn 0.469998 0.839885 -0.271468
vn 0.376314 0.873178 -0.309754
vn 0.374044 0.878382 -0.297550
vn 0.367664 0.886924 -0.279624
vn 0.366511 0.889303 -0.273512
vn 0.364354 0.890093 -0.273825
vn 0.461346 0.849764 -0.255070
vn 0.365476 0.887725 -0.279948
vn 0.358488 0.896030 -0.261946
vn 0.360652 0.891536 -0.274033
vn 0.244546 0.934358 -0.259176
vn 0.451968 0.859484 -0.238772
vn 0.350201 0.905863 -0.238266
vn 0.351292 0.903833 -0.244293
vn 0.348431 0.904842 -0.244657
vn 0.347369 0.906860 -0.238618
vn 0.441846 0.869034 -0.222602
vn 0.230961 0.947236 -0.222262
vn 0.342614 0.908624 -0.238784
vn 0.430939 0.878414 -0.206593
vn 0.340585 0.912414 -0.226940
vn 0.332537 0.919476 -0.209721
vn 0.331523 0.921162 -0.203844
vn 0.420526 0.885173 -0.199067
vn 0.662893 0.680859 -0.311454
vn 0.658081 0.684332 -0.314037
vn 0.504542 0.784909 -0.359661
vn 0.215808 0.958434 -0.186631
vn 0.406654 0.896626 -0.175199
vn 0.322097 0.926932 -0.192483
vn 0.324102 0.923627 -0.204624
vn 0.310378 0.935183 -0.170583
vn 0.311300 0.933826 -0.176241
vn 0.394413 0.903470 -0.167869
vn 0.492948 0.806430 -0.326609
vn 0.583515 0.748209 -0.315742
vn 0.646545 0.706865 -0.286916
vn 0.585302 0.741956 -0.326991
vn 0.495911 0.804791 -0.326164
vn 0.335680 0.932010 -0.136664
vn 0.301390 0.937974 -0.171373
vn 0.350995 0.925524 -0.142152
vn 0.199083 0.968015 -0.152683
vn 0.299565 0.940630 -0.159610
vn 0.185874 0.970329 -0.154637
vn 0.378859 0.914040 -0.144905
vn 0.365600 0.919426 -0.144891
vn 0.572510 0.764194 -0.297051
vn 0.483203 0.825019 -0.293015
vn 0.632335 0.729848 -0.259756
vn 0.618284 0.742027 -0.259077
vn 0.570690 0.769971 -0.285408
vn 0.478937 0.827322 -0.293526
vn 0.247952 0.964386 -0.092079
vn 0.311324 0.948615 -0.056628
vn 0.251693 0.960314 -0.120198
vn 0.298805 0.952326 -0.061566
vn 0.286587 0.955878 -0.064533
vn 0.274172 0.959419 -0.065920
vn 0.204742 0.976671 -0.064762
vn 0.208174 0.973264 -0.097057
vn 0.261368 0.963180 -0.063014
vn 0.249566 0.966366 -0.062078
vn 0.213624 0.975519 -0.052232
vn 0.225656 0.972558 -0.056660
vn 0.192340 0.980428 -0.042038
vn 0.193777 0.980119 -0.042630
vn 0.187197 0.981552 -0.038888
vn 0.131042 0.989957 -0.053033
vn 0.202422 0.978162 -0.047174
vn 0.206040 0.973835 -0.095879
vn 0.237852 0.969446 -0.059999
vn 0.202774 0.977081 -0.064770
vn 0.390427 0.918462 -0.063204
vn 0.329717 0.934325 -0.135361
vn 0.359378 0.926627 -0.110501
vn 0.527154 0.846923 -0.069501
vn 0.500554 0.860279 -0.096779
vn 0.465541 0.878807 -0.104735
vn 0.425609 0.900336 -0.090842
vn 0.374140 0.920331 -0.114059
vn 0.386666 0.914529 -0.118853
vn 0.360699 0.926095 -0.110657
vn 0.046559 0.998903 -0.005078
vn 0.133840 0.990993 -0.004512
vn 0.167567 0.985508 -0.026354
vn 0.221817 0.973531 -0.055089
vn 0.249929 0.967814 0.029534
vn 0.209665 0.977763 0.004499
vn 0.167350 0.985867 -0.007796
vn 0.151490 0.988456 0.002223
vn 0.193628 0.980706 -0.026911
vn 0.127276 0.991858 -0.004282
vn 0.127372 0.991831 -0.006864
vn 0.117507 0.993045 -0.007361
vn 0.117443 0.993065 -0.005446
vn 0.043884 0.999031 -0.003257
vn 0.121646 0.992550 -0.006845
vn 0.075895 0.997115 0.001521
vn 0.033140 0.999230 0.021010
vn 0.000313 0.999030 0.044029
vn -0.024292 0.997597 0.064881
vn -0.127589 0.030351 -0.991363
vn -0.223397 0.032922 -0.974171
vn -0.223438 0.032752 -0.974168
vn -0.118021 0.064360 -0.990923
vn 0.516980 0.755003 -0.403364
vn 0.515968 0.755507 -0.403717
vn 0.516807 0.755116 -0.403372
vn 0.516400 0.755482 -0.403210
vn 0.514520 0.755857 -0.404907
vn 0.555410 0.754504 -0.349633
vn 0.466968 0.869691 -0.159929
vn 0.519736 0.807071 -0.280198
vn 0.465838 0.849343 -0.248214
vn 0.474624 0.863182 -0.172190
vn 0.596236 0.771567 -0.221782
vn 0.573828 0.789504 -0.217725
vn 0.459876 0.853068 -0.246555
vn 0.551447 0.802737 -0.226980
vn 0.453345 0.856409 -0.247065
vn 0.446271 0.859132 -0.250469
vn 0.438628 0.860959 -0.257595
vn 0.430366 0.861520 -0.269384
vn 0.421364 0.860305 -0.286927
vn 0.608086 0.695595 -0.382594
vn 0.677091 0.632327 -0.376444
vn 0.675676 0.633444 -0.377109
vn 0.609573 0.702538 -0.367235
vn 0.527522 0.705280 -0.473603
vn 0.529021 0.704414 -0.473220
vn 0.573653 0.694965 -0.433527
vn 0.525264 0.706964 -0.473602
vn 0.573300 0.705907 -0.415960
vn 0.529851 0.704092 -0.472771
vn 0.633453 0.646359 -0.425392
vn 0.682589 0.577663 -0.447636
vn 0.685631 0.576073 -0.445029
vn 0.686742 0.574930 -0.444792
vn 0.634211 0.640978 -0.432346
vn 0.527226 0.644909 -0.553286
vn 0.587865 0.646345 -0.486469
vn 0.531233 0.642040 -0.552790
vn 0.589168 0.638786 -0.494806
vn 0.534466 0.640331 -0.551655
vn 0.537012 0.639522 -0.550118
vn 0.538937 0.639363 -0.548417
vn 0.682455 0.527023 -0.506461
vn 0.687625 0.523962 -0.502628
vn 0.641557 0.582324 -0.499303
vn 0.643090 0.572301 -0.508829
vn 0.513891 0.588752 -0.623928
vn 0.520515 0.582752 -0.624070
vn 0.526160 0.578622 -0.623179
vn 0.530972 0.576065 -0.621464
vn 0.591125 0.584055 -0.556283
vn 0.537229 0.581603 -0.610838
vn 0.589040 0.556658 -0.585802
vn 0.533624 0.582287 -0.613341
vn 0.591850 0.579918 -0.559829
vn 0.582521 0.588792 -0.560351
vn 0.506754 0.545530 -0.667531
vn 0.513784 0.540884 -0.665936
vn 0.520062 0.537356 -0.663916
vn 0.639045 0.522052 -0.564874
vn 0.662707 0.459254 -0.591528
vn 0.671419 0.464041 -0.577808
vn 0.679704 0.461823 -0.569843
vn 0.686760 0.455258 -0.566658
vn 0.636510 0.418126 -0.648094
vn 0.638234 0.527065 -0.561123
vn 0.498893 0.551431 -0.668602
vn 0.586074 0.505128 -0.633531
vn -0.999689 -0.024930 0.000000
vn -0.999689 -0.024930 0.000000
vn -0.997204 -0.074731 0.000000
vn -0.992239 -0.124344 0.000000
vn -0.997204 -0.074731 0.000000
vn -0.992239 -0.124344 0.000000
vn -0.984808 -0.173647 0.000000
vn -0.974928 -0.222521 0.000000
vn -0.984808 -0.173647 0.000000
vn -0.974928 -0.222521 0.000000
vn -0.962624 -0.270841 0.000000
vn -0.962624 -0.270841 0.000000
vn -0.947927 -0.318487 0.000000
vn -0.930874 -0.365341 0.000000
vn -0.947927 -0.318487 0.000000
vn -0.930874 -0.365341 0.000000
vn -0.911506 -0.411287 0.000000
vn -0.911506 -0.411287 0.000000
vn -0.889872 -0.456210 0.000000
vn -0.889872 -0.456210 0.000000
vn -0.866025 -0.500000 0.000000
vn -0.866025 -0.500000 0.000000
vn -0.840026 -0.542546 0.000000
vn -0.840026 -0.542546 0.000000
vn -0.811938 -0.583744 0.000000
vn -0.811938 -0.583744 0.000000
vn -0.781832 -0.623489 0.000000
vn -0.781832 -0.623489 0.000000
vn -0.749780 -0.661687 0.000000
vn -0.715868 -0.698236 0.000000
vn -0.749780 -0.661687 0.000000
vn -0.715868 -0.698236 0.000000
vn -0.680173 -0.733052 0.000000
vn -0.680173 -0.733052 0.000000
vn -0.642788 -0.766044 0.000000
vn -0.603804 -0.797133 0.000000
vn -0.642788 -0.766044 0.000000
vn -0.603804 -0.797133 0.000000
vn -0.563320 -0.826239 0.000000
vn -0.563320 -0.826239 0.000000
vn -0.521435 -0.853291 0.000000
vn -0.521435 -0.853291 0.000000
vn -0.478255 -0.878221 0.000000
vn -0.478255 -0.878221 0.000000
vn -0.433884 -0.900969 0.000000
vn -0.433884 -0.900969 0.000000
vn -0.388434 -0.921477 0.000000
vn -0.388434 -0.921477 0.000000
vn -0.342020 -0.939693 0.000000
vn -0.342020 -0.939693 0.000000
vn -0.294756 -0.955572 0.000000
vn -0.294756 -0.955572 0.000000
vn -0.246757 -0.969077 0.000000
vn -0.246757 -0.969077 0.000000
vn -0.198146 -0.980173 0.000000
vn -0.149043 -0.988831 0.000000
vn -0.198146 -0.980173 0.000000
vn -0.149043 -0.988831 0.000000
vn -0.099568 -0.995031 0.000000
vn -0.099568 -0.995031 0.000000
vn -0.049845 -0.998757 0.000000
vn -0.049845 -0.998757 0.000000
vn 0.000000 -1.000000 0.000000
vn 0.000000 -1.000000 0.000000
vn 0.049845 -0.998757 0.000000
vn 0.049845 -0.998757 0.000000
vn 0.099568 -0.995031 0.000000
vn 0.099568 -0.995031 0.000000
vn 0.149043 -0.988831 0.000000
vn 0.149043 -0.988831 0.000000
vn 0.198146 -0.980173 0.000000
vn 0.198146 -0.980173 0.000000
vn 0.246757 -0.969077 0.000000
vn 0.294756 -0.955572 0.000000
vn 0.246757 -0.969077 0.000000
vn 0.294756 -0.955572 0.000000
vn 0.342020 -0.939693 0.000000
vn 0.342020 -0.939693 0.000000
vn 0.388434 -0.921477 0.000000
vn 0.388434 -0.921477 0.000000
vn 0.433884 -0.900969 0.000000
vn 0.433884 -0.900969 0.000000
vn 0.478255 -0.878221 0.000000
vn 0.478255 -0.878221 0.000000
vn 0.521435 -0.853291 0.000000
vn 0.521435 -0.853291 0.000000
vn 0.563320 -0.826239 0.000000
vn 0.563320 -0.826239 0.000000
vn 0.603804 -0.797133 0.000000
vn 0.603804 -0.797133 0.000000
vn 0.642788 -0.766044 0.000000
vn 0.642788 -0.766044 0.000000
vn 0.680173 -0.733052 0.000000
vn 0.680173 -0.733052 0.000000
vn 0.715868 -0.698236 0.000000
vn 0.715868 -0.698236 0.000000
vn 0.749780 -0.661687 0.000000
vn 0.749780 -0.661687 0.000000
vn 0.781832 -0.623489 0.000000
vn 0.811938 -0.583744 0.000000
vn 0.781832 -0.623489 0.000000
vn 0.811938 -0.583744 0.000000
vn 0.840026 -0.542546 0.000000
vn 0.866025 -0.500000 0.000000
vn 0.840026 -0.542546 0.000000
vn 0.866025 -0.500000 0.000000
vn 0.889872 -0.456210 0.000000
vn 0.911506 -0.411287 0.000000
vn 0.889872 -0.456210 0.000000
vn 0.911506 -0.411287 0.000000
vn 0.930874 -0.365341 0.000000
vn 0.930874 -0.365341 0.000000
vn 0.947927 -0.318487 0.000000
vn 0.962624 -0.270841 0.000000
vn 0.947927 -0.318487 0.000000
vn 0.962624 -0.270841 0.000000
vn 0.974928 -0.222521 0.000000
vn 0.974928 -0.222521 0.000000
vn 0.984808 -0.173647 0.000000
vn 0.984808 -0.173647 0.000000
vn 0.992239 -0.124344 0.000000
vn 0.992239 -0.124344 0.000000
vn 0.997204 -0.074731 0.000000
vn 0.997204 -0.074731 0.000000
vn 0.999689 -0.024930 0.000000
vn 0.999689 -0.024930 0.000000
vn 0.999689 0.024930 -0.000000
vn 0.999689 0.024930 -0.000000
vn 0.997204 0.074731 0.000000
vn 0.997204 0.074731 -0.000000
vn 0.992239 0.124344 -0.000000
vn 0.992239 0.124344 -0.000000
vn 0.984808 0.173647 -0.000000
vn 0.984808 0.173647 -0.000000
vn 0.974928 0.222521 -0.000000
vn 0.974928 0.222521 -0.000000
vn 0.962624 0.270841 0.000000
vn 0.962624 0.270841 -0.000000
vn 0.947927 0.318487 -0.000000
vn 0.947927 0.318487 -0.000000
vn 0.930874 0.365341 0.000000
vn 0.930874 0.365341 -0.000000
vn 0.911506 0.411287 0.000000
vn 0.911506 0.411287 -0.000000
vn 0.889872 0.456210 -0.000000
vn 0.889872 0.456210 -0.000000
vn 0.866025 0.500000 0.000000
vn 0.866025 0.500000 -0.000000
vn 0.840026 0.542546 0.000000
vn 0.840026 0.542546 -0.000000
vn 0.811938 0.583744 0.000000
vn 0.811938 0.583744 -0.000000
vn 0.781832 0.623489 -0.000000
vn 0.781832 0.623489 -0.000000
vn 0.749780 0.661687 0.000000
vn 0.749780 0.661687 -0.000000
vn 0.715868 0.698236 0.000000
vn 0.715868 0.698236 -0.000000
vn 0.680173 0.733052 -0.000000
vn 0.680173 0.733052 -0.000000
vn 0.642788 0.766044 0.000000
vn 0.642788 0.766044 -0.000000
vn 0.603804 0.797133 0.000000
vn 0.603804 0.797133 -0.000000
vn 0.563320 0.826239 -0.000000
vn 0.563320 0.826239 0.000000
vn 0.521435 0.853291 -0.000000
vn 0.521435 0.853291 -0.000000
vn 0.478255 0.878221 -0.000000
vn 0.478255 0.878221 0.000000
vn 0.433884 0.900969 -0.000000
vn 0.433884 0.900969 0.000000
vn 0.388434 0.921477 -0.000000
vn 0.388434 0.921477 0.000000
vn 0.342020 0.939693 0.000000
vn 0.342020 0.939693 -0.000000
vn 0.294756 0.955572 0.000000
vn 0.294756 0.955572 -0.000000
vn 0.246757 0.969077 0.000000
vn 0.246757 0.969077 -0.000000
vn 0.198146 0.980173 0.000000
vn 0.198146 0.980173 -0.000000
vn 0.149043 0.988831 -0.000000
vn 0.149043 0.988831 -0.000000
vn 0.099568 0.995031 0.000000
vn 0.099568 0.995031 -0.000000
vn 0.049845 0.998757 0.000000
vn 0.049845 0.998757 -0.000000
vn 0.000000 1.000000 0.000000
vn 0.000000 1.000000 -0.000000
vn -0.049845 0.998757 0.000000
vn -0.049845 0.998757 0.000000
vn -0.099568 0.995031 0.000000
vn -0.099568 0.995031 0.000000
vn -0.149043 0.988831 0.000000
vn -0.149043 0.988831 0.000000
vn -0.198146 0.980173 0.000000
vn -0.198146 0.980173 0.000000
vn -0.246757 0.969077 0.000000
vn -0.246757 0.969077 0.000000
vn -0.294756 0.955572 0.000000
vn -0.294756 0.955572 0.000000
vn -0.342020 0.939693 0.000000
vn -0.342020 0.939693 0.000000
vn -0.388434 0.921477 0.000000
vn -0.388434 0.921477 0.000000
vn -0.433884 0.900969 0.000000
vn -0.478255 0.878221 0.000000
vn -0.433884 0.900969 0.000000
vn -0.478255 0.878221 0.000000
vn -0.521435 0.853291 0.000000
vn -0.521435 0.853291 0.000000
vn -0.563320 0.826239 0.000000
vn -0.563320 0.826239 0.000000
vn -0.603804 0.797133 0.000000
vn -0.603804 0.797133 0.000000
vn -0.642788 0.766044 0.000000
vn -0.642788 0.766044 0.000000
vn -0.680173 0.733052 0.000000
vn -0.680173 0.733052 0.000000
vn -0.715868 0.698236 0.000000
vn -0.715868 0.698236 0.000000
vn -0.749780 0.661687 0.000000
vn -0.749780 0.661687 0.000000
vn -0.781832 0.623489 0.000000
vn -0.781832 0.623489 0.000000
vn -0.811938 0.583744 0.000000
vn -0.811938 0.583744 0.000000
vn -0.840026 0.542546 0.000000
vn -0.840026 0.542546 0.000000
vn -0.866025 0.500000 0.000000
vn -0.866025 0.500000 0.000000
vn -0.889872 0.456210 0.000000
vn -0.889872 0.456210 0.000000
vn -0.911506 0.411287 0.000000
vn -0.911506 0.411287 0.000000
vn -0.930874 0.365341 0.000000
vn -0.947927 0.318487 0.000000
vn -0.930874 0.365341 0.000000
vn -0.947927 0.318487 0.000000
vn -0.962624 0.270841 0.000000
vn -0.962624 0.270841 0.000000
vn -0.974928 0.222521 0.000000
vn -0.974928 0.222521 0.000000
vn -0.984808 0.173647 0.000000
vn -0.984808 0.173647 0.000000
vn -0.992239 0.124344 0.000000
vn -0.992239 0.124344 0.000000
vn -0.997204 0.074731 0.000000
vn -0.999689 0.024930 0.000000
vn -0.997204 0.074731 0.000000
vn -0.999689 0.024930 0.000000
vn -0.000567 0.000000 1.000000
vn -0.000029 -1.000000 0.000000
vn -0.257101 -0.041536 0.965491
vn -0.326546 -0.047158 0.944004
vn -0.355321 -0.052913 0.933245
vn -0.271429 -0.050075 0.961155
vn -0.285659 -0.063240 0.956243
vn -0.298257 -0.062528 0.952435
vn -0.310402 -0.062890 0.948523
vn -0.388399 -0.071809 0.918689
vn -0.323428 -0.077720 0.943056
vn -0.335473 -0.077727 0.938838
vn -0.419838 -0.086088 0.903507
vn -0.350747 -0.093671 0.931774
vn -0.447734 -0.095234 0.889081
vn -0.258002 -0.053738 0.964649
vn -0.272207 -0.060070 0.960362
vn -0.285713 -0.063897 0.956183
vn -0.298506 -0.065374 0.952166
vn -0.367154 -0.111276 0.923480
vn -0.266423 -0.067184 0.961512
vn -0.311094 -0.070363 0.947771
vn -0.323200 -0.075329 0.943328
vn -0.274920 -0.074088 0.958608
vn -0.381063 -0.110502 0.917922
vn -0.283245 -0.081336 0.955592
vn -0.336307 -0.086069 0.937811
vn -0.290618 -0.081201 0.953387
vn -0.350507 -0.091364 0.932093
vn -0.298658 -0.089705 0.950135
vn -0.306807 -0.100987 0.946399
vn -0.366215 -0.102549 0.924862
vn -0.313486 -0.100421 0.944268
vn -0.322412 -0.112520 0.939888
vn -0.382044 -0.119142 0.916432
vn -0.331188 -0.112096 0.936882
vn -0.396120 -0.127936 0.909242
vn -0.341521 -0.124180 0.931634
vn -0.351529 -0.136810 0.926127
vn -0.359542 -0.136822 0.923043
vn -0.367271 -0.138267 0.919779
vn -0.375916 -0.141415 0.915800
vn -0.385774 -0.147205 0.910774
vn -0.590382 -0.223831 0.775467
vn -0.442572 -0.271217 0.854735
vn -0.448101 -0.270207 0.852170
vn -0.607556 -0.250670 0.753684
vn -0.003069 -0.044630 0.998999
vn -0.001721 -0.044921 0.998989
vn -0.002146 -0.044898 0.998989
vn -0.002512 -0.044833 0.998991
vn -0.002819 -0.044739 0.998995
vn -0.003263 -0.044520 0.999003
vn -0.003474 -0.044367 0.999009
vn -0.003506 -0.044331 0.999011
vn -0.003398 -0.044425 0.999007
vn -0.003481 -0.044356 0.999010
vn -0.003389 -0.044474 0.999005
vn -0.039578 -0.047423 0.998091
vn -0.458491 -0.303278 0.835350
vn -0.041841 -0.074455 0.996346
vn -0.040400 -0.047410 0.998058
vn -0.042652 -0.073464 0.996385
vn -0.001781 -0.051116 0.998691
vn -0.043429 -0.072667 0.996410
vn -0.041600 -0.052137 0.997773
vn -0.001469 -0.054345 0.998521
vn -0.044183 -0.072035 0.996423
vn -0.042960 -0.058686 0.997352
vn -0.001350 -0.061031 0.998135
vn -0.044911 -0.071559 0.996425
vn -0.043700 -0.058704 0.997319
vn -0.462823 -0.302372 0.833286
vn -0.622188 -0.277562 0.732012
vn -0.045610 -0.071226 0.996417
vn -0.045063 -0.065568 0.996830
vn -0.001171 -0.068031 0.997683
vn -0.045743 -0.065584 0.996798
vn -0.046283 -0.071022 0.996400
vn -0.070448 -0.071456 0.994953
vn -0.047207 -0.073660 0.996166
vn -0.046929 -0.070933 0.996377
vn -0.472307 -0.335426 0.815117
vn -0.071669 -0.075128 0.994595
vn -0.047837 -0.073687 0.996133
vn -0.047835 -0.073669 0.996135
vn -0.048419 -0.073665 0.996107
vn -0.072888 -0.078861 0.994217
vn -0.073688 -0.078846 0.994160
vn -0.048716 -0.076453 0.995882
vn -0.001334 -0.079088 0.996867
vn -0.049894 -0.082143 0.995371
vn -0.074886 -0.082670 0.993759
vn -0.049895 -0.082152 0.995370
vn -0.475569 -0.334655 0.813536
vn -0.634619 -0.304401 0.710351
vn -0.050429 -0.082143 0.995344
vn -0.050751 -0.085040 0.995084
vn -0.001110 -0.086817 0.996224
vn -0.076085 -0.086551 0.993338
vn -0.051971 -0.090970 0.994497
vn -0.051630 -0.087978 0.994784
vn -0.078077 -0.091150 0.992772
vn -0.077350 -0.091146 0.992829
vn -0.079407 -0.096528 0.992158
vn -0.052912 -0.093965 0.994168
vn -0.001115 -0.096855 0.995298
vn -0.052561 -0.090963 0.994466
vn -0.080101 -0.096514 0.992103
vn -0.484234 -0.367502 0.794015
vn -0.081466 -0.102365 0.991405
vn -0.054241 -0.100104 0.993497
vn -0.000581 -0.102721 0.994710
vn -0.054244 -0.100128 0.993495
vn -0.082115 -0.102343 0.991354
vn -0.084236 -0.108652 0.990505
vn -0.055984 -0.109590 0.992399
vn -0.083525 -0.108677 0.990562
vn -0.055590 -0.106384 0.992770
vn -0.486530 -0.366895 0.792892
vn -0.645140 -0.331096 0.688600
vn -0.085842 -0.115127 0.989635
vn -0.057068 -0.113891 0.991853
vn -0.056525 -0.109593 0.992368
vn -0.000876 -0.115568 0.993299
vn -0.000340 -0.122185 0.992507
vn -0.058256 -0.119374 0.991139
vn -0.087492 -0.121707 0.988702
vn -0.058111 -0.118254 0.991282
vn -0.089953 -0.128392 0.987636
vn -0.059181 -0.123240 0.990611
vn -0.089183 -0.128391 0.987706
vn -0.060004 -0.129431 0.989771
vn -0.494457 -0.399367 0.772022
vn -0.002765 -0.040154 0.999190
vn -0.001754 -0.040005 0.999198
vn -0.002146 -0.040021 0.999196
vn -0.002483 -0.040075 0.999194
vn -0.002990 -0.040244 0.999185
vn -0.003290 -0.040415 0.999178
vn -0.003307 -0.040430 0.999177
vn -0.003154 -0.040328 0.999181
vn -0.003262 -0.040396 0.999178
vn 0.033938 -0.042900 0.998503
vn 0.002626 -0.135299 0.990801
vn -0.060365 -0.129433 0.989749
vn 0.000876 -0.135705 0.990749
vn -0.000709 -0.135814 0.990734
vn -0.093876 -0.134389 0.986472
vn -0.060907 -0.133414 0.989187
vn -0.091607 -0.135227 0.986571
vn -0.092273 -0.135150 0.986519
vn -0.092876 -0.134970 0.986487
vn -0.093406 -0.134712 0.986472
vn 0.004887 -0.134425 0.990912
vn -0.094280 -0.134025 0.986483
vn -0.001804 -0.045918 0.998944
vn 0.035385 -0.042898 0.998453
vn -0.094630 -0.133632 0.986503
vn -0.001595 -0.049002 0.998797
vn 0.036454 -0.047439 0.998209
vn -0.495894 -0.398947 0.771317
vn -0.653993 -0.357567 0.666663
vn 0.037495 -0.052139 0.997936
vn -0.094963 -0.133179 0.986532
vn -0.102287 -0.180539 0.978235
vn -0.069098 -0.176829 0.981813
vn 0.038962 -0.052136 0.997880
vn -0.001567 -0.055410 0.998462
vn -0.102041 -0.175507 0.979176
vn -0.000697 -0.186608 0.982434
vn -0.102825 -0.180515 0.978183
vn 0.039816 -0.058707 0.997481
vn -0.503150 -0.430898 0.749110
vn -0.001458 -0.062146 0.998066
vn 0.041288 -0.058704 0.997421
vn 0.042090 -0.065589 0.996959
vn 0.043573 -0.065585 0.996895
vn -0.001289 -0.069188 0.997603
vn -0.209603 -0.199157 0.957289
vn -0.103475 -0.180535 0.978110
vn -0.105106 -0.190647 0.976016
vn -0.000720 -0.203422 0.979091
vn 0.044224 -0.073675 0.996301
vn -0.503803 -0.430689 0.748792
vn -0.661382 -0.383746 0.644448
vn -0.108498 -0.208043 0.972083
vn -0.109470 -0.213940 0.970694
vn 0.045707 -0.073699 0.996233
vn -0.001059 -0.076533 0.997066
vn 0.046291 -0.082120 0.995547
vn -0.108759 -0.208030 0.972057
vn -0.000704 -0.221278 0.975211
vn -0.109753 -0.213925 0.970665
vn 0.047775 -0.082173 0.995472
vn -0.510460 -0.461987 0.725257
vn 0.033166 -0.069143 0.997055
vn 0.031662 -0.070629 0.997000
vn 0.039196 -0.065281 0.997097
vn 0.040692 -0.064869 0.997064
vn 0.042179 -0.064689 0.997014
vn 0.037695 -0.065918 0.997113
vn 0.034676 -0.067855 0.997092
vn 0.036184 -0.066780 0.997111
vn -0.001329 -0.088747 0.996053
vn 0.049412 -0.082102 0.995398
vn 0.043396 -0.067326 0.996787
vn 0.065118 -0.065528 0.995724
vn 0.066263 -0.069077 0.995408
vn 0.044603 -0.070019 0.996548
vn 0.050279 -0.091002 0.994581
vn -0.000787 -0.094090 0.995563
vn 0.067395 -0.072679 0.995076
vn -0.000694 -0.239503 0.970896
vn -0.222742 -0.233675 0.946458
vn -0.109942 -0.213931 0.970642
vn -0.112007 -0.225831 0.967706
vn 0.045513 -0.075519 0.996105
vn 0.068896 -0.072671 0.994973
vn -0.510404 -0.462007 0.725285
vn -0.667472 -0.409574 0.621877
vn 0.051274 -0.100128 0.993653
vn 0.046704 -0.078320 0.995834
vn 0.070007 -0.076386 0.994618
vn -0.116336 -0.250067 0.961214
vn -0.115255 -0.243957 0.962913
vn 0.047886 -0.081176 0.995549
vn 0.071098 -0.080151 0.994244
vn -0.001008 -0.106185 0.994346
vn 0.053481 -0.100131 0.993536
vn 0.072174 -0.083967 0.993851
vn -0.115188 -0.243960 0.962920
vn -0.000691 -0.258054 0.966130
vn -0.116291 -0.250070 0.961219
vn 0.073671 -0.083957 0.993742
vn 0.048860 -0.086979 0.995011
vn -0.000497 -0.112615 0.993639
vn 0.054584 -0.109635 0.992472
vn -0.516514 -0.492536 0.700444
vn 0.074647 -0.088541 0.993272
vn 0.050402 -0.089938 0.994671
vn 0.064481 -0.185610 0.980506
vn 0.075527 -0.093805 0.992722
vn 0.055625 -0.119378 0.991289
vn 0.065997 -0.184414 0.980630
vn 0.077021 -0.093853 0.992602
vn 0.051771 -0.095966 0.994037
vn 0.077825 -0.099595 0.991980
vn 0.067502 -0.183274 0.980742
vn -0.118271 -0.262380 0.957689
vn -0.234693 -0.269269 0.934031
vn -0.000687 -0.276890 0.960901
vn -0.115989 -0.250063 0.961257
vn -0.000830 -0.125866 0.992047
vn 0.003836 -0.127037 0.991891
vn 0.002207 -0.126339 0.991985
vn 0.000648 -0.125961 0.992035
vn 0.057916 -0.119377 0.991158
vn 0.053235 -0.102143 0.993344
vn 0.079309 -0.099622 0.991860
vn 0.069013 -0.182175 0.980841
vn -0.515810 -0.492800 0.700777
vn -0.672395 -0.434998 0.598884
vn 0.080042 -0.105847 0.991156
vn 0.070532 -0.181118 0.980929
vn -0.121354 -0.281067 0.951985
vn -0.122536 -0.287334 0.949960
vn 0.054596 -0.109537 0.992482
vn 0.081770 -0.105877 0.991011
vn 0.072299 -0.179943 0.981016
vn -0.120970 -0.281090 0.952027
vn -0.000678 -0.295971 0.955197
vn -0.122174 -0.287357 0.950000
vn 0.056336 -0.113859 0.991898
vn 0.082940 -0.112286 0.990208
vn 0.074316 -0.178687 0.981095
vn -0.521419 -0.522456 0.674657
vn 0.084213 -0.118771 0.989344
vn 0.076471 -0.177437 0.981157
vn 0.086430 -0.118763 0.989154
vn 0.057337 -0.123766 0.990654
vn 0.078742 -0.176229 0.981195
vn -0.245348 -0.305662 0.919987
vn -0.121402 -0.287344 0.950103
vn -0.123886 -0.299966 0.945871
vn -0.000662 -0.315255 0.949007
vn 0.087768 -0.125454 0.988210
vn 0.081016 -0.175131 0.981206
vn -0.676250 -0.459977 0.575419
vn -0.520116 -0.522978 0.675258
vn 0.090018 -0.125187 0.988041
vn 0.083281 -0.174150 0.981191
vn -0.128073 -0.325426 0.936854
vn -0.126799 -0.319054 0.939216
vn 0.092333 -0.124532 0.987910
vn 0.085546 -0.173282 0.981150
vn -0.000632 -0.334706 0.942322
vn -0.126117 -0.319099 0.939292
vn -0.127414 -0.325471 0.936928
vn 0.094702 -0.123490 0.987817
vn 0.087799 -0.172534 0.981083
vn -0.525248 -0.551672 0.647898
vn 0.097136 -0.122055 0.987759
vn 0.090047 -0.171904 0.980990
vn 0.075044 -0.043563 0.996228
vn 0.078007 -0.044858 0.995943
vn 0.079483 -0.045561 0.995794
vn 0.174321 -0.093174 0.980271
vn 0.067566 -0.040967 0.996873
vn 0.069068 -0.041412 0.996752
vn 0.070568 -0.041894 0.996627
vn 0.072061 -0.042412 0.996498
vn 0.076528 -0.044192 0.996088
vn 0.073556 -0.042970 0.996365
vn 0.092290 -0.171392 0.980871
vn 0.099638 -0.120223 0.987734
vn 0.001678 -0.155589 0.987820
vn 0.054929 -0.158707 0.985797
vn -0.126194 -0.325460 0.937097
vn -0.000588 -0.354287 0.935136
vn -0.254771 -0.342575 0.904286
vn -0.128860 -0.338280 0.932181
vn -0.523390 -0.552463 0.648727
vn -0.679102 -0.484484 0.551449
vn -0.132958 -0.364048 0.921841
vn -0.131600 -0.357621 0.924548
vn -0.132015 -0.364118 0.921949
vn -0.130636 -0.357692 0.924657
vn -0.000525 -0.373962 0.927444
vn -0.528064 -0.580115 0.620173
vn -0.130373 -0.364117 0.922183
vn -0.133206 -0.377037 0.916569
vn -0.263028 -0.379757 0.886905
vn -0.000441 -0.393697 0.919240
vn 0.100713 -0.176390 0.979155
vn -0.002436 -0.197600 0.980280
vn 0.000259 -0.197454 0.980312
vn 0.202240 -0.193853 0.959958
vn 0.101730 -0.169733 0.980225
vn -0.525675 -0.581187 0.621198
vn -0.680989 -0.508499 0.526956
vn -0.137206 -0.402931 0.904887
vn -0.135773 -0.396495 0.907941
vn 0.105425 -0.208050 0.972420
vn 0.106380 -0.202185 0.973553
vn -0.000334 -0.413459 0.910523
vn -0.134544 -0.396592 0.908082
vn -0.135999 -0.403028 0.905026
vn 0.218020 -0.210767 0.952914
vn 0.108674 -0.208066 0.972059
vn 0.109639 -0.202203 0.973187
vn 0.000336 -0.215171 0.976576
vn -0.529898 -0.607724 0.591506
vn -0.136943 -0.415973 0.899007
vn -0.133961 -0.403043 0.905324
vn -0.270189 -0.416978 0.867829
vn -0.000202 -0.433217 0.901290
vn 0.108442 -0.238267 0.965127
vn 0.110543 -0.225983 0.967839
vn 0.000404 -0.233273 0.972411
vn -0.526991 -0.609092 0.592696
vn -0.681920 -0.532018 0.501938
vn -0.139342 -0.435421 0.889378
vn -0.140842 -0.441826 0.885976
vn 0.112293 -0.243982 0.963257
vn 0.113360 -0.237872 0.964659
vn -0.000046 -0.452941 0.891541
vn -0.137863 -0.435547 0.889546
vn -0.139386 -0.441952 0.886143
vn 0.115523 -0.243978 0.962875
vn 0.230552 -0.245670 0.941537
vn 0.116597 -0.237870 0.964273
vn 0.000464 -0.251716 0.967801
vn -0.530746 -0.634455 0.561939
vn 0.000134 -0.472601 0.881277
vn -0.140098 -0.454847 0.879481
vn -0.136983 -0.441990 0.886499
vn -0.276325 -0.454031 0.847054
vn 0.114736 -0.275229 0.954508
vn 0.117051 -0.262541 0.957795
vn 0.000523 -0.270458 0.962732
vn -0.527324 -0.636132 0.563263
vn -0.681865 -0.555059 0.476414
vn -0.143892 -0.480504 0.865108
vn -0.142332 -0.474169 0.868853
vn 0.118472 -0.281111 0.952335
vn 0.119642 -0.274811 0.954026
vn -0.140628 -0.474326 0.869045
vn 0.000338 -0.492170 0.870499
vn -0.142210 -0.480661 0.865299
vn 0.241764 -0.281569 0.928585
vn 0.000585 -0.289457 0.957191
vn 0.121697 -0.281086 0.951935
vn 0.122872 -0.274788 0.953622
vn -0.530580 -0.660276 0.531526
vn -0.281508 -0.490727 0.824585
vn 0.000563 -0.511622 0.859211
vn -0.142704 -0.493434 0.857997
vn -0.139471 -0.480726 0.865708
vn 0.000651 -0.308674 0.951168
vn 0.120399 -0.313119 0.942051
vn 0.122910 -0.300133 0.945946
vn -0.526634 -0.662277 0.532959
vn -0.680773 -0.577650 0.450409
vn -0.146398 -0.518757 0.842294
vn -0.144785 -0.512527 0.846377
vn 0.124037 -0.319116 0.939564
vn 0.125301 -0.312677 0.941559
vn 0.000809 -0.530930 0.847415
vn -0.144509 -0.518945 0.842504
vn -0.142874 -0.512713 0.846588
vn 0.251779 -0.318167 0.913990
vn 0.128525 -0.312631 0.941139
vn 0.000730 -0.328071 0.944653
vn 0.127257 -0.319068 0.939149
vn -0.529348 -0.685165 0.500339
vn -0.144803 -0.531533 0.834569
vn -0.285810 -0.526893 0.800435
vn 0.001070 -0.550072 0.835117
vn -0.141466 -0.519042 0.842961
vn 0.128194 -0.338447 0.932212
vn 0.000819 -0.347609 0.937639
vn 0.125503 -0.351635 0.927686
vn -0.524854 -0.687509 0.501856
vn -0.678552 -0.599848 0.423970
vn 0.228905 -0.037831 0.972713
vn -0.146740 -0.550298 0.821973
vn -0.148399 -0.556393 0.817560
vn 0.130407 -0.351166 0.927188
vn 0.129058 -0.357696 0.924877
vn 0.323475 -0.045360 0.945149
vn 0.249486 -0.041444 0.967491
vn 0.248719 -0.050568 0.967255
vn 0.001345 -0.569022 0.822321
vn -0.146326 -0.556611 0.817785
vn -0.144646 -0.550515 0.822199
vn 0.133626 -0.351095 0.926756
vn 0.132275 -0.357624 0.924450
vn 0.260707 -0.355186 0.897705
vn 0.000926 -0.367254 0.930120
vn -0.526960 -0.709119 0.468470
vn 0.263743 -0.050208 0.963285
vn 0.263131 -0.057127 0.963067
vn -0.143011 -0.556744 0.818281
vn -0.146437 -0.568955 0.809226
vn 0.001629 -0.587760 0.809034
vn -0.289298 -0.562371 0.774626
vn 0.130114 -0.390491 0.911365
vn 0.132964 -0.377193 0.916540
vn 0.001052 -0.386969 0.922092
vn 0.352815 -0.057280 0.933938
vn 0.277342 -0.060973 0.958834
vn 0.278312 -0.050311 0.959172
vn -0.521879 -0.711828 0.470046
vn -0.675073 -0.621729 0.397152
vn -0.149943 -0.593234 0.790943
vn -0.148244 -0.587303 0.795675
vn 0.133597 -0.396570 0.908231
vn 0.135023 -0.389994 0.910864
vn 0.258407 -0.064981 0.963848
vn 0.291323 -0.062686 0.954569
vn 0.291365 -0.062243 0.954585
vn 0.001918 -0.606263 0.795262
vn -0.147705 -0.593483 0.791177
vn -0.145987 -0.587549 0.795911
vn 0.001198 -0.406724 0.913550
vn 0.138236 -0.389899 0.910423
vn 0.136812 -0.396474 0.907795
vn 0.268653 -0.392373 0.879698
vn -0.523291 -0.732153 0.436026
vn 0.385934 -0.069804 0.919882
vn 0.266859 -0.071901 0.961050
vn 0.304633 -0.067056 0.950106
vn 0.305053 -0.062705 0.950269
vn 0.275071 -0.079189 0.958157
vn 0.283892 -0.078790 0.955614
vn 0.317478 -0.071834 0.945541
vn 0.316856 -0.078014 0.945260
vn 0.002207 -0.624511 0.781013
vn -0.144153 -0.593652 0.791705
vn -0.292030 -0.597014 0.747190
vn -0.147656 -0.605527 0.782007
vn 0.134291 -0.429426 0.893062
vn 0.137281 -0.416101 0.898896
vn 0.001366 -0.426485 0.904494
vn -0.517577 -0.735248 0.437635
vn -0.670178 -0.643389 0.370017
vn -0.149342 -0.623375 0.767529
vn -0.151074 -0.629116 0.762489
vn 0.330342 -0.082607 0.940239
vn 0.417891 -0.083909 0.904614
vn 0.300002 -0.087406 0.949926
vn 0.291578 -0.087343 0.952551
vn 0.330856 -0.077619 0.940484
vn 0.139200 -0.428900 0.892563
vn 0.137707 -0.435482 0.889602
vn -0.148693 -0.629393 0.762728
vn 0.002490 -0.642483 0.766296
vn -0.146942 -0.623650 0.767769
vn 0.142408 -0.428780 0.892114
vn 0.001556 -0.446221 0.894922
vn 0.140919 -0.435360 0.889159
vn 0.275709 -0.429497 0.859951
vn -0.518196 -0.754295 0.403129
vn 0.345200 -0.093604 0.933850
vn 0.345167 -0.093911 0.933831
vn 0.307088 -0.097945 0.946628
vn -0.144936 -0.629601 0.763280
vn -0.148501 -0.641086 0.752965
vn -0.294058 -0.630688 0.718166
vn 0.002762 -0.660160 0.751120
vn 0.138076 -0.468199 0.872768
vn 0.001769 -0.465904 0.884834
vn 0.141189 -0.454926 0.879266
vn -0.663657 -0.664949 0.342640
vn -0.511778 -0.757801 0.404747
vn 0.326301 -0.109391 0.938915
vn 0.446264 -0.104198 0.888815
vn 0.361970 -0.098718 0.926948
vn 0.315085 -0.110230 0.942640
vn 0.362508 -0.093767 0.927251
vn -0.151836 -0.663885 0.732259
vn -0.150079 -0.658357 0.737592
vn 0.142976 -0.467646 0.872276
vn 0.141426 -0.474195 0.868987
vn -0.147558 -0.658659 0.737832
vn -0.149334 -0.664188 0.732498
vn 0.003017 -0.677524 0.735494
vn 0.144634 -0.474047 0.868539
vn 0.002003 -0.485505 0.874231
vn 0.146178 -0.467499 0.871824
vn 0.281942 -0.466350 0.838466
vn -0.511484 -0.775593 0.369919
vn 0.367441 -0.129141 0.921037
vn 0.336281 -0.121487 0.933893
vn 0.347268 -0.122006 0.929796
vn 0.377081 -0.115398 0.918963
vn 0.357650 -0.124599 0.925506
vn 0.378165 -0.136558 0.915611
vn -0.145400 -0.664435 0.733066
vn 0.003250 -0.694556 0.719431
vn -0.295421 -0.663264 0.687609
vn -0.149014 -0.675481 0.722164
vn 0.002256 -0.504998 0.863118
vn 0.144720 -0.493440 0.857655
vn 0.141501 -0.506591 0.850496
vn -0.655258 -0.686550 0.315097
vn -0.504286 -0.779532 0.371518
vn -0.150495 -0.692103 0.705935
vn -0.152273 -0.697394 0.700325
vn 0.144785 -0.512493 0.846397
vn 0.146385 -0.506011 0.850014
vn -0.149662 -0.697723 0.700560
vn 0.003455 -0.711239 0.702942
vn -0.147867 -0.692429 0.706171
vn 0.149564 -0.505839 0.849563
vn 0.002529 -0.524357 0.851495
vn 0.287406 -0.502745 0.815258
vn 0.147971 -0.512320 0.845951
vn -0.502944 -0.796105 0.336548
vn -0.149231 -0.708568 0.689682
vn -0.296139 -0.694625 0.655589
vn 0.003628 -0.727555 0.686040
vn -0.145584 -0.698006 0.701137
vn 0.147890 -0.531440 0.834086
vn 0.002814 -0.543556 0.839368
vn 0.144581 -0.544402 0.826271
vn -0.644674 -0.708347 0.287472
vn -0.494867 -0.800497 0.338099
vn -0.152402 -0.729508 0.666778
vn -0.150613 -0.724474 0.672646
vn 0.147789 -0.550180 0.821864
vn 0.149431 -0.543797 0.825806
vn -0.147904 -0.724821 0.672873
vn -0.149709 -0.729858 0.667004
vn 0.003764 -0.743487 0.668740
vn 0.003112 -0.562573 0.826742
vn 0.292132 -0.538513 0.790356
vn 0.150947 -0.549983 0.821422
vn 0.152579 -0.543602 0.825359
vn -0.492322 -0.815902 0.303188
vn 0.003856 -0.759020 0.651056
vn -0.149171 -0.740214 0.655615
vn -0.145508 -0.730177 0.667584
vn -0.296213 -0.724662 0.622192
vn 0.147316 -0.581450 0.800134
vn 0.150699 -0.568738 0.808596
vn 0.003417 -0.581385 0.813622
vn -0.631534 -0.730507 0.259853
vn -0.483256 -0.820760 0.304657
vn -0.150456 -0.755339 0.637829
vn -0.152248 -0.760096 0.631724
vn 0.152111 -0.580825 0.799691
vn 0.150434 -0.587079 0.795430
vn 0.590209 -0.234313 0.772496
vn 0.439519 -0.237598 0.866239
vn -0.147677 -0.755705 0.638045
vn 0.003902 -0.774137 0.633006
vn -0.149484 -0.760466 0.631939
vn 0.153549 -0.586859 0.794996
vn 0.003724 -0.599969 0.800014
vn 0.155214 -0.580606 0.799253
vn 0.296131 -0.573508 0.763803
vn -0.479340 -0.835058 0.270022
vn 0.445419 -0.270552 0.853466
vn 0.003899 -0.788824 0.614607
vn -0.148847 -0.770291 0.620078
vn -0.145185 -0.760819 0.632516
vn -0.295629 -0.753274 0.587521
vn 0.153133 -0.605164 0.781234
vn 0.004029 -0.618306 0.785927
vn 0.149689 -0.617570 0.772140
vn -0.615396 -0.753198 0.232338
vn -0.469156 -0.840386 0.271376
vn -0.150025 -0.784575 0.601610
vn -0.151811 -0.789037 0.595293
vn 0.152699 -0.623026 0.767151
vn 0.154403 -0.616929 0.771724
vn 0.607486 -0.261182 0.750163
vn 0.455929 -0.269287 0.848300
vn -0.147191 -0.784958 0.601811
vn 0.003844 -0.803065 0.595879
vn -0.148990 -0.789424 0.595493
vn 0.004327 -0.636373 0.771369
vn 0.299391 -0.607600 0.735654
vn 0.155754 -0.622787 0.766731
vn 0.157446 -0.616691 0.771299
vn -0.463684 -0.853643 0.237256
vn 0.460635 -0.302698 0.834380
vn -0.144610 -0.789809 0.596062
vn -0.148249 -0.798680 0.583208
vn 0.003733 -0.816847 0.576843
vn -0.294347 -0.780373 0.551705
vn 0.151672 -0.652611 0.742357
vn 0.004612 -0.654153 0.756348
vn 0.155162 -0.640566 0.752064
vn -0.595734 -0.776570 0.205037
vn -0.452236 -0.859430 0.238458
vn -0.151082 -0.816221 0.557635
vn -0.149312 -0.812070 0.564135
vn 0.154552 -0.657876 0.737098
vn 0.156278 -0.651961 0.741973
vn 0.622263 -0.288018 0.727897
vn 0.470260 -0.301279 0.829510
vn -0.148207 -0.816623 0.557819
vn 0.003569 -0.830155 0.557521
vn -0.146425 -0.812467 0.564320
vn 0.159236 -0.651707 0.741567
vn 0.157524 -0.657621 0.736696
vn 0.301884 -0.640674 0.705977
vn 0.004878 -0.671626 0.740874
vn -0.445012 -0.871717 0.205116
vn 0.473915 -0.334930 0.814387
vn -0.143760 -0.817037 0.558377
vn 0.003348 -0.842977 0.537939
vn -0.292302 -0.805880 0.514894
vn -0.147355 -0.825276 0.545166
vn 0.153222 -0.686436 0.710865
vn 0.156747 -0.674802 0.721161
vn 0.005121 -0.688773 0.724959
vn -0.571927 -0.800742 0.178077
vn -0.432144 -0.877931 0.206130
vn -0.148277 -0.837722 0.525581
vn -0.150019 -0.841549 0.518931
vn 0.157686 -0.685785 0.710517
vn 0.155945 -0.691492 0.705351
vn 0.634897 -0.314711 0.705594
vn 0.482752 -0.333378 0.809821
vn -0.147098 -0.841963 0.519097
vn -0.145346 -0.838131 0.525747
vn 0.003073 -0.855302 0.518121
vn 0.005333 -0.705577 0.708613
vn 0.158818 -0.691224 0.704972
vn 0.303566 -0.672629 0.674847
vn 0.160544 -0.685518 0.710134
vn -0.422959 -0.889313 0.173860
vn 0.485486 -0.367073 0.793449
vn -0.289414 -0.829735 0.477262
vn -0.146123 -0.849982 0.506141
vn -0.142596 -0.842402 0.519639
vn 0.002745 -0.867117 0.498096
vn 0.157837 -0.707741 0.688614
vn 0.154292 -0.718916 0.677757
vn 0.005512 -0.722020 0.691850
vn -0.543256 -0.825763 0.151620
vn -0.408501 -0.895893 0.174651
vn -0.148573 -0.864937 0.479385
vn -0.146871 -0.861446 0.486148
vn 0.158576 -0.718273 0.677449
vn 0.156826 -0.723749 0.672007
vn 0.645691 -0.341165 0.683147
vn 0.493614 -0.365410 0.789190
vn -0.143904 -0.861864 0.486294
vn 0.002368 -0.878414 0.477894
vn -0.145613 -0.865359 0.479531
vn 0.304372 -0.703377 0.642354
vn 0.161311 -0.717999 0.677094
vn 0.159577 -0.723474 0.671655
vn 0.005650 -0.738086 0.674683
vn 0.495533 -0.398975 0.771535
vn -0.285569 -0.851892 0.439011
vn 0.001945 -0.889183 0.457547
vn -0.141054 -0.865823 0.480057
vn -0.144488 -0.872722 0.466347
vn 0.005743 -0.753758 0.657127
vn 0.158375 -0.739265 0.654526
vn 0.154821 -0.749934 0.643141
vn -0.145026 -0.883171 0.446067
vn -0.146675 -0.886318 0.439234
vn 0.158894 -0.749308 0.642877
vn 0.157142 -0.754530 0.637174
vn 0.654885 -0.367299 0.660468
vn 0.503016 -0.397223 0.767586
vn -0.143675 -0.886748 0.439359
vn -0.142022 -0.883596 0.446193
vn 0.001481 -0.899418 0.437087
vn 0.161476 -0.749034 0.642553
vn 0.159740 -0.754255 0.636854
vn 0.005788 -0.769020 0.639199
vn 0.304232 -0.732839 0.608597
vn 0.504218 -0.430501 0.748620
vn -0.142373 -0.893436 0.426032
vn -0.139060 -0.887232 0.439866
vn -0.280649 -0.872321 0.400365
vn 0.000983 -0.909112 0.416551
vn 0.005781 -0.783856 0.620916
vn 0.154757 -0.779378 0.607142
vn 0.158304 -0.769261 0.619014
vn -0.144238 -0.905650 0.398741
vn -0.142656 -0.902851 0.405598
vn 0.156831 -0.783726 0.600981
vn 0.158579 -0.778780 0.606922
vn 0.662673 -0.393045 0.637480
vn 0.511101 -0.428686 0.744986
vn -0.139610 -0.903280 0.405702
vn 0.000458 -0.918261 0.395976
vn -0.141195 -0.906084 0.398844
vn -0.334997 -0.938015 0.088904
vn 0.160984 -0.778511 0.606634
vn 0.005720 -0.798252 0.602297
vn 0.303066 -0.760942 0.573688
vn 0.159254 -0.783456 0.600695
vn -0.319107 -0.944633 0.076412
vn 0.511659 -0.461539 0.724698
vn -0.274504 -0.891017 0.361576
vn -0.136518 -0.906585 0.399332
vn -0.000090 -0.926863 0.375401
vn -0.139682 -0.912087 0.385468
vn 0.005600 -0.812193 0.583362
vn 0.157564 -0.797622 0.582214
vn 0.154038 -0.807145 0.569903
vn -0.141166 -0.922911 0.358199
vn -0.139664 -0.920461 0.365029
vn -0.303755 -0.950287 0.068463
vn -0.302096 -0.952542 0.037447
vn -0.259269 -0.964969 0.040169
vn 0.157570 -0.806586 0.569729
vn 0.155834 -0.811235 0.563572
vn -0.138070 -0.923348 0.358280
vn -0.000648 -0.934916 0.354867
vn -0.136569 -0.920892 0.365111
vn 0.005424 -0.825666 0.564134
vn 0.158060 -0.810977 0.563323
vn 0.300787 -0.787621 0.537754
vn 0.159778 -0.806329 0.569477
vn -0.289085 -0.955148 0.064206
vn -0.238883 -0.970614 0.029058
vn -0.274442 -0.959550 0.062817
vn -0.302567 -0.951228 0.060158
vn -0.133323 -0.923864 0.358749
vn -0.001209 -0.942424 0.334418
vn -0.136311 -0.928667 0.344960
vn -0.266982 -0.907989 0.322919
vn 0.152616 -0.833139 0.531589
vn 0.005189 -0.838657 0.544636
vn 0.156104 -0.824251 0.544281
vn -0.137345 -0.938114 0.317930
vn -0.135937 -0.936005 0.324677
vn -0.260790 -0.963919 0.053368
vn 0.155820 -0.832630 0.531458
vn 0.154104 -0.836962 0.525115
vn -0.001763 -0.949389 0.314097
vn -0.134190 -0.938550 0.317988
vn -0.132786 -0.936437 0.324736
vn -0.247389 -0.967439 0.053477
vn -0.280725 -0.958579 0.048170
vn 0.297309 -0.812816 0.500937
vn 0.156107 -0.836724 0.524904
vn 0.157803 -0.832392 0.531245
vn 0.004897 -0.851154 0.524894
vn -0.235081 -0.970957 0.044489
vn -0.259080 -0.964908 0.042778
vn -0.132145 -0.943193 0.304837
vn -0.129361 -0.939076 0.318438
vn -0.257922 -0.923269 0.284694
vn -0.002302 -0.955818 0.293951
vn -0.222273 -0.974267 0.037395
vn -0.238331 -0.970468 0.037282
vn 0.150449 -0.857275 0.492387
vn 0.153879 -0.849057 0.505394
vn 0.004549 -0.863146 0.504934
vn -0.132665 -0.951295 0.278277
vn -0.131364 -0.949519 0.284882
vn 0.151601 -0.860822 0.485801
vn 0.153287 -0.856824 0.492297
vn -0.002813 -0.961718 0.274027
vn -0.128147 -0.949947 0.284919
vn -0.129442 -0.951729 0.278312
vn 0.153358 -0.860608 0.485628
vn 0.292546 -0.836468 0.463399
vn 0.155024 -0.856611 0.492123
vn 0.004148 -0.874622 0.484788
vn -0.200816 -0.979176 0.029779
vn -0.181750 -0.982814 0.032308
vn -0.127071 -0.955714 0.265450
vn -0.003288 -0.967100 0.254374
vn -0.124515 -0.952259 0.278744
vn -0.247157 -0.936907 0.247223
vn 0.147497 -0.879475 0.452513
vn 0.150848 -0.871960 0.465757
vn 0.003698 -0.885574 0.464484
vn -0.125830 -0.961065 0.246009
vn -0.127013 -0.962526 0.239609
vn 0.149941 -0.879090 0.452457
vn 0.148297 -0.882738 0.445848
vn -0.003717 -0.971978 0.235042
vn -0.123712 -0.962952 0.239621
vn -0.122538 -0.961487 0.246023
vn 0.286420 -0.858525 0.425321
vn 0.151407 -0.878909 0.452321
vn 0.003203 -0.895993 0.444057
vn 0.149784 -0.882556 0.445712
vn -0.234530 -0.948967 0.210851
vn -0.004091 -0.976367 0.216082
vn -0.118674 -0.963483 0.240036
vn -0.120979 -0.966310 0.227175
vn 0.143750 -0.899678 0.412208
vn 0.002671 -0.905873 0.423540
vn 0.146999 -0.892891 0.425601
vn -0.119232 -0.970740 0.208441
vn -0.120285 -0.971906 0.202310
vn 0.145766 -0.899366 0.412181
vn 0.144174 -0.902653 0.405503
vn -0.116897 -0.972322 0.202300
vn -0.004402 -0.980284 0.197545
vn -0.115855 -0.971150 0.208433
vn 0.145373 -0.902506 0.405402
vn 0.146943 -0.899221 0.412080
vn 0.002108 -0.915210 0.402972
vn 0.278861 -0.878940 0.386913
vn -0.004640 -0.983750 0.179484
vn -0.219896 -0.959525 0.175945
vn -0.111735 -0.972845 0.202700
vn -0.113769 -0.975091 0.190405
vn 0.139201 -0.917840 0.371744
vn 0.142322 -0.911798 0.385187
vn 0.001520 -0.924000 0.382390
vn -0.111478 -0.978667 0.172580
vn -0.112394 -0.979566 0.166786
vn 0.139231 -0.920521 0.365041
vn 0.140756 -0.917605 0.371737
vn -0.108916 -0.979964 0.166754
vn 0.002012 -0.986572 0.163314
vn -0.179543 -0.971700 0.153501
vn -0.200816 -0.966601 0.159236
vn -0.004801 -0.986787 0.161953
vn 0.000038 -0.986694 0.162588
vn -0.108013 -0.979061 0.172550
vn -0.002274 -0.986773 0.162092
vn 0.140131 -0.920412 0.364972
vn 0.141634 -0.917498 0.371668
vn 0.269809 -0.897672 0.348408
vn 0.000917 -0.932241 0.361836
vn 0.133859 -0.933938 0.331423
vn 0.136824 -0.928648 0.344806
vn 0.000308 -0.939936 0.341351
vn 0.134940 -0.933781 0.331428
vn 0.133494 -0.936325 0.324769
vn 0.259220 -0.914691 0.310073
vn -0.000299 -0.947086 0.320980
vn 0.135491 -0.933715 0.331389
vn 0.134068 -0.936257 0.324729
vn -0.063568 -0.997953 0.006941
vn 0.127753 -0.947978 0.291577
vn 0.130533 -0.943436 0.304779
vn -0.000892 -0.953697 0.300767
vn 0.126981 -0.950073 0.285023
vn 0.128333 -0.947897 0.291584
vn -0.001462 -0.959777 0.280761
vn 0.127226 -0.950044 0.285008
vn 0.128554 -0.947872 0.291570
vn 0.247060 -0.929982 0.272202
vn -0.002000 -0.965334 0.261009
vn 0.123483 -0.956183 0.265454
vn 0.120916 -0.959996 0.252563
vn 0.120978 -0.959987 0.252564
vn 0.119735 -0.961803 0.246166
vn -0.094192 -0.988992 0.114117
vn -0.096067 -0.990367 0.099717
vn -0.007829 -0.997110 0.075562
vn -0.072994 -0.991439 0.108264
vn 0.233310 -0.943548 0.235125
vn -0.002493 -0.970383 0.241560
vn 0.119639 -0.961814 0.246171
vn 0.120858 -0.960001 0.252571
vn -0.070478 -0.991504 0.109324
vn -0.067953 -0.991548 0.110518
vn -0.065560 -0.991569 0.111773
vn -0.002935 -0.974936 0.222467
vn 0.113393 -0.970061 0.214764
vn 0.115720 -0.966946 0.227209
vn -0.063283 -0.991569 0.113072
vn -0.061122 -0.991552 0.114404
vn 0.112930 -0.970118 0.214751
vn 0.111809 -0.971592 0.208584
vn -0.059078 -0.991520 0.115746
vn -0.057032 -0.991473 0.117173
vn 0.112455 -0.970168 0.214776
vn 0.111358 -0.971639 0.208607
vn -0.003316 -0.979011 0.203779
vn 0.217961 -0.955411 0.199204
vn -0.054995 -0.991409 0.118676
vn -0.143162 -0.988484 0.049030
vn -0.061474 -0.997893 0.020768
vn -0.073464 -0.995666 0.057032
vn -0.068724 -0.995967 0.057678
vn -0.076102 -0.995524 0.056041
vn -0.036452 -0.995835 0.083573
vn -0.007913 -0.998201 0.059440
vn -0.006307 -0.998269 0.058478
vn -0.004879 -0.998307 0.057958
vn -0.078787 -0.995395 0.054605
vn -0.003630 -0.998324 0.057757
vn -0.071015 -0.995814 0.057548
vn 0.105228 -0.978281 0.178587
vn -0.003626 -0.982628 0.185549
vn 0.107290 -0.975818 0.190440
vn -0.064981 -0.996498 0.052614
vn -0.046193 -0.997397 0.055362
vn -0.067035 -0.996361 0.052634
vn -0.046113 -0.997354 0.056201
vn -0.003030 -0.998605 0.052719
vn 0.104226 -0.978395 0.178551
vn 0.103239 -0.979551 0.172688
vn -0.063326 -0.996834 0.048078
vn -0.044325 -0.997795 0.049402
vn -0.044380 -0.997822 0.048807
vn -0.042280 -0.998022 0.046525
vn -0.059554 -0.997261 0.043854
vn -0.042083 -0.997923 0.048772
vn -0.061628 -0.997135 0.043863
vn -0.002869 -0.999031 0.043922
vn 0.102434 -0.979629 0.172725
vn -0.003861 -0.985808 0.167831
vn 0.103397 -0.978476 0.178589
vn 0.000672 -0.985965 0.166951
vn 0.201010 -0.965622 0.164828
vn 0.186925 -0.968896 0.162170
vn -0.001439 -0.985861 0.167561
vn -0.002304 -0.999193 0.040089
vn -0.040501 -0.998301 0.041882
vn -0.040575 -0.998335 0.040997
vn -0.038966 -0.998616 0.035327
vn -0.038500 -0.998413 0.041108
vn -0.002027 -0.999445 0.033238
vn -0.036945 -0.998690 0.035399
vn -0.036466 -0.998469 0.041599
vn -0.034421 -0.998505 0.042467
vn -0.035390 -0.998943 0.029348
vn -0.001769 -0.999635 0.026955
vn -0.001161 -0.999635 0.027006
vn -0.000667 -0.999632 0.027127
vn -0.061686 -0.997878 0.020835
vn -0.012995 -0.999803 0.014973
vn -0.000275 -0.999628 0.027279
vn 0.000043 -0.999623 0.027447
vn 0.000286 -0.999619 0.027610
vn -0.032372 -0.998520 0.043703
vn 0.000449 -0.999615 0.027742
vn -0.033381 -0.999011 0.029390
vn -0.007294 -0.997889 0.064527
vn -0.005537 -0.997857 0.065190
vn -0.004070 -0.997847 0.065452
vn -0.009096 -0.996574 0.082206
vn 0.037842 -0.995226 0.089960
vn 0.087627 -0.988312 0.124742
vn 0.085821 -0.989991 0.112036
vn -0.006885 -0.996535 0.082883
vn -0.003386 -0.998183 0.060168
vn 0.042496 -0.996987 0.064889
vn 0.077020 -0.990312 0.115539
vn 0.070942 -0.995438 0.063806
vn 0.040528 -0.997597 0.056195
vn 0.075681 -0.990344 0.116156
vn 0.069780 -0.995475 0.064494
vn -0.003255 -0.998727 0.050345
vn 0.039412 -0.997643 0.056167
vn 0.068535 -0.995530 0.064991
vn 0.074292 -0.990363 0.116885
vn 0.037609 -0.998099 0.048816
vn -0.002679 -0.998935 0.046071
vn 0.072859 -0.990369 0.117730
vn 0.067211 -0.995601 0.065274
vn 0.042241 -0.997154 0.062445
vn 0.065882 -0.995687 0.065320
vn 0.071456 -0.990362 0.118650
vn 0.035896 -0.998479 0.041859
vn 0.064023 -0.996141 0.060039
vn 0.040802 -0.997428 0.058926
vn 0.070082 -0.990342 0.119633
vn -0.002427 -0.999252 0.038585
vn 0.034819 -0.998516 0.041867
vn 0.062233 -0.996552 0.054881
vn 0.068744 -0.990309 0.120672
vn 0.033196 -0.998822 0.035386
vn 0.061013 -0.996624 0.054935
vn 0.039087 -0.997841 0.052780
vn 0.067444 -0.990266 0.121754
vn 0.059304 -0.996974 0.050254
vn 0.066109 -0.990210 0.122939
vn 0.032069 -0.998859 0.035378
vn -0.002132 -0.999490 0.031854
vn 0.037436 -0.998196 0.046936
vn 0.064739 -0.990139 0.124232
vn 0.058015 -0.997051 0.050230
vn -0.001649 -0.999587 0.028690
vn -0.001061 -0.999590 0.028607
vn 0.030448 -0.999104 0.029387
vn -0.000591 -0.999595 0.028461
vn -0.000223 -0.999600 0.028290
vn 0.000073 -0.999605 0.028106
vn 0.000299 -0.999610 0.027929
vn 0.000451 -0.999614 0.027785
vn 0.035019 -0.998407 0.044228
vn 0.032824 -0.998442 0.045133
vn 0.036095 -0.998374 0.044112
vn 0.031671 -0.998441 0.045970
vn 0.033941 -0.998430 0.044560
vn 0.063341 -0.990053 0.125631
vn 0.056317 -0.997353 0.046000
vn 0.329287 -0.940216 0.086971
vn 0.314478 -0.945863 0.080290
vn 0.300724 -0.950598 0.076994
vn 0.287977 -0.954578 0.076488
vn 0.344937 -0.933547 0.097515
vn 0.274107 -0.959477 0.065332
vn 0.323316 -0.943612 0.071159
vn 0.383215 -0.921443 0.063941
vn 0.050524 -0.998327 0.028106
vn 0.000309 -0.999610 0.027943
vn 0.260614 -0.963828 0.055822
vn 0.248927 -0.966926 0.055594
vn 0.302239 -0.951118 0.063444
vn 0.301237 -0.952030 0.053809
vn 0.280641 -0.958439 0.051343
vn 0.341491 -0.938746 0.046264
vn 0.280879 -0.958233 0.053821
vn 0.236601 -0.970486 0.046659
vn 0.212543 -0.976362 0.039281
vn 0.224134 -0.973756 0.039529
vn 0.260187 -0.964480 0.045630
vn 0.259709 -0.964847 0.040282
vn 0.240079 -0.970082 0.036085
vn 0.193044 -0.980637 0.032948
vn 0.240475 -0.969793 0.040915
vn 0.298315 -0.953899 0.032920
vn 0.201272 -0.978990 0.032674
vn 0.186309 -0.982125 0.026819
vn 0.220000 -0.975037 0.030063
vn 0.014542 0.072117 0.997290
vn -0.026174 0.030281 0.999199
vn -0.066021 0.004511 0.997808
vn -0.104446 -0.005645 0.994515
vn -0.114768 -0.004375 0.993383
vn -0.141180 -0.007954 0.989952
vn -0.175812 0.000901 0.984423
vn -0.114597 0.002585 0.993409
vn -0.150770 -0.016046 0.988439
vn -0.148673 0.039383 0.988102
vn -0.164478 0.022429 0.986126
vn -0.153508 -0.013772 0.988051
vn -0.230329 -0.041633 0.972222
vn -0.166579 -0.030099 0.985569
vn -0.209559 -0.014030 0.977695
vn -0.240497 -0.005938 0.970632
vn -0.268932 0.009413 0.963113
vn -0.294643 0.030915 0.955107
vn -0.048134 -0.004804 0.998829
vn -0.037225 -0.001332 0.999306
vn -0.124592 -0.007520 0.992180
vn -0.185412 -0.004438 0.982651
vn -0.414259 -0.175768 0.893026
vn -0.421157 -0.178923 0.889164
vn -0.406620 -0.173224 0.897025
vn -0.512738 -0.232117 0.826572
vn -0.398230 -0.171523 0.901106
vn -0.459113 -0.116095 0.880760
vn -0.402200 -0.185476 0.896568
vn -0.475771 -0.134025 0.869298
vn -0.499229 -0.151251 0.853167
vn -0.522357 -0.159317 0.837712
vn -0.544596 -0.153917 0.824454
vn -0.561443 -0.136128 0.816242
vn -0.417039 -0.172740 0.892322
vn -0.118629 -0.021306 0.992710
vn -0.062702 -0.004087 0.998024
vn -0.206687 -0.043273 0.977450
vn -0.268062 -0.085197 0.959627
vn -0.284442 -0.093712 0.954102
vn -0.292147 -0.096366 0.951506
vn -0.299521 -0.098019 0.949041
vn -0.276413 -0.090006 0.956815
vn -0.306567 -0.098728 0.946715
vn -0.264487 -0.099731 0.959219
vn -0.313728 -0.102617 0.943952
vn -0.268897 -0.105686 0.957353
vn -0.321727 -0.106460 0.940828
vn -0.330924 -0.109869 0.937240
vn -0.339454 -0.107501 0.934460
vn -0.347246 -0.103680 0.932025
vn -0.354305 -0.098618 0.929915
vn -0.273535 -0.114037 0.955078
vn -0.195172 -0.082368 0.977304
vn -0.117074 -0.039467 0.992339
vn -0.115897 -0.022964 0.992996
vn -0.068897 -0.056482 0.996024
vn -0.273660 -0.115117 0.954913
vn -0.201952 -0.077220 0.976347
vn -0.265933 -0.112557 0.957398
vn -0.269868 -0.114156 0.956107
vn -0.253216 -0.113150 0.960770
vn -0.259066 -0.162959 0.952013
vn -0.015613 -0.027265 0.999506
vn -0.002430 -0.032732 0.999461
vn -0.114337 -0.037797 0.992723
vn -0.002792 -0.032550 0.999466
vn -0.083012 -0.058809 0.994812
vn -0.117512 -0.038632 0.992320
vn -0.002639 -0.032622 0.999464
vn -0.065753 -0.040306 0.997022
vn -0.043706 -0.008650 0.999007
vn -0.255606 -0.113662 0.960076
vn -0.261660 -0.164395 0.951056
vn -0.258004 -0.114449 0.959341
vn -0.264219 -0.165721 0.950118
vn -0.266715 -0.166926 0.949210
vn -0.260385 -0.115492 0.958573
vn -0.262748 -0.116780 0.957771
vn -0.269148 -0.168013 0.948331
vn -0.271545 -0.168997 0.947472
vn -0.265122 -0.118320 0.956928
vn -0.273871 -0.169868 0.946647
vn -0.267470 -0.120080 0.956055
vn -0.300931 -0.148535 0.942007
vn -0.366449 -0.132292 0.920985
vn -0.390141 -0.177290 0.903525
vn -0.207826 -0.187836 0.959961
vn -0.288613 -0.174834 0.941348
vn -0.286943 -0.162671 0.944035
vn -0.380837 -0.177441 0.907457
vn -0.308404 -0.193127 0.931445
vn -0.310145 -0.204748 0.928379
vn -0.402373 -0.199891 0.893386
vn -0.411888 -0.207256 0.887352
vn -0.317546 -0.209741 0.924756
vn -0.316657 -0.204089 0.926324
vn -0.220681 -0.221405 0.949884
vn -0.421873 -0.222824 0.878847
vn -0.326503 -0.237752 0.914806
vn -0.324716 -0.226355 0.918326
vn -0.330798 -0.237629 0.913294
vn -0.331737 -0.243437 0.911421
vn -0.082495 -0.123137 0.988955
vn -0.083853 -0.122311 0.988943
vn -0.175417 -0.118853 0.977294
vn -0.085852 -0.121538 0.988867
vn -0.085137 -0.121756 0.988902
vn -0.086641 -0.121384 0.988817
vn -0.087440 -0.121313 0.988756
vn -0.078002 -0.127580 0.988756
vn -0.077187 -0.128662 0.988680
vn -0.081793 -0.123659 0.988948
vn -0.084505 -0.122001 0.988926
vn -0.078795 -0.126607 0.988818
vn -0.120192 -0.066375 0.990529
vn -0.079570 -0.125734 0.988868
vn -0.080331 -0.124952 0.988905
vn -0.184050 -0.118776 0.975714
vn -0.081071 -0.124263 0.988932
vn -0.083188 -0.122685 0.988953
vn -0.139363 -0.189986 0.971845
vn -0.130888 -0.122402 0.983812
vn -0.139846 -0.189257 0.971918
vn -0.131395 -0.122393 0.983746
vn -0.093771 -0.128042 0.987326
vn -0.131898 -0.122365 0.983682
vn -0.089676 -0.126343 0.987925
vn -0.140331 -0.188553 0.971985
vn -0.092839 -0.127399 0.987497
vn -0.088909 -0.126322 0.987997
vn -0.090398 -0.126443 0.987846
vn -0.091075 -0.126611 0.987763
vn -0.091713 -0.126835 0.987675
vn -0.092297 -0.127100 0.987586
vn -0.150292 -0.174558 0.973109
vn -0.093327 -0.127715 0.987410
vn -0.431220 -0.238552 0.870139
vn -0.333358 -0.237326 0.912441
vn -0.232468 -0.256827 0.938082
vn -0.334326 -0.243123 0.910559
vn -0.342751 -0.271807 0.899246
vn -0.439961 -0.254410 0.861226
vn -0.340818 -0.260164 0.903414
vn -0.346155 -0.271643 0.897990
vn -0.347163 -0.277543 0.895795
vn -0.448127 -0.270369 0.852105
vn -0.242976 -0.293145 0.924678
vn -0.348149 -0.271371 0.897302
vn -0.349187 -0.277261 0.895095
vn -0.455747 -0.286406 0.842773
vn -0.357105 -0.306370 0.882391
vn -0.355044 -0.294586 0.887222
vn -0.360759 -0.312133 0.878877
vn -0.359691 -0.306192 0.881402
vn -0.462844 -0.302496 0.833230
vn -0.252270 -0.330071 0.909622
vn -0.361157 -0.305964 0.880881
vn -0.362257 -0.311895 0.878345
vn -0.369706 -0.341206 0.864232
vn -0.367531 -0.329379 0.869730
vn -0.469449 -0.318616 0.823469
vn 0.033767 -0.003474 0.999424
vn 0.104755 -0.020529 0.994286
vn 0.056881 -0.038071 0.997655
vn 0.057762 -0.041255 0.997478
vn -0.001982 -0.016857 0.999856
vn -0.002207 -0.016922 0.999854
vn 0.024310 -0.013609 0.999612
vn -0.002122 -0.016901 0.999855
vn -0.002232 -0.016927 0.999854
vn -0.372663 -0.346979 0.860656
vn -0.371541 -0.341040 0.863510
vn -0.475585 -0.334745 0.813489
vn -0.260413 -0.367344 0.892885
vn -0.373683 -0.346796 0.860287
vn -0.372528 -0.340867 0.863153
vn -0.481275 -0.350864 0.803286
vn -0.380688 -0.376109 0.844759
vn -0.378412 -0.364325 0.850924
vn -0.381839 -0.375980 0.844297
vn -0.383009 -0.381875 0.841116
vn -0.486541 -0.366955 0.792857
vn -0.267474 -0.404727 0.874445
vn -0.382381 -0.375874 0.844099
vn -0.383585 -0.381759 0.840906
vn -0.387820 -0.399230 0.830790
vn -0.491409 -0.382999 0.782195
vn -0.390185 -0.410896 0.823966
vn -0.391917 -0.416640 0.820251
vn -0.390705 -0.410825 0.823755
vn -0.390848 -0.410794 0.823703
vn -0.273521 -0.442005 0.854294
vn -0.392095 -0.416601 0.820186
vn -0.495900 -0.398981 0.771296
vn -0.500022 -0.414887 0.760163
vn -0.398316 -0.445401 0.801849
vn -0.395870 -0.433924 0.809319
vn -0.398268 -0.445409 0.801869
vn -0.399517 -0.451112 0.798050
vn -0.398041 -0.445463 0.801952
vn -0.399327 -0.451158 0.798119
vn -0.278627 -0.478981 0.832433
vn -0.503805 -0.430700 0.748784
vn -0.402680 -0.468251 0.786504
vn -0.405199 -0.479479 0.778405
vn -0.507259 -0.446409 0.737162
vn -0.404627 -0.479582 0.778639
vn -0.405910 -0.485146 0.774513
vn -0.404066 -0.479727 0.778841
vn -0.405387 -0.485283 0.774701
vn -0.282861 -0.515477 0.808872
vn -0.510402 -0.461998 0.725291
vn -0.410937 -0.512995 0.753636
vn -0.408354 -0.502073 0.762345
vn -0.513245 -0.477458 0.713171
vn -0.411197 -0.518608 0.749641
vn -0.409883 -0.513210 0.754063
vn -0.515805 -0.492775 0.700799
vn -0.410373 -0.518840 0.749933
vn -0.286291 -0.551329 0.783629
vn -0.409021 -0.513449 0.754368
vn -0.518091 -0.507938 0.688172
vn -0.412979 -0.535261 0.736847
vn -0.415620 -0.545830 0.727550
vn -0.414124 -0.546168 0.728150
vn -0.415464 -0.551378 0.723444
vn -0.412978 -0.546508 0.728545
vn -0.520107 -0.522940 0.675295
vn -0.414356 -0.551712 0.723825
vn -0.288974 -0.586387 0.756733
vn -0.419324 -0.577873 0.700164
vn -0.521867 -0.537768 0.662164
vn -0.416633 -0.567701 0.710023
vn -0.417418 -0.578343 0.700915
vn -0.418782 -0.583345 0.695939
vn -0.416012 -0.578787 0.701385
vn -0.417413 -0.583782 0.696394
vn -0.290964 -0.620511 0.728221
vn -0.523377 -0.552413 0.648780
vn 0.158279 -0.062196 0.985434
vn -0.524637 -0.566870 0.635149
vn -0.419367 -0.599288 0.681898
vn -0.422101 -0.609023 0.671507
vn 0.221770 -0.018634 0.974921
vn 0.166522 -0.063925 0.983963
vn 0.226812 -0.014851 0.973825
vn -0.421197 -0.614408 0.667154
vn -0.419815 -0.609634 0.672385
vn -0.525659 -0.581127 0.621268
vn -0.418160 -0.610184 0.672917
vn -0.292300 -0.653572 0.698144
vn -0.419581 -0.614952 0.667672
vn -0.526436 -0.595181 0.607144
vn -0.421222 -0.629925 0.652508
vn -0.423990 -0.639188 0.641616
vn 0.332413 -0.052175 0.941689
vn 0.242226 -0.063711 0.968126
vn 0.345199 -0.037154 0.937794
vn 0.257555 -0.073612 0.963456
vn 0.301305 -0.075201 0.950558
vn 0.275050 -0.079396 0.958146
vn 0.292549 -0.078238 0.953045
vn 0.214650 -0.092245 0.972325
vn 0.283802 -0.079654 0.955569
vn 0.266300 -0.077402 0.960777
vn 0.219759 -0.087774 0.971597
vn 0.310040 -0.070607 0.948098
vn 0.320180 -0.063507 0.945226
vn -0.422732 -0.644481 0.637136
vn -0.421335 -0.639948 0.642606
vn -0.526971 -0.609024 0.592783
vn -0.420888 -0.645131 0.637699
vn -0.419453 -0.640604 0.643184
vn -0.293001 -0.685447 0.666568
vn 0.205202 -0.038710 0.977954
vn -0.014455 0.068890 0.997520
vn 0.025520 0.027721 0.999290
vn 0.063969 0.003352 0.997946
vn 0.101314 -0.005554 0.994839
vn 0.018312 0.022115 0.999588
vn 0.125848 -0.015377 0.991930
vn -0.527260 -0.622652 0.578188
vn -0.425004 -0.668285 0.610546
vn -0.422212 -0.659527 0.621901
vn 0.145625 0.042574 0.988423
vn 0.137604 -0.007482 0.990459
vn 0.173165 0.002442 0.984890
vn 0.108971 -0.004402 0.994035
vn 0.109203 0.002140 0.994017
vn 0.143105 -0.014964 0.989594
vn -0.422003 -0.669199 0.611626
vn -0.423408 -0.673474 0.605936
vn 0.206066 -0.012945 0.978453
vn 0.238871 -0.003669 0.971044
vn 0.270732 0.013465 0.962560
vn 0.301476 0.037812 0.952724
vn 0.222781 -0.042296 0.973951
vn 0.147373 -0.014359 0.988977
vn 0.160499 0.024681 0.986727
vn 0.157844 -0.028531 0.987052
vn -0.527301 -0.636058 0.563368
vn -0.293073 -0.716027 0.633572
vn -0.421322 -0.674239 0.606539
vn -0.419879 -0.669970 0.612243
vn -0.527084 -0.649243 0.548330
vn -0.425131 -0.696244 0.578367
vn -0.422326 -0.688018 0.590145
vn -0.423186 -0.701324 0.573636
vn -0.421778 -0.697320 0.579524
vn -0.420870 -0.702204 0.574263
vn -0.419426 -0.698204 0.580166
vn -0.292504 -0.745207 0.599256
vn -0.526608 -0.662198 0.533082
vn 0.219142 -0.203738 0.954184
vn 0.360201 -0.184084 0.914532
vn 0.276630 -0.174436 0.945012
vn 0.340868 -0.171395 0.924355
vn 0.350597 -0.178528 0.919353
vn 0.267065 -0.055906 0.962056
vn 0.283852 -0.120894 0.951216
vn 0.383929 -0.191797 0.903224
vn 0.371235 -0.188810 0.909140
vn 0.397129 -0.192359 0.897378
vn 0.200401 -0.205638 0.957889
vn -0.424338 -0.723001 0.545167
vn -0.525858 -0.674927 0.517636
vn -0.421534 -0.715331 0.557324
vn -0.420619 -0.724250 0.546390
vn -0.422022 -0.727973 0.540327
vn 0.314969 -0.226971 0.921563
vn 0.318579 -0.203604 0.925771
vn 0.406934 -0.215683 0.887629
vn -0.524824 -0.687427 0.502000
vn -0.419478 -0.728967 0.540967
vn -0.418040 -0.725249 0.547044
vn -0.291253 -0.772897 0.563740
vn 0.418350 -0.223336 0.880400
vn 0.327299 -0.220592 0.918811
vn 0.326399 -0.226387 0.917722
vn -0.523493 -0.699697 0.486188
vn -0.419763 -0.741419 0.523542
vn -0.422550 -0.748513 0.511058
vn 0.228678 -0.256572 0.939083
vn 0.332874 -0.237201 0.912650
vn 0.427960 -0.239076 0.871604
vn 0.334752 -0.225191 0.915003
vn -0.419857 -0.753369 0.506118
vn -0.418466 -0.749937 0.512330
vn 0.338072 -0.254540 0.906045
vn 0.337087 -0.260522 0.904710
vn -0.415639 -0.751057 0.512990
vn -0.417063 -0.754485 0.506764
vn -0.521845 -0.711743 0.470213
vn -0.289259 -0.799015 0.527166
vn 0.343318 -0.254182 0.904171
vn 0.436954 -0.254943 0.862598
vn 0.342345 -0.260152 0.902840
vn -0.519868 -0.723562 0.454087
vn -0.416927 -0.766242 0.488922
vn -0.419681 -0.772744 0.476166
vn 0.239718 -0.292869 0.925615
vn 0.350142 -0.258899 0.900207
vn 0.348130 -0.271211 0.897357
vn 0.445364 -0.270907 0.853382
vn -0.415201 -0.774354 0.477477
vn -0.416571 -0.777488 0.471148
vn 0.351536 -0.294975 0.888489
vn 0.352587 -0.288865 0.890078
vn -0.286444 -0.823495 0.489700
vn -0.412115 -0.775597 0.478132
vn -0.517540 -0.735160 0.437826
vn -0.413516 -0.778729 0.471789
vn 0.357500 -0.288433 0.888257
vn 0.356465 -0.294532 0.886670
vn 0.453230 -0.286942 0.843947
vn -0.415610 -0.795677 0.440643
vn -0.514839 -0.746542 0.421446
vn -0.412907 -0.789778 0.453606
vn 0.249578 -0.329763 0.910477
vn 0.361617 -0.305748 0.880768
vn 0.460583 -0.303023 0.834290
vn 0.363745 -0.293225 0.884143
vn -0.412049 -0.800311 0.435566
vn -0.410709 -0.797477 0.441982
vn 0.365421 -0.323590 0.872787
vn 0.364312 -0.329786 0.870929
vn -0.408709 -0.801681 0.436194
vn -0.511738 -0.757713 0.404964
vn -0.282696 -0.846286 0.451535
vn -0.407341 -0.798848 0.442623
vn 0.467451 -0.319126 0.824408
vn 0.368929 -0.329274 0.869178
vn 0.370018 -0.323091 0.871033
vn -0.508216 -0.768677 0.388397
vn -0.407559 -0.812018 0.417760
vn -0.410192 -0.817309 0.404658
vn 0.473866 -0.335227 0.814294
vn 0.375749 -0.327917 0.866766
vn 0.258369 -0.366987 0.893625
vn 0.373522 -0.340568 0.862841
vn -0.406127 -0.821840 0.399549
vn -0.404828 -0.819309 0.406013
vn 0.376738 -0.358484 0.854142
vn 0.375580 -0.364725 0.852007
vn -0.504242 -0.779443 0.371764
vn -0.277895 -0.867352 0.412886
vn -0.402476 -0.823341 0.400153
vn -0.401151 -0.820810 0.406630
vn 0.381049 -0.357923 0.852463
vn 0.379913 -0.364152 0.850329
vn 0.479855 -0.351306 0.803942
vn 0.471161 -0.130743 0.872303
vn 0.425171 -0.172626 0.888499
vn 0.436040 -0.179171 0.881911
vn 0.501236 -0.230943 0.833923
vn 0.449480 -0.103883 0.887230
vn 0.387880 -0.162831 0.907213
vn 0.400888 -0.164259 0.901281
vn 0.366894 -0.193209 0.909978
vn 0.413471 -0.167601 0.894959
vn 0.403388 -0.162360 0.900510
vn -0.499789 -0.790017 0.355083
vn -0.403254 -0.837655 0.368403
vn -0.400711 -0.832969 0.381566
vn 0.386312 -0.362750 0.848042
vn 0.485440 -0.367344 0.793351
vn 0.266194 -0.404294 0.875035
vn 0.384002 -0.375452 0.843551
vn -0.397380 -0.839859 0.369765
vn -0.398629 -0.842089 0.363292
vn 0.385497 -0.399589 0.831697
vn 0.386696 -0.393338 0.834117
vn -0.393364 -0.841491 0.370348
vn -0.271895 -0.886679 0.373996
vn -0.494819 -0.800410 0.338376
vn -0.394636 -0.843722 0.363862
vn 0.494995 -0.144344 0.856823
vn 0.520184 -0.157860 0.839338
vn 0.499855 -0.151060 0.852834
vn 0.550232 -0.145324 0.822269
vn 0.579301 -0.105575 0.808248
vn 0.572225 -0.121440 0.811055
vn 0.390749 -0.392722 0.832517
vn 0.389575 -0.398960 0.830098
vn 0.490649 -0.383321 0.782515
vn -0.394605 -0.856740 0.332089
vn -0.489304 -0.810626 0.321665
vn -0.392173 -0.852653 0.345229
vn 0.495490 -0.399222 0.771434
vn 0.395579 -0.397521 0.827946
vn 0.393201 -0.410204 0.822876
vn 0.273147 -0.441462 0.854694
vn -0.388168 -0.859150 0.333446
vn -0.389356 -0.861085 0.327008
vn 0.395420 -0.427969 0.812703
vn 0.394189 -0.434194 0.809994
vn -0.383771 -0.860915 0.333984
vn -0.384978 -0.862852 0.327534
vn -0.264541 -0.904270 0.335132
vn -0.483204 -0.820675 0.304970
vn 0.499999 -0.415027 0.760101
vn 0.399234 -0.427303 0.811187
vn 0.398029 -0.433516 0.808478
vn -0.384032 -0.874606 0.295947
vn -0.381731 -0.871101 0.308974
vn -0.476482 -0.830565 0.288316
vn 0.504178 -0.430726 0.748518
vn 0.401236 -0.444649 0.800810
vn 0.403667 -0.432049 0.806465
vn 0.279292 -0.478287 0.832609
vn -0.376966 -0.877221 0.297289
vn -0.378083 -0.878869 0.290934
vn -0.514878 -0.855818 0.049765
vn -0.385397 -0.916747 0.105094
vn -0.472141 -0.877897 0.079877
vn -0.429343 -0.899108 0.085259
vn -0.387680 -0.919269 0.068182
vn -0.347242 -0.937240 0.031689
vn -0.437766 -0.887106 0.146298
vn -0.400443 -0.909082 0.114953
vn -0.369140 -0.924277 0.097200
vn -0.334672 -0.938165 0.088546
vn -0.352213 -0.931416 0.091711
vn -0.356658 -0.933174 0.044520
vn -0.297997 -0.948162 0.110389
vn -0.273443 -0.953052 0.130080
vn 0.403029 -0.462207 0.789894
vn 0.401771 -0.468379 0.786894
vn -0.372150 -0.879111 0.297772
vn -0.255673 -0.920146 0.296584
vn -0.373283 -0.880763 0.291405
vn -0.469100 -0.840303 0.271727
vn 0.508049 -0.446302 0.736683
vn 0.405378 -0.467660 0.785470
vn 0.406606 -0.461502 0.788471
vn -0.461011 -0.849898 0.255230
vn -0.369152 -0.888353 0.273047
vn -0.371303 -0.891299 0.260232
vn 0.408199 -0.478632 0.777358
vn 0.284682 -0.514591 0.808797
vn 0.410671 -0.466175 0.783601
vn 0.511622 -0.461742 0.724594
vn -0.364582 -0.895482 0.255327
vn -0.363545 -0.894107 0.261547
vn 0.408315 -0.502000 0.762414
vn 0.409593 -0.495912 0.765705
vn -0.452177 -0.859352 0.238852
vn -0.359315 -0.897494 0.255730
vn -0.245119 -0.934349 0.258668
vn -0.358265 -0.896114 0.261964
vn 0.411699 -0.501250 0.761086
vn 0.412946 -0.495176 0.764380
vn 0.514907 -0.477037 0.712255
vn -0.442547 -0.868673 0.222622
vn -0.354201 -0.904451 0.237717
vn -0.356183 -0.906868 0.225219
vn 0.517916 -0.492173 0.699663
vn 0.289346 -0.550211 0.783292
vn 0.416656 -0.499759 0.759367
vn 0.414154 -0.512020 0.752537
vn -0.347663 -0.909851 0.226497
vn -0.348610 -0.910969 0.220467
vn 0.413881 -0.534935 0.736577
vn 0.415175 -0.528956 0.740159
vn -0.341863 -0.911962 0.226838
vn -0.232723 -0.946931 0.221722
vn -0.432081 -0.877858 0.206571
vn -0.342819 -0.913086 0.220795
vn 0.520648 -0.507145 0.686825
vn 0.418307 -0.528199 0.738935
vn 0.417047 -0.534164 0.735350
vn -0.420722 -0.886913 0.190733
vn -0.338424 -0.921362 0.191211
vn -0.336628 -0.919434 0.203278
vn 0.421662 -0.532685 0.733790
vn 0.523115 -0.521943 0.673741
vn 0.419139 -0.544698 0.726379
vn 0.293295 -0.585004 0.756141
vn 0.418492 -0.567080 0.709426
vn 0.419796 -0.561234 0.713294
vn 0.422707 -0.560468 0.712176
vn 0.421437 -0.566300 0.708305
vn 0.525317 -0.536558 0.660415
vn -0.319245 -0.927662 0.193716
vn -0.379092 -0.911614 0.158897
vn -0.175827 -0.967734 0.180489
vn -0.199128 -0.964958 0.170889
vn -0.320362 -0.928827 0.186139
vn -0.395159 -0.904599 0.159841
vn -0.362512 -0.919086 0.154486
vn -0.346000 -0.926720 0.146537
vn -0.329868 -0.934263 0.135420
vn -0.220975 -0.960555 0.168832
vn -0.410676 -0.898048 0.157652
vn 0.425708 -0.564851 0.706906
vn 0.527255 -0.550986 0.646851
vn 0.296513 -0.618844 0.727401
vn 0.423171 -0.576569 0.698924
vn 0.422147 -0.598348 0.681007
vn 0.423459 -0.592658 0.685156
vn -0.198548 -0.979695 0.027866
vn -0.259161 -0.965559 -0.023032
vn -0.213539 -0.976934 0.000556
vn -0.169433 -0.985445 -0.013781
vn -0.121996 -0.992519 0.004756
vn -0.131516 -0.991154 0.017808
vn -0.137405 -0.990214 0.024405
vn 0.426145 -0.591896 0.684149
vn 0.424869 -0.597571 0.679996
vn 0.528922 -0.565225 0.633058
vn -0.075866 -0.997111 0.003729
vn -0.033231 -0.999390 -0.010739
vn -0.000272 -0.999406 -0.034473
vn 0.024843 -0.997994 -0.058229
vn -0.090322 -0.995909 0.002582
vn -0.127714 -0.991684 0.015851
vn -0.090576 -0.995856 -0.008190
vn 0.428781 -0.596174 0.678766
vn 0.426236 -0.607553 0.670225
vn 0.298973 -0.651621 0.697141
vn 0.530330 -0.579263 0.619035
vn 0.424836 -0.628666 0.651379
vn 0.426152 -0.623152 0.655802
vn 0.427313 -0.627910 0.650486
vn 0.428592 -0.622412 0.654914
vn 0.531460 -0.593106 0.604794
vn -0.158298 -0.987329 -0.011099
vn -0.030393 -0.999530 -0.003902
vn -0.009906 -0.999799 -0.017446
vn -0.138361 -0.990381 -0.001276
vn -0.128184 -0.991748 0.002268
vn -0.106193 -0.994323 0.006726
vn -0.175260 -0.983948 0.033625
vn -0.152565 -0.988120 0.018531
vn 0.428297 -0.637588 0.640346
vn 0.430845 -0.626591 0.649428
vn 0.532316 -0.606746 0.590338
vn 0.300629 -0.683235 0.665441
vn 0.426509 -0.657975 0.620612
vn 0.427827 -0.652659 0.625300
vn 0.532884 -0.620186 0.575677
vn 0.430000 -0.651960 0.624538
vn 0.428718 -0.657262 0.619845
vn 0.533157 -0.633424 0.560819
vn 0.431848 -0.656046 0.618960
vn 0.301416 -0.713599 0.632396
vn 0.429300 -0.666622 0.609357
vn 0.428412 -0.681137 0.593730
vn 0.427094 -0.686235 0.588789
vn 0.533128 -0.646459 0.545770
vn 0.429029 -0.685578 0.588147
vn 0.430311 -0.680495 0.593093
vn -0.262821 -0.964432 0.028202
vn -0.253677 -0.964898 0.067969
vn -0.248943 -0.967924 0.033932
vn -0.222150 -0.974229 0.039078
vn -0.258326 -0.958282 0.122325
vn -0.278019 -0.960378 0.019497
vn -0.152907 -0.988068 0.018476
vn -0.235617 -0.971123 0.037486
vn -0.327381 -0.944516 -0.026685
vn -0.200234 -0.978997 0.038351
vn -0.136168 -0.990213 0.030611
vn -0.181804 -0.982831 0.031460
vn -0.309942 -0.950728 -0.007209
vn -0.293742 -0.955853 0.007735
vn 0.429167 -0.694616 0.577342
vn 0.532784 -0.659294 0.530540
vn 0.431712 -0.684501 0.587438
vn 0.301264 -0.742636 0.598107
vn 0.427844 -0.708543 0.561174
vn 0.426527 -0.713405 0.555993
vn 0.532109 -0.671931 0.515140
vn 0.429426 -0.707985 0.560670
vn 0.428146 -0.712832 0.555483
vn 0.531090 -0.684373 0.499577
vn 0.427810 -0.721541 0.544388
vn 0.430348 -0.711924 0.554945
vn 0.300092 -0.770273 0.562693
vn 0.426006 -0.734858 0.527733
vn 0.424693 -0.739465 0.522329
vn 0.529715 -0.696620 0.483862
vn 0.427249 -0.734404 0.527360
vn 0.425972 -0.738997 0.521950
vn 0.527958 -0.708681 0.468008
vn 0.425122 -0.747370 0.510596
vn 0.297816 -0.796447 0.526287
vn 0.427650 -0.738291 0.521577
vn 0.422787 -0.760063 0.493514
vn 0.421480 -0.764395 0.487909
vn 0.525814 -0.720553 0.452022
vn 0.422403 -0.764048 0.487654
vn 0.423675 -0.759730 0.493265
vn 0.420981 -0.772090 0.476080
vn 0.294351 -0.821095 0.489040
vn 0.423493 -0.763583 0.487436
vn 0.523256 -0.732243 0.435917
vn 0.418091 -0.784130 0.458629
vn 0.416793 -0.788170 0.452848
vn 0.418562 -0.783950 0.458507
vn 0.520261 -0.743757 0.419707
vn 0.417299 -0.787977 0.452718
vn 0.289613 -0.844164 0.451122
vn 0.516814 -0.755095 0.403404
vn 0.417761 -0.787779 0.452637
vn 0.415271 -0.795679 0.440959
vn 0.410478 -0.810787 0.417291
vn 0.411762 -0.807055 0.423219
vn 0.411800 -0.807040 0.423210
vn 0.512891 -0.766262 0.387021
vn 0.410550 -0.810759 0.417275
vn 0.283527 -0.865604 0.412726
vn 0.508466 -0.777263 0.370573
vn 0.410311 -0.810861 0.417311
vn 0.407853 -0.818124 0.405376
vn 0.403693 -0.828813 0.387429
vn 0.402428 -0.832222 0.381389
vn 0.403240 -0.828988 0.387527
vn 0.402008 -0.832385 0.381478
vn 0.503520 -0.788098 0.354074
vn 0.401011 -0.832807 0.381604
vn 0.398598 -0.839404 0.369488
vn 0.276027 -0.885370 0.374072
vn 0.498021 -0.798774 0.337543
vn 0.393742 -0.849390 0.351432
vn 0.392504 -0.852464 0.345319
vn 0.491947 -0.809289 0.320997
vn 0.391548 -0.852831 0.345500
vn 0.392754 -0.849769 0.351621
vn 0.387372 -0.859498 0.333477
vn 0.389724 -0.853590 0.345687
vn 0.485270 -0.819646 0.304455
vn 0.267055 -0.903429 0.335405
vn 0.381772 -0.868768 0.315423
vn 0.380571 -0.871498 0.309284
vn 0.380213 -0.869356 0.315687
vn 0.379043 -0.872074 0.309539
vn 0.477966 -0.829844 0.287938
vn 0.256572 -0.919760 0.297004
vn 0.469998 -0.839885 0.271468
vn 0.376314 -0.873178 0.309754
vn 0.374044 -0.878382 0.297550
vn 0.367664 -0.886924 0.279624
vn 0.366511 -0.889303 0.273512
vn 0.364354 -0.890093 0.273825
vn 0.461346 -0.849764 0.255070
vn 0.365476 -0.887725 0.279948
vn 0.358488 -0.896030 0.261946
vn 0.360652 -0.891536 0.274033
vn 0.244546 -0.934358 0.259176
vn 0.451968 -0.859484 0.238772
vn 0.350201 -0.905863 0.238266
vn 0.351292 -0.903833 0.244293
vn 0.348431 -0.904842 0.244657
vn 0.347369 -0.906860 0.238618
vn 0.441846 -0.869034 0.222602
vn 0.230961 -0.947236 0.222262
vn 0.342614 -0.908624 0.238784
vn 0.430939 -0.878414 0.206593
vn 0.340585 -0.912414 0.226940
vn 0.332537 -0.919476 0.209721
vn 0.331523 -0.921162 0.203844
vn 0.420526 -0.885173 0.199067
vn 0.662893 -0.680859 0.311454
vn 0.658081 -0.684332 0.314037
vn 0.504542 -0.784909 0.359661
vn 0.215808 -0.958434 0.186631
vn 0.406654 -0.896626 0.175199
vn 0.322097 -0.926932 0.192483
vn 0.324102 -0.923627 0.204624
vn 0.310378 -0.935183 0.170583
vn 0.311300 -0.933826 0.176241
vn 0.394413 -0.903470 0.167869
vn 0.492948 -0.806430 0.326609
vn 0.583515 -0.748209 0.315742
vn 0.646545 -0.706865 0.286916
vn 0.585302 -0.741956 0.326991
vn 0.495911 -0.804791 0.326164
vn 0.335680 -0.932010 0.136664
vn 0.301390 -0.937974 0.171373
vn 0.350995 -0.925524 0.142152
vn 0.199083 -0.968015 0.152683
vn 0.299565 -0.940630 0.159610
vn 0.185874 -0.970329 0.154637
vn 0.378859 -0.914040 0.144905
vn 0.365600 -0.919426 0.144891
vn 0.572510 -0.764194 0.297051
vn 0.483203 -0.825019 0.293015
vn 0.632335 -0.729848 0.259756
vn 0.618284 -0.742027 0.259077
vn 0.570690 -0.769971 0.285408
vn 0.478937 -0.827322 0.293526
vn 0.247952 -0.964386 0.092079
vn 0.311324 -0.948615 0.056628
vn 0.251693 -0.960314 0.120198
vn 0.298805 -0.952326 0.061566
vn 0.286587 -0.955878 0.064533
vn 0.274172 -0.959419 0.065920
vn 0.204742 -0.976671 0.064762
vn 0.208174 -0.973264 0.097057
vn 0.261368 -0.963180 0.063014
vn 0.249566 -0.966366 0.062078
vn 0.213624 -0.975519 0.052232
vn 0.225656 -0.972558 0.056660
vn 0.192340 -0.980428 0.042038
vn 0.193777 -0.980119 0.042630
vn 0.187197 -0.981552 0.038888
vn 0.131042 -0.989957 0.053033
vn 0.202422 -0.978162 0.047174
vn 0.206040 -0.973835 0.095879
vn 0.237852 -0.969446 0.059999
vn 0.202774 -0.977081 0.064770
vn 0.390427 -0.918462 0.063204
vn 0.329717 -0.934325 0.135361
vn 0.359378 -0.926627 0.110501
vn 0.527154 -0.846923 0.069501
vn 0.500554 -0.860279 0.096779
vn 0.465541 -0.878807 0.104735
vn 0.425609 -0.900336 0.090842
vn 0.374140 -0.920331 0.114059
vn 0.386666 -0.914529 0.118853
vn 0.360699 -0.926095 0.110657
vn 0.046559 -0.998903 0.005078
vn 0.133840 -0.990993 0.004512
vn 0.167567 -0.985508 0.026354
vn 0.221817 -0.973531 0.055089
vn 0.249929 -0.967814 -0.029534
vn 0.209665 -0.977763 -0.004499
vn 0.167350 -0.985867 0.007796
vn 0.151490 -0.988456 -0.002223
vn 0.193628 -0.980706 0.026911
vn 0.127276 -0.991858 0.004282
vn 0.127372 -0.991831 0.006864
vn 0.117507 -0.993045 0.007361
vn 0.117443 -0.993065 0.005446
vn 0.043884 -0.999031 0.003257
vn 0.121646 -0.992550 0.006845
vn 0.075895 -0.997115 -0.001521
vn 0.033140 -0.999230 -0.021010
vn 0.000313 -0.999030 -0.044029
vn -0.024292 -0.997597 -0.064881
vn -0.127589 -0.030351 0.991363
vn -0.223397 -0.032922 0.974171
vn -0.223438 -0.032752 0.974168
vn -0.118021 -0.064360 0.990923
vn 0.516980 -0.755003 0.403364
vn 0.515968 -0.755507 0.403717
vn 0.516807 -0.755116 0.403372
vn 0.516400 -0.755482 0.403210
vn 0.514520 -0.755857 0.404907
vn 0.555410 -0.754504 0.349633
vn 0.466968 -0.869691 0.159929
vn 0.519736 -0.807071 0.280198
vn 0.465838 -0.849343 0.248214
vn 0.474624 -0.863182 0.172190
vn 0.596236 -0.771567 0.221782
vn 0.573828 -0.789504 0.217725
vn 0.459876 -0.853068 0.246555
vn 0.551447 -0.802737 0.226980
vn 0.453345 -0.856409 0.247065
vn 0.446271 -0.859132 0.250469
vn 0.438628 -0.860959 0.257595
vn 0.430366 -0.861520 0.269384
vn 0.421364 -0.860305 0.286927
vn 0.608086 -0.695595 0.382594
vn 0.677091 -0.632327 0.376444
vn 0.675676 -0.633444 0.377109
vn 0.609573 -0.702538 0.367235
vn 0.527522 -0.705280 0.473603
vn 0.529021 -0.704414 0.473220
vn 0.573653 -0.694965 0.433527
vn 0.525264 -0.706964 0.473602
vn 0.573300 -0.705907 0.415960
vn 0.529851 -0.704092 0.472771
vn 0.633453 -0.646359 0.425392
vn 0.682589 -0.577663 0.447636
vn 0.685631 -0.576073 0.445029
vn 0.686742 -0.574930 0.444792
vn 0.634211 -0.640978 0.432346
vn 0.527226 -0.644909 0.553286
vn 0.587865 -0.646345 0.486469
vn 0.531233 -0.642040 0.552790
vn 0.589168 -0.638786 0.494806
vn 0.534466 -0.640331 0.551655
vn 0.537012 -0.639522 0.550118
vn 0.538937 -0.639363 0.548417
vn 0.682455 -0.527023 0.506461
vn 0.687625 -0.523962 0.502628
vn 0.641557 -0.582324 0.499303
vn 0.643090 -0.572301 0.508829
vn 0.513891 -0.588752 0.623928
vn 0.520515 -0.582752 0.624070
vn 0.526160 -0.578622 0.623179
vn 0.530972 -0.576065 0.621464
vn 0.591125 -0.584055 0.556283
vn 0.537229 -0.581603 0.610838
vn 0.589040 -0.556658 0.585802
vn 0.533624 -0.582287 0.613341
vn 0.591850 -0.579918 0.559829
vn 0.582521 -0.588792 0.560351
vn 0.506754 -0.545530 0.667531
vn 0.513784 -0.540884 0.665936
vn 0.520062 -0.537356 0.663916
vn 0.662707 -0.459254 0.591528
vn 0.671419 -0.464041 0.577808
vn 0.679704 -0.461823 0.569843
vn 0.639045 -0.522052 0.564874
vn 0.686760 -0.455258 0.566658
vn 0.636510 -0.418126 0.648094
vn 0.638234 -0.527065 0.561123
vn 0.498893 -0.551431 0.668602
vn 0.586074 -0.505128 0.633531
vn 0.000000 0.000000 1.000000
vn 0.000000 0.000000 1.000000
vn 0.000000 0.000000 -1.000000
vn 0.000000 0.000000 -1.000000
vn 0.000000 1.000000 0.000000
vn 0.000000 1.000000 0.000000
vn 0.000000 1.000000 0.000000
vn 0.000000 1.000000 0.000000
vn 0.000000 1.000000 0.000000
vn 0.000000 1.000000 0.000000
vn 0.000000 1.000000 0.000000
vn 0.000000 1.000000 0.000000
vn 0.000000 1.000000 0.000000
vn 0.000000 1.000000 0.000000
vn 0.000000 1.000000 0.000000
vn 0.000000 1.000000 0.000000
vn 0.000000 1.000000 0.000000
vn 0.000000 1.000000 0.000000
vn 0.000000 1.000000 0.000000
vn 0.000000 1.000000 0.000000
vn 0.000000 1.000000 0.000000
vn 0.000000 1.000000 0.000000
vn 0.000000 1.000000 0.000000
vn 0.000000 1.000000 0.000000
vn 0.000000 1.000000 0.000000
vn 0.000000 1.000000 0.000000
vn 0.000000 1.000000 0.000000
vn 0.000000 1.000000 0.000000
vn 0.000000 1.000000 0.000000
vn 0.000000 1.000000 0.000000
vn 0.000000 1.000000 0.000000
vn 0.000000 1.000000 0.000000
vn 0.000000 1.000000 0.000000
vn 0.000000 1.000000 0.000000
vn 0.000000 1.000000 0.000000
vn 0.000000 1.000000 0.000000
vn 0.000000 1.000000 0.000000
vn 0.000000 1.000000 0.000000
vn 0.000000 1.000000 0.000000
vn 0.000000 1.000000 0.000000
vn 0.000000 1.000000 0.000000
vn 0.000000 1.000000 0.000000
vn 0.000000 1.000000 0.000000
vn 0.000000 1.000000 0.000000
vn 0.000000 1.000000 0.000000
vn 0.000000 1.000000 0.000000
vn 0.000000 1.000000 0.000000
vn 0.000000 1.000000 0.000000
vn 0.000000 1.000000 0.000000
vn 0.000000 1.000000 0.000000
vn 0.000000 1.000000 0.000000
vn 0.000000 1.000000 0.000000
vn 0.000000 1.000000 0.000000
vn 0.000000 1.000000 0.000000
vn 0.000000 1.000000 0.000000
vn 0.000000 1.000000 0.000000
vn 0.000000 1.000000 0.000000
vn 0.000000 1.000000 0.000000
vn 0.000000 1.000000 0.000000
vn 0.000000 1.000000 0.000000
vn 0.000000 1.000000 0.000000
vn 0.000000 1.000000 0.000000
vn 0.000000 1.000000 0.000000
vn 0.000000 1.000000 0.000000
vn 0.000000 1.000000 0.000000
vn 0.000000 1.000000 0.000000
vn 0.000000 1.000000 0.000000
vn 0.000000 1.000000 0.000000
vn 0.000000 1.000000 0.000000
vn 0.000000 1.000000 0.000000
vn 0.000000 1.000000 0.000000
vn 0.000000 1.000000 0.000000
vn 0.000000 1.000000 0.000000
vn 0.000000 1.000000 0.000000
vn 0.000000 1.000000 0.000000
vn 0.000000 1.000000 0.000000
vn 0.000000 1.000000 0.000000
vn 0.000000 1.000000 0.000000
vn 0.000000 1.000000 0.000000
vn 0.000000 1.000000 0.000000
vn 0.000000 1.000000 0.000000
vn 0.000000 1.000000 0.000000
vn 0.000000 1.000000 0.000000
vn 0.000000 1.000000 0.000000
vn 0.000000 1.000000 0.000000
vn 0.000000 1.000000 0.000000
vn 0.000000 1.000000 0.000000
vn 0.000000 1.000000 0.000000
vn 0.000000 1.000000 0.000000
vn 0.000000 1.000000 0.000000
vn 0.000000 1.000000 0.000000
vn 0.000000 1.000000 0.000000
vn 0.000000 1.000000 0.000000
vn 0.000000 1.000000 0.000000
vn 0.000000 1.000000 0.000000
vn 0.000000 1.000000 0.000000
vn 0.000000 1.000000 0.000000
vn 0.000000 1.000000 0.000000
vn 0.000000 1.000000 0.000000
vn 0.000000 1.000000 0.000000
vn 0.000000 1.000000 0.000000
vn 0.000000 1.000000 0.000000
vn 0.000000 1.000000 0.000000
vn 0.000000 1.000000 0.000000
vn 0.000000 1.000000 0.000000
vn 0.000000 1.000000 0.000000
vn 0.000000 1.000000 0.000000
vn 0.000000 1.000000 0.000000
vn 0.000000 1.000000 0.000000
vn 0.000000 1.000000 0.000000
vn 0.000000 1.000000 0.000000
vn 0.000000 1.000000 0.000000
vn 0.000000 1.000000 0.000000
vn 0.000000 1.000000 0.000000
vn 0.000000 1.000000 0.000000
vn 0.000000 1.000000 0.000000
vn 0.000000 1.000000 0.000000
vn 0.000000 1.000000 0.000000
vn 0.000000 1.000000 0.000000
vn 0.000000 1.000000 0.000000
vn 0.000000 1.000000 0.000000
vn 0.000000 1.000000 0.000000
vn 0.000000 1.000000 0.000000
vn 0.000000 1.000000 0.000000
vn 0.000000 1.000000 0.000000
vn 0.000000 1.000000 0.000000
vn 0.000000 1.000000 0.000000
vn 0.000000 1.000000 0.000000
vn 0.000000 1.000000 0.000000
vn 0.000000 1.000000 0.000000
vn 0.000000 1.000000 0.000000
vn 0.000000 1.000000 0.000000
vn 0.000000 1.000000 0.000000
vn 0.000000 1.000000 0.000000
vn 0.000000 1.000000 0.000000
vn 0.000000 1.000000 0.000000
vn 0.000000 1.000000 0.000000
vn 0.000000 1.000000 0.000000
vn 0.000000 1.000000 0.000000
vn 0.000000 1.000000 0.000000
vn 0.000000 1.000000 0.000000
vn 0.000000 1.000000 0.000000
vn 0.000000 1.000000 0.000000
vn 0.000000 1.000000 0.000000
vn 0.000000 1.000000 0.000000
vn 0.000000 1.000000 0.000000
vn 0.000000 1.000000 0.000000
vn 0.000000 1.000000 0.000000
vn 0.000000 1.000000 0.000000
vn 0.000000 1.000000 0.000000
vn 0.000000 1.000000 0.000000
vn 0.000000 1.000000 0.000000
vn 0.000000 1.000000 0.000000
vn 0.000000 1.000000 0.000000
vn 0.000000 1.000000 0.000000
vn 0.000000 1.000000 0.000000
vn 0.000000 1.000000 0.000000
vn 0.000000 1.000000 0.000000
vn 0.000000 1.000000 0.000000
vn 0.000000 1.000000 0.000000
vn 0.000000 1.000000 0.000000
vn 0.000000 1.000000 0.000000
vn 0.000000 1.000000 0.000000
vn 0.000000 1.000000 0.000000
vn 0.000000 1.000000 0.000000
vn 0.000000 1.000000 0.000000
vn 0.000000 1.000000 0.000000
vn 0.000000 1.000000 0.000000
vn 0.000000 1.000000 0.000000
vn 0.000000 1.000000 0.000000
vn 0.000000 1.000000 0.000000
vn 0.000000 1.000000 0.000000
vn 0.000000 1.000000 0.000000
vn 0.000000 1.000000 0.000000
vn 0.000000 1.000000 0.000000
vn 0.000000 1.000000 0.000000
vn 0.000000 1.000000 0.000000
vn 0.000000 1.000000 0.000000
vn 0.000000 1.000000 0.000000
vn 0.000000 1.000000 0.000000
vn 0.000000 1.000000 0.000000
vn 0.000000 1.000000 0.000000
vn 0.000000 1.000000 0.000000
vn 0.000000 1.000000 0.000000
vn 0.000000 1.000000 0.000000
vn 0.000000 1.000000 0.000000
vn 0.000000 1.000000 0.000000
vn 0.000000 1.000000 0.000000
vn 0.000000 1.000000 0.000000
vn 0.000000 1.000000 0.000000
vn 0.000000 1.000000 0.000000
vn 0.000000 1.000000 0.000000
vn 0.000000 1.000000 0.000000
vn 0.000000 1.000000 0.000000
vn 0.000000 1.000000 0.000000
vn 0.000000 1.000000 0.000000
vn -0.000000 -1.000000 0.000000
vn 0.000000 -1.000000 0.000000
vn -0.000000 -1.000000 0.000000
vn 0.000000 -1.000000 0.000000
vn -0.000000 -1.000000 0.000000
vn 0.000000 -1.000000 0.000000
vn -0.000000 -1.000000 0.000000
vn 0.000000 -1.000000 0.000000
vn -0.000000 -1.000000 0.000000
vn 0.000000 -1.000000 0.000000
vn 0.000000 -1.000000 0.000000
vn -0.000000 -1.000000 0.000000
vn 0.000000 -1.000000 0.000000
vn -0.000000 -1.000000 0.000000
vn 0.000000 -1.000000 0.000000
vn -0.000000 -1.000000 0.000000
vn 0.000000 -1.000000 0.000000
vn -0.000000 -1.000000 0.000000
vn 0.000000 -1.000000 0.000000
vn -0.000000 -1.000000 0.000000
vn 0.000000 -1.000000 0.000000
vn -0.000000 -1.000000 0.000000
vn 0.000000 -1.000000 0.000000
vn -0.000000 -1.000000 0.000000
vn 0.000000 -1.000000 0.000000
vn -0.000000 -1.000000 0.000000
vn 0.000000 -1.000000 0.000000
vn -0.000000 -1.000000 0.000000
vn 0.000000 -1.000000 0.000000
vn -0.000000 -1.000000 0.000000
vn 0.000000 -1.000000 0.000000
vn -0.000000 -1.000000 0.000000
vn -0.000000 -1.000000 0.000000
vn 0.000000 -1.000000 0.000000
vn -0.000000 -1.000000 0.000000
vn 0.000000 -1.000000 0.000000
vn -0.000000 -1.000000 0.000000
vn 0.000000 -1.000000 0.000000
vn -0.000000 -1.000000 0.000000
vn 0.000000 -1.000000 0.000000
vn -0.000000 -1.000000 0.000000
vn 0.000000 -1.000000 0.000000
vn -0.000000 -1.000000 0.000000
vn 0.000000 -1.000000 0.000000
vn -0.000000 -1.000000 0.000000
vn 0.000000 -1.000000 0.000000
vn -0.000000 -1.000000 0.000000
vn 0.000000 -1.000000 0.000000
vn 0.000000 -1.000000 0.000000
vn -0.000000 -1.000000 0.000000
vn -0.000000 -1.000000 0.000000
vn 0.000000 -1.000000 0.000000
vn -0.000000 -1.000000 0.000000
vn -0.000000 -1.000000 0.000000
vn -0.000000 -1.000000 0.000000
vn -0.000000 -1.000000 0.000000
vn -0.000000 -1.000000 0.000000
vn -0.000000 -1.000000 0.000000
vn -0.000000 -1.000000 0.000000
vn -0.000000 -1.000000 0.000000
vn -0.000000 -1.000000 0.000000
vn -0.000000 -1.000000 0.000000
vn 0.000000 -1.000000 0.000000
vn -0.000000 -1.000000 0.000000
vn 0.000000 -1.000000 0.000000
vn 0.000000 -1.000000 0.000000
vn 0.000000 -1.000000 0.000000
vn -0.000000 -1.000000 0.000000
vn 0.000000 -1.000000 0.000000
vn -0.000000 -1.000000 0.000000
vn 0.000000 -1.000000 0.000000
vn 0.000000 -1.000000 0.000000
vn -0.000000 -1.000000 0.000000
vn 0.000000 -1.000000 0.000000
vn 0.000000 -1.000000 0.000000
vn 0.000000 -1.000000 0.000000
vn 0.000000 -1.000000 0.000000
vn 0.000000 -1.000000 0.000000
vn 0.000000 -1.000000 0.000000
vn 0.000000 -1.000000 0.000000
vn 0.000000 -1.000000 0.000000
vn 0.000000 -1.000000 0.000000
vn 0.000000 -1.000000 0.000000
vn 0.000000 -1.000000 0.000000
vn 0.000000 -1.000000 0.000000
vn 0.000000 -1.000000 0.000000
vn 0.000000 -1.000000 0.000000
vn 0.000000 -1.000000 0.000000
vn 0.000000 -1.000000 0.000000
vn 0.000000 -1.000000 0.000000
vn 0.000000 -1.000000 0.000000
vn 0.000000 -1.000000 0.000000
vn 0.000000 -1.000000 0.000000
vn 0.000000 -1.000000 0.000000
vn 0.000000 -1.000000 0.000000
vn 0.000000 -1.000000 0.000000
vn 0.000000 -1.000000 0.000000
vn 0.000000 -1.000000 0.000000
vn 0.000000 -1.000000 0.000000
vn 0.000000 -1.000000 0.000000
vn 0.000000 -1.000000 0.000000
vn 0.000000 -1.000000 0.000000
vn 0.000000 -1.000000 0.000000
vn 0.000000 -1.000000 0.000000
vn 0.000000 -1.000000 0.000000
vn 0.000000 -1.000000 0.000000
vn 0.000000 -1.000000 0.000000
vn 0.000000 -1.000000 0.000000
vn 0.000000 -1.000000 0.000000
vn 0.000000 -1.000000 0.000000
vn 0.000000 -1.000000 0.000000
vn 0.000000 -1.000000 0.000000
vn 0.000000 -1.000000 0.000000
vn 0.000000 -1.000000 0.000000
vn 0.000000 -1.000000 0.000000
vn 0.000000 -1.000000 0.000000
vn 0.000000 -1.000000 0.000000
vn 0.000000 -1.000000 0.000000
vn -0.000000 -1.000000 0.000000
vn -0.000000 -1.000000 0.000000
vn -0.000000 -1.000000 0.000000
vn -0.000000 -1.000000 0.000000
vn -0.000000 -1.000000 0.000000
vn -0.000000 -1.000000 0.000000
vn -0.000000 -1.000000 0.000000
vn -0.000000 -1.000000 0.000000
vn -0.000000 -1.000000 0.000000
vn -0.000000 -1.000000 0.000000
vn 0.000000 -1.000000 0.000000
vn 0.000000 -1.000000 0.000000
vn 0.000000 -1.000000 0.000000
vn 0.000000 -1.000000 0.000000
vn 0.000000 -1.000000 0.000000
vn 0.000000 -1.000000 0.000000
vn 0.000000 -1.000000 0.000000
vn 0.000000 -1.000000 0.000000
vn 0.000000 -1.000000 0.000000
vn -0.000000 -1.000000 0.000000
vn 0.000000 -1.000000 0.000000
vn 0.000000 -1.000000 0.000000
vn 0.000000 -1.000000 0.000000
vn 0.000000 -1.000000 0.000000
vn -0.000000 -1.000000 0.000000
vn 0.000000 -1.000000 0.000000
vn 0.000000 -1.000000 0.000000
vn -0.000000 -1.000000 0.000000
vn 0.000000 -1.000000 0.000000
vn 0.000000 -1.000000 0.000000
vn 0.000000 -1.000000 0.000000
vn 0.000000 -1.000000 0.000000
vn -0.000000 -1.000000 0.000000
vn 0.000000 -1.000000 0.000000
vn 0.000000 -1.000000 0.000000
vn -0.000000 -1.000000 0.000000
vn 0.000000 -1.000000 0.000000
vn 0.000000 -1.000000 0.000000
vn 0.000000 -1.000000 0.000000
vn -0.000000 -1.000000 0.000000
vn 0.000000 -1.000000 0.000000
vn 0.000000 -1.000000 0.000000
vn 0.000000 -1.000000 0.000000
vn 0.000000 -1.000000 0.000000
vn -0.000000 -1.000000 0.000000
vn 0.000000 -1.000000 0.000000
vn 0.000000 -1.000000 0.000000
vn 0.000000 -1.000000 0.000000
vn -0.000000 -1.000000 0.000000
vn 0.000000 -1.000000 0.000000
vn 0.000000 -1.000000 0.000000
vn -0.000000 -1.000000 0.000000
vn 0.000000 -1.000000 0.000000
vn 0.000000 -1.000000 0.000000
vn 0.000000 -1.000000 0.000000
vn -0.000000 -1.000000 0.000000
vn 0.000000 -1.000000 0.000000
vn 0.000000 -1.000000 0.000000
vn 0.000000 -1.000000 0.000000
vn 0.000000 -1.000000 0.000000
vn -0.000000 -1.000000 0.000000
vn 0.000000 -1.000000 0.000000
vn 0.000000 -1.000000 0.000000
vn 0.000000 -1.000000 0.000000
vn -0.000000 -1.000000 0.000000
vn 0.000000 -1.000000 0.000000
vn 0.000000 -1.000000 0.000000
vn -0.000000 -1.000000 0.000000
vn 0.000000 -1.000000 0.000000
vn 0.000000 -1.000000 0.000000
vn 0.000000 -1.000000 0.000000
vn 0.000000 -1.000000 0.000000
vn 0.000000 -1.000000 0.000000
vn -0.000000 -1.000000 0.000000
vn 0.024931 0.000000 -0.999689
vn 0.024931 0.000000 -0.999689
vn 0.074729 0.000000 -0.997204
vn 0.074729 0.000000 -0.997204
vn 0.124344 0.000000 -0.992239
vn 0.124344 0.000000 -0.992239
vn 0.173649 0.000000 -0.984808
vn 0.173649 0.000000 -0.984808
vn 0.222519 0.000000 -0.974928
vn 0.222519 0.000000 -0.974928
vn 0.270842 0.000000 -0.962624
vn 0.270842 0.000000 -0.962624
vn 0.318488 0.000000 -0.947927
vn 0.318488 0.000000 -0.947927
vn 0.365339 0.000000 -0.930874
vn 0.365339 0.000000 -0.930874
vn 0.411289 0.000000 -0.911505
vn 0.456209 0.000000 -0.889872
vn 0.411289 0.000000 -0.911505
vn 0.500001 0.000000 -0.866025
vn 0.456209 0.000000 -0.889872
vn 0.542545 0.000000 -0.840027
vn 0.500001 0.000000 -0.866025
vn 0.542545 0.000000 -0.840027
vn 0.583744 0.000000 -0.811938
vn 0.583744 0.000000 -0.811938
vn 0.623490 0.000000 -0.781831
vn 0.623490 0.000000 -0.781831
vn 0.661685 0.000000 -0.749782
vn 0.661685 0.000000 -0.749782
vn 0.698237 0.000000 -0.715867
vn 0.698237 0.000000 -0.715867
vn 0.733053 0.000000 -0.680171
vn 0.766044 0.000000 -0.642788
vn 0.733053 0.000000 -0.680171
vn 0.766044 0.000000 -0.642788
vn 0.797131 0.000000 -0.603807
vn 0.797131 0.000000 -0.603807
vn 0.826238 0.000000 -0.563321
vn 0.826238 0.000000 -0.563321
vn 0.853291 0.000000 -0.521435
vn 0.853291 0.000000 -0.521435
vn 0.878221 0.000000 -0.478254
vn 0.878221 0.000000 -0.478254
vn 0.900970 0.000000 -0.433882
vn 0.900970 0.000000 -0.433882
vn 0.921476 0.000000 -0.388436
vn 0.921476 0.000000 -0.388436
vn 0.939693 0.000000 -0.342020
vn 0.939693 0.000000 -0.342020
vn 0.955573 0.000000 -0.294755
vn 0.955573 0.000000 -0.294755
vn 0.969078 0.000000 -0.246755
vn 0.969078 0.000000 -0.246755
vn 0.980173 0.000000 -0.198143
vn 0.980173 0.000000 -0.198143
vn 0.988830 0.000000 -0.149049
vn 0.988830 0.000000 -0.149049
vn 0.995031 0.000000 -0.099565
vn 0.995031 0.000000 -0.099565
vn 0.998757 0.000000 -0.049844
vn 0.998757 0.000000 -0.049844
vn 1.000000 0.000000 0.000000
vn 1.000000 0.000000 -0.000000
vn 0.998757 0.000000 0.049844
vn 0.995031 -0.000000 0.099565
vn 0.998757 0.000000 0.049844
vn 0.995031 0.000000 0.099565
vn 0.988830 0.000000 0.149049
vn 0.988830 0.000000 0.149049
vn 0.980173 0.000000 0.198143
vn 0.980173 0.000000 0.198143
vn 0.969078 0.000000 0.246755
vn 0.969078 0.000000 0.246755
vn 0.955573 0.000000 0.294755
vn 0.955573 0.000000 0.294755
vn 0.939693 0.000000 0.342020
vn 0.921476 -0.000000 0.388436
vn 0.939693 0.000000 0.342020
vn 0.900970 -0.000000 0.433882
vn 0.921476 0.000000 0.388436
vn 0.900970 0.000000 0.433882
vn 0.878221 0.000000 0.478254
vn 0.878221 0.000000 0.478254
vn 0.853291 0.000000 0.521435
vn 0.853291 0.000000 0.521435
vn 0.826238 -0.000000 0.563321
vn 0.826238 0.000000 0.563321
vn 0.797131 0.000000 0.603807
vn 0.797131 0.000000 0.603807
vn 0.766044 -0.000000 0.642788
vn 0.766044 0.000000 0.642788
vn 0.733053 0.000000 0.680171
vn 0.733053 0.000000 0.680171
vn 0.698237 -0.000000 0.715867
vn 0.698237 0.000000 0.715867
vn 0.661685 -0.000000 0.749782
vn 0.661685 0.000000 0.749782
vn 0.623490 0.000000 0.781831
vn 0.623490 0.000000 0.781831
vn 0.583744 -0.000000 0.811938
vn 0.583744 0.000000 0.811938
vn 0.542545 0.000000 0.840027
vn 0.542545 0.000000 0.840027
vn 0.500001 0.000000 0.866025
vn 0.500001 0.000000 0.866025
vn 0.456209 0.000000 0.889872
vn 0.456209 0.000000 0.889872
vn 0.411289 -0.000000 0.911505
vn 0.411289 0.000000 0.911505
vn 0.365339 0.000000 0.930874
vn 0.365339 0.000000 0.930874
vn 0.318488 -0.000000 0.947927
vn 0.270842 -0.000000 0.962624
vn 0.318488 0.000000 0.947927
vn 0.222519 -0.000000 0.974928
vn 0.270842 0.000000 0.962624
vn 0.173649 -0.000000 0.984808
vn 0.222519 0.000000 0.974928
vn 0.173649 0.000000 0.984808
vn 0.124344 0.000000 0.992239
vn 0.124344 0.000000 0.992239
vn 0.074729 0.000000 0.997204
vn 0.074729 0.000000 0.997204
vn 0.024931 0.000000 0.999689
vn 0.024931 0.000000 0.999689
vn 0.999689 0.000000 0.024935
vn 0.999689 0.000000 0.024935
vn 0.997204 0.000000 0.074731
vn 0.992239 0.000000 0.124344
vn 0.997204 0.000000 0.074731
vn 0.992239 0.000000 0.124344
vn 0.984809 0.000000 0.173638
vn 0.974926 0.000000 0.222528
vn 0.984809 0.000000 0.173638
vn 0.974926 0.000000 0.222528
vn 0.962623 0.000000 0.270843
vn 0.962623 0.000000 0.270843
vn 0.947928 0.000000 0.318486
vn 0.930877 0.000000 0.365333
vn 0.947928 0.000000 0.318486
vn 0.930877 0.000000 0.365333
vn 0.911502 0.000000 0.411295
vn 0.911502 0.000000 0.411295
vn 0.889873 0.000000 0.456209
vn 0.889873 0.000000 0.456209
vn 0.866028 0.000000 0.499996
vn 0.866028 0.000000 0.499996
vn 0.840027 0.000000 0.542545
vn 0.840027 0.000000 0.542545
vn 0.811936 0.000000 0.583746
vn 0.811936 0.000000 0.583746
vn 0.781830 0.000000 0.623492
vn 0.781830 0.000000 0.623492
vn 0.749781 0.000000 0.661686
vn 0.715867 0.000000 0.698237
vn 0.749781 0.000000 0.661686
vn 0.715867 0.000000 0.698237
vn 0.680173 0.000000 0.733051
vn 0.680173 0.000000 0.733051
vn 0.642790 0.000000 0.766042
vn 0.603805 0.000000 0.797132
vn 0.642790 0.000000 0.766042
vn 0.603805 0.000000 0.797132
vn 0.563319 0.000000 0.826239
vn 0.563319 0.000000 0.826239
vn 0.521434 0.000000 0.853292
vn 0.521434 0.000000 0.853292
vn 0.478257 0.000000 0.878220
vn 0.478257 0.000000 0.878220
vn 0.433883 0.000000 0.900969
vn 0.433883 0.000000 0.900969
vn 0.388434 0.000000 0.921477
vn 0.388434 0.000000 0.921477
vn 0.342021 0.000000 0.939692
vn 0.342021 0.000000 0.939692
vn 0.294755 0.000000 0.955573
vn 0.294755 0.000000 0.955573
vn 0.246756 0.000000 0.969078
vn 0.246756 0.000000 0.969078
vn 0.198146 0.000000 0.980173
vn 0.149044 0.000000 0.988831
vn 0.198146 0.000000 0.980173
vn 0.149044 0.000000 0.988831
vn 0.099568 0.000000 0.995031
vn 0.099568 0.000000 0.995031
vn 0.049845 0.000000 0.998757
vn 0.049845 0.000000 0.998757
vn 0.000000 0.000000 1.000000
vn 0.000000 0.000000 1.000000
vn -0.049845 0.000000 0.998757
vn -0.049845 0.000000 0.998757
vn -0.099568 0.000000 0.995031
vn -0.099568 0.000000 0.995031
vn -0.149044 0.000000 0.988831
vn -0.149044 0.000000 0.988831
vn -0.198146 0.000000 0.980173
vn -0.198146 0.000000 0.980173
vn -0.246756 0.000000 0.969078
vn -0.294755 0.000000 0.955573
vn -0.246756 0.000000 0.969078
vn -0.294755 0.000000 0.955573
vn -0.342021 0.000000 0.939692
vn -0.342021 0.000000 0.939692
vn -0.388434 0.000000 0.921477
vn -0.388434 0.000000 0.921477
vn -0.433883 0.000000 0.900969
vn -0.433883 0.000000 0.900969
vn -0.478257 0.000000 0.878220
vn -0.478257 0.000000 0.878220
vn -0.521434 0.000000 0.853292
vn -0.521434 0.000000 0.853292
vn -0.563319 0.000000 0.826239
vn -0.563319 0.000000 0.826239
vn -0.603805 0.000000 0.797132
vn -0.603805 0.000000 0.797132
vn -0.642790 0.000000 0.766042
vn -0.642790 0.000000 0.766042
vn -0.680173 0.000000 0.733051
vn -0.680173 0.000000 0.733051
vn -0.715867 0.000000 0.698237
vn -0.715867 0.000000 0.698237
vn -0.749781 0.000000 0.661686
vn -0.749781 0.000000 0.661686
vn -0.781830 0.000000 0.623492
vn -0.811936 0.000000 0.583746
vn -0.781830 0.000000 0.623492
vn -0.811936 0.000000 0.583746
vn -0.840027 0.000000 0.542545
vn -0.866028 0.000000 0.499996
vn -0.840027 0.000000 0.542545
vn -0.866028 0.000000 0.499996
vn -0.889873 0.000000 0.456209
vn -0.911502 0.000000 0.411295
vn -0.889873 0.000000 0.456209
vn -0.911502 0.000000 0.411295
vn -0.930877 0.000000 0.365333
vn -0.930877 0.000000 0.365333
vn -0.947928 0.000000 0.318486
vn -0.962623 0.000000 0.270843
vn -0.947928 0.000000 0.318486
vn -0.962623 0.000000 0.270843
vn -0.974926 0.000000 0.222528
vn -0.974926 0.000000 0.222528
vn -0.984809 0.000000 0.173638
vn -0.984809 0.000000 0.173638
vn -0.992239 0.000000 0.124344
vn -0.992239 0.000000 0.124344
vn -0.997204 0.000000 0.074731
vn -0.997204 0.000000 0.074731
vn -0.999689 0.000000 0.024935
vn -0.999689 0.000000 0.024935
vn -0.999689 -0.000000 -0.024935
vn -0.999689 -0.000000 -0.024935
vn -0.997204 0.000000 -0.074731
vn -0.997204 -0.000000 -0.074731
vn -0.992239 -0.000000 -0.124344
vn -0.992239 -0.000000 -0.124344
vn -0.984809 -0.000000 -0.173638
vn -0.984809 -0.000000 -0.173638
vn -0.974926 -0.000000 -0.222528
vn -0.974926 -0.000000 -0.222528
vn -0.962623 0.000000 -0.270843
vn -0.962623 -0.000000 -0.270843
vn -0.947928 -0.000000 -0.318486
vn -0.947928 -0.000000 -0.318486
vn -0.930877 0.000000 -0.365333
vn -0.930877 -0.000000 -0.365333
vn -0.911502 0.000000 -0.411295
vn -0.911502 -0.000000 -0.411295
vn -0.889873 -0.000000 -0.456209
vn -0.889873 -0.000000 -0.456209
vn -0.866028 0.000000 -0.499996
vn -0.866028 -0.000000 -0.499996
vn -0.840027 0.000000 -0.542545
vn -0.840027 -0.000000 -0.542545
vn -0.811936 0.000000 -0.583746
vn -0.811936 -0.000000 -0.583746
vn -0.781830 -0.000000 -0.623492
vn -0.781830 -0.000000 -0.623492
vn -0.749781 0.000000 -0.661686
vn -0.749781 -0.000000 -0.661686
vn -0.715867 0.000000 -0.698237
vn -0.715867 -0.000000 -0.698237
vn -0.680173 -0.000000 -0.733051
vn -0.680173 -0.000000 -0.733051
vn -0.642790 0.000000 -0.766042
vn -0.642790 -0.000000 -0.766042
vn -0.603805 0.000000 -0.797132
vn -0.603805 -0.000000 -0.797132
vn -0.563319 -0.000000 -0.826239
vn -0.563319 0.000000 -0.826239
vn -0.521434 -0.000000 -0.853292
vn -0.521434 -0.000000 -0.853292
vn -0.478257 -0.000000 -0.878220
vn -0.478257 0.000000 -0.878220
vn -0.433883 -0.000000 -0.900969
vn -0.433883 0.000000 -0.900969
vn -0.388434 -0.000000 -0.921477
vn -0.388434 0.000000 -0.921477
vn -0.342021 0.000000 -0.939692
vn -0.342021 -0.000000 -0.939692
vn -0.294755 0.000000 -0.955573
vn -0.294755 -0.000000 -0.955573
vn -0.246756 0.000000 -0.969078
vn -0.246756 -0.000000 -0.969078
vn -0.198146 0.000000 -0.980173
vn -0.198146 -0.000000 -0.980173
vn -0.149044 -0.000000 -0.988831
vn -0.149044 -0.000000 -0.988831
vn -0.099568 0.000000 -0.995031
vn -0.099568 -0.000000 -0.995031
vn -0.049845 0.000000 -0.998757
vn -0.049845 -0.000000 -0.998757
vn 0.000000 0.000000 -1.000000
vn 0.000000 0.000000 -1.000000
vn 0.049845 0.000000 -0.998757
vn 0.049845 0.000000 -0.998757
vn 0.099568 0.000000 -0.995031
vn 0.099568 0.000000 -0.995031
vn 0.149044 0.000000 -0.988831
vn 0.149044 0.000000 -0.988831
vn 0.198146 0.000000 -0.980173
vn 0.198146 0.000000 -0.980173
vn 0.246756 0.000000 -0.969078
vn 0.246756 0.000000 -0.969078
vn 0.294755 0.000000 -0.955573
vn 0.294755 0.000000 -0.955573
vn 0.342021 0.000000 -0.939692
vn 0.342021 0.000000 -0.939692
vn 0.388434 0.000000 -0.921477
vn 0.388434 0.000000 -0.921477
vn 0.433883 0.000000 -0.900969
vn 0.478257 0.000000 -0.878220
vn 0.433883 0.000000 -0.900969
vn 0.478257 0.000000 -0.878220
vn 0.521434 0.000000 -0.853292
vn 0.521434 0.000000 -0.853292
vn 0.563319 0.000000 -0.826239
vn 0.563319 0.000000 -0.826239
vn 0.603805 0.000000 -0.797132
vn 0.603805 0.000000 -0.797132
vn 0.642790 0.000000 -0.766042
vn 0.642790 0.000000 -0.766042
vn 0.680173 0.000000 -0.733051
vn 0.680173 0.000000 -0.733051
vn 0.715867 0.000000 -0.698237
vn 0.715867 0.000000 -0.698237
vn 0.749781 0.000000 -0.661686
vn 0.749781 0.000000 -0.661686
vn 0.781830 0.000000 -0.623492
vn 0.781830 0.000000 -0.623492
vn 0.811936 0.000000 -0.583746
vn 0.811936 0.000000 -0.583746
vn 0.840027 0.000000 -0.542545
vn 0.840027 0.000000 -0.542545
vn 0.866028 0.000000 -0.499996
vn 0.866028 0.000000 -0.499996
vn 0.889873 0.000000 -0.456209
vn 0.889873 0.000000 -0.456209
vn 0.911502 0.000000 -0.411295
vn 0.911502 0.000000 -0.411295
vn 0.930877 0.000000 -0.365333
vn 0.947928 0.000000 -0.318486
vn 0.930877 0.000000 -0.365333
vn 0.947928 0.000000 -0.318486
vn 0.962623 0.000000 -0.270843
vn 0.962623 0.000000 -0.270843
vn 0.974926 0.000000 -0.222528
vn 0.974926 0.000000 -0.222528
vn 0.984809 0.000000 -0.173638
vn 0.984809 0.000000 -0.173638
vn 0.992239 0.000000 -0.124344
vn 0.992239 0.000000 -0.124344
vn 0.997204 0.000000 -0.074731
vn 0.999689 0.000000 -0.024935
vn 0.997204 0.000000 -0.074731
vn 0.999689 -0.000000 -0.024935
f 1//1 2//1 3//1
f 3//2 2//2 4//2
f 4//3 5//3 6//3
f 2//4 5//4 4//4
f 6//5 7//5 8//5
f 5//6 7//6 6//6
f 8//7 9//7 10//7
f 7//8 9//8 8//8
f 10//9 11//9 12//9
f 9//10 11//10 10//10
f 12//11 13//11 14//11
f 11//12 13//12 12//12
f 14//13 15//13 16//13
f 13//14 15//14 14//14
f 16//15 17//15 18//15
f 15//16 17//16 16//16
f 18//17 19//17 20//17
f 20//18 19//18 21//18
f 17//19 19//19 18//19
f 21//20 22//20 23//20
f 19//21 22//21 21//21
f 23//22 24//22 25//22
f 22//23 24//23 23//23
f 24//24 26//24 25//24
f 25//25 27//25 28//25
f 26//26 27//26 25//26
f 28//27 29//27 30//27
f 27//28 29//28 28//28
f 30//29 31//29 32//29
f 29//30 31//30 30//30
f 32//31 33//31 34//31
f 31//32 33//32 32//32
f 34//33 35//33 36//33
f 36//34 35//34 37//34
f 33//35 35//35 34//35
f 35//36 38//36 37//36
f 38//37 39//37 37//37
f 37//38 39//38 40//38
f 39//39 41//39 40//39
f 40//40 41//40 42//40
f 41//41 43//41 42//41
f 42//42 43//42 44//42
f 44//43 43//43 45//43
f 43//44 46//44 45//44
f 45//45 47//45 48//45
f 46//46 47//46 45//46
f 48//47 49//47 50//47
f 47//48 49//48 48//48
f 50//49 51//49 52//49
f 49//50 51//50 50//50
f 52//51 53//51 54//51
f 51//52 53//52 52//52
f 54//53 55//53 56//53
f 53//54 55//54 54//54
f 56//55 57//55 58//55
f 55//56 57//56 56//56
f 58//57 59//57 60//57
f 57//58 59//58 58//58
f 60//59 61//59 62//59
f 59//60 61//60 60//60
f 62//61 63//61 64//61
f 61//62 63//62 62//62
f 64//63 65//63 66//63
f 63//64 65//64 64//64
f 66//65 67//65 68//65
f 68//66 67//66 69//66
f 65//67 67//67 66//67
f 67//68 70//68 69//68
f 69//69 71//69 72//69
f 70//70 71//70 69//70
f 72//71 73//71 74//71
f 71//72 73//72 72//72
f 74//73 75//73 76//73
f 73//74 75//74 74//74
f 76//75 77//75 78//75
f 75//76 77//76 76//76
f 78//77 79//77 80//77
f 80//78 79//78 81//78
f 77//79 79//79 78//79
f 81//80 82//80 83//80
f 79//81 82//81 81//81
f 82//82 84//82 83//82
f 83//83 85//83 86//83
f 84//84 85//84 83//84
f 85//85 87//85 86//85
f 86//86 87//86 88//86
f 88//87 87//87 89//87
f 87//88 90//88 89//88
f 90//89 91//89 89//89
f 89//90 91//90 92//90
f 92//91 91//91 93//91
f 91//92 94//92 93//92
f 94//93 95//93 93//93
f 93//94 95//94 96//94
f 96//95 95//95 97//95
f 95//96 98//96 97//96
f 97//97 98//97 99//97
f 98//98 100//98 99//98
f 100//99 101//99 99//99
f 99//100 101//100 102//100
f 102//101 101//101 103//101
f 101//102 104//102 103//102
f 104//103 105//103 103//103
f 103//104 105//104 106//104
f 105//105 107//105 106//105
f 106//106 107//106 108//106
f 107//107 109//107 108//107
f 108//108 109//108 110//108
f 110//109 109//109 111//109
f 109//110 112//110 111//110
f 112//111 113//111 111//111
f 111//112 113//112 114//112
f 114//113 113//113 115//113
f 115//114 116//114 117//114
f 113//115 116//115 115//115
f 117//116 118//116 119//116
f 116//117 118//117 117//117
f 119//118 120//118 121//118
f 118//119 120//119 119//119
f 120//120 122//120 121//120
f 121//121 123//121 124//121
f 122//122 123//122 121//122
f 124//123 125//123 126//123
f 123//124 125//124 124//124
f 126//125 127//125 128//125
f 125//126 127//126 126//126
f 129//127 1//127 3//127
f 129//128 3//128 130//128
f 127//129 131//129 128//129
f 127//130 132//130 131//130
f 95//131 133//131 98//131
f 95//132 134//132 133//132
f 94//133 134//133 95//133
f 133//134 135//134 98//134
f 98//135 135//135 100//135
f 91//136 136//136 94//136
f 94//137 136//137 134//137
f 100//138 137//138 101//138
f 135//139 137//139 100//139
f 90//140 138//140 91//140
f 91//141 138//141 136//141
f 101//142 139//142 104//142
f 137//143 139//143 101//143
f 87//144 140//144 90//144
f 90//145 140//145 138//145
f 104//146 141//146 105//146
f 139//147 141//147 104//147
f 85//148 142//148 87//148
f 87//149 142//149 140//149
f 105//150 143//150 107//150
f 141//151 143//151 105//151
f 84//152 144//152 85//152
f 85//153 144//153 142//153
f 107//154 145//154 109//154
f 143//155 145//155 107//155
f 82//156 146//156 84//156
f 84//157 146//157 144//157
f 145//158 147//158 109//158
f 109//159 147//159 112//159
f 79//160 148//160 82//160
f 82//161 148//161 146//161
f 147//162 149//162 112//162
f 112//163 149//163 113//163
f 79//164 150//164 148//164
f 77//165 150//165 79//165
f 113//166 151//166 116//166
f 149//167 151//167 113//167
f 77//168 152//168 150//168
f 75//169 152//169 77//169
f 151//170 153//170 116//170
f 116//171 153//171 118//171
f 75//172 154//172 152//172
f 73//173 154//173 75//173
f 153//174 155//174 118//174
f 118//175 155//175 120//175
f 73//176 156//176 154//176
f 71//177 156//177 73//177
f 120//178 157//178 122//178
f 155//179 157//179 120//179
f 71//180 158//180 156//180
f 70//181 158//181 71//181
f 122//182 159//182 123//182
f 157//183 159//183 122//183
f 70//184 160//184 158//184
f 67//185 160//185 70//185
f 159//186 161//186 123//186
f 123//187 161//187 125//187
f 67//188 162//188 160//188
f 65//189 162//189 67//189
f 161//190 163//190 125//190
f 125//191 163//191 127//191
f 65//192 164//192 162//192
f 63//193 164//193 65//193
f 163//194 165//194 127//194
f 63//195 166//195 164//195
f 61//196 166//196 63//196
f 165//197 167//197 127//197
f 61//198 168//198 166//198
f 59//199 168//199 61//199
f 167//200 169//200 127//200
f 57//201 170//201 59//201
f 59//202 170//202 168//202
f 169//203 171//203 127//203
f 55//204 172//204 57//204
f 57//205 172//205 170//205
f 171//206 173//206 127//206
f 53//207 174//207 55//207
f 55//208 174//208 172//208
f 173//209 175//209 127//209
f 53//210 176//210 174//210
f 51//211 176//211 53//211
f 175//212 177//212 127//212
f 49//213 178//213 51//213
f 51//214 178//214 176//214
f 177//215 179//215 127//215
f 49//216 180//216 178//216
f 47//217 180//217 49//217
f 179//218 181//218 127//218
f 46//219 182//219 47//219
f 47//220 182//220 180//220
f 181//221 183//221 127//221
f 43//222 184//222 46//222
f 46//223 184//223 182//223
f 183//224 185//224 127//224
f 41//225 186//225 43//225
f 43//226 186//226 184//226
f 39//227 187//227 41//227
f 41//228 187//228 186//228
f 38//229 188//229 39//229
f 39//230 188//230 187//230
f 35//231 189//231 38//231
f 38//232 189//232 188//232
f 35//233 190//233 189//233
f 35//234 33//234 190//234
f 33//235 191//235 190//235
f 33//236 31//236 191//236
f 31//237 192//237 191//237
f 192//238 29//238 193//238
f 31//239 29//239 192//239
f 193//240 27//240 194//240
f 29//241 27//241 193//241
f 195//242 132//242 185//242
f 196//243 132//243 195//243
f 197//244 132//244 196//244
f 198//245 132//245 197//245
f 199//246 132//246 198//246
f 200//247 132//247 199//247
f 201//248 132//248 200//248
f 202//249 132//249 201//249
f 203//250 132//250 202//250
f 204//251 132//251 203//251
f 205//252 132//252 204//252
f 185//253 132//253 127//253
f 194//254 26//254 206//254
f 27//255 26//255 194//255
f 205//256 207//256 132//256
f 206//257 24//257 208//257
f 26//258 24//258 206//258
f 207//259 209//259 132//259
f 209//260 210//260 132//260
f 208//261 22//261 211//261
f 24//262 22//262 208//262
f 210//263 212//263 132//263
f 212//264 213//264 132//264
f 211//265 19//265 214//265
f 22//266 19//266 211//266
f 213//267 215//267 132//267
f 215//268 216//268 132//268
f 214//269 17//269 217//269
f 19//270 17//270 214//270
f 216//271 218//271 132//271
f 218//272 219//272 132//272
f 217//273 15//273 220//273
f 17//274 15//274 217//274
f 219//275 221//275 132//275
f 220//276 13//276 222//276
f 15//277 13//277 220//277
f 222//278 11//278 223//278
f 13//279 11//279 222//279
f 223//280 9//280 224//280
f 11//281 9//281 223//281
f 224//282 7//282 225//282
f 9//283 7//283 224//283
f 7//284 5//284 225//284
f 225//285 5//285 226//285
f 5//286 2//286 226//286
f 226//287 2//287 227//287
f 2//288 1//288 227//288
f 228//289 1//289 229//289
f 230//290 1//290 228//290
f 231//291 1//291 230//291
f 232//292 1//292 231//292
f 233//293 1//293 232//293
f 234//294 1//294 233//294
f 235//295 1//295 234//295
f 236//296 1//296 235//296
f 237//297 1//297 236//297
f 238//298 1//298 237//298
f 227//299 1//299 238//299
f 1//300 129//300 229//300
f 221//301 129//301 132//301
f 239//302 129//302 221//302
f 240//303 129//303 239//303
f 241//304 129//304 240//304
f 242//305 129//305 241//305
f 243//306 129//306 242//306
f 244//307 129//307 243//307
f 245//308 129//308 244//308
f 246//309 129//309 245//309
f 247//310 129//310 246//310
f 248//311 129//311 247//311
f 249//312 129//312 248//312
f 250//313 129//313 249//313
f 251//314 129//314 250//314
f 252//315 129//315 251//315
f 253//316 129//316 252//316
f 254//317 129//317 253//317
f 255//318 129//318 254//318
f 256//319 129//319 255//319
f 257//320 129//320 256//320
f 258//321 129//321 257//321
f 229//322 129//322 258//322
f 259//323 96//323 97//323
f 260//324 96//324 259//324
f 260//325 93//325 96//325
f 261//326 259//326 97//326
f 261//327 97//327 99//327
f 262//328 92//328 93//328
f 262//329 93//329 260//329
f 263//330 99//330 102//330
f 263//331 261//331 99//331
f 264//332 89//332 92//332
f 264//333 92//333 262//333
f 265//334 102//334 103//334
f 265//335 263//335 102//335
f 266//336 88//336 89//336
f 266//337 89//337 264//337
f 267//338 103//338 106//338
f 267//339 265//339 103//339
f 268//340 86//340 88//340
f 268//341 88//341 266//341
f 269//342 106//342 108//342
f 269//343 267//343 106//343
f 270//344 83//344 86//344
f 270//345 86//345 268//345
f 271//346 108//346 110//346
f 271//347 269//347 108//347
f 272//348 81//348 83//348
f 272//349 83//349 270//349
f 273//350 271//350 110//350
f 273//351 110//351 111//351
f 274//352 80//352 81//352
f 274//353 81//353 272//353
f 275//354 273//354 111//354
f 275//355 111//355 114//355
f 276//356 80//356 274//356
f 276//357 78//357 80//357
f 277//358 114//358 115//358
f 277//359 275//359 114//359
f 278//360 78//360 276//360
f 278//361 76//361 78//361
f 279//362 277//362 115//362
f 279//363 115//363 117//363
f 280//364 76//364 278//364
f 280//365 74//365 76//365
f 281//366 279//366 117//366
f 281//367 117//367 119//367
f 282//368 74//368 280//368
f 282//369 72//369 74//369
f 283//370 119//370 121//370
f 283//371 281//371 119//371
f 284//372 72//372 282//372
f 284//373 69//373 72//373
f 285//374 121//374 124//374
f 285//375 283//375 121//375
f 286//376 69//376 284//376
f 286//377 68//377 69//377
f 287//378 285//378 124//378
f 287//379 124//379 126//379
f 288//380 68//380 286//380
f 288//381 66//381 68//381
f 289//382 287//382 126//382
f 289//383 126//383 128//383
f 290//384 66//384 288//384
f 290//385 64//385 66//385
f 291//386 289//386 128//386
f 292//387 64//387 290//387
f 292//388 62//388 64//388
f 293//389 291//389 128//389
f 294//390 62//390 292//390
f 294//391 60//391 62//391
f 295//392 293//392 128//392
f 296//393 58//393 60//393
f 296//394 60//394 294//394
f 297//395 295//395 128//395
f 298//396 56//396 58//396
f 298//397 58//397 296//397
f 299//398 297//398 128//398
f 300//399 54//399 56//399
f 300//400 56//400 298//400
f 301//401 299//401 128//401
f 302//402 54//402 300//402
f 302//403 52//403 54//403
f 303//404 301//404 128//404
f 304//405 50//405 52//405
f 304//406 52//406 302//406
f 305//407 303//407 128//407
f 306//408 50//408 304//408
f 306//409 48//409 50//409
f 307//410 305//410 128//410
f 308//411 45//411 48//411
f 308//412 48//412 306//412
f 309//413 307//413 128//413
f 310//414 44//414 45//414
f 310//415 45//415 308//415
f 311//416 309//416 128//416
f 312//417 42//417 44//417
f 312//418 44//418 310//418
f 313//419 40//419 42//419
f 313//420 42//420 312//420
f 314//421 37//421 40//421
f 314//422 40//422 313//422
f 315//423 36//423 37//423
f 315//424 37//424 314//424
f 316//425 36//425 315//425
f 34//426 36//426 316//426
f 317//427 34//427 316//427
f 32//428 34//428 317//428
f 318//429 32//429 317//429
f 30//430 318//430 319//430
f 30//431 32//431 318//431
f 28//432 319//432 320//432
f 28//433 30//433 319//433
f 131//434 321//434 311//434
f 131//435 322//435 321//435
f 131//436 323//436 322//436
f 131//437 324//437 323//437
f 131//438 325//438 324//438
f 131//439 326//439 325//439
f 131//440 327//440 326//440
f 131//441 328//441 327//441
f 131//442 329//442 328//442
f 131//443 330//443 329//443
f 131//444 331//444 330//444
f 131//445 311//445 128//445
f 25//446 320//446 332//446
f 25//447 28//447 320//447
f 333//448 331//448 131//448
f 23//449 332//449 334//449
f 23//450 25//450 332//450
f 335//451 333//451 131//451
f 336//452 335//452 131//452
f 21//453 334//453 337//453
f 21//454 23//454 334//454
f 338//455 336//455 131//455
f 339//456 338//456 131//456
f 20//457 337//457 340//457
f 20//458 21//458 337//458
f 341//459 339//459 131//459
f 342//460 341//460 131//460
f 18//461 340//461 343//461
f 18//462 20//462 340//462
f 344//463 342//463 131//463
f 345//464 344//464 131//464
f 16//465 343//465 346//465
f 16//466 18//466 343//466
f 347//467 345//467 131//467
f 14//468 346//468 348//468
f 14//469 16//469 346//469
f 12//470 348//470 349//470
f 12//471 14//471 348//471
f 10//472 349//472 350//472
f 10//473 12//473 349//473
f 8//474 350//474 351//474
f 8//475 10//475 350//475
f 6//476 8//476 351//476
f 6//477 351//477 352//477
f 4//478 6//478 352//478
f 4//479 352//479 353//479
f 3//480 4//480 353//480
f 3//481 354//481 355//481
f 3//482 356//482 354//482
f 3//483 357//483 356//483
f 3//484 358//484 357//484
f 3//485 359//485 358//485
f 3//486 360//486 359//486
f 3//487 361//487 360//487
f 3//488 362//488 361//488
f 3//489 363//489 362//489
f 3//490 364//490 363//490
f 3//491 353//491 364//491
f 130//492 3//492 355//492
f 130//493 347//493 131//493
f 130//494 365//494 347//494
f 130//495 366//495 365//495
f 130//496 367//496 366//496
f 130//497 368//497 367//497
f 130//498 369//498 368//498
f 130//499 370//499 369//499
f 130//500 371//500 370//500
f 130//501 372//501 371//501
f 130//502 373//502 372//502
f 130//503 374//503 373//503
f 130//504 375//504 374//504
f 130//505 376//505 375//505
f 130//506 377//506 376//506
f 130//507 378//507 377//507
f 130//508 379//508 378//508
f 130//509 380//509 379//509
f 130//510 381//510 380//510
f 130//511 382//511 381//511
f 130//512 383//512 382//512
f 130//513 384//513 383//513
f 130//514 355//514 384//514
f 385//515 386//515 387//515
f 385//516 387//516 388//516
f 385//517 388//517 389//517
f 385//518 389//518 390//518
f 385//519 390//519 391//519
f 385//520 391//520 392//520
f 393//521 385//521 392//521
f 394//522 392//522 395//522
f 394//523 393//523 392//523
f 394//524 396//524 393//524
f 394//525 397//525 396//525
f 398//526 394//526 395//526
f 398//527 397//527 394//527
f 399//528 395//528 400//528
f 399//529 397//529 398//529
f 399//530 398//530 395//530
f 399//531 401//531 397//531
f 402//532 399//532 400//532
f 402//533 401//533 399//533
f 403//534 402//534 400//534
f 403//535 400//535 404//535
f 403//536 401//536 402//536
f 403//537 405//537 401//537
f 406//538 403//538 404//538
f 406//539 405//539 403//539
f 407//540 406//540 404//540
f 407//541 404//541 408//541
f 407//542 405//542 406//542
f 407//543 409//543 405//543
f 410//544 407//544 408//544
f 410//545 409//545 407//545
f 411//546 408//546 412//546
f 411//547 413//547 409//547
f 411//548 409//548 410//548
f 411//549 410//549 408//549
f 414//550 413//550 411//550
f 414//551 411//551 412//551
f 415//552 412//552 416//552
f 415//553 414//553 412//553
f 415//554 417//554 413//554
f 415//555 413//555 414//555
f 418//556 417//556 415//556
f 418//557 415//557 416//557
f 419//558 416//558 420//558
f 419//559 417//559 418//559
f 419//560 418//560 416//560
f 419//561 421//561 417//561
f 422//562 419//562 420//562
f 422//563 421//563 419//563
f 423//564 420//564 424//564
f 423//565 421//565 422//565
f 423//566 422//566 420//566
f 423//567 425//567 421//567
f 426//568 423//568 424//568
f 426//569 425//569 423//569
f 427//570 428//570 429//570
f 430//571 431//571 428//571
f 430//572 428//572 427//572
f 430//573 427//573 432//573
f 430//574 432//574 433//574
f 434//575 431//575 430//575
f 434//576 430//576 433//576
f 435//577 436//577 431//577
f 435//578 434//578 433//578
f 435//579 431//579 434//579
f 435//580 433//580 437//580
f 438//581 436//581 435//581
f 438//582 435//582 437//582
f 439//583 440//583 436//583
f 439//584 438//584 437//584
f 439//585 436//585 438//585
f 439//586 437//586 441//586
f 442//587 440//587 439//587
f 442//588 439//588 441//588
f 443//589 444//589 440//589
f 443//590 442//590 441//590
f 443//591 440//591 442//591
f 443//592 441//592 445//592
f 446//593 444//593 443//593
f 446//594 443//594 445//594
f 447//595 448//595 444//595
f 447//596 446//596 445//596
f 447//597 444//597 446//597
f 447//598 445//598 449//598
f 450//599 447//599 449//599
f 450//600 448//600 447//600
f 451//601 452//601 448//601
f 451//602 448//602 450//602
f 453//603 454//603 455//603
f 453//604 455//604 456//604
f 453//605 456//605 386//605
f 453//606 386//606 385//606
f 453//607 457//607 458//607
f 459//608 453//608 385//608
f 459//609 457//609 453//609
f 459//610 460//610 457//610
f 459//611 461//611 460//611
f 459//612 462//612 461//612
f 459//613 396//613 462//613
f 459//614 393//614 396//614
f 459//615 385//615 393//615
f 463//616 464//616 465//616
f 463//617 426//617 464//617
f 463//618 425//618 426//618
f 463//619 466//619 467//619
f 463//620 465//620 466//620
f 463//621 468//621 425//621
f 463//622 469//622 468//622
f 470//623 467//623 471//623
f 470//624 463//624 467//624
f 470//625 469//625 463//625
f 472//626 471//626 473//626
f 472//627 470//627 471//627
f 472//628 469//628 470//628
f 472//629 474//629 469//629
f 475//630 472//630 473//630
f 475//631 474//631 472//631
f 476//632 473//632 477//632
f 476//633 475//633 473//633
f 476//634 474//634 475//634
f 476//635 478//635 474//635
f 479//636 477//636 480//636
f 479//637 476//637 477//637
f 479//638 478//638 476//638
f 481//639 479//639 480//639
f 481//640 478//640 479//640
f 482//641 480//641 483//641
f 482//642 481//642 480//642
f 482//643 478//643 481//643
f 484//644 483//644 485//644
f 484//645 482//645 483//645
f 484//646 486//646 478//646
f 484//647 478//647 482//647
f 487//648 486//648 484//648
f 487//649 484//649 485//649
f 488//650 485//650 489//650
f 488//651 486//651 487//651
f 488//652 487//652 485//652
f 490//653 465//653 464//653
f 490//654 464//654 426//654
f 490//655 424//655 491//655
f 490//656 491//656 492//656
f 490//657 467//657 466//657
f 490//658 426//658 424//658
f 490//659 466//659 465//659
f 493//660 489//660 494//660
f 493//661 495//661 486//661
f 493//662 488//662 489//662
f 493//663 486//663 488//663
f 496//664 490//664 492//664
f 496//665 471//665 467//665
f 496//666 467//666 490//666
f 497//667 495//667 493//667
f 497//668 493//668 494//668
f 498//669 494//669 499//669
f 498//670 497//670 494//670
f 498//671 495//671 497//671
f 500//672 492//672 501//672
f 500//673 473//673 471//673
f 500//674 471//674 496//674
f 500//675 496//675 492//675
f 502//676 473//676 500//676
f 502//677 500//677 501//677
f 503//678 499//678 504//678
f 503//679 498//679 499//679
f 503//680 495//680 498//680
f 503//681 505//681 495//681
f 506//682 502//682 501//682
f 506//683 477//683 473//683
f 506//684 473//684 502//684
f 507//685 505//685 503//685
f 507//686 503//686 504//686
f 508//687 504//687 509//687
f 508//688 505//688 507//688
f 508//689 507//689 504//689
f 510//690 477//690 506//690
f 510//691 506//691 501//691
f 510//692 501//692 511//692
f 510//693 480//693 477//693
f 512//694 480//694 510//694
f 512//695 510//695 511//695
f 513//696 505//696 508//696
f 513//697 508//697 509//697
f 513//698 509//698 514//698
f 513//699 515//699 505//699
f 516//700 483//700 480//700
f 516//701 512//701 511//701
f 516//702 480//702 512//702
f 517//703 513//703 514//703
f 517//704 515//704 513//704
f 518//705 517//705 514//705
f 518//706 515//706 517//706
f 518//707 514//707 519//707
f 520//708 511//708 521//708
f 520//709 516//709 511//709
f 520//710 483//710 516//710
f 520//711 485//711 483//711
f 522//712 520//712 521//712
f 522//713 485//713 520//713
f 523//714 519//714 524//714
f 523//715 518//715 519//715
f 523//716 515//716 518//716
f 523//717 525//717 515//717
f 526//718 522//718 521//718
f 526//719 485//719 522//719
f 526//720 489//720 485//720
f 527//721 523//721 524//721
f 527//722 525//722 523//722
f 528//723 525//723 527//723
f 528//724 527//724 524//724
f 528//725 524//725 529//725
f 528//726 530//726 525//726
f 531//727 494//727 489//727
f 531//728 526//728 521//728
f 531//729 489//729 526//729
f 531//730 521//730 532//730
f 533//731 494//731 531//731
f 533//732 531//732 532//732
f 534//733 529//733 535//733
f 534//734 528//734 529//734
f 534//735 530//735 528//735
f 536//736 533//736 532//736
f 536//737 499//737 494//737
f 536//738 494//738 533//738
f 537//739 530//739 534//739
f 537//740 534//740 535//740
f 538//741 530//741 537//741
f 538//742 535//742 539//742
f 538//743 537//743 535//743
f 540//744 504//744 499//744
f 540//745 532//745 541//745
f 540//746 536//746 532//746
f 540//747 499//747 536//747
f 542//748 540//748 541//748
f 542//749 504//749 540//749
f 543//750 538//750 539//750
f 543//751 539//751 544//751
f 543//752 530//752 538//752
f 543//753 545//753 530//753
f 546//754 509//754 504//754
f 546//755 542//755 541//755
f 546//756 504//756 542//756
f 547//757 543//757 544//757
f 547//758 545//758 543//758
f 548//759 545//759 547//759
f 548//760 544//760 549//760
f 548//761 547//761 544//761
f 550//762 541//762 551//762
f 550//763 514//763 509//763
f 550//764 509//764 546//764
f 550//765 546//765 541//765
f 552//766 514//766 550//766
f 552//767 550//767 551//767
f 553//768 549//768 554//768
f 553//769 548//769 549//769
f 553//770 555//770 545//770
f 553//771 545//771 548//771
f 556//772 552//772 551//772
f 556//773 514//773 552//773
f 556//774 519//774 514//774
f 557//775 555//775 553//775
f 557//776 553//776 554//776
f 558//777 557//777 554//777
f 558//778 554//778 559//778
f 558//779 555//779 557//779
f 558//780 560//780 555//780
f 561//781 524//781 519//781
f 561//782 519//782 556//782
f 561//783 551//783 562//783
f 561//784 556//784 551//784
f 563//785 524//785 561//785
f 563//786 561//786 562//786
f 564//787 560//787 558//787
f 564//788 559//788 565//788
f 564//789 558//789 559//789
f 566//790 563//790 562//790
f 566//791 524//791 563//791
f 566//792 529//792 524//792
f 567//793 564//793 565//793
f 567//794 560//794 564//794
f 568//795 560//795 567//795
f 568//796 567//796 565//796
f 568//797 565//797 569//797
f 568//798 570//798 560//798
f 571//799 535//799 529//799
f 571//800 566//800 562//800
f 571//801 562//801 572//801
f 571//802 529//802 566//802
f 573//803 571//803 572//803
f 573//804 535//804 571//804
f 574//805 570//805 568//805
f 574//806 568//806 569//806
f 574//807 569//807 575//807
f 576//808 539//808 535//808
f 576//809 573//809 572//809
f 576//810 535//810 573//810
f 577//811 570//811 574//811
f 577//812 574//812 575//812
f 578//813 577//813 575//813
f 578//814 570//814 577//814
f 578//815 575//815 579//815
f 578//816 580//816 570//816
f 581//817 572//817 582//817
f 581//818 539//818 576//818
f 581//819 576//819 572//819
f 581//820 544//820 539//820
f 583//821 581//821 582//821
f 583//822 544//822 581//822
f 584//823 580//823 578//823
f 584//824 578//824 579//824
f 584//825 579//825 585//825
f 586//826 544//826 583//826
f 586//827 549//827 544//827
f 586//828 583//828 582//828
f 587//829 580//829 584//829
f 587//830 584//830 585//830
f 588//831 580//831 587//831
f 588//832 587//832 585//832
f 588//833 585//833 589//833
f 588//834 590//834 580//834
f 591//835 582//835 592//835
f 591//836 586//836 582//836
f 591//837 549//837 586//837
f 591//838 554//838 549//838
f 593//839 591//839 592//839
f 593//840 554//840 591//840
f 594//841 590//841 588//841
f 594//842 589//842 595//842
f 594//843 588//843 589//843
f 596//844 593//844 592//844
f 596//845 554//845 593//845
f 596//846 559//846 554//846
f 597//847 590//847 594//847
f 597//848 594//848 595//848
f 598//849 597//849 595//849
f 598//850 590//850 597//850
f 598//851 595//851 599//851
f 598//852 600//852 590//852
f 601//853 592//853 602//853
f 601//854 565//854 559//854
f 601//855 596//855 592//855
f 601//856 559//856 596//856
f 603//857 601//857 602//857
f 603//858 565//858 601//858
f 604//859 598//859 599//859
f 604//860 600//860 598//860
f 604//861 599//861 605//861
f 606//862 603//862 602//862
f 606//863 569//863 565//863
f 606//864 565//864 603//864
f 607//865 604//865 605//865
f 607//866 600//866 604//866
f 608//867 609//867 600//867
f 608//868 600//868 607//868
f 608//869 607//869 605//869
f 608//870 605//870 610//870
f 611//871 602//871 612//871
f 611//872 606//872 602//872
f 611//873 575//873 569//873
f 611//874 569//874 606//874
f 613//875 611//875 612//875
f 613//876 575//876 611//876
f 614//877 608//877 610//877
f 614//878 609//878 608//878
f 614//879 610//879 615//879
f 616//880 613//880 612//880
f 616//881 575//881 613//881
f 616//882 579//882 575//882
f 617//883 609//883 614//883
f 617//884 614//884 615//884
f 618//885 609//885 617//885
f 618//886 617//886 615//886
f 618//887 615//887 619//887
f 620//888 616//888 612//888
f 620//889 612//889 621//889
f 620//890 579//890 616//890
f 620//891 585//891 579//891
f 622//892 620//892 621//892
f 622//893 585//893 620//893
f 623//894 624//894 609//894
f 623//895 618//895 619//895
f 623//896 609//896 618//896
f 623//897 619//897 625//897
f 626//898 585//898 622//898
f 626//899 622//899 621//899
f 626//900 589//900 585//900
f 627//901 624//901 623//901
f 627//902 623//902 625//902
f 628//903 625//903 629//903
f 628//904 624//904 627//904
f 628//905 627//905 625//905
f 630//906 626//906 621//906
f 630//907 621//907 631//907
f 630//908 589//908 626//908
f 630//909 595//909 589//909
f 632//910 630//910 631//910
f 632//911 595//911 630//911
f 633//912 634//912 624//912
f 633//913 628//913 629//913
f 633//914 629//914 635//914
f 633//915 624//915 628//915
f 636//916 632//916 631//916
f 636//917 595//917 632//917
f 636//918 599//918 595//918
f 637//919 633//919 635//919
f 637//920 634//920 633//920
f 638//921 635//921 639//921
f 638//922 637//922 635//922
f 638//923 634//923 637//923
f 640//924 631//924 641//924
f 640//925 636//925 631//925
f 640//926 599//926 636//926
f 640//927 605//927 599//927
f 642//928 640//928 641//928
f 642//929 605//929 640//929
f 643//930 644//930 634//930
f 643//931 645//931 644//931
f 643//932 428//932 645//932
f 643//933 646//933 429//933
f 643//934 639//934 647//934
f 643//935 648//935 646//935
f 643//936 429//936 428//936
f 643//937 638//937 639//937
f 643//938 634//938 638//938
f 643//939 647//939 648//939
f 649//940 605//940 642//940
f 649//941 642//941 641//941
f 649//942 610//942 605//942
f 650//943 641//943 651//943
f 650//944 649//944 641//944
f 650//945 610//945 649//945
f 650//946 615//946 610//946
f 652//947 650//947 651//947
f 652//948 615//948 650//948
f 653//949 652//949 651//949
f 653//950 615//950 652//950
f 653//951 619//951 615//951
f 654//952 653//952 651//952
f 654//953 651//953 655//953
f 654//954 619//954 653//954
f 654//955 625//955 619//955
f 656//956 625//956 654//956
f 656//957 654//957 655//957
f 657//958 629//958 625//958
f 657//959 625//959 656//959
f 657//960 656//960 655//960
f 658//961 629//961 657//961
f 658//962 635//962 629//962
f 658//963 655//963 659//963
f 658//964 657//964 655//964
f 660//965 635//965 658//965
f 660//966 658//966 659//966
f 661//967 639//967 635//967
f 661//968 635//968 660//968
f 661//969 659//969 662//969
f 661//970 660//970 659//970
f 663//971 661//971 662//971
f 663//972 429//972 646//972
f 663//973 647//973 639//973
f 663//974 646//974 648//974
f 663//975 639//975 661//975
f 663//976 432//976 427//976
f 663//977 427//977 429//977
f 663//978 662//978 664//978
f 663//979 664//979 432//979
f 663//980 648//980 647//980
f 665//981 666//981 452//981
f 665//982 667//982 666//982
f 665//983 668//983 667//983
f 665//984 452//984 451//984
f 669//985 450//985 449//985
f 669//986 449//986 670//986
f 669//987 670//987 671//987
f 669//988 671//988 672//988
f 669//989 451//989 450//989
f 673//990 665//990 451//990
f 673//991 672//991 674//991
f 673//992 669//992 672//992
f 673//993 451//993 669//993
f 675//994 129//994 130//994
f 675//995 130//995 676//995
f 675//996 676//996 677//996
f 675//997 454//997 453//997
f 675//998 677//998 678//998
f 675//999 678//999 454//999
f 675//1000 453//1000 458//1000
f 675//1001 679//1001 129//1001
f 675//1002 680//1002 679//1002
f 675//1003 681//1003 680//1003
f 675//1004 682//1004 681//1004
f 675//1005 683//1005 682//1005
f 675//1006 684//1006 683//1006
f 675//1007 685//1007 684//1007
f 675//1008 458//1008 685//1008
f 686//1009 687//1009 668//1009
f 686//1010 688//1010 687//1010
f 686//1011 668//1011 665//1011
f 689//1012 690//1012 688//1012
f 689//1013 691//1013 690//1013
f 689//1014 692//1014 691//1014
f 689//1015 686//1015 665//1015
f 689//1016 693//1016 692//1016
f 689//1017 694//1017 693//1017
f 689//1018 688//1018 686//1018
f 689//1019 665//1019 673//1019
f 695//1020 673//1020 674//1020
f 695//1021 674//1021 696//1021
f 695//1022 696//1022 697//1022
f 698//1023 673//1023 695//1023
f 698//1024 695//1024 697//1024
f 699//1025 673//1025 698//1025
f 699//1026 689//1026 673//1026
f 699//1027 694//1027 689//1027
f 699//1028 698//1028 697//1028
f 699//1029 697//1029 700//1029
f 699//1030 700//1030 701//1030
f 699//1031 701//1031 702//1031
f 699//1032 702//1032 703//1032
f 699//1033 703//1033 704//1033
f 699//1034 704//1034 694//1034
f 705//1035 706//1035 707//1035
f 705//1036 707//1036 708//1036
f 705//1037 708//1037 709//1037
f 705//1038 709//1038 710//1038
f 705//1039 710//1039 711//1039
f 705//1040 711//1040 712//1040
f 713//1041 705//1041 712//1041
f 714//1042 712//1042 715//1042
f 714//1043 713//1043 712//1043
f 714//1044 716//1044 717//1044
f 714//1045 717//1045 713//1045
f 718//1046 714//1046 715//1046
f 718//1047 716//1047 714//1047
f 719//1048 715//1048 720//1048
f 719//1049 716//1049 718//1049
f 719//1050 718//1050 715//1050
f 719//1051 721//1051 716//1051
f 722//1052 719//1052 720//1052
f 722//1053 721//1053 719//1053
f 723//1054 722//1054 720//1054
f 723//1055 720//1055 724//1055
f 723//1056 721//1056 722//1056
f 723//1057 725//1057 721//1057
f 726//1058 723//1058 724//1058
f 726//1059 725//1059 723//1059
f 727//1060 726//1060 724//1060
f 727//1061 724//1061 728//1061
f 727//1062 725//1062 726//1062
f 727//1063 729//1063 725//1063
f 730//1064 727//1064 728//1064
f 730//1065 729//1065 727//1065
f 731//1066 728//1066 732//1066
f 731//1067 733//1067 729//1067
f 731//1068 729//1068 730//1068
f 731//1069 730//1069 728//1069
f 734//1070 733//1070 731//1070
f 734//1071 731//1071 732//1071
f 735//1072 732//1072 736//1072
f 735//1073 734//1073 732//1073
f 735//1074 737//1074 733//1074
f 735//1075 733//1075 734//1075
f 738//1076 737//1076 735//1076
f 738//1077 735//1077 736//1077
f 739//1078 736//1078 740//1078
f 739//1079 737//1079 738//1079
f 739//1080 738//1080 736//1080
f 739//1081 741//1081 737//1081
f 742//1082 739//1082 740//1082
f 742//1083 741//1083 739//1083
f 743//1084 740//1084 744//1084
f 743//1085 741//1085 742//1085
f 743//1086 742//1086 740//1086
f 743//1087 745//1087 741//1087
f 746//1088 743//1088 744//1088
f 746//1089 745//1089 743//1089
f 747//1090 748//1090 749//1090
f 750//1091 751//1091 748//1091
f 750//1092 748//1092 747//1092
f 750//1093 747//1093 752//1093
f 750//1094 752//1094 753//1094
f 754//1095 751//1095 750//1095
f 754//1096 750//1096 753//1096
f 755//1097 756//1097 751//1097
f 755//1098 754//1098 753//1098
f 755//1099 751//1099 754//1099
f 755//1100 753//1100 757//1100
f 758//1101 756//1101 755//1101
f 758//1102 755//1102 757//1102
f 759//1103 760//1103 756//1103
f 759//1104 758//1104 757//1104
f 759//1105 756//1105 758//1105
f 759//1106 757//1106 761//1106
f 762//1107 760//1107 759//1107
f 762//1108 759//1108 761//1108
f 763//1109 764//1109 760//1109
f 763//1110 762//1110 761//1110
f 763//1111 760//1111 762//1111
f 763//1112 761//1112 765//1112
f 766//1113 763//1113 765//1113
f 766//1114 764//1114 763//1114
f 767//1115 768//1115 764//1115
f 767//1116 766//1116 765//1116
f 767//1117 764//1117 766//1117
f 767//1118 765//1118 769//1118
f 770//1119 767//1119 769//1119
f 770//1120 768//1120 767//1120
f 771//1121 772//1121 768//1121
f 771//1122 768//1122 770//1122
f 773//1123 774//1123 775//1123
f 773//1124 775//1124 776//1124
f 773//1125 776//1125 706//1125
f 773//1126 706//1126 705//1126
f 773//1127 777//1127 778//1127
f 779//1128 773//1128 705//1128
f 779//1129 777//1129 773//1129
f 779//1130 780//1130 777//1130
f 779//1131 781//1131 780//1131
f 779//1132 782//1132 781//1132
f 779//1133 717//1133 782//1133
f 779//1134 713//1134 717//1134
f 779//1135 705//1135 713//1135
f 783//1136 784//1136 785//1136
f 783//1137 746//1137 784//1137
f 783//1138 745//1138 746//1138
f 783//1139 786//1139 787//1139
f 783//1140 785//1140 786//1140
f 783//1141 788//1141 745//1141
f 783//1142 789//1142 788//1142
f 790//1143 783//1143 787//1143
f 790//1144 787//1144 791//1144
f 790//1145 789//1145 783//1145
f 790//1146 792//1146 789//1146
f 793//1147 790//1147 791//1147
f 793//1148 791//1148 794//1148
f 793//1149 792//1149 790//1149
f 795//1150 793//1150 794//1150
f 795//1151 792//1151 793//1151
f 796//1152 794//1152 797//1152
f 796//1153 795//1153 794//1153
f 796//1154 792//1154 795//1154
f 796//1155 798//1155 792//1155
f 799//1156 797//1156 800//1156
f 799//1157 796//1157 797//1157
f 799//1158 798//1158 796//1158
f 801//1159 799//1159 800//1159
f 801//1160 798//1160 799//1160
f 802//1161 800//1161 803//1161
f 802//1162 801//1162 800//1162
f 802//1163 798//1163 801//1163
f 804//1164 803//1164 805//1164
f 804//1165 806//1165 798//1165
f 804//1166 802//1166 803//1166
f 804//1167 798//1167 802//1167
f 807//1168 806//1168 804//1168
f 807//1169 804//1169 805//1169
f 808//1170 805//1170 809//1170
f 808//1171 806//1171 807//1171
f 808//1172 807//1172 805//1172
f 810//1173 785//1173 784//1173
f 810//1174 784//1174 746//1174
f 810//1175 744//1175 811//1175
f 810//1176 811//1176 812//1176
f 810//1177 787//1177 786//1177
f 810//1178 746//1178 744//1178
f 810//1179 786//1179 785//1179
f 813//1180 809//1180 814//1180
f 813//1181 815//1181 806//1181
f 813//1182 808//1182 809//1182
f 813//1183 806//1183 808//1183
f 816//1184 787//1184 810//1184
f 816//1185 810//1185 812//1185
f 816//1186 791//1186 787//1186
f 817//1187 815//1187 813//1187
f 817//1188 813//1188 814//1188
f 818//1189 814//1189 819//1189
f 818//1190 817//1190 814//1190
f 818//1191 815//1191 817//1191
f 820//1192 791//1192 816//1192
f 820//1193 816//1193 812//1193
f 820//1194 812//1194 821//1194
f 820//1195 794//1195 791//1195
f 822//1196 794//1196 820//1196
f 822//1197 820//1197 821//1197
f 823//1198 819//1198 824//1198
f 823//1199 818//1199 819//1199
f 823//1200 815//1200 818//1200
f 823//1201 825//1201 815//1201
f 826//1202 794//1202 822//1202
f 826//1203 797//1203 794//1203
f 826//1204 822//1204 821//1204
f 827//1205 825//1205 823//1205
f 827//1206 823//1206 824//1206
f 828//1207 824//1207 829//1207
f 828//1208 825//1208 827//1208
f 828//1209 827//1209 824//1209
f 830//1210 797//1210 826//1210
f 830//1211 826//1211 821//1211
f 830//1212 821//1212 831//1212
f 830//1213 800//1213 797//1213
f 832//1214 800//1214 830//1214
f 832//1215 830//1215 831//1215
f 833//1216 825//1216 828//1216
f 833//1217 828//1217 829//1217
f 833//1218 829//1218 834//1218
f 833//1219 835//1219 825//1219
f 836//1220 832//1220 831//1220
f 836//1221 803//1221 800//1221
f 836//1222 800//1222 832//1222
f 837//1223 833//1223 834//1223
f 837//1224 835//1224 833//1224
f 838//1225 834//1225 839//1225
f 838//1226 837//1226 834//1226
f 838//1227 835//1227 837//1227
f 840//1228 831//1228 841//1228
f 840//1229 836//1229 831//1229
f 840//1230 805//1230 803//1230
f 840//1231 803//1231 836//1231
f 842//1232 805//1232 840//1232
f 842//1233 840//1233 841//1233
f 843//1234 838//1234 839//1234
f 843//1235 839//1235 844//1235
f 843//1236 835//1236 838//1236
f 843//1237 845//1237 835//1237
f 846//1238 842//1238 841//1238
f 846//1239 805//1239 842//1239
f 846//1240 809//1240 805//1240
f 847//1241 843//1241 844//1241
f 847//1242 845//1242 843//1242
f 848//1243 844//1243 849//1243
f 848//1244 847//1244 844//1244
f 848//1245 845//1245 847//1245
f 848//1246 850//1246 845//1246
f 851//1247 841//1247 852//1247
f 851//1248 846//1248 841//1248
f 851//1249 814//1249 809//1249
f 851//1250 809//1250 846//1250
f 853//1251 851//1251 852//1251
f 853//1252 814//1252 851//1252
f 854//1253 849//1253 855//1253
f 854//1254 848//1254 849//1254
f 854//1255 850//1255 848//1255
f 856//1256 853//1256 852//1256
f 856//1257 819//1257 814//1257
f 856//1258 814//1258 853//1258
f 857//1259 854//1259 855//1259
f 857//1260 850//1260 854//1260
f 858//1261 855//1261 859//1261
f 858//1262 857//1262 855//1262
f 858//1263 850//1263 857//1263
f 858//1264 860//1264 850//1264
f 861//1265 824//1265 819//1265
f 861//1266 852//1266 862//1266
f 861//1267 819//1267 856//1267
f 861//1268 856//1268 852//1268
f 863//1269 824//1269 861//1269
f 863//1270 861//1270 862//1270
f 864//1271 859//1271 865//1271
f 864//1272 858//1272 859//1272
f 864//1273 860//1273 858//1273
f 866//1274 829//1274 824//1274
f 866//1275 863//1275 862//1275
f 866//1276 824//1276 863//1276
f 867//1277 864//1277 865//1277
f 867//1278 860//1278 864//1278
f 868//1279 860//1279 867//1279
f 868//1280 865//1280 869//1280
f 868//1281 867//1281 865//1281
f 868//1282 870//1282 860//1282
f 871//1283 862//1283 872//1283
f 871//1284 834//1284 829//1284
f 871//1285 829//1285 866//1285
f 871//1286 866//1286 862//1286
f 873//1287 834//1287 871//1287
f 873//1288 871//1288 872//1288
f 874//1289 870//1289 868//1289
f 874//1290 869//1290 875//1290
f 874//1291 868//1291 869//1291
f 876//1292 839//1292 834//1292
f 876//1293 834//1293 873//1293
f 876//1294 873//1294 872//1294
f 877//1295 870//1295 874//1295
f 877//1296 874//1296 875//1296
f 878//1297 870//1297 877//1297
f 878//1298 877//1298 875//1298
f 878//1299 875//1299 879//1299
f 878//1300 880//1300 870//1300
f 881//1301 839//1301 876//1301
f 881//1302 872//1302 882//1302
f 881//1303 844//1303 839//1303
f 881//1304 876//1304 872//1304
f 883//1305 844//1305 881//1305
f 883//1306 881//1306 882//1306
f 884//1307 878//1307 879//1307
f 884//1308 880//1308 878//1308
f 884//1309 879//1309 885//1309
f 886//1310 883//1310 882//1310
f 886//1311 849//1311 844//1311
f 886//1312 844//1312 883//1312
f 887//1313 884//1313 885//1313
f 887//1314 880//1314 884//1314
f 888//1315 887//1315 885//1315
f 888//1316 885//1316 889//1316
f 888//1317 880//1317 887//1317
f 888//1318 890//1318 880//1318
f 891//1319 855//1319 849//1319
f 891//1320 886//1320 882//1320
f 891//1321 882//1321 892//1321
f 891//1322 849//1322 886//1322
f 893//1323 891//1323 892//1323
f 893//1324 855//1324 891//1324
f 894//1325 888//1325 889//1325
f 894//1326 890//1326 888//1326
f 894//1327 889//1327 895//1327
f 896//1328 893//1328 892//1328
f 896//1329 855//1329 893//1329
f 896//1330 859//1330 855//1330
f 897//1331 894//1331 895//1331
f 897//1332 890//1332 894//1332
f 898//1333 897//1333 895//1333
f 898//1334 895//1334 899//1334
f 898//1335 890//1335 897//1335
f 898//1336 900//1336 890//1336
f 901//1337 892//1337 902//1337
f 901//1338 896//1338 892//1338
f 901//1339 859//1339 896//1339
f 901//1340 865//1340 859//1340
f 903//1341 901//1341 902//1341
f 903//1342 865//1342 901//1342
f 904//1343 898//1343 899//1343
f 904//1344 900//1344 898//1344
f 904//1345 899//1345 905//1345
f 906//1346 869//1346 865//1346
f 906//1347 903//1347 902//1347
f 906//1348 865//1348 903//1348
f 907//1349 900//1349 904//1349
f 907//1350 904//1350 905//1350
f 908//1351 900//1351 907//1351
f 908//1352 905//1352 909//1352
f 908//1353 907//1353 905//1353
f 908//1354 910//1354 900//1354
f 911//1355 906//1355 902//1355
f 911//1356 875//1356 869//1356
f 911//1357 902//1357 912//1357
f 911//1358 869//1358 906//1358
f 913//1359 875//1359 911//1359
f 913//1360 911//1360 912//1360
f 914//1361 910//1361 908//1361
f 914//1362 909//1362 915//1362
f 914//1363 908//1363 909//1363
f 916//1364 875//1364 913//1364
f 916//1365 913//1365 912//1365
f 916//1366 879//1366 875//1366
f 917//1367 910//1367 914//1367
f 917//1368 914//1368 915//1368
f 918//1369 917//1369 915//1369
f 918//1370 910//1370 917//1370
f 918//1371 915//1371 919//1371
f 918//1372 920//1372 910//1372
f 921//1373 912//1373 922//1373
f 921//1374 885//1374 879//1374
f 921//1375 879//1375 916//1375
f 921//1376 916//1376 912//1376
f 923//1377 921//1377 922//1377
f 923//1378 885//1378 921//1378
f 924//1379 918//1379 919//1379
f 924//1380 920//1380 918//1380
f 924//1381 919//1381 925//1381
f 926//1382 889//1382 885//1382
f 926//1383 885//1383 923//1383
f 926//1384 923//1384 922//1384
f 927//1385 924//1385 925//1385
f 927//1386 920//1386 924//1386
f 928//1387 929//1387 920//1387
f 928//1388 920//1388 927//1388
f 928//1389 927//1389 925//1389
f 928//1390 925//1390 930//1390
f 931//1391 922//1391 932//1391
f 931//1392 895//1392 889//1392
f 931//1393 889//1393 926//1393
f 931//1394 926//1394 922//1394
f 933//1395 931//1395 932//1395
f 933//1396 895//1396 931//1396
f 934//1397 928//1397 930//1397
f 934//1398 929//1398 928//1398
f 934//1399 930//1399 935//1399
f 936//1400 895//1400 933//1400
f 936//1401 933//1401 932//1401
f 936//1402 899//1402 895//1402
f 937//1403 929//1403 934//1403
f 937//1404 934//1404 935//1404
f 938//1405 939//1405 929//1405
f 938//1406 929//1406 937//1406
f 938//1407 937//1407 935//1407
f 938//1408 935//1408 940//1408
f 941//1409 936//1409 932//1409
f 941//1410 932//1410 942//1410
f 941//1411 905//1411 899//1411
f 941//1412 899//1412 936//1412
f 943//1413 941//1413 942//1413
f 943//1414 905//1414 941//1414
f 944//1415 938//1415 940//1415
f 944//1416 939//1416 938//1416
f 944//1417 940//1417 945//1417
f 946//1418 943//1418 942//1418
f 946//1419 942//1419 947//1419
f 946//1420 905//1420 943//1420
f 946//1421 909//1421 905//1421
f 948//1422 944//1422 945//1422
f 948//1423 939//1423 944//1423
f 949//1424 950//1424 939//1424
f 949//1425 945//1425 951//1425
f 949//1426 939//1426 948//1426
f 949//1427 948//1427 945//1427
f 952//1428 946//1428 947//1428
f 952//1429 909//1429 946//1429
f 952//1430 915//1430 909//1430
f 953//1431 952//1431 947//1431
f 953//1432 915//1432 952//1432
f 954//1433 949//1433 951//1433
f 954//1434 951//1434 955//1434
f 954//1435 950//1435 949//1435
f 956//1436 953//1436 947//1436
f 956//1437 915//1437 953//1437
f 956//1438 919//1438 915//1438
f 957//1439 954//1439 955//1439
f 957//1440 950//1440 954//1440
f 958//1441 955//1441 959//1441
f 958//1442 957//1442 955//1442
f 958//1443 950//1443 957//1443
f 960//1444 947//1444 961//1444
f 960//1445 956//1445 947//1445
f 960//1446 919//1446 956//1446
f 960//1447 925//1447 919//1447
f 962//1448 960//1448 961//1448
f 962//1449 925//1449 960//1449
f 963//1450 964//1450 950//1450
f 963//1451 965//1451 964//1451
f 963//1452 748//1452 965//1452
f 963//1453 966//1453 749//1453
f 963//1454 959//1454 967//1454
f 963//1455 968//1455 966//1455
f 963//1456 749//1456 748//1456
f 963//1457 958//1457 959//1457
f 963//1458 950//1458 958//1458
f 963//1459 967//1459 968//1459
f 969//1460 925//1460 962//1460
f 969//1461 962//1461 961//1461
f 969//1462 930//1462 925//1462
f 970//1463 961//1463 971//1463
f 970//1464 969//1464 961//1464
f 970//1465 930//1465 969//1465
f 970//1466 935//1466 930//1466
f 972//1467 970//1467 971//1467
f 972//1468 935//1468 970//1468
f 973//1469 972//1469 971//1469
f 973//1470 935//1470 972//1470
f 973//1471 940//1471 935//1471
f 974//1472 973//1472 971//1472
f 974//1473 971//1473 975//1473
f 974//1474 940//1474 973//1474
f 974//1475 945//1475 940//1475
f 976//1476 945//1476 974//1476
f 976//1477 974//1477 975//1477
f 977//1478 951//1478 945//1478
f 977//1479 945//1479 976//1479
f 977//1480 976//1480 975//1480
f 978//1481 951//1481 977//1481
f 978//1482 955//1482 951//1482
f 978//1483 975//1483 979//1483
f 978//1484 977//1484 975//1484
f 980//1485 955//1485 978//1485
f 980//1486 978//1486 979//1486
f 981//1487 959//1487 955//1487
f 981//1488 955//1488 980//1488
f 981//1489 979//1489 982//1489
f 981//1490 980//1490 979//1490
f 983//1491 981//1491 982//1491
f 983//1492 749//1492 966//1492
f 983//1493 967//1493 959//1493
f 983//1494 966//1494 968//1494
f 983//1495 959//1495 981//1495
f 983//1496 752//1496 747//1496
f 983//1497 747//1497 749//1497
f 983//1498 982//1498 984//1498
f 983//1499 984//1499 752//1499
f 983//1500 968//1500 967//1500
f 985//1501 986//1501 772//1501
f 985//1502 987//1502 986//1502
f 985//1503 988//1503 987//1503
f 985//1504 772//1504 771//1504
f 989//1505 771//1505 770//1505
f 989//1506 770//1506 769//1506
f 989//1507 769//1507 990//1507
f 989//1508 990//1508 991//1508
f 989//1509 991//1509 992//1509
f 993//1510 989//1510 992//1510
f 993//1511 992//1511 994//1511
f 993//1512 985//1512 771//1512
f 993//1513 771//1513 989//1513
f 995//1514 131//1514 132//1514
f 995//1515 132//1515 996//1515
f 995//1516 996//1516 997//1516
f 995//1517 997//1517 998//1517
f 995//1518 998//1518 774//1518
f 995//1519 774//1519 773//1519
f 995//1520 773//1520 778//1520
f 995//1521 999//1521 131//1521
f 995//1522 1000//1522 999//1522
f 995//1523 1001//1523 1000//1523
f 995//1524 1002//1524 1001//1524
f 995//1525 1003//1525 1002//1525
f 995//1526 1004//1526 1003//1526
f 995//1527 1005//1527 1004//1527
f 995//1528 778//1528 1005//1528
f 1006//1529 1007//1529 988//1529
f 1006//1530 1008//1530 1007//1530
f 1006//1531 988//1531 985//1531
f 1009//1532 985//1532 993//1532
f 1009//1533 1006//1533 985//1533
f 1009//1534 1010//1534 1008//1534
f 1009//1535 1011//1535 1010//1535
f 1009//1536 1012//1536 1011//1536
f 1009//1537 1013//1537 1012//1537
f 1009//1538 1014//1538 1013//1538
f 1009//1539 1008//1539 1006//1539
f 1015//1540 993//1540 994//1540
f 1015//1541 994//1541 1016//1541
f 1015//1542 1016//1542 1017//1542
f 1018//1543 993//1543 1015//1543
f 1018//1544 1015//1544 1017//1544
f 1019//1545 1009//1545 993//1545
f 1019//1546 1014//1546 1009//1546
f 1019//1547 1018//1547 1017//1547
f 1019//1548 993//1548 1018//1548
f 1019//1549 1017//1549 1020//1549
f 1019//1550 1020//1550 1021//1550
f 1019//1551 1021//1551 1022//1551
f 1019//1552 1022//1552 1023//1552
f 1019//1553 1023//1553 1024//1553
f 1019//1554 1024//1554 1014//1554
f 1025//1555 132//1555 129//1555
f 1026//1556 694//1556 1024//1556
f 1027//1557 709//1557 1028//1557
f 1027//1558 710//1558 709//1558
f 1029//1559 711//1559 710//1559
f 1029//1560 710//1560 1027//1560
f 1030//1561 711//1561 1029//1561
f 1031//1562 711//1562 1030//1562
f 1032//1563 711//1563 1031//1563
f 1032//1564 712//1564 711//1564
f 1033//1565 712//1565 1032//1565
f 1034//1566 712//1566 1033//1566
f 1034//1567 715//1567 712//1567
f 1035//1568 715//1568 1034//1568
f 1035//1569 720//1569 715//1569
f 1036//1570 1027//1570 1028//1570
f 1036//1571 1029//1571 1027//1571
f 1036//1572 1030//1572 1029//1572
f 1036//1573 1031//1573 1030//1573
f 1037//1574 720//1574 1035//1574
f 1038//1575 1031//1575 1036//1575
f 1038//1576 1032//1576 1031//1576
f 1039//1577 1033//1577 1032//1577
f 1039//1578 1032//1578 1038//1578
f 1040//1579 720//1579 1037//1579
f 1041//1580 1033//1580 1039//1580
f 1042//1581 1034//1581 1033//1581
f 1042//1582 1033//1582 1041//1582
f 1043//1583 1035//1583 1034//1583
f 1043//1584 1034//1584 1042//1584
f 1044//1585 1035//1585 1043//1585
f 1045//1586 1037//1586 1035//1586
f 1045//1587 1035//1587 1044//1587
f 1046//1588 1037//1588 1045//1588
f 1047//1589 1040//1589 1037//1589
f 1047//1590 1037//1590 1046//1590
f 1048//1591 1049//1591 1040//1591
f 1048//1592 1040//1592 1047//1592
f 1050//1593 1049//1593 1048//1593
f 1051//1594 1049//1594 1050//1594
f 1052//1595 1049//1595 1051//1595
f 1053//1596 1049//1596 1052//1596
f 1054//1597 1049//1597 1053//1597
f 1055//1598 744//1598 740//1598
f 1056//1599 744//1599 1055//1599
f 1057//1600 744//1600 1056//1600
f 1057//1601 811//1601 744//1601
f 1058//1602 1059//1602 1060//1602
f 1058//1603 1061//1603 1062//1603
f 1058//1604 1063//1604 1061//1604
f 1058//1605 1064//1605 1063//1605
f 1058//1606 1060//1606 1064//1606
f 1058//1607 1065//1607 1059//1607
f 1058//1608 1066//1608 1067//1608
f 1058//1609 1067//1609 1068//1609
f 1058//1610 1069//1610 1065//1610
f 1058//1611 1068//1611 1069//1611
f 1058//1612 1070//1612 1066//1612
f 1071//1613 1058//1613 1062//1613
f 1072//1614 811//1614 1057//1614
f 1073//1615 1058//1615 1071//1615
f 1074//1616 1071//1616 1062//1616
f 1074//1617 1073//1617 1071//1617
f 1074//1618 1062//1618 1075//1618
f 1076//1619 1073//1619 1074//1619
f 1076//1620 1074//1620 1075//1620
f 1076//1621 1075//1621 1077//1621
f 1078//1622 1073//1622 1076//1622
f 1078//1623 1076//1623 1077//1623
f 1079//1624 1077//1624 1080//1624
f 1079//1625 1073//1625 1078//1625
f 1079//1626 1078//1626 1077//1626
f 1081//1627 811//1627 1072//1627
f 1081//1628 812//1628 811//1628
f 1082//1629 1073//1629 1079//1629
f 1082//1630 1079//1630 1080//1630
f 1083//1631 1080//1631 1084//1631
f 1083//1632 1082//1632 1080//1632
f 1083//1633 1073//1633 1082//1633
f 1085//1634 1086//1634 1073//1634
f 1085//1635 1083//1635 1084//1635
f 1085//1636 1073//1636 1083//1636
f 1087//1637 812//1637 1081//1637
f 1088//1638 1089//1638 1086//1638
f 1088//1639 1085//1639 1084//1639
f 1088//1640 1086//1640 1085//1640
f 1090//1641 1088//1641 1084//1641
f 1090//1642 1091//1642 1089//1642
f 1090//1643 1092//1643 1091//1643
f 1090//1644 1089//1644 1088//1644
f 1090//1645 1084//1645 1093//1645
f 1094//1646 1092//1646 1090//1646
f 1094//1647 1095//1647 1092//1647
f 1094//1648 1090//1648 1093//1648
f 1096//1649 812//1649 1087//1649
f 1096//1650 821//1650 812//1650
f 1097//1651 1094//1651 1093//1651
f 1097//1652 1095//1652 1094//1652
f 1097//1653 1093//1653 1098//1653
f 1097//1654 1099//1654 1095//1654
f 1100//1655 1097//1655 1098//1655
f 1100//1656 1099//1656 1097//1656
f 1100//1657 1101//1657 1102//1657
f 1100//1658 1102//1658 1099//1658
f 1103//1659 1104//1659 1101//1659
f 1103//1660 1101//1660 1100//1660
f 1103//1661 1098//1661 1105//1661
f 1103//1662 1100//1662 1098//1662
f 1103//1663 1106//1663 1104//1663
f 1107//1664 821//1664 1096//1664
f 1108//1665 1109//1665 1106//1665
f 1108//1666 1106//1666 1103//1666
f 1108//1667 1105//1667 1110//1667
f 1108//1668 1103//1668 1105//1668
f 1108//1669 1111//1669 1109//1669
f 1112//1670 1113//1670 1114//1670
f 1112//1671 1108//1671 1110//1671
f 1112//1672 1114//1672 1111//1672
f 1112//1673 1111//1673 1108//1673
f 1115//1674 821//1674 1107//1674
f 1115//1675 831//1675 821//1675
f 1116//1676 1117//1676 1113//1676
f 1116//1677 1113//1677 1112//1677
f 1116//1678 1112//1678 1110//1678
f 1116//1679 1110//1679 1118//1679
f 1119//1680 1118//1680 1120//1680
f 1119//1681 1116//1681 1118//1681
f 1119//1682 1121//1682 1117//1682
f 1119//1683 1117//1683 1116//1683
f 1122//1684 1123//1684 1124//1684
f 1122//1685 1121//1685 1119//1685
f 1122//1686 1124//1686 1121//1686
f 1122//1687 1119//1687 1120//1687
f 1125//1688 831//1688 1115//1688
f 1126//1689 1060//1689 1059//1689
f 1126//1690 1061//1690 1063//1690
f 1126//1691 1063//1691 1064//1691
f 1126//1692 1064//1692 1060//1692
f 1126//1693 1059//1693 1065//1693
f 1126//1694 1067//1694 1066//1694
f 1126//1695 1068//1695 1067//1695
f 1126//1696 1065//1696 1069//1696
f 1126//1697 1069//1697 1068//1697
f 1127//1698 1061//1698 1126//1698
f 1128//1699 1129//1699 1130//1699
f 1128//1700 1122//1700 1120//1700
f 1128//1701 1131//1701 1129//1701
f 1128//1702 1120//1702 1131//1702
f 1128//1703 1132//1703 1133//1703
f 1128//1704 1123//1704 1122//1704
f 1128//1705 1134//1705 1123//1705
f 1128//1706 1135//1706 1134//1706
f 1128//1707 1136//1707 1135//1707
f 1128//1708 1133//1708 1136//1708
f 1128//1709 1130//1709 1137//1709
f 1138//1710 1132//1710 1128//1710
f 1139//1711 1062//1711 1061//1711
f 1139//1712 1061//1712 1127//1712
f 1140//1713 1138//1713 1128//1713
f 1141//1714 1075//1714 1062//1714
f 1141//1715 1062//1715 1139//1715
f 1142//1716 831//1716 1125//1716
f 1142//1717 841//1717 831//1717
f 1143//1718 1075//1718 1141//1718
f 1144//1719 1140//1719 1128//1719
f 1144//1720 1145//1720 1140//1720
f 1144//1721 1128//1721 1137//1721
f 1146//1722 1075//1722 1143//1722
f 1146//1723 1077//1723 1075//1723
f 1147//1724 1144//1724 1137//1724
f 1147//1725 1137//1725 1148//1725
f 1147//1726 1145//1726 1144//1726
f 1149//1727 1077//1727 1146//1727
f 1150//1728 841//1728 1142//1728
f 1151//1729 1080//1729 1077//1729
f 1151//1730 1077//1730 1149//1730
f 1152//1731 1080//1731 1151//1731
f 1153//1732 1080//1732 1152//1732
f 1153//1733 1084//1733 1080//1733
f 1154//1734 1155//1734 1145//1734
f 1154//1735 1145//1735 1147//1735
f 1154//1736 1147//1736 1148//1736
f 1154//1737 1148//1737 1156//1737
f 1157//1738 1084//1738 1153//1738
f 1158//1739 841//1739 1150//1739
f 1158//1740 852//1740 841//1740
f 1159//1741 1154//1741 1156//1741
f 1159//1742 1155//1742 1154//1742
f 1160//1743 1084//1743 1157//1743
f 1160//1744 1093//1744 1084//1744
f 1161//1745 1093//1745 1160//1745
f 1162//1746 1159//1746 1156//1746
f 1162//1747 1156//1747 1163//1747
f 1162//1748 1155//1748 1159//1748
f 1164//1749 1093//1749 1161//1749
f 1165//1750 852//1750 1158//1750
f 1166//1751 1139//1751 1127//1751
f 1166//1752 1127//1752 1126//1752
f 1166//1753 1149//1753 1146//1753
f 1166//1754 1151//1754 1149//1754
f 1166//1755 1152//1755 1151//1755
f 1166//1756 1146//1756 1143//1756
f 1166//1757 1141//1757 1139//1757
f 1166//1758 1143//1758 1141//1758
f 1167//1759 1098//1759 1093//1759
f 1167//1760 1093//1760 1164//1760
f 1168//1761 1153//1761 1152//1761
f 1168//1762 1152//1762 1166//1762
f 1169//1763 1153//1763 1168//1763
f 1169//1764 1157//1764 1153//1764
f 1170//1765 1098//1765 1167//1765
f 1170//1766 1105//1766 1098//1766
f 1171//1767 1157//1767 1169//1767
f 1172//1768 1163//1768 1173//1768
f 1172//1769 1174//1769 1155//1769
f 1172//1770 1155//1770 1162//1770
f 1172//1771 1162//1771 1163//1771
f 1175//1772 1160//1772 1157//1772
f 1175//1773 1157//1773 1171//1773
f 1176//1774 852//1774 1165//1774
f 1176//1775 862//1775 852//1775
f 1177//1776 1105//1776 1170//1776
f 1178//1777 1161//1777 1160//1777
f 1178//1778 1160//1778 1175//1778
f 1179//1779 1174//1779 1172//1779
f 1179//1780 1172//1780 1173//1780
f 1180//1781 1164//1781 1161//1781
f 1180//1782 1161//1782 1178//1782
f 1181//1783 1110//1783 1105//1783
f 1181//1784 1105//1784 1177//1784
f 1182//1785 1164//1785 1180//1785
f 1183//1786 1179//1786 1173//1786
f 1183//1787 1173//1787 1184//1787
f 1183//1788 1174//1788 1179//1788
f 1185//1789 1164//1789 1182//1789
f 1185//1790 1167//1790 1164//1790
f 1186//1791 1118//1791 1110//1791
f 1186//1792 1110//1792 1181//1792
f 1187//1793 862//1793 1176//1793
f 1188//1794 1167//1794 1185//1794
f 1188//1795 1170//1795 1167//1795
f 1189//1796 1188//1796 1190//1796
f 1189//1797 1170//1797 1188//1797
f 1191//1798 1118//1798 1186//1798
f 1192//1799 1189//1799 1190//1799
f 1192//1800 1170//1800 1189//1800
f 1192//1801 1177//1801 1170//1801
f 1193//1802 1177//1802 1192//1802
f 1193//1803 1192//1803 1190//1803
f 1194//1804 1183//1804 1184//1804
f 1194//1805 1195//1805 1174//1805
f 1194//1806 1184//1806 1196//1806
f 1194//1807 1174//1807 1183//1807
f 1197//1808 1120//1808 1118//1808
f 1197//1809 1130//1809 1129//1809
f 1197//1810 1129//1810 1131//1810
f 1197//1811 1131//1811 1120//1811
f 1197//1812 1118//1812 1191//1812
f 1198//1813 1181//1813 1177//1813
f 1198//1814 1177//1814 1193//1814
f 1198//1815 1193//1815 1190//1815
f 1199//1816 862//1816 1187//1816
f 1199//1817 872//1817 862//1817
f 1200//1818 1181//1818 1198//1818
f 1200//1819 1198//1819 1190//1819
f 1201//1820 1194//1820 1196//1820
f 1201//1821 1195//1821 1194//1821
f 1202//1822 1186//1822 1181//1822
f 1202//1823 1181//1823 1200//1823
f 1202//1824 1200//1824 1190//1824
f 1203//1825 1201//1825 1196//1825
f 1203//1826 1196//1826 1204//1826
f 1203//1827 1195//1827 1201//1827
f 1205//1828 1191//1828 1186//1828
f 1205//1829 1186//1829 1202//1829
f 1205//1830 1202//1830 1190//1830
f 1206//1831 872//1831 1199//1831
f 1207//1832 1191//1832 1205//1832
f 1207//1833 1205//1833 1190//1833
f 1208//1834 1191//1834 1207//1834
f 1208//1835 1197//1835 1191//1835
f 1208//1836 1207//1836 1190//1836
f 1209//1837 1210//1837 1195//1837
f 1209//1838 1195//1838 1203//1838
f 1209//1839 1203//1839 1204//1839
f 1209//1840 1204//1840 1211//1840
f 1212//1841 1197//1841 1208//1841
f 1212//1842 1208//1842 1190//1842
f 1213//1843 882//1843 872//1843
f 1213//1844 872//1844 1206//1844
f 1214//1845 1197//1845 1212//1845
f 1214//1846 1212//1846 1190//1846
f 1215//1847 1210//1847 1209//1847
f 1215//1848 1209//1848 1211//1848
f 1216//1849 1197//1849 1214//1849
f 1216//1850 1214//1850 1190//1850
f 1217//1851 1211//1851 1218//1851
f 1217//1852 1215//1852 1211//1852
f 1217//1853 1210//1853 1215//1853
f 1219//1854 1197//1854 1216//1854
f 1219//1855 1216//1855 1190//1855
f 1220//1856 882//1856 1213//1856
f 1221//1857 1197//1857 1219//1857
f 1221//1858 1219//1858 1190//1858
f 1222//1859 1180//1859 1178//1859
f 1222//1860 1185//1860 1182//1860
f 1222//1861 1188//1861 1185//1861
f 1222//1862 1190//1862 1188//1862
f 1222//1863 1168//1863 1166//1863
f 1222//1864 1169//1864 1168//1864
f 1222//1865 1171//1865 1169//1865
f 1222//1866 1175//1866 1171//1866
f 1222//1867 1182//1867 1180//1867
f 1222//1868 1178//1868 1175//1868
f 1223//1869 1221//1869 1190//1869
f 1223//1870 1197//1870 1221//1870
f 1223//1871 1137//1871 1130//1871
f 1223//1872 1130//1872 1197//1872
f 1224//1873 1210//1873 1217//1873
f 1224//1874 1218//1874 1225//1874
f 1224//1875 1226//1875 1210//1875
f 1224//1876 1217//1876 1218//1876
f 1227//1877 882//1877 1220//1877
f 1227//1878 892//1878 882//1878
f 1228//1879 1226//1879 1224//1879
f 1228//1880 1224//1880 1225//1880
f 1229//1881 1226//1881 1228//1881
f 1229//1882 1228//1882 1225//1882
f 1229//1883 1225//1883 1230//1883
f 1231//1884 892//1884 1227//1884
f 1232//1885 1226//1885 1229//1885
f 1232//1886 1229//1886 1230//1886
f 1232//1887 1233//1887 1226//1887
f 1232//1888 1230//1888 1234//1888
f 1235//1889 1137//1889 1223//1889
f 1235//1890 1148//1890 1137//1890
f 1235//1891 1156//1891 1148//1891
f 1235//1892 1190//1892 1236//1892
f 1235//1893 1223//1893 1190//1893
f 1237//1894 892//1894 1231//1894
f 1237//1895 902//1895 892//1895
f 1238//1896 1233//1896 1232//1896
f 1238//1897 1232//1897 1234//1897
f 1239//1898 1156//1898 1235//1898
f 1239//1899 1235//1899 1236//1899
f 1240//1900 1234//1900 1241//1900
f 1240//1901 1238//1901 1234//1901
f 1240//1902 1233//1902 1238//1902
f 1242//1903 1236//1903 1243//1903
f 1242//1904 1156//1904 1239//1904
f 1242//1905 1239//1905 1236//1905
f 1242//1906 1163//1906 1156//1906
f 1244//1907 902//1907 1237//1907
f 1245//1908 1240//1908 1241//1908
f 1245//1909 1233//1909 1240//1909
f 1245//1910 1246//1910 1233//1910
f 1245//1911 1241//1911 1247//1911
f 1248//1912 1242//1912 1243//1912
f 1248//1913 1163//1913 1242//1913
f 1248//1914 1173//1914 1163//1914
f 1249//1915 902//1915 1244//1915
f 1249//1916 912//1916 902//1916
f 1250//1917 1245//1917 1247//1917
f 1250//1918 1246//1918 1245//1918
f 1251//1919 1173//1919 1248//1919
f 1251//1920 1248//1920 1243//1920
f 1252//1921 1247//1921 1253//1921
f 1252//1922 1250//1922 1247//1922
f 1252//1923 1246//1923 1250//1923
f 1254//1924 1173//1924 1251//1924
f 1254//1925 1243//1925 1255//1925
f 1254//1926 1251//1926 1243//1926
f 1254//1927 1184//1927 1173//1927
f 1256//1928 912//1928 1249//1928
f 1257//1929 1253//1929 1258//1929
f 1257//1930 1252//1930 1253//1930
f 1257//1931 1246//1931 1252//1931
f 1257//1932 1259//1932 1246//1932
f 1260//1933 1254//1933 1255//1933
f 1260//1934 1184//1934 1254//1934
f 1260//1935 1196//1935 1184//1935
f 1261//1936 912//1936 1256//1936
f 1261//1937 922//1937 912//1937
f 1262//1938 1259//1938 1257//1938
f 1262//1939 1257//1939 1258//1939
f 1263//1940 1196//1940 1260//1940
f 1263//1941 1260//1941 1255//1941
f 1264//1942 1262//1942 1258//1942
f 1264//1943 1258//1943 1265//1943
f 1264//1944 1259//1944 1262//1944
f 1266//1945 1255//1945 1267//1945
f 1266//1946 1204//1946 1196//1946
f 1266//1947 1196//1947 1263//1947
f 1266//1948 1263//1948 1255//1948
f 1268//1949 922//1949 1261//1949
f 1269//1950 1270//1950 1259//1950
f 1269//1951 1265//1951 1271//1951
f 1269//1952 1264//1952 1265//1952
f 1269//1953 1259//1953 1264//1953
f 1272//1954 1211//1954 1204//1954
f 1272//1955 1266//1955 1267//1955
f 1272//1956 1204//1956 1266//1956
f 1273//1957 922//1957 1268//1957
f 1273//1958 932//1958 922//1958
f 1274//1959 1270//1959 1269//1959
f 1274//1960 1269//1960 1271//1960
f 1275//1961 1211//1961 1272//1961
f 1275//1962 1272//1962 1267//1962
f 1276//1963 1271//1963 1277//1963
f 1276//1964 1270//1964 1274//1964
f 1276//1965 1274//1965 1271//1965
f 1278//1966 1267//1966 1279//1966
f 1278//1967 1275//1967 1267//1967
f 1278//1968 1218//1968 1211//1968
f 1278//1969 1211//1969 1275//1969
f 1280//1970 932//1970 1273//1970
f 1281//1971 1276//1971 1277//1971
f 1281//1972 1282//1972 1270//1972
f 1281//1973 1277//1973 1283//1973
f 1281//1974 1270//1974 1276//1974
f 1284//1975 1218//1975 1278//1975
f 1284//1976 1225//1976 1218//1976
f 1284//1977 1278//1977 1279//1977
f 1285//1978 932//1978 1280//1978
f 1285//1979 942//1979 932//1979
f 1286//1980 1287//1980 1222//1980
f 1288//1981 1281//1981 1283//1981
f 1288//1982 1282//1982 1281//1982
f 1289//1983 1284//1983 1279//1983
f 1289//1984 1225//1984 1284//1984
f 1290//1985 460//1985 461//1985
f 1290//1986 1286//1986 460//1986
f 1290//1987 1287//1987 1286//1987
f 1291//1988 1283//1988 1292//1988
f 1291//1989 1282//1989 1288//1989
f 1291//1990 1288//1990 1283//1990
f 1293//1991 1289//1991 1279//1991
f 1293//1992 1225//1992 1289//1992
f 1293//1993 1279//1993 1294//1993
f 1293//1994 1230//1994 1225//1994
f 1295//1995 942//1995 1285//1995
f 1296//1996 1290//1996 461//1996
f 1296//1997 1287//1997 1290//1997
f 1297//1998 1282//1998 1291//1998
f 1297//1999 1291//1999 1292//1999
f 1297//2000 1292//2000 1298//2000
f 1297//2001 1299//2001 1282//2001
f 1300//2002 1293//2002 1294//2002
f 1300//2003 1230//2003 1293//2003
f 1300//2004 1234//2004 1230//2004
f 1301//2005 461//2005 462//2005
f 1301//2006 1287//2006 1296//2006
f 1301//2007 1296//2007 461//2007
f 1302//2008 942//2008 1295//2008
f 1302//2009 947//2009 942//2009
f 1303//2010 1299//2010 1297//2010
f 1303//2011 1297//2011 1298//2011
f 1304//2012 1234//2012 1300//2012
f 1304//2013 1300//2013 1294//2013
f 1305//2014 1306//2014 1287//2014
f 1305//2015 1301//2015 462//2015
f 1305//2016 1287//2016 1301//2016
f 1307//2017 1298//2017 1308//2017
f 1307//2018 1299//2018 1303//2018
f 1307//2019 1303//2019 1298//2019
f 1309//2020 1241//2020 1234//2020
f 1309//2021 1304//2021 1294//2021
f 1309//2022 1234//2022 1304//2022
f 1309//2023 1294//2023 1310//2023
f 1311//2024 947//2024 1302//2024
f 1312//2025 462//2025 396//2025
f 1312//2026 1313//2026 1306//2026
f 1312//2027 1306//2027 1305//2027
f 1312//2028 1305//2028 462//2028
f 1314//2029 1315//2029 1313//2029
f 1314//2030 1316//2030 1315//2030
f 1314//2031 1313//2031 1312//2031
f 1314//2032 1312//2032 396//2032
f 1317//2033 1308//2033 1318//2033
f 1317//2034 1299//2034 1307//2034
f 1317//2035 1319//2035 1299//2035
f 1317//2036 1307//2036 1308//2036
f 1320//2037 1309//2037 1310//2037
f 1320//2038 1241//2038 1309//2038
f 1320//2039 1247//2039 1241//2039
f 1321//2040 947//2040 1311//2040
f 1321//2041 961//2041 947//2041
f 1322//2042 1317//2042 1318//2042
f 1322//2043 1319//2043 1317//2043
f 1323//2044 1316//2044 1314//2044
f 1323//2045 396//2045 397//2045
f 1323//2046 1324//2046 1325//2046
f 1323//2047 1325//2047 1316//2047
f 1323//2048 1314//2048 396//2048
f 1326//2049 1320//2049 1310//2049
f 1326//2050 1247//2050 1320//2050
f 1327//2051 1319//2051 1322//2051
f 1327//2052 1318//2052 1328//2052
f 1327//2053 1322//2053 1318//2053
f 1329//2054 1326//2054 1310//2054
f 1329//2055 1253//2055 1247//2055
f 1329//2056 1247//2056 1326//2056
f 1329//2057 1310//2057 1330//2057
f 1331//2058 961//2058 1321//2058
f 1332//2059 1324//2059 1323//2059
f 1332//2060 1323//2060 397//2060
f 1332//2061 1333//2061 1324//2061
f 1334//2062 1319//2062 1327//2062
f 1334//2063 1327//2063 1328//2063
f 1334//2064 1335//2064 1319//2064
f 1334//2065 1328//2065 1336//2065
f 1337//2066 1329//2066 1330//2066
f 1337//2067 1258//2067 1253//2067
f 1337//2068 1253//2068 1329//2068
f 1338//2069 971//2069 961//2069
f 1338//2070 961//2070 1331//2070
f 1339//2071 1340//2071 1341//2071
f 1339//2072 397//2072 401//2072
f 1339//2073 1333//2073 1332//2073
f 1339//2074 1341//2074 1333//2074
f 1339//2075 1332//2075 397//2075
f 1342//2076 1335//2076 1334//2076
f 1342//2077 1334//2077 1336//2077
f 1343//2078 1337//2078 1330//2078
f 1343//2079 1258//2079 1337//2079
f 1344//2080 1342//2080 1336//2080
f 1344//2081 1335//2081 1342//2081
f 1344//2082 1336//2082 1345//2082
f 1346//2083 1258//2083 1343//2083
f 1346//2084 1265//2084 1258//2084
f 1346//2085 1343//2085 1330//2085
f 1346//2086 1330//2086 1347//2086
f 1348//2087 971//2087 1338//2087
f 1349//2088 1350//2088 1351//2088
f 1349//2089 1352//2089 1340//2089
f 1349//2090 1353//2090 1352//2090
f 1349//2091 1340//2091 1339//2091
f 1349//2092 1351//2092 1353//2092
f 1349//2093 1354//2093 1350//2093
f 1355//2094 1335//2094 1344//2094
f 1355//2095 1345//2095 1356//2095
f 1355//2096 1357//2096 1335//2096
f 1355//2097 1344//2097 1345//2097
f 1358//2098 1271//2098 1265//2098
f 1358//2099 1265//2099 1346//2099
f 1358//2100 1346//2100 1347//2100
f 1359//2101 975//2101 971//2101
f 1359//2102 971//2102 1348//2102
f 1360//2103 1355//2103 1356//2103
f 1360//2104 1357//2104 1355//2104
f 1361//2105 1271//2105 1358//2105
f 1361//2106 1358//2106 1347//2106
f 1362//2107 1357//2107 1360//2107
f 1362//2108 1356//2108 1363//2108
f 1362//2109 1360//2109 1356//2109
f 1364//2110 1361//2110 1347//2110
f 1364//2111 1277//2111 1271//2111
f 1364//2112 1347//2112 1365//2112
f 1364//2113 1271//2113 1361//2113
f 1366//2114 975//2114 1359//2114
f 1367//2115 1362//2115 1363//2115
f 1367//2116 1368//2116 1357//2116
f 1367//2117 1363//2117 1369//2117
f 1367//2118 1357//2118 1362//2118
f 1370//2119 1277//2119 1364//2119
f 1370//2120 1283//2120 1277//2120
f 1370//2121 1364//2121 1365//2121
f 1371//2122 979//2122 975//2122
f 1371//2123 975//2123 1366//2123
f 1372//2124 1368//2124 1367//2124
f 1372//2125 1367//2125 1369//2125
f 1373//2126 1283//2126 1370//2126
f 1373//2127 1370//2127 1365//2127
f 1374//2128 1372//2128 1369//2128
f 1374//2129 1368//2129 1372//2129
f 1374//2130 1369//2130 1375//2130
f 1376//2131 1292//2131 1283//2131
f 1376//2132 1365//2132 1377//2132
f 1376//2133 1283//2133 1373//2133
f 1376//2134 1373//2134 1365//2134
f 1378//2135 979//2135 1371//2135
f 1379//2136 1375//2136 1380//2136
f 1379//2137 1374//2137 1375//2137
f 1379//2138 1368//2138 1374//2138
f 1379//2139 1381//2139 1368//2139
f 1382//2140 1376//2140 1377//2140
f 1382//2141 1292//2141 1376//2141
f 1382//2142 1298//2142 1292//2142
f 1383//2143 982//2143 979//2143
f 1383//2144 979//2144 1378//2144
f 1384//2145 1379//2145 1380//2145
f 1384//2146 1381//2146 1379//2146
f 1385//2147 1382//2147 1377//2147
f 1385//2148 1298//2148 1382//2148
f 1386//2149 421//2149 425//2149
f 1386//2150 1387//2150 421//2150
f 1388//2151 1384//2151 1380//2151
f 1388//2152 1380//2152 1389//2152
f 1388//2153 1381//2153 1384//2153
f 1390//2154 1298//2154 1385//2154
f 1390//2155 1308//2155 1298//2155
f 1390//2156 1385//2156 1377//2156
f 1390//2157 1377//2157 1391//2157
f 1392//2158 982//2158 1383//2158
f 1393//2159 1386//2159 425//2159
f 1394//2160 1389//2160 1395//2160
f 1394//2161 1388//2161 1389//2161
f 1394//2162 1381//2162 1388//2162
f 1394//2163 1396//2163 1381//2163
f 1397//2164 1308//2164 1390//2164
f 1397//2165 1318//2165 1308//2165
f 1397//2166 1390//2166 1391//2166
f 1398//2167 984//2167 982//2167
f 1398//2168 982//2168 1392//2168
f 1399//2169 1394//2169 1395//2169
f 1399//2170 1396//2170 1394//2170
f 1400//2171 1318//2171 1397//2171
f 1400//2172 1397//2172 1391//2172
f 1401//2173 425//2173 468//2173
f 1401//2174 1393//2174 425//2174
f 1402//2175 1399//2175 1395//2175
f 1402//2176 1395//2176 1403//2176
f 1402//2177 1396//2177 1399//2177
f 1404//2178 1328//2178 1318//2178
f 1404//2179 1391//2179 1405//2179
f 1404//2180 1318//2180 1400//2180
f 1404//2181 1400//2181 1391//2181
f 1406//2182 984//2182 1398//2182
f 1407//2183 1401//2183 468//2183
f 1408//2184 1396//2184 1402//2184
f 1408//2185 1402//2185 1403//2185
f 1408//2186 1403//2186 1409//2186
f 1408//2187 1410//2187 1396//2187
f 1411//2188 1404//2188 1405//2188
f 1411//2189 1336//2189 1328//2189
f 1411//2190 1328//2190 1404//2190
f 1412//2191 752//2191 984//2191
f 1412//2192 984//2192 1406//2192
f 1413//2193 1410//2193 1408//2193
f 1413//2194 1408//2194 1409//2194
f 1414//2195 1336//2195 1411//2195
f 1414//2196 1411//2196 1405//2196
f 1415//2197 468//2197 469//2197
f 1415//2198 1407//2198 468//2198
f 1416//2199 1410//2199 1413//2199
f 1416//2200 1409//2200 1417//2200
f 1416//2201 1413//2201 1409//2201
f 1418//2202 1414//2202 1405//2202
f 1418//2203 1336//2203 1414//2203
f 1418//2204 1405//2204 1419//2204
f 1418//2205 1345//2205 1336//2205
f 1420//2206 752//2206 1412//2206
f 1421//2207 1415//2207 469//2207
f 1422//2208 1410//2208 1416//2208
f 1422//2209 1417//2209 1423//2209
f 1422//2210 1424//2210 1410//2210
f 1422//2211 1416//2211 1417//2211
f 1425//2212 1418//2212 1419//2212
f 1425//2213 1345//2213 1418//2213
f 1425//2214 1356//2214 1345//2214
f 1426//2215 753//2215 752//2215
f 1426//2216 752//2216 1420//2216
f 1427//2217 1422//2217 1423//2217
f 1427//2218 1424//2218 1422//2218
f 1428//2219 1425//2219 1419//2219
f 1428//2220 1356//2220 1425//2220
f 1429//2221 469//2221 474//2221
f 1429//2222 1421//2222 469//2222
f 1430//2223 1424//2223 1427//2223
f 1430//2224 1427//2224 1423//2224
f 1430//2225 1423//2225 1431//2225
f 1432//2226 1363//2226 1356//2226
f 1432//2227 1356//2227 1428//2227
f 1432//2228 1419//2228 1433//2228
f 1432//2229 1428//2229 1419//2229
f 1434//2230 753//2230 1426//2230
f 1435//2231 1429//2231 474//2231
f 1436//2232 1437//2232 1424//2232
f 1436//2233 1430//2233 1431//2233
f 1436//2234 1424//2234 1430//2234
f 1436//2235 1431//2235 1438//2235
f 1439//2236 1363//2236 1432//2236
f 1439//2237 1432//2237 1433//2237
f 1439//2238 1369//2238 1363//2238
f 1440//2239 757//2239 753//2239
f 1440//2240 753//2240 1434//2240
f 1441//2241 1437//2241 1436//2241
f 1441//2242 1436//2242 1438//2242
f 1442//2243 1439//2243 1433//2243
f 1442//2244 1369//2244 1439//2244
f 1443//2245 474//2245 478//2245
f 1443//2246 1435//2246 474//2246
f 1444//2247 1441//2247 1438//2247
f 1444//2248 1438//2248 1445//2248
f 1444//2249 1437//2249 1441//2249
f 1446//2250 1433//2250 1447//2250
f 1446//2251 1442//2251 1433//2251
f 1446//2252 1369//2252 1442//2252
f 1446//2253 1375//2253 1369//2253
f 1448//2254 1443//2254 478//2254
f 1449//2255 1450//2255 1437//2255
f 1449//2256 1445//2256 1451//2256
f 1449//2257 1437//2257 1444//2257
f 1449//2258 1444//2258 1445//2258
f 1452//2259 1380//2259 1375//2259
f 1452//2260 1375//2260 1446//2260
f 1452//2261 1446//2261 1447//2261
f 1453//2262 1449//2262 1451//2262
f 1453//2263 1450//2263 1449//2263
f 1454//2264 1452//2264 1447//2264
f 1454//2265 1380//2265 1452//2265
f 1455//2266 478//2266 486//2266
f 1455//2267 1448//2267 478//2267
f 1456//2268 1450//2268 1453//2268
f 1456//2269 1453//2269 1451//2269
f 1456//2270 1451//2270 1457//2270
f 1458//2271 1454//2271 1447//2271
f 1458//2272 1380//2272 1454//2272
f 1458//2273 1389//2273 1380//2273
f 1458//2274 1447//2274 1459//2274
f 1460//2275 1455//2275 486//2275
f 1461//2276 1456//2276 1457//2276
f 1461//2277 1450//2277 1456//2277
f 1461//2278 1462//2278 1450//2278
f 1461//2279 1457//2279 1463//2279
f 1464//2280 1395//2280 1389//2280
f 1464//2281 1458//2281 1459//2281
f 1464//2282 1389//2282 1458//2282
f 1465//2283 1462//2283 1461//2283
f 1465//2284 1461//2284 1463//2284
f 1466//2285 1395//2285 1464//2285
f 1466//2286 1464//2286 1459//2286
f 1467//2287 486//2287 495//2287
f 1467//2288 1460//2288 486//2288
f 1468//2289 1465//2289 1463//2289
f 1468//2290 1463//2290 1469//2290
f 1468//2291 1462//2291 1465//2291
f 1470//2292 1471//2292 1472//2292
f 1473//2293 1466//2293 1459//2293
f 1473//2294 1403//2294 1395//2294
f 1473//2295 1459//2295 1474//2295
f 1473//2296 1395//2296 1466//2296
f 1475//2297 1471//2297 1470//2297
f 1476//2298 1467//2298 495//2298
f 1477//2299 1478//2299 1462//2299
f 1477//2300 1462//2300 1468//2300
f 1477//2301 1469//2301 1479//2301
f 1477//2302 1468//2302 1469//2302
f 1480//2303 1409//2303 1403//2303
f 1480//2304 1403//2304 1473//2304
f 1480//2305 1473//2305 1474//2305
f 1481//2306 1478//2306 1477//2306
f 1481//2307 1477//2307 1479//2307
f 1482//2308 1471//2308 1475//2308
f 1483//2309 992//2309 991//2309
f 1483//2310 991//2310 1484//2310
f 1485//2311 1480//2311 1474//2311
f 1485//2312 1409//2312 1480//2312
f 1486//2313 1478//2313 1481//2313
f 1486//2314 1479//2314 1487//2314
f 1486//2315 1481//2315 1479//2315
f 1488//2316 1417//2316 1409//2316
f 1488//2317 1409//2317 1485//2317
f 1488//2318 1474//2318 1489//2318
f 1488//2319 1485//2319 1474//2319
f 1490//2320 1471//2320 1482//2320
f 1491//2321 992//2321 1483//2321
f 1492//2322 1471//2322 1490//2322
f 1492//2323 1493//2323 1471//2323
f 1494//2324 1478//2324 1486//2324
f 1494//2325 1487//2325 1495//2325
f 1494//2326 1486//2326 1487//2326
f 1494//2327 1496//2327 1478//2327
f 1497//2328 1488//2328 1489//2328
f 1497//2329 1423//2329 1417//2329
f 1497//2330 1417//2330 1488//2330
f 1498//2331 1496//2331 1494//2331
f 1498//2332 1494//2332 1495//2332
f 1499//2333 1493//2333 1492//2333
f 1500//2334 1497//2334 1489//2334
f 1500//2335 1423//2335 1497//2335
f 1501//2336 1495//2336 1502//2336
f 1501//2337 1496//2337 1498//2337
f 1501//2338 1498//2338 1495//2338
f 1503//2339 1493//2339 1499//2339
f 1503//2340 1484//2340 1493//2340
f 1504//2341 1489//2341 1505//2341
f 1504//2342 1423//2342 1500//2342
f 1504//2343 1500//2343 1489//2343
f 1504//2344 1431//2344 1423//2344
f 1506//2345 1484//2345 1503//2345
f 1506//2346 1483//2346 1484//2346
f 1507//2347 1501//2347 1502//2347
f 1507//2348 1496//2348 1501//2348
f 1507//2349 1508//2349 1496//2349
f 1507//2350 1502//2350 1509//2350
f 1510//2351 1483//2351 1506//2351
f 1510//2352 1491//2352 1483//2352
f 1511//2353 1504//2353 1505//2353
f 1511//2354 1431//2354 1504//2354
f 1511//2355 1438//2355 1431//2355
f 1512//2356 1508//2356 1507//2356
f 1512//2357 1507//2357 1509//2357
f 1513//2358 1438//2358 1511//2358
f 1513//2359 1511//2359 1505//2359
f 1514//2360 1509//2360 1515//2360
f 1514//2361 1512//2361 1509//2361
f 1514//2362 1508//2362 1512//2362
f 1516//2363 1438//2363 1513//2363
f 1516//2364 1505//2364 1517//2364
f 1516//2365 1513//2365 1505//2365
f 1516//2366 1445//2366 1438//2366
f 1518//2367 1491//2367 1510//2367
f 1519//2368 1491//2368 1518//2368
f 1520//2369 1514//2369 1515//2369
f 1520//2370 1515//2370 1521//2370
f 1520//2371 1508//2371 1514//2371
f 1520//2372 1522//2372 1508//2372
f 1523//2373 1516//2373 1517//2373
f 1523//2374 1445//2374 1516//2374
f 1523//2375 1451//2375 1445//2375
f 1524//2376 1520//2376 1521//2376
f 1524//2377 1522//2377 1520//2377
f 1525//2378 1523//2378 1517//2378
f 1525//2379 1451//2379 1523//2379
f 1526//2380 1521//2380 1527//2380
f 1526//2381 1522//2381 1524//2381
f 1526//2382 1524//2382 1521//2382
f 1528//2383 1517//2383 1529//2383
f 1528//2384 1525//2384 1517//2384
f 1528//2385 1457//2385 1451//2385
f 1528//2386 1451//2386 1525//2386
f 1530//2387 1531//2387 1522//2387
f 1530//2388 1527//2388 1532//2388
f 1530//2389 1522//2389 1526//2389
f 1530//2390 1526//2390 1527//2390
f 1533//2391 1528//2391 1529//2391
f 1533//2392 1463//2392 1457//2392
f 1533//2393 1457//2393 1528//2393
f 1534//2394 1530//2394 1532//2394
f 1534//2395 1531//2395 1530//2395
f 1535//2396 1533//2396 1529//2396
f 1535//2397 1463//2397 1533//2397
f 1536//2398 1531//2398 1534//2398
f 1536//2399 1532//2399 1537//2399
f 1536//2400 1534//2400 1532//2400
f 1538//2401 1463//2401 1535//2401
f 1538//2402 1535//2402 1529//2402
f 1538//2403 1469//2403 1463//2403
f 1538//2404 1529//2404 1539//2404
f 1540//2405 1537//2405 1541//2405
f 1540//2406 1542//2406 1531//2406
f 1540//2407 1531//2407 1536//2407
f 1540//2408 1536//2408 1537//2408
f 1543//2409 1538//2409 1539//2409
f 1543//2410 1469//2410 1538//2410
f 1543//2411 1479//2411 1469//2411
f 1544//2412 1540//2412 1541//2412
f 1544//2413 1542//2413 1540//2413
f 1545//2414 1479//2414 1543//2414
f 1545//2415 1543//2415 1539//2415
f 1546//2416 1542//2416 1544//2416
f 1546//2417 1547//2417 1548//2417
f 1546//2418 1549//2418 1550//2418
f 1546//2419 1550//2419 1542//2419
f 1546//2420 1541//2420 1551//2420
f 1546//2421 1552//2421 1547//2421
f 1546//2422 1544//2422 1541//2422
f 1546//2423 1551//2423 1552//2423
f 1553//2424 1479//2424 1545//2424
f 1553//2425 1545//2425 1539//2425
f 1553//2426 1539//2426 1554//2426
f 1553//2427 1487//2427 1479//2427
f 1555//2428 1553//2428 1554//2428
f 1555//2429 1487//2429 1553//2429
f 1555//2430 1495//2430 1487//2430
f 1556//2431 1555//2431 1554//2431
f 1556//2432 1495//2432 1555//2432
f 1557//2433 1554//2433 1558//2433
f 1557//2434 1502//2434 1495//2434
f 1557//2435 1556//2435 1554//2435
f 1557//2436 1495//2436 1556//2436
f 1559//2437 1026//2437 1024//2437
f 1560//2438 1557//2438 1558//2438
f 1560//2439 1502//2439 1557//2439
f 1560//2440 1509//2440 1502//2440
f 1561//2441 1509//2441 1560//2441
f 1561//2442 1560//2442 1558//2442
f 1562//2443 1515//2443 1509//2443
f 1562//2444 1509//2444 1561//2444
f 1562//2445 1561//2445 1558//2445
f 1562//2446 1558//2446 1563//2446
f 1564//2447 1521//2447 1515//2447
f 1564//2448 1515//2448 1562//2448
f 1564//2449 1562//2449 1563//2449
f 1565//2450 1564//2450 1563//2450
f 1565//2451 1521//2451 1564//2451
f 1566//2452 1546//2452 1548//2452
f 1566//2453 1549//2453 1546//2453
f 1566//2454 1548//2454 1567//2454
f 1568//2455 1549//2455 1566//2455
f 1569//2456 1563//2456 1570//2456
f 1569//2457 1527//2457 1521//2457
f 1569//2458 1521//2458 1565//2458
f 1569//2459 1565//2459 1563//2459
f 1571//2460 1549//2460 1568//2460
f 1572//2461 1549//2461 1571//2461
f 1573//2462 1549//2462 1572//2462
f 1574//2463 1532//2463 1527//2463
f 1574//2464 1569//2464 1570//2464
f 1574//2465 1527//2465 1569//2465
f 1575//2466 1549//2466 1573//2466
f 1576//2467 1549//2467 1575//2467
f 1577//2468 1574//2468 1570//2468
f 1577//2469 1532//2469 1574//2469
f 1578//2470 1549//2470 1576//2470
f 1579//2471 1549//2471 1578//2471
f 1580//2472 1577//2472 1570//2472
f 1580//2473 1532//2473 1577//2473
f 1580//2474 1537//2474 1532//2474
f 1580//2475 1570//2475 1581//2475
f 1582//2476 1549//2476 1579//2476
f 1582//2477 1559//2477 1549//2477
f 1583//2478 1559//2478 1582//2478
f 1584//2479 1572//2479 1571//2479
f 1584//2480 1575//2480 1573//2480
f 1584//2481 1571//2481 1568//2481
f 1584//2482 1566//2482 1567//2482
f 1584//2483 1567//2483 1585//2483
f 1584//2484 1585//2484 1586//2484
f 1584//2485 1586//2485 1587//2485
f 1584//2486 1568//2486 1566//2486
f 1584//2487 1587//2487 1588//2487
f 1584//2488 1573//2488 1572//2488
f 1589//2489 1580//2489 1581//2489
f 1589//2490 1541//2490 1537//2490
f 1589//2491 1537//2491 1580//2491
f 1590//2492 1578//2492 1576//2492
f 1590//2493 1575//2493 1584//2493
f 1590//2494 1576//2494 1575//2494
f 1590//2495 1584//2495 1588//2495
f 1590//2496 1588//2496 1591//2496
f 1592//2497 1589//2497 1581//2497
f 1592//2498 1541//2498 1589//2498
f 1593//2499 1579//2499 1578//2499
f 1593//2500 1578//2500 1590//2500
f 1593//2501 1590//2501 1591//2501
f 1594//2502 1579//2502 1593//2502
f 1594//2503 1583//2503 1582//2503
f 1594//2504 1593//2504 1591//2504
f 1594//2505 1582//2505 1579//2505
f 1594//2506 1591//2506 1595//2506
f 1596//2507 1541//2507 1592//2507
f 1596//2508 1551//2508 1541//2508
f 1596//2509 1592//2509 1581//2509
f 1596//2510 1547//2510 1552//2510
f 1596//2511 1581//2511 1597//2511
f 1596//2512 1597//2512 1598//2512
f 1596//2513 1552//2513 1551//2513
f 1599//2514 1595//2514 1600//2514
f 1599//2515 1594//2515 1595//2515
f 1599//2516 1583//2516 1594//2516
f 1601//2517 1599//2517 1600//2517
f 1601//2518 1583//2518 1599//2518
f 1602//2519 1600//2519 1603//2519
f 1602//2520 1601//2520 1600//2520
f 1602//2521 1583//2521 1601//2521
f 1604//2522 1583//2522 1602//2522
f 1604//2523 1602//2523 1603//2523
f 1605//2524 1603//2524 1606//2524
f 1605//2525 1606//2525 1607//2525
f 1605//2526 1607//2526 1608//2526
f 1605//2527 1559//2527 1583//2527
f 1605//2528 1026//2528 1559//2528
f 1605//2529 1608//2529 1609//2529
f 1605//2530 1609//2530 1610//2530
f 1605//2531 1610//2531 1611//2531
f 1605//2532 1583//2532 1604//2532
f 1605//2533 1611//2533 1026//2533
f 1605//2534 1604//2534 1603//2534
f 1612//2535 1585//2535 1567//2535
f 1612//2536 1586//2536 1585//2536
f 1612//2537 1587//2537 1586//2537
f 1613//2538 1548//2538 1547//2538
f 1613//2539 1612//2539 1567//2539
f 1613//2540 1547//2540 1596//2540
f 1613//2541 1596//2541 1598//2541
f 1613//2542 1567//2542 1548//2542
f 1614//2543 1588//2543 1587//2543
f 1614//2544 1587//2544 1612//2544
f 1615//2545 1613//2545 1598//2545
f 1615//2546 1612//2546 1613//2546
f 1616//2547 1588//2547 1614//2547
f 1617//2548 1615//2548 1598//2548
f 1617//2549 1612//2549 1615//2549
f 1618//2550 1591//2550 1588//2550
f 1618//2551 1588//2551 1616//2551
f 1619//2552 1612//2552 1617//2552
f 1619//2553 1617//2553 1598//2553
f 1620//2554 1591//2554 1618//2554
f 1620//2555 1595//2555 1591//2555
f 1621//2556 1619//2556 1598//2556
f 1621//2557 1612//2557 1619//2557
f 1622//2558 1614//2558 1612//2558
f 1622//2559 1612//2559 1621//2559
f 1622//2560 1621//2560 1598//2560
f 1623//2561 1595//2561 1620//2561
f 1624//2562 1614//2562 1622//2562
f 1624//2563 1616//2563 1614//2563
f 1624//2564 1622//2564 1598//2564
f 1625//2565 1600//2565 1595//2565
f 1625//2566 1595//2566 1623//2566
f 1626//2567 1616//2567 1624//2567
f 1626//2568 1624//2568 1598//2568
f 1627//2569 1600//2569 1625//2569
f 1628//2570 1616//2570 1626//2570
f 1628//2571 1618//2571 1616//2571
f 1628//2572 1626//2572 1598//2572
f 1629//2573 1618//2573 1628//2573
f 1629//2574 1628//2574 1598//2574
f 1630//2575 1600//2575 1627//2575
f 1630//2576 1603//2576 1600//2576
f 1631//2577 1620//2577 1618//2577
f 1631//2578 1629//2578 1598//2578
f 1631//2579 1618//2579 1629//2579
f 1632//2580 1606//2580 1603//2580
f 1632//2581 1607//2581 1606//2581
f 1632//2582 1603//2582 1630//2582
f 1632//2583 1608//2583 1607//2583
f 1632//2584 1609//2584 1608//2584
f 1632//2585 1610//2585 1609//2585
f 1632//2586 1611//2586 1610//2586
f 1632//2587 1026//2587 1611//2587
f 1633//2588 1625//2588 1623//2588
f 1633//2589 1630//2589 1627//2589
f 1633//2590 1623//2590 1620//2590
f 1633//2591 1632//2591 1630//2591
f 1633//2592 1627//2592 1625//2592
f 1633//2593 1631//2593 1598//2593
f 1633//2594 1620//2594 1631//2594
f 1634//2595 1635//2595 1636//2595
f 1634//2596 1637//2596 1635//2596
f 1634//2597 1638//2597 1637//2597
f 1634//2598 1639//2598 1638//2598
f 1634//2599 1636//2599 1640//2599
f 1641//2600 1642//2600 1639//2600
f 1641//2601 1639//2601 1634//2601
f 1641//2602 448//2602 452//2602
f 1643//2603 1632//2603 1633//2603
f 1643//2604 1026//2604 1632//2604
f 1644//2605 1645//2605 1642//2605
f 1644//2606 1646//2606 1645//2606
f 1644//2607 1642//2607 1641//2607
f 1644//2608 1641//2608 452//2608
f 1647//2609 1646//2609 1644//2609
f 1647//2610 452//2610 666//2610
f 1647//2611 1644//2611 452//2611
f 1647//2612 1648//2612 1646//2612
f 1649//2613 1650//2613 1651//2613
f 1649//2614 1651//2614 1648//2614
f 1649//2615 1648//2615 1647//2615
f 1649//2616 1647//2616 666//2616
f 1652//2617 1650//2617 1649//2617
f 1652//2618 1653//2618 1654//2618
f 1652//2619 1649//2619 666//2619
f 1652//2620 666//2620 667//2620
f 1652//2621 1654//2621 1650//2621
f 1655//2622 1643//2622 1653//2622
f 1655//2623 1653//2623 1652//2623
f 1656//2624 996//2624 132//2624
f 1656//2625 997//2625 996//2625
f 1656//2626 998//2626 997//2626
f 1656//2627 774//2627 998//2627
f 1657//2628 774//2628 1656//2628
f 1657//2629 775//2629 774//2629
f 1657//2630 776//2630 775//2630
f 1658//2631 1657//2631 1656//2631
f 1659//2632 1657//2632 1658//2632
f 1659//2633 1658//2633 1028//2633
f 1660//2634 1659//2634 1028//2634
f 1660//2635 776//2635 1657//2635
f 1660//2636 1028//2636 709//2636
f 1660//2637 1657//2637 1659//2637
f 1660//2638 706//2638 776//2638
f 1660//2639 707//2639 706//2639
f 1660//2640 708//2640 707//2640
f 1660//2641 709//2641 708//2641
f 1661//2642 132//2642 1025//2642
f 1661//2643 1656//2643 132//2643
f 1661//2644 1658//2644 1656//2644
f 1661//2645 1028//2645 1658//2645
f 1662//2646 1663//2646 1664//2646
f 1662//2647 1664//2647 1055//2647
f 1662//2648 1665//2648 1663//2648
f 1662//2649 1055//2649 740//2649
f 1662//2650 1054//2650 1665//2650
f 1662//2651 720//2651 1040//2651
f 1662//2652 1040//2652 1049//2652
f 1662//2653 724//2653 720//2653
f 1662//2654 728//2654 724//2654
f 1662//2655 732//2655 728//2655
f 1662//2656 736//2656 732//2656
f 1662//2657 740//2657 736//2657
f 1662//2658 1049//2658 1054//2658
f 1666//2659 1667//2659 1661//2659
f 1666//2660 1661//2660 1025//2660
f 1668//2661 1036//2661 1667//2661
f 1668//2662 1038//2662 1036//2662
f 1668//2663 1041//2663 1039//2663
f 1668//2664 1042//2664 1041//2664
f 1668//2665 1043//2665 1042//2665
f 1668//2666 1039//2666 1038//2666
f 1668//2667 1044//2667 1043//2667
f 1669//2668 1044//2668 1668//2668
f 1669//2669 1045//2669 1044//2669
f 1670//2670 1045//2670 1669//2670
f 1670//2671 1046//2671 1045//2671
f 1671//2672 1047//2672 1046//2672
f 1671//2673 1048//2673 1047//2673
f 1671//2674 1050//2674 1048//2674
f 1671//2675 1051//2675 1050//2675
f 1671//2676 1046//2676 1670//2676
f 1672//2677 1668//2677 1667//2677
f 1672//2678 1666//2678 1673//2678
f 1672//2679 1667//2679 1666//2679
f 1672//2680 1073//2680 1086//2680
f 1674//2681 1671//2681 1670//2681
f 1674//2682 1668//2682 1672//2682
f 1674//2683 1669//2683 1668//2683
f 1674//2684 1670//2684 1669//2684
f 1675//2685 1671//2685 1674//2685
f 1675//2686 1674//2686 1145//2686
f 1676//2687 1070//2687 1058//2687
f 1676//2688 1025//2688 1677//2688
f 1676//2689 1673//2689 1666//2689
f 1676//2690 1678//2690 1070//2690
f 1676//2691 1073//2691 1672//2691
f 1676//2692 1672//2692 1673//2692
f 1676//2693 1677//2693 1678//2693
f 1676//2694 1058//2694 1073//2694
f 1676//2695 1666//2695 1025//2695
f 1679//2696 1671//2696 1675//2696
f 1679//2697 1675//2697 1145//2697
f 1680//2698 1671//2698 1679//2698
f 1680//2699 1679//2699 1145//2699
f 1681//2700 1680//2700 1145//2700
f 1681//2701 1671//2701 1680//2701
f 1682//2702 1671//2702 1681//2702
f 1682//2703 1681//2703 1145//2703
f 1683//2704 1682//2704 1145//2704
f 1683//2705 1671//2705 1682//2705
f 1684//2706 1683//2706 1145//2706
f 1684//2707 1671//2707 1683//2707
f 1684//2708 1051//2708 1671//2708
f 1684//2709 1052//2709 1051//2709
f 1685//2710 1054//2710 1053//2710
f 1685//2711 1145//2711 1155//2711
f 1685//2712 1684//2712 1145//2712
f 1685//2713 1052//2713 1684//2713
f 1685//2714 1053//2714 1052//2714
f 1686//2715 1054//2715 1685//2715
f 1686//2716 1685//2716 1155//2716
f 1686//2717 1665//2717 1054//2717
f 1687//2718 1663//2718 1665//2718
f 1687//2719 1665//2719 1686//2719
f 1687//2720 1686//2720 1155//2720
f 1687//2721 1155//2721 1174//2721
f 1688//2722 1664//2722 1663//2722
f 1688//2723 1687//2723 1174//2723
f 1688//2724 1663//2724 1687//2724
f 1689//2725 1688//2725 1174//2725
f 1689//2726 1664//2726 1688//2726
f 1690//2727 1101//2727 1104//2727
f 1690//2728 1106//2728 1109//2728
f 1690//2729 1674//2729 1672//2729
f 1690//2730 1114//2730 1113//2730
f 1690//2731 1111//2731 1114//2731
f 1690//2732 1113//2732 1117//2732
f 1690//2733 1117//2733 1121//2733
f 1690//2734 1089//2734 1091//2734
f 1690//2735 1086//2735 1089//2735
f 1690//2736 1102//2736 1101//2736
f 1690//2737 1109//2737 1111//2737
f 1690//2738 1091//2738 1092//2738
f 1690//2739 1672//2739 1086//2739
f 1690//2740 1092//2740 1095//2740
f 1690//2741 1095//2741 1099//2741
f 1690//2742 1145//2742 1674//2742
f 1690//2743 1099//2743 1102//2743
f 1690//2744 1104//2744 1106//2744
f 1691//2745 1145//2745 1690//2745
f 1691//2746 1690//2746 1121//2746
f 1692//2747 1145//2747 1691//2747
f 1692//2748 1691//2748 1121//2748
f 1693//2749 1138//2749 1140//2749
f 1693//2750 1692//2750 1121//2750
f 1693//2751 1124//2751 1123//2751
f 1693//2752 1145//2752 1692//2752
f 1693//2753 1133//2753 1132//2753
f 1693//2754 1121//2754 1124//2754
f 1693//2755 1123//2755 1134//2755
f 1693//2756 1134//2756 1135//2756
f 1693//2757 1135//2757 1136//2757
f 1693//2758 1136//2758 1133//2758
f 1693//2759 1140//2759 1145//2759
f 1693//2760 1132//2760 1138//2760
f 1694//2761 1055//2761 1664//2761
f 1694//2762 1689//2762 1174//2762
f 1694//2763 1174//2763 1195//2763
f 1694//2764 1664//2764 1689//2764
f 1695//2765 1694//2765 1195//2765
f 1695//2766 1056//2766 1055//2766
f 1695//2767 1055//2767 1694//2767
f 1696//2768 1695//2768 1195//2768
f 1696//2769 1056//2769 1695//2769
f 1697//2770 1057//2770 1056//2770
f 1697//2771 1195//2771 1210//2771
f 1697//2772 1696//2772 1195//2772
f 1697//2773 1056//2773 1696//2773
f 1698//2774 1072//2774 1057//2774
f 1698//2775 1697//2775 1210//2775
f 1698//2776 1057//2776 1697//2776
f 1699//2777 1072//2777 1698//2777
f 1699//2778 1698//2778 1210//2778
f 1700//2779 1081//2779 1072//2779
f 1700//2780 1210//2780 1226//2780
f 1700//2781 1699//2781 1210//2781
f 1700//2782 1072//2782 1699//2782
f 1701//2783 1700//2783 1226//2783
f 1701//2784 1081//2784 1700//2784
f 1701//2785 1087//2785 1081//2785
f 1702//2786 1025//2786 129//2786
f 1702//2787 129//2787 1222//2787
f 1702//2788 1222//2788 1166//2788
f 1702//2789 1166//2789 1126//2789
f 1702//2790 1677//2790 1025//2790
f 1702//2791 1070//2791 1678//2791
f 1702//2792 1126//2792 1066//2792
f 1702//2793 1678//2793 1677//2793
f 1702//2794 1066//2794 1070//2794
f 1703//2795 1087//2795 1701//2795
f 1703//2796 1701//2796 1226//2796
f 1704//2797 1096//2797 1087//2797
f 1704//2798 1226//2798 1233//2798
f 1704//2799 1087//2799 1703//2799
f 1704//2800 1703//2800 1226//2800
f 1705//2801 1107//2801 1096//2801
f 1705//2802 1704//2802 1233//2802
f 1705//2803 1096//2803 1704//2803
f 1706//2804 1705//2804 1233//2804
f 1706//2805 1107//2805 1705//2805
f 1707//2806 1115//2806 1107//2806
f 1707//2807 1233//2807 1246//2807
f 1707//2808 1706//2808 1233//2808
f 1707//2809 1107//2809 1706//2809
f 1708//2810 1115//2810 1707//2810
f 1708//2811 1125//2811 1115//2811
f 1708//2812 1707//2812 1246//2812
f 1709//2813 1125//2813 1708//2813
f 1709//2814 1708//2814 1246//2814
f 1710//2815 1709//2815 1246//2815
f 1710//2816 1246//2816 1259//2816
f 1710//2817 1125//2817 1709//2817
f 1710//2818 1142//2818 1125//2818
f 1711//2819 1150//2819 1142//2819
f 1711//2820 1710//2820 1259//2820
f 1711//2821 1142//2821 1710//2821
f 1712//2822 1711//2822 1259//2822
f 1712//2823 1150//2823 1711//2823
f 1713//2824 1712//2824 1259//2824
f 1713//2825 1150//2825 1712//2825
f 1713//2826 1259//2826 1270//2826
f 1713//2827 1158//2827 1150//2827
f 1714//2828 1158//2828 1713//2828
f 1714//2829 1713//2829 1270//2829
f 1714//2830 1165//2830 1158//2830
f 1715//2831 1714//2831 1270//2831
f 1715//2832 1165//2832 1714//2832
f 1716//2833 1715//2833 1270//2833
f 1716//2834 1165//2834 1715//2834
f 1716//2835 1270//2835 1282//2835
f 1716//2836 1176//2836 1165//2836
f 1717//2837 1716//2837 1282//2837
f 1717//2838 1176//2838 1716//2838
f 1717//2839 1187//2839 1176//2839
f 1718//2840 1187//2840 1717//2840
f 1718//2841 1717//2841 1282//2841
f 1719//2842 1199//2842 1187//2842
f 1719//2843 1187//2843 1718//2843
f 1719//2844 1282//2844 1299//2844
f 1719//2845 1718//2845 1282//2845
f 1720//2846 1206//2846 1199//2846
f 1720//2847 1199//2847 1719//2847
f 1720//2848 1719//2848 1299//2848
f 1721//2849 1720//2849 1299//2849
f 1721//2850 1206//2850 1720//2850
f 1722//2851 1721//2851 1299//2851
f 1722//2852 1213//2852 1206//2852
f 1722//2853 1206//2853 1721//2853
f 1722//2854 1299//2854 1319//2854
f 1723//2855 1722//2855 1319//2855
f 1723//2856 1220//2856 1213//2856
f 1723//2857 1213//2857 1722//2857
f 1724//2858 1723//2858 1319//2858
f 1724//2859 1220//2859 1723//2859
f 1725//2860 1724//2860 1319//2860
f 1725//2861 1220//2861 1724//2861
f 1725//2862 1319//2862 1335//2862
f 1725//2863 1227//2863 1220//2863
f 1726//2864 1222//2864 1287//2864
f 1727//2865 1231//2865 1227//2865
f 1727//2866 1227//2866 1725//2866
f 1727//2867 1725//2867 1335//2867
f 1728//2868 1222//2868 1726//2868
f 1729//2869 1190//2869 1222//2869
f 1729//2870 1222//2870 1728//2870
f 1730//2871 1231//2871 1727//2871
f 1730//2872 1727//2872 1335//2872
f 1731//2873 1237//2873 1231//2873
f 1731//2874 1730//2874 1335//2874
f 1731//2875 1335//2875 1357//2875
f 1731//2876 1231//2876 1730//2876
f 1732//2877 1244//2877 1237//2877
f 1732//2878 1237//2878 1731//2878
f 1732//2879 1731//2879 1357//2879
f 1733//2880 1341//2880 1340//2880
f 1733//2881 1726//2881 1287//2881
f 1733//2882 1340//2882 1352//2882
f 1733//2883 1287//2883 1306//2883
f 1733//2884 1325//2884 1324//2884
f 1733//2885 1313//2885 1315//2885
f 1733//2886 1316//2886 1325//2886
f 1733//2887 1728//2887 1726//2887
f 1733//2888 1315//2888 1316//2888
f 1733//2889 1306//2889 1313//2889
f 1733//2890 1729//2890 1728//2890
f 1733//2891 1324//2891 1333//2891
f 1733//2892 1333//2892 1341//2892
f 1734//2893 1244//2893 1732//2893
f 1734//2894 1732//2894 1357//2894
f 1735//2895 1249//2895 1244//2895
f 1735//2896 1244//2896 1734//2896
f 1735//2897 1734//2897 1357//2897
f 1735//2898 1357//2898 1368//2898
f 1736//2899 1286//2899 1222//2899
f 1737//2900 129//2900 679//2900
f 1737//2901 679//2901 680//2901
f 1737//2902 680//2902 681//2902
f 1737//2903 681//2903 682//2903
f 1737//2904 1222//2904 129//2904
f 1737//2905 1736//2905 1222//2905
f 1738//2906 1256//2906 1249//2906
f 1738//2907 1735//2907 1368//2907
f 1738//2908 1249//2908 1735//2908
f 1739//2909 1286//2909 1736//2909
f 1740//2910 682//2910 683//2910
f 1740//2911 683//2911 684//2911
f 1740//2912 1736//2912 1737//2912
f 1740//2913 1739//2913 1736//2913
f 1740//2914 1737//2914 682//2914
f 1741//2915 1738//2915 1368//2915
f 1741//2916 1256//2916 1738//2916
f 1742//2917 684//2917 685//2917
f 1742//2918 685//2918 458//2918
f 1742//2919 458//2919 457//2919
f 1742//2920 457//2920 460//2920
f 1742//2921 460//2921 1286//2921
f 1742//2922 1740//2922 684//2922
f 1742//2923 1286//2923 1739//2923
f 1742//2924 1739//2924 1740//2924
f 1743//2925 1261//2925 1256//2925
f 1743//2926 1368//2926 1381//2926
f 1743//2927 1256//2927 1741//2927
f 1743//2928 1741//2928 1368//2928
f 1744//2929 1268//2929 1261//2929
f 1744//2930 1743//2930 1381//2930
f 1744//2931 1261//2931 1743//2931
f 1745//2932 1268//2932 1744//2932
f 1745//2933 1744//2933 1381//2933
f 1746//2934 1268//2934 1745//2934
f 1746//2935 1745//2935 1381//2935
f 1746//2936 1381//2936 1396//2936
f 1746//2937 1273//2937 1268//2937
f 1747//2938 1243//2938 1236//2938
f 1747//2939 1351//2939 1350//2939
f 1747//2940 1190//2940 1729//2940
f 1747//2941 1352//2941 1353//2941
f 1747//2942 1353//2942 1351//2942
f 1747//2943 1729//2943 1733//2943
f 1747//2944 1733//2944 1352//2944
f 1747//2945 1354//2945 1748//2945
f 1747//2946 1350//2946 1354//2946
f 1747//2947 1748//2947 1749//2947
f 1747//2948 1236//2948 1190//2948
f 1750//2949 1746//2949 1396//2949
f 1750//2950 1280//2950 1273//2950
f 1750//2951 1273//2951 1746//2951
f 1751//2952 1750//2952 1396//2952
f 1751//2953 1280//2953 1750//2953
f 1752//2954 1747//2954 1749//2954
f 1752//2955 1243//2955 1747//2955
f 1752//2956 1749//2956 1753//2956
f 1754//2957 1285//2957 1280//2957
f 1754//2958 1280//2958 1751//2958
f 1754//2959 1751//2959 1396//2959
f 1754//2960 1396//2960 1410//2960
f 1755//2961 1753//2961 1756//2961
f 1755//2962 1243//2962 1752//2962
f 1755//2963 1752//2963 1753//2963
f 1757//2964 1295//2964 1285//2964
f 1757//2965 1285//2965 1754//2965
f 1757//2966 1754//2966 1410//2966
f 1758//2967 1255//2967 1243//2967
f 1758//2968 1755//2968 1756//2968
f 1758//2969 1756//2969 1387//2969
f 1758//2970 1243//2970 1755//2970
f 1759//2971 1295//2971 1757//2971
f 1759//2972 1757//2972 1410//2972
f 1760//2973 1758//2973 1387//2973
f 1760//2974 1255//2974 1758//2974
f 1761//2975 1759//2975 1410//2975
f 1761//2976 1295//2976 1759//2976
f 1761//2977 1302//2977 1295//2977
f 1761//2978 1410//2978 1424//2978
f 1762//2979 1760//2979 1387//2979
f 1762//2980 1387//2980 1386//2980
f 1762//2981 1255//2981 1760//2981
f 1763//2982 1311//2982 1302//2982
f 1763//2983 1302//2983 1761//2983
f 1763//2984 1761//2984 1424//2984
f 1764//2985 1267//2985 1255//2985
f 1764//2986 1255//2986 1762//2986
f 1764//2987 1762//2987 1386//2987
f 1764//2988 1386//2988 1393//2988
f 1765//2989 1763//2989 1424//2989
f 1765//2990 1311//2990 1763//2990
f 1766//2991 1267//2991 1764//2991
f 1766//2992 1764//2992 1393//2992
f 1767//2993 1424//2993 1437//2993
f 1767//2994 1765//2994 1424//2994
f 1767//2995 1321//2995 1311//2995
f 1767//2996 1311//2996 1765//2996
f 1768//2997 1766//2997 1393//2997
f 1768//2998 1267//2998 1766//2998
f 1768//2999 1393//2999 1401//2999
f 1769//3000 1767//3000 1437//3000
f 1769//3001 1331//3001 1321//3001
f 1769//3002 1321//3002 1767//3002
f 1770//3003 1279//3003 1267//3003
f 1770//3004 1768//3004 1401//3004
f 1770//3005 1401//3005 1407//3005
f 1770//3006 1267//3006 1768//3006
f 1771//3007 1331//3007 1769//3007
f 1771//3008 1769//3008 1437//3008
f 1772//3009 1770//3009 1407//3009
f 1772//3010 1279//3010 1770//3010
f 1773//3011 1331//3011 1771//3011
f 1773//3012 1338//3012 1331//3012
f 1773//3013 1437//3013 1450//3013
f 1773//3014 1771//3014 1437//3014
f 1774//3015 1407//3015 1415//3015
f 1774//3016 1279//3016 1772//3016
f 1774//3017 1772//3017 1407//3017
f 1775//3018 1348//3018 1338//3018
f 1775//3019 1338//3019 1773//3019
f 1775//3020 1773//3020 1450//3020
f 1776//3021 1415//3021 1421//3021
f 1776//3022 1279//3022 1774//3022
f 1776//3023 1294//3023 1279//3023
f 1776//3024 1774//3024 1415//3024
f 1777//3025 1348//3025 1775//3025
f 1777//3026 1775//3026 1450//3026
f 1778//3027 1776//3027 1421//3027
f 1778//3028 1294//3028 1776//3028
f 1779//3029 1359//3029 1348//3029
f 1779//3030 1450//3030 1462//3030
f 1779//3031 1348//3031 1777//3031
f 1779//3032 1777//3032 1450//3032
f 1780//3033 1778//3033 1421//3033
f 1780//3034 1294//3034 1778//3034
f 1780//3035 1421//3035 1429//3035
f 1781//3036 401//3036 405//3036
f 1781//3037 1756//3037 1753//3037
f 1781//3038 1387//3038 1756//3038
f 1781//3039 421//3039 1387//3039
f 1781//3040 1339//3040 401//3040
f 1781//3041 1748//3041 1354//3041
f 1781//3042 1749//3042 1748//3042
f 1781//3043 1349//3043 1339//3043
f 1781//3044 1753//3044 1749//3044
f 1781//3045 1354//3045 1349//3045
f 1782//3046 1366//3046 1359//3046
f 1782//3047 1779//3047 1462//3047
f 1782//3048 1359//3048 1779//3048
f 1783//3049 1294//3049 1780//3049
f 1783//3050 1429//3050 1435//3050
f 1783//3051 1310//3051 1294//3051
f 1783//3052 1780//3052 1429//3052
f 1784//3053 1782//3053 1462//3053
f 1784//3054 1366//3054 1782//3054
f 1785//3055 1310//3055 1783//3055
f 1785//3056 1783//3056 1435//3056
f 1786//3057 1784//3057 1462//3057
f 1786//3058 1462//3058 1478//3058
f 1786//3059 1371//3059 1366//3059
f 1786//3060 1366//3060 1784//3060
f 1787//3061 405//3061 409//3061
f 1787//3062 409//3062 413//3062
f 1787//3063 413//3063 417//3063
f 1787//3064 1781//3064 405//3064
f 1787//3065 417//3065 421//3065
f 1787//3066 421//3066 1781//3066
f 1788//3067 1785//3067 1435//3067
f 1788//3068 1310//3068 1785//3068
f 1788//3069 1435//3069 1443//3069
f 1789//3070 1786//3070 1478//3070
f 1789//3071 1378//3071 1371//3071
f 1789//3072 1371//3072 1786//3072
f 1790//3073 1443//3073 1448//3073
f 1790//3074 1310//3074 1788//3074
f 1790//3075 1788//3075 1443//3075
f 1790//3076 1330//3076 1310//3076
f 1791//3077 1789//3077 1478//3077
f 1791//3078 1378//3078 1789//3078
f 1792//3079 1790//3079 1448//3079
f 1792//3080 1330//3080 1790//3080
f 1793//3081 1791//3081 1478//3081
f 1793//3082 1378//3082 1791//3082
f 1793//3083 1478//3083 1496//3083
f 1793//3084 1383//3084 1378//3084
f 1794//3085 1448//3085 1455//3085
f 1794//3086 1792//3086 1448//3086
f 1794//3087 1330//3087 1792//3087
f 1795//3088 1793//3088 1496//3088
f 1795//3089 1383//3089 1793//3089
f 1795//3090 1392//3090 1383//3090
f 1796//3091 1455//3091 1460//3091
f 1796//3092 1794//3092 1455//3092
f 1796//3093 1330//3093 1794//3093
f 1796//3094 1347//3094 1330//3094
f 1797//3095 1795//3095 1496//3095
f 1797//3096 1392//3096 1795//3096
f 1798//3097 761//3097 757//3097
f 1798//3098 1799//3098 1800//3098
f 1798//3099 765//3099 761//3099
f 1798//3100 769//3100 765//3100
f 1798//3101 990//3101 769//3101
f 1798//3102 991//3102 990//3102
f 1798//3103 757//3103 1440//3103
f 1798//3104 1440//3104 1799//3104
f 1798//3105 1800//3105 1801//3105
f 1798//3106 1472//3106 1471//3106
f 1798//3107 1801//3107 1472//3107
f 1798//3108 1484//3108 991//3108
f 1798//3109 1471//3109 1493//3109
f 1798//3110 1493//3110 1484//3110
f 1802//3111 1796//3111 1460//3111
f 1802//3112 1347//3112 1796//3112
f 1803//3113 1797//3113 1496//3113
f 1803//3114 1496//3114 1508//3114
f 1803//3115 1392//3115 1797//3115
f 1803//3116 1398//3116 1392//3116
f 1804//3117 1460//3117 1467//3117
f 1804//3118 1347//3118 1802//3118
f 1804//3119 1802//3119 1460//3119
f 1805//3120 1406//3120 1398//3120
f 1805//3121 1398//3121 1803//3121
f 1805//3122 1803//3122 1508//3122
f 1806//3123 1804//3123 1467//3123
f 1806//3124 1365//3124 1347//3124
f 1806//3125 1347//3125 1804//3125
f 1806//3126 1467//3126 1476//3126
f 1807//3127 1406//3127 1805//3127
f 1807//3128 1805//3128 1508//3128
f 1808//3129 1365//3129 1806//3129
f 1808//3130 1806//3130 1476//3130
f 1809//3131 1412//3131 1406//3131
f 1809//3132 1406//3132 1807//3132
f 1809//3133 1508//3133 1522//3133
f 1809//3134 1807//3134 1508//3134
f 1810//3135 1365//3135 1808//3135
f 1810//3136 1808//3136 1476//3136
f 1810//3137 1476//3137 1811//3137
f 1812//3138 1420//3138 1412//3138
f 1812//3139 1412//3139 1809//3139
f 1812//3140 1809//3140 1522//3140
f 1813//3141 1811//3141 1814//3141
f 1813//3142 1377//3142 1365//3142
f 1813//3143 1365//3143 1810//3143
f 1813//3144 1810//3144 1811//3144
f 1815//3145 1812//3145 1522//3145
f 1815//3146 1420//3146 1812//3146
f 1816//3147 1377//3147 1813//3147
f 1816//3148 1813//3148 1814//3148
f 1817//3149 1815//3149 1522//3149
f 1817//3150 1522//3150 1531//3150
f 1817//3151 1426//3151 1420//3151
f 1817//3152 1420//3152 1815//3152
f 1818//3153 1814//3153 1819//3153
f 1818//3154 1816//3154 1814//3154
f 1818//3155 1377//3155 1816//3155
f 1820//3156 1434//3156 1426//3156
f 1820//3157 1817//3157 1531//3157
f 1820//3158 1426//3158 1817//3158
f 1821//3159 1377//3159 1818//3159
f 1821//3160 1819//3160 1822//3160
f 1821//3161 1818//3161 1819//3161
f 1821//3162 1391//3162 1377//3162
f 1823//3163 1391//3163 1821//3163
f 1823//3164 1821//3164 1822//3164
f 1824//3165 1823//3165 1822//3165
f 1824//3166 1391//3166 1823//3166
f 1824//3167 1822//3167 1825//3167
f 1826//3168 1820//3168 1531//3168
f 1826//3169 1800//3169 1799//3169
f 1826//3170 1550//3170 1549//3170
f 1826//3171 1542//3171 1550//3171
f 1826//3172 1434//3172 1820//3172
f 1826//3173 1799//3173 1440//3173
f 1826//3174 1801//3174 1800//3174
f 1826//3175 1472//3175 1801//3175
f 1826//3176 1470//3176 1472//3176
f 1826//3177 1531//3177 1542//3177
f 1826//3178 1440//3178 1434//3178
f 1827//3179 1391//3179 1824//3179
f 1827//3180 1825//3180 1828//3180
f 1827//3181 1405//3181 1391//3181
f 1827//3182 1824//3182 1825//3182
f 1829//3183 1405//3183 1827//3183
f 1829//3184 1827//3184 1828//3184
f 1830//3185 992//3185 1491//3185
f 1830//3186 994//3186 992//3186
f 1830//3187 1016//3187 994//3187
f 1831//3188 1017//3188 1016//3188
f 1831//3189 1020//3189 1017//3189
f 1831//3190 1016//3190 1830//3190
f 1832//3191 1831//3191 1830//3191
f 1833//3192 1829//3192 1828//3192
f 1833//3193 1405//3193 1829//3193
f 1833//3194 1828//3194 1834//3194
f 1835//3195 1021//3195 1020//3195
f 1835//3196 1022//3196 1021//3196
f 1835//3197 1023//3197 1022//3197
f 1835//3198 1024//3198 1023//3198
f 1835//3199 1020//3199 1831//3199
f 1836//3200 1831//3200 1832//3200
f 1836//3201 1835//3201 1831//3201
f 1837//3202 1405//3202 1833//3202
f 1837//3203 1833//3203 1834//3203
f 1837//3204 1419//3204 1405//3204
f 1837//3205 1834//3205 1838//3205
f 1839//3206 1419//3206 1837//3206
f 1839//3207 1837//3207 1838//3207
f 1840//3208 1419//3208 1839//3208
f 1840//3209 1839//3209 1838//3209
f 1840//3210 1838//3210 1841//3210
f 1842//3211 1830//3211 1491//3211
f 1842//3212 1559//3212 1024//3212
f 1842//3213 1024//3213 1835//3213
f 1842//3214 1832//3214 1830//3214
f 1842//3215 1836//3215 1832//3215
f 1842//3216 1835//3216 1836//3216
f 1842//3217 1491//3217 1519//3217
f 1842//3218 1519//3218 1559//3218
f 1843//3219 1840//3219 1841//3219
f 1843//3220 1419//3220 1840//3220
f 1843//3221 1841//3221 1844//3221
f 1843//3222 1433//3222 1419//3222
f 1845//3223 1433//3223 1843//3223
f 1845//3224 1843//3224 1844//3224
f 1846//3225 1844//3225 1847//3225
f 1846//3226 1845//3226 1844//3226
f 1846//3227 1433//3227 1845//3227
f 1848//3228 1847//3228 1849//3228
f 1848//3229 1433//3229 1846//3229
f 1848//3230 1447//3230 1433//3230
f 1848//3231 1846//3231 1847//3231
f 1850//3232 1848//3232 1849//3232
f 1850//3233 1447//3233 1848//3233
f 1851//3234 1849//3234 1852//3234
f 1851//3235 1447//3235 1850//3235
f 1851//3236 1850//3236 1849//3236
f 1853//3237 1499//3237 1492//3237
f 1853//3238 1470//3238 1826//3238
f 1853//3239 1503//3239 1499//3239
f 1853//3240 1510//3240 1506//3240
f 1853//3241 1826//3241 1549//3241
f 1853//3242 1492//3242 1490//3242
f 1853//3243 1559//3243 1519//3243
f 1853//3244 1506//3244 1503//3244
f 1853//3245 1475//3245 1470//3245
f 1853//3246 1518//3246 1510//3246
f 1853//3247 1549//3247 1559//3247
f 1853//3248 1519//3248 1518//3248
f 1853//3249 1482//3249 1475//3249
f 1853//3250 1490//3250 1482//3250
f 1854//3251 1851//3251 1852//3251
f 1854//3252 1852//3252 1855//3252
f 1854//3253 1447//3253 1851//3253
f 1854//3254 1459//3254 1447//3254
f 1856//3255 1854//3255 1855//3255
f 1856//3256 1459//3256 1854//3256
f 1857//3257 1855//3257 1858//3257
f 1857//3258 1856//3258 1855//3258
f 1857//3259 1459//3259 1856//3259
f 1859//3260 1858//3260 1860//3260
f 1859//3261 1857//3261 1858//3261
f 1859//3262 1459//3262 1857//3262
f 1859//3263 1474//3263 1459//3263
f 1861//3264 1859//3264 1860//3264
f 1861//3265 1474//3265 1859//3265
f 1862//3266 1860//3266 1863//3266
f 1862//3267 1861//3267 1860//3267
f 1862//3268 1474//3268 1861//3268
f 1864//3269 1863//3269 1865//3269
f 1864//3270 1862//3270 1863//3270
f 1864//3271 1489//3271 1474//3271
f 1864//3272 1474//3272 1862//3272
f 1866//3273 1864//3273 1865//3273
f 1866//3274 1489//3274 1864//3274
f 1867//3275 1865//3275 1868//3275
f 1867//3276 1489//3276 1866//3276
f 1867//3277 1866//3277 1865//3277
f 1869//3278 1867//3278 1868//3278
f 1869//3279 1505//3279 1489//3279
f 1869//3280 1489//3280 1867//3280
f 1869//3281 1868//3281 1870//3281
f 1871//3282 1869//3282 1870//3282
f 1871//3283 1505//3283 1869//3283
f 1872//3284 1871//3284 1870//3284
f 1872//3285 1870//3285 1873//3285
f 1872//3286 1505//3286 1871//3286
f 1874//3287 1517//3287 1505//3287
f 1874//3288 1873//3288 1875//3288
f 1874//3289 1505//3289 1872//3289
f 1874//3290 1872//3290 1873//3290
f 1876//3291 1517//3291 1874//3291
f 1876//3292 1874//3292 1875//3292
f 1877//3293 1876//3293 1875//3293
f 1877//3294 1875//3294 1878//3294
f 1877//3295 1517//3295 1876//3295
f 1879//3296 1529//3296 1517//3296
f 1879//3297 1878//3297 1880//3297
f 1879//3298 1517//3298 1877//3298
f 1879//3299 1877//3299 1878//3299
f 1881//3300 1879//3300 1880//3300
f 1881//3301 1529//3301 1879//3301
f 1882//3302 1881//3302 1880//3302
f 1882//3303 1529//3303 1881//3303
f 1882//3304 1880//3304 1883//3304
f 1884//3305 1529//3305 1882//3305
f 1884//3306 1882//3306 1883//3306
f 1884//3307 1539//3307 1529//3307
f 1884//3308 1883//3308 1885//3308
f 1886//3309 1884//3309 1885//3309
f 1886//3310 1539//3310 1884//3310
f 1887//3311 1885//3311 1888//3311
f 1887//3312 1539//3312 1886//3312
f 1887//3313 1886//3313 1885//3313
f 1889//3314 1887//3314 1888//3314
f 1889//3315 1539//3315 1887//3315
f 1889//3316 1888//3316 1890//3316
f 1889//3317 1554//3317 1539//3317
f 1891//3318 1889//3318 1890//3318
f 1891//3319 1554//3319 1889//3319
f 1892//3320 1891//3320 1890//3320
f 1892//3321 1554//3321 1891//3321
f 1892//3322 1890//3322 1893//3322
f 1894//3323 1558//3323 1554//3323
f 1894//3324 1893//3324 1895//3324
f 1894//3325 1554//3325 1892//3325
f 1894//3326 1892//3326 1893//3326
f 1896//3327 1894//3327 1895//3327
f 1896//3328 1558//3328 1894//3328
f 1897//3329 1558//3329 1896//3329
f 1897//3330 1895//3330 1898//3330
f 1897//3331 1896//3331 1895//3331
f 1899//3332 1897//3332 1898//3332
f 1899//3333 1558//3333 1897//3333
f 1899//3334 1563//3334 1558//3334
f 1899//3335 1898//3335 1900//3335
f 1901//3336 1563//3336 1899//3336
f 1901//3337 1899//3337 1900//3337
f 1902//3338 1901//3338 1900//3338
f 1902//3339 1563//3339 1901//3339
f 1902//3340 1900//3340 1903//3340
f 1904//3341 1570//3341 1563//3341
f 1904//3342 1563//3342 1902//3342
f 1904//3343 1903//3343 1905//3343
f 1904//3344 1902//3344 1903//3344
f 1906//3345 1904//3345 1905//3345
f 1906//3346 1570//3346 1904//3346
f 1906//3347 1905//3347 1907//3347
f 1908//3348 600//3348 609//3348
f 1908//3349 609//3349 624//3349
f 1908//3350 1883//3350 1880//3350
f 1909//3351 1581//3351 1570//3351
f 1909//3352 1907//3352 1910//3352
f 1909//3353 1906//3353 1907//3353
f 1909//3354 1570//3354 1906//3354
f 1911//3355 1581//3355 1909//3355
f 1911//3356 1909//3356 1910//3356
f 1911//3357 1910//3357 1912//3357
f 1913//3358 1888//3358 1885//3358
f 1913//3359 1908//3359 624//3359
f 1913//3360 624//3360 634//3360
f 1913//3361 1883//3361 1908//3361
f 1913//3362 1885//3362 1883//3362
f 1914//3363 1636//3363 1635//3363
f 1914//3364 1581//3364 1911//3364
f 1914//3365 1640//3365 1636//3365
f 1914//3366 1597//3366 1581//3366
f 1914//3367 1911//3367 1912//3367
f 1914//3368 1598//3368 1597//3368
f 1914//3369 1912//3369 1915//3369
f 1914//3370 1915//3370 1640//3370
f 1916//3371 1888//3371 1913//3371
f 1916//3372 1890//3372 1888//3372
f 1916//3373 634//3373 644//3373
f 1916//3374 644//3374 645//3374
f 1916//3375 1913//3375 634//3375
f 1916//3376 1893//3376 1890//3376
f 1917//3377 1914//3377 1635//3377
f 1917//3378 1635//3378 1637//3378
f 1917//3379 1598//3379 1914//3379
f 1917//3380 1637//3380 1638//3380
f 1917//3381 1638//3381 1639//3381
f 1917//3382 1639//3382 1642//3382
f 1918//3383 1917//3383 1642//3383
f 1918//3384 1598//3384 1917//3384
f 1919//3385 1642//3385 1645//3385
f 1919//3386 1645//3386 1646//3386
f 1919//3387 1651//3387 1650//3387
f 1919//3388 1648//3388 1651//3388
f 1919//3389 1643//3389 1633//3389
f 1919//3390 1654//3390 1653//3390
f 1919//3391 1653//3391 1643//3391
f 1919//3392 1633//3392 1598//3392
f 1919//3393 1650//3393 1654//3393
f 1919//3394 1598//3394 1918//3394
f 1919//3395 1646//3395 1648//3395
f 1919//3396 1918//3396 1642//3396
f 1920//3397 448//3397 1641//3397
f 1920//3398 1641//3398 1634//3398
f 1920//3399 1634//3399 1640//3399
f 1920//3400 431//3400 436//3400
f 1920//3401 436//3401 440//3401
f 1920//3402 440//3402 444//3402
f 1920//3403 444//3403 448//3403
f 1920//3404 1915//3404 1912//3404
f 1920//3405 1912//3405 1910//3405
f 1920//3406 1640//3406 1915//3406
f 1921//3407 694//3407 1026//3407
f 1921//3408 1026//3408 1643//3408
f 1921//3409 1643//3409 1655//3409
f 1922//3410 1655//3410 1652//3410
f 1922//3411 667//3411 668//3411
f 1922//3412 668//3412 687//3412
f 1922//3413 687//3413 688//3413
f 1922//3414 1921//3414 1655//3414
f 1922//3415 1652//3415 667//3415
f 1923//3416 1921//3416 1922//3416
f 1923//3417 1922//3417 688//3417
f 1924//3418 1923//3418 688//3418
f 1924//3419 1921//3419 1923//3419
f 1924//3420 694//3420 1921//3420
f 1924//3421 688//3421 690//3421
f 1924//3422 690//3422 691//3422
f 1924//3423 691//3423 692//3423
f 1924//3424 692//3424 693//3424
f 1924//3425 693//3425 694//3425
f 1925//3426 1661//3426 1667//3426
f 1925//3427 1036//3427 1028//3427
f 1925//3428 1667//3428 1036//3428
f 1925//3429 1028//3429 1661//3429
f 1926//3430 1873//3430 1870//3430
f 1926//3431 1878//3431 1875//3431
f 1926//3432 1875//3432 1873//3432
f 1926//3433 1870//3433 1868//3433
f 1926//3434 1880//3434 1878//3434
f 1926//3435 1908//3435 1880//3435
f 1927//3436 1920//3436 1910//3436
f 1927//3437 1893//3437 1916//3437
f 1927//3438 1895//3438 1893//3438
f 1927//3439 431//3439 1920//3439
f 1927//3440 645//3440 428//3440
f 1927//3441 428//3441 431//3441
f 1927//3442 1898//3442 1895//3442
f 1927//3443 1916//3443 645//3443
f 1927//3444 1900//3444 1898//3444
f 1927//3445 1903//3445 1900//3445
f 1927//3446 1905//3446 1903//3446
f 1927//3447 1907//3447 1905//3447
f 1927//3448 1910//3448 1907//3448
f 1928//3449 1908//3449 1926//3449
f 1928//3450 580//3450 590//3450
f 1928//3451 590//3451 600//3451
f 1928//3452 600//3452 1908//3452
f 1929//3453 1863//3453 1860//3453
f 1929//3454 1865//3454 1863//3454
f 1929//3455 1926//3455 1868//3455
f 1929//3456 1860//3456 1858//3456
f 1929//3457 1928//3457 1926//3457
f 1929//3458 1868//3458 1865//3458
f 1930//3459 580//3459 1928//3459
f 1930//3460 555//3460 560//3460
f 1930//3461 560//3461 570//3461
f 1930//3462 570//3462 580//3462
f 1930//3463 1928//3463 1929//3463
f 1931//3464 1847//3464 1844//3464
f 1931//3465 1929//3465 1858//3465
f 1931//3466 1849//3466 1847//3466
f 1931//3467 1930//3467 1929//3467
f 1931//3468 1852//3468 1849//3468
f 1931//3469 1855//3469 1852//3469
f 1931//3470 1858//3470 1855//3470
f 1932//3471 530//3471 545//3471
f 1932//3472 545//3472 555//3472
f 1932//3473 1930//3473 1931//3473
f 1932//3474 555//3474 1930//3474
f 1933//3475 1825//3475 1822//3475
f 1933//3476 1828//3476 1825//3476
f 1933//3477 1834//3477 1828//3477
f 1933//3478 1838//3478 1834//3478
f 1934//3479 1931//3479 1844//3479
f 1934//3480 1844//3480 1841//3480
f 1934//3481 1838//3481 1933//3481
f 1934//3482 1841//3482 1838//3482
f 1934//3483 1932//3483 1931//3483
f 1934//3484 1933//3484 1932//3484
f 1935//3485 1814//3485 1811//3485
f 1935//3486 1819//3486 1814//3486
f 1935//3487 1822//3487 1819//3487
f 1935//3488 530//3488 1932//3488
f 1935//3489 495//3489 505//3489
f 1935//3490 505//3490 515//3490
f 1935//3491 515//3491 525//3491
f 1935//3492 525//3492 530//3492
f 1935//3493 1476//3493 495//3493
f 1935//3494 1932//3494 1933//3494
f 1935//3495 1811//3495 1476//3495
f 1935//3496 1933//3496 1822//3496
f 239//3497 221//3497 347//3497
f 239//3498 347//3498 365//3498
f 240//3499 365//3499 366//3499
f 240//3500 366//3500 367//3500
f 240//3501 239//3501 365//3501
f 241//3502 240//3502 367//3502
f 242//3503 367//3503 368//3503
f 242//3504 368//3504 369//3504
f 242//3505 241//3505 367//3505
f 243//3506 242//3506 369//3506
f 244//3507 369//3507 370//3507
f 244//3508 243//3508 369//3508
f 245//3509 370//3509 371//3509
f 245//3510 371//3510 372//3510
f 245//3511 244//3511 370//3511
f 246//3512 245//3512 372//3512
f 247//3513 372//3513 373//3513
f 247//3514 246//3514 372//3514
f 248//3515 373//3515 374//3515
f 248//3516 247//3516 373//3516
f 249//3517 248//3517 374//3517
f 249//3518 374//3518 375//3518
f 249//3519 375//3519 376//3519
f 250//3520 249//3520 376//3520
f 251//3521 250//3521 376//3521
f 251//3522 376//3522 377//3522
f 252//3523 251//3523 377//3523
f 252//3524 377//3524 378//3524
f 253//3525 378//3525 379//3525
f 253//3526 379//3526 380//3526
f 253//3527 252//3527 378//3527
f 254//3528 253//3528 380//3528
f 255//3529 380//3529 381//3529
f 255//3530 254//3530 380//3530
f 256//3531 381//3531 382//3531
f 256//3532 382//3532 383//3532
f 256//3533 255//3533 381//3533
f 257//3534 256//3534 383//3534
f 258//3535 383//3535 384//3535
f 258//3536 257//3536 383//3536
f 229//3537 384//3537 355//3537
f 229//3538 258//3538 384//3538
f 228//3539 355//3539 354//3539
f 228//3540 229//3540 355//3540
f 230//3541 354//3541 356//3541
f 230//3542 228//3542 354//3542
f 231//3543 356//3543 357//3543
f 231//3544 230//3544 356//3544
f 232//3545 357//3545 358//3545
f 232//3546 231//3546 357//3546
f 233//3547 358//3547 359//3547
f 233//3548 232//3548 358//3548
f 234//3549 359//3549 360//3549
f 234//3550 233//3550 359//3550
f 235//3551 360//3551 361//3551
f 235//3552 361//3552 362//3552
f 235//3553 234//3553 360//3553
f 236//3554 235//3554 362//3554
f 237//3555 362//3555 363//3555
f 237//3556 236//3556 362//3556
f 238//3557 363//3557 364//3557
f 238//3558 237//3558 363//3558
f 227//3559 364//3559 353//3559
f 227//3560 238//3560 364//3560
f 226//3561 353//3561 352//3561
f 226//3562 227//3562 353//3562
f 225//3563 352//3563 351//3563
f 225//3564 226//3564 352//3564
f 224//3565 351//3565 350//3565
f 224//3566 225//3566 351//3566
f 223//3567 350//3567 349//3567
f 223//3568 224//3568 350//3568
f 222//3569 349//3569 348//3569
f 222//3570 348//3570 346//3570
f 222//3571 223//3571 349//3571
f 220//3572 222//3572 346//3572
f 220//3573 346//3573 343//3573
f 217//3574 220//3574 343//3574
f 214//3575 217//3575 343//3575
f 214//3576 343//3576 340//3576
f 211//3577 214//3577 340//3577
f 211//3578 340//3578 337//3578
f 208//3579 211//3579 337//3579
f 208//3580 337//3580 334//3580
f 206//3581 208//3581 334//3581
f 206//3582 334//3582 332//3582
f 194//3583 206//3583 332//3583
f 194//3584 332//3584 320//3584
f 193//3585 194//3585 320//3585
f 193//3586 320//3586 319//3586
f 192//3587 193//3587 319//3587
f 192//3588 319//3588 318//3588
f 192//3589 318//3589 317//3589
f 191//3590 192//3590 317//3590
f 190//3591 317//3591 316//3591
f 190//3592 191//3592 317//3592
f 189//3593 316//3593 315//3593
f 189//3594 190//3594 316//3594
f 188//3595 315//3595 314//3595
f 188//3596 314//3596 313//3596
f 188//3597 189//3597 315//3597
f 187//3598 188//3598 313//3598
f 186//3599 313//3599 312//3599
f 186//3600 312//3600 310//3600
f 186//3601 187//3601 313//3601
f 184//3602 186//3602 310//3602
f 182//3603 310//3603 308//3603
f 182//3604 308//3604 306//3604
f 182//3605 184//3605 310//3605
f 180//3606 182//3606 306//3606
f 178//3607 306//3607 304//3607
f 178//3608 180//3608 306//3608
f 176//3609 304//3609 302//3609
f 176//3610 302//3610 300//3610
f 176//3611 178//3611 304//3611
f 174//3612 176//3612 300//3612
f 172//3613 300//3613 298//3613
f 172//3614 174//3614 300//3614
f 170//3615 298//3615 296//3615
f 170//3616 172//3616 298//3616
f 168//3617 296//3617 294//3617
f 168//3618 170//3618 296//3618
f 166//3619 168//3619 294//3619
f 166//3620 294//3620 292//3620
f 166//3621 292//3621 290//3621
f 164//3622 166//3622 290//3622
f 164//3623 290//3623 288//3623
f 162//3624 164//3624 288//3624
f 160//3625 162//3625 288//3625
f 160//3626 288//3626 286//3626
f 160//3627 286//3627 284//3627
f 158//3628 160//3628 284//3628
f 158//3629 284//3629 282//3629
f 156//3630 158//3630 282//3630
f 156//3631 282//3631 280//3631
f 154//3632 156//3632 280//3632
f 152//3633 154//3633 280//3633
f 152//3634 280//3634 278//3634
f 152//3635 278//3635 276//3635
f 150//3636 152//3636 276//3636
f 148//3637 150//3637 276//3637
f 148//3638 276//3638 274//3638
f 146//3639 148//3639 274//3639
f 146//3640 274//3640 272//3640
f 146//3641 272//3641 270//3641
f 144//3642 146//3642 270//3642
f 142//3643 144//3643 270//3643
f 142//3644 270//3644 268//3644
f 140//3645 142//3645 268//3645
f 140//3646 268//3646 266//3646
f 138//3647 140//3647 266//3647
f 138//3648 266//3648 264//3648
f 138//3649 264//3649 262//3649
f 136//3650 138//3650 262//3650
f 134//3651 136//3651 262//3651
f 134//3652 262//3652 260//3652
f 133//3653 134//3653 260//3653
f 133//3654 260//3654 259//3654
f 133//3655 259//3655 261//3655
f 135//3656 133//3656 261//3656
f 137//3657 135//3657 261//3657
f 137//3658 261//3658 263//3658
f 139//3659 137//3659 263//3659
f 139//3660 263//3660 265//3660
f 141//3661 265//3661 267//3661
f 141//3662 139//3662 265//3662
f 141//3663 267//3663 269//3663
f 143//3664 141//3664 269//3664
f 145//3665 269//3665 271//3665
f 145//3666 143//3666 269//3666
f 147//3667 271//3667 273//3667
f 147//3668 145//3668 271//3668
f 149//3669 273//3669 275//3669
f 149//3670 147//3670 273//3670
f 151//3671 149//3671 275//3671
f 151//3672 275//3672 277//3672
f 153//3673 151//3673 277//3673
f 153//3674 277//3674 279//3674
f 155//3675 153//3675 279//3675
f 155//3676 279//3676 281//3676
f 157//3677 155//3677 281//3677
f 157//3678 281//3678 283//3678
f 157//3679 283//3679 285//3679
f 159//3680 157//3680 285//3680
f 161//3681 159//3681 285//3681
f 161//3682 285//3682 287//3682
f 163//3683 161//3683 287//3683
f 163//3684 287//3684 289//3684
f 165//3685 163//3685 289//3685
f 165//3686 289//3686 291//3686
f 167//3687 165//3687 291//3687
f 167//3688 291//3688 293//3688
f 169//3689 167//3689 293//3689
f 169//3690 293//3690 295//3690
f 171//3691 169//3691 295//3691
f 171//3692 295//3692 297//3692
f 173//3693 171//3693 297//3693
f 173//3694 297//3694 299//3694
f 175//3695 299//3695 301//3695
f 175//3696 173//3696 299//3696
f 177//3697 301//3697 303//3697
f 177//3698 175//3698 301//3698
f 179//3699 303//3699 305//3699
f 179//3700 177//3700 303//3700
f 181//3701 305//3701 307//3701
f 181//3702 179//3702 305//3702
f 183//3703 307//3703 309//3703
f 183//3704 309//3704 311//3704
f 183//3705 181//3705 307//3705
f 185//3706 183//3706 311//3706
f 195//3707 311//3707 321//3707
f 195//3708 185//3708 311//3708
f 196//3709 321//3709 322//3709
f 196//3710 195//3710 321//3710
f 197//3711 322//3711 323//3711
f 197//3712 196//3712 322//3712
f 198//3713 323//3713 324//3713
f 198//3714 197//3714 323//3714
f 199//3715 324//3715 325//3715
f 199//3716 198//3716 324//3716
f 200//3717 325//3717 326//3717
f 200//3718 199//3718 325//3718
f 201//3719 200//3719 326//3719
f 201//3720 326//3720 327//3720
f 202//3721 201//3721 327//3721
f 202//3722 327//3722 328//3722
f 203//3723 202//3723 328//3723
f 203//3724 328//3724 329//3724
f 204//3725 203//3725 329//3725
f 204//3726 329//3726 330//3726
f 205//3727 204//3727 330//3727
f 205//3728 330//3728 331//3728
f 207//3729 331//3729 333//3729
f 207//3730 205//3730 331//3730
f 209//3731 333//3731 335//3731
f 209//3732 207//3732 333//3732
f 210//3733 335//3733 336//3733
f 210//3734 336//3734 338//3734
f 210//3735 209//3735 335//3735
f 212//3736 210//3736 338//3736
f 213//3737 338//3737 339//3737
f 213//3738 212//3738 338//3738
f 215//3739 339//3739 341//3739
f 215//3740 213//3740 339//3740
f 216//3741 341//3741 342//3741
f 216//3742 215//3742 341//3742
f 218//3743 342//3743 344//3743
f 218//3744 216//3744 342//3744
f 219//3745 344//3745 345//3745
f 219//3746 345//3746 347//3746
f 219//3747 218//3747 344//3747
f 221//3748 219//3748 347//3748
f 1936//3749 130//3749 131//3749
f 1937//3750 1014//3750 704//3750
f 1938//3751 389//3751 1939//3751
f 1938//3752 390//3752 389//3752
f 1940//3753 391//3753 390//3753
f 1940//3754 390//3754 1938//3754
f 1941//3755 391//3755 1940//3755
f 1942//3756 391//3756 1941//3756
f 1943//3757 391//3757 1942//3757
f 1943//3758 392//3758 391//3758
f 1944//3759 392//3759 1943//3759
f 1945//3760 392//3760 1944//3760
f 1945//3761 395//3761 392//3761
f 1946//3762 395//3762 1945//3762
f 1946//3763 400//3763 395//3763
f 1947//3764 1938//3764 1939//3764
f 1947//3765 1940//3765 1938//3765
f 1947//3766 1941//3766 1940//3766
f 1947//3767 1942//3767 1941//3767
f 1948//3768 400//3768 1946//3768
f 1949//3769 1942//3769 1947//3769
f 1949//3770 1943//3770 1942//3770
f 1950//3771 1944//3771 1943//3771
f 1950//3772 1943//3772 1949//3772
f 1951//3773 400//3773 1948//3773
f 1952//3774 1944//3774 1950//3774
f 1953//3775 1945//3775 1944//3775
f 1953//3776 1944//3776 1952//3776
f 1954//3777 1946//3777 1945//3777
f 1954//3778 1945//3778 1953//3778
f 1955//3779 1946//3779 1954//3779
f 1956//3780 1948//3780 1946//3780
f 1956//3781 1946//3781 1955//3781
f 1957//3782 1948//3782 1956//3782
f 1958//3783 1951//3783 1948//3783
f 1958//3784 1948//3784 1957//3784
f 1959//3785 1960//3785 1951//3785
f 1959//3786 1951//3786 1958//3786
f 1961//3787 1960//3787 1959//3787
f 1962//3788 1960//3788 1961//3788
f 1963//3789 1960//3789 1962//3789
f 1964//3790 1960//3790 1963//3790
f 1965//3791 1960//3791 1964//3791
f 1966//3792 424//3792 420//3792
f 1967//3793 424//3793 1966//3793
f 1968//3794 424//3794 1967//3794
f 1968//3795 491//3795 424//3795
f 1969//3796 1970//3796 1971//3796
f 1969//3797 1972//3797 1973//3797
f 1969//3798 1974//3798 1972//3798
f 1969//3799 1975//3799 1974//3799
f 1969//3800 1971//3800 1975//3800
f 1969//3801 1976//3801 1970//3801
f 1969//3802 1977//3802 1978//3802
f 1969//3803 1978//3803 1979//3803
f 1969//3804 1980//3804 1976//3804
f 1969//3805 1979//3805 1980//3805
f 1969//3806 1981//3806 1977//3806
f 1982//3807 1969//3807 1973//3807
f 1983//3808 491//3808 1968//3808
f 1984//3809 1969//3809 1982//3809
f 1985//3810 1982//3810 1973//3810
f 1985//3811 1984//3811 1982//3811
f 1985//3812 1973//3812 1986//3812
f 1987//3813 1984//3813 1985//3813
f 1987//3814 1985//3814 1986//3814
f 1987//3815 1986//3815 1988//3815
f 1989//3816 1984//3816 1987//3816
f 1989//3817 1987//3817 1988//3817
f 1990//3818 1988//3818 1991//3818
f 1990//3819 1984//3819 1989//3819
f 1990//3820 1989//3820 1988//3820
f 1992//3821 491//3821 1983//3821
f 1992//3822 492//3822 491//3822
f 1993//3823 1984//3823 1990//3823
f 1993//3824 1990//3824 1991//3824
f 1994//3825 1991//3825 1995//3825
f 1994//3826 1993//3826 1991//3826
f 1994//3827 1984//3827 1993//3827
f 1996//3828 1997//3828 1984//3828
f 1996//3829 1994//3829 1995//3829
f 1996//3830 1984//3830 1994//3830
f 1998//3831 492//3831 1992//3831
f 1999//3832 2000//3832 1997//3832
f 1999//3833 1996//3833 1995//3833
f 1999//3834 1997//3834 1996//3834
f 2001//3835 1999//3835 1995//3835
f 2001//3836 2002//3836 2000//3836
f 2001//3837 2003//3837 2002//3837
f 2001//3838 2000//3838 1999//3838
f 2001//3839 1995//3839 2004//3839
f 2005//3840 2003//3840 2001//3840
f 2005//3841 2006//3841 2003//3841
f 2005//3842 2001//3842 2004//3842
f 2007//3843 492//3843 1998//3843
f 2007//3844 501//3844 492//3844
f 2008//3845 2005//3845 2004//3845
f 2008//3846 2006//3846 2005//3846
f 2008//3847 2004//3847 2009//3847
f 2008//3848 2010//3848 2006//3848
f 2011//3849 2008//3849 2009//3849
f 2011//3850 2010//3850 2008//3850
f 2011//3851 2012//3851 2013//3851
f 2011//3852 2013//3852 2010//3852
f 2014//3853 2015//3853 2012//3853
f 2014//3854 2012//3854 2011//3854
f 2014//3855 2009//3855 2016//3855
f 2014//3856 2011//3856 2009//3856
f 2014//3857 2017//3857 2015//3857
f 2018//3858 501//3858 2007//3858
f 2019//3859 2020//3859 2017//3859
f 2019//3860 2017//3860 2014//3860
f 2019//3861 2016//3861 2021//3861
f 2019//3862 2014//3862 2016//3862
f 2019//3863 2022//3863 2020//3863
f 2023//3864 2024//3864 2025//3864
f 2023//3865 2019//3865 2021//3865
f 2023//3866 2025//3866 2022//3866
f 2023//3867 2022//3867 2019//3867
f 2026//3868 501//3868 2018//3868
f 2026//3869 511//3869 501//3869
f 2027//3870 2028//3870 2024//3870
f 2027//3871 2024//3871 2023//3871
f 2027//3872 2023//3872 2021//3872
f 2027//3873 2021//3873 2029//3873
f 2030//3874 2029//3874 2031//3874
f 2030//3875 2027//3875 2029//3875
f 2030//3876 2032//3876 2028//3876
f 2030//3877 2028//3877 2027//3877
f 2033//3878 2034//3878 2035//3878
f 2033//3879 2032//3879 2030//3879
f 2033//3880 2035//3880 2032//3880
f 2033//3881 2030//3881 2031//3881
f 2036//3882 511//3882 2026//3882
f 2037//3883 1971//3883 1970//3883
f 2037//3884 1972//3884 1974//3884
f 2037//3885 1974//3885 1975//3885
f 2037//3886 1975//3886 1971//3886
f 2037//3887 1970//3887 1976//3887
f 2037//3888 1978//3888 1977//3888
f 2037//3889 1979//3889 1978//3889
f 2037//3890 1976//3890 1980//3890
f 2037//3891 1980//3891 1979//3891
f 2038//3892 1972//3892 2037//3892
f 2039//3893 2040//3893 2041//3893
f 2039//3894 2033//3894 2031//3894
f 2039//3895 2042//3895 2040//3895
f 2039//3896 2031//3896 2042//3896
f 2039//3897 2043//3897 2044//3897
f 2039//3898 2034//3898 2033//3898
f 2039//3899 2045//3899 2034//3899
f 2039//3900 2046//3900 2045//3900
f 2039//3901 2047//3901 2046//3901
f 2039//3902 2044//3902 2047//3902
f 2039//3903 2041//3903 2048//3903
f 2049//3904 2043//3904 2039//3904
f 2050//3905 1973//3905 1972//3905
f 2050//3906 1972//3906 2038//3906
f 2051//3907 2049//3907 2039//3907
f 2052//3908 1986//3908 1973//3908
f 2052//3909 1973//3909 2050//3909
f 2053//3910 511//3910 2036//3910
f 2053//3911 521//3911 511//3911
f 2054//3912 1986//3912 2052//3912
f 2055//3913 2051//3913 2039//3913
f 2055//3914 2056//3914 2051//3914
f 2055//3915 2039//3915 2048//3915
f 2057//3916 1986//3916 2054//3916
f 2057//3917 1988//3917 1986//3917
f 2058//3918 2055//3918 2048//3918
f 2058//3919 2048//3919 2059//3919
f 2058//3920 2056//3920 2055//3920
f 2060//3921 1988//3921 2057//3921
f 2061//3922 521//3922 2053//3922
f 2062//3923 1991//3923 1988//3923
f 2062//3924 1988//3924 2060//3924
f 2063//3925 1991//3925 2062//3925
f 2064//3926 1991//3926 2063//3926
f 2064//3927 1995//3927 1991//3927
f 2065//3928 2066//3928 2056//3928
f 2065//3929 2056//3929 2058//3929
f 2065//3930 2058//3930 2059//3930
f 2065//3931 2059//3931 2067//3931
f 2068//3932 1995//3932 2064//3932
f 2069//3933 521//3933 2061//3933
f 2069//3934 532//3934 521//3934
f 2070//3935 2065//3935 2067//3935
f 2070//3936 2066//3936 2065//3936
f 2071//3937 1995//3937 2068//3937
f 2071//3938 2004//3938 1995//3938
f 2072//3939 2004//3939 2071//3939
f 2073//3940 2070//3940 2067//3940
f 2073//3941 2067//3941 2074//3941
f 2073//3942 2066//3942 2070//3942
f 2075//3943 2004//3943 2072//3943
f 2076//3944 532//3944 2069//3944
f 2077//3945 2050//3945 2038//3945
f 2077//3946 2038//3946 2037//3946
f 2077//3947 2060//3947 2057//3947
f 2077//3948 2062//3948 2060//3948
f 2077//3949 2063//3949 2062//3949
f 2077//3950 2057//3950 2054//3950
f 2077//3951 2052//3951 2050//3951
f 2077//3952 2054//3952 2052//3952
f 2078//3953 2009//3953 2004//3953
f 2078//3954 2004//3954 2075//3954
f 2079//3955 2064//3955 2063//3955
f 2079//3956 2063//3956 2077//3956
f 2080//3957 2064//3957 2079//3957
f 2080//3958 2068//3958 2064//3958
f 2081//3959 2009//3959 2078//3959
f 2081//3960 2016//3960 2009//3960
f 2082//3961 2068//3961 2080//3961
f 2083//3962 2074//3962 2084//3962
f 2083//3963 2085//3963 2066//3963
f 2083//3964 2066//3964 2073//3964
f 2083//3965 2073//3965 2074//3965
f 2086//3966 2071//3966 2068//3966
f 2086//3967 2068//3967 2082//3967
f 2087//3968 532//3968 2076//3968
f 2087//3969 541//3969 532//3969
f 2088//3970 2016//3970 2081//3970
f 2089//3971 2072//3971 2071//3971
f 2089//3972 2071//3972 2086//3972
f 2090//3973 2085//3973 2083//3973
f 2090//3974 2083//3974 2084//3974
f 2091//3975 2075//3975 2072//3975
f 2091//3976 2072//3976 2089//3976
f 2092//3977 2021//3977 2016//3977
f 2092//3978 2016//3978 2088//3978
f 2093//3979 2075//3979 2091//3979
f 2094//3980 2090//3980 2084//3980
f 2094//3981 2084//3981 2095//3981
f 2094//3982 2085//3982 2090//3982
f 2096//3983 2075//3983 2093//3983
f 2096//3984 2078//3984 2075//3984
f 2097//3985 2029//3985 2021//3985
f 2097//3986 2021//3986 2092//3986
f 2098//3987 541//3987 2087//3987
f 2099//3988 2078//3988 2096//3988
f 2099//3989 2081//3989 2078//3989
f 2100//3990 2099//3990 2101//3990
f 2100//3991 2081//3991 2099//3991
f 2102//3992 2029//3992 2097//3992
f 2103//3993 2100//3993 2101//3993
f 2103//3994 2081//3994 2100//3994
f 2103//3995 2088//3995 2081//3995
f 2104//3996 2088//3996 2103//3996
f 2104//3997 2103//3997 2101//3997
f 2105//3998 2094//3998 2095//3998
f 2105//3999 2106//3999 2085//3999
f 2105//4000 2095//4000 2107//4000
f 2105//4001 2085//4001 2094//4001
f 2108//4002 2031//4002 2029//4002
f 2108//4003 2041//4003 2040//4003
f 2108//4004 2040//4004 2042//4004
f 2108//4005 2042//4005 2031//4005
f 2108//4006 2029//4006 2102//4006
f 2109//4007 2092//4007 2088//4007
f 2109//4008 2088//4008 2104//4008
f 2109//4009 2104//4009 2101//4009
f 2110//4010 541//4010 2098//4010
f 2110//4011 551//4011 541//4011
f 2111//4012 2092//4012 2109//4012
f 2111//4013 2109//4013 2101//4013
f 2112//4014 2105//4014 2107//4014
f 2112//4015 2106//4015 2105//4015
f 2113//4016 2097//4016 2092//4016
f 2113//4017 2092//4017 2111//4017
f 2113//4018 2111//4018 2101//4018
f 2114//4019 2112//4019 2107//4019
f 2114//4020 2107//4020 2115//4020
f 2114//4021 2106//4021 2112//4021
f 2116//4022 2102//4022 2097//4022
f 2116//4023 2097//4023 2113//4023
f 2116//4024 2113//4024 2101//4024
f 2117//4025 551//4025 2110//4025
f 2118//4026 2102//4026 2116//4026
f 2118//4027 2116//4027 2101//4027
f 2119//4028 2102//4028 2118//4028
f 2119//4029 2108//4029 2102//4029
f 2119//4030 2118//4030 2101//4030
f 2120//4031 2121//4031 2106//4031
f 2120//4032 2106//4032 2114//4032
f 2120//4033 2114//4033 2115//4033
f 2120//4034 2115//4034 2122//4034
f 2123//4035 2108//4035 2119//4035
f 2123//4036 2119//4036 2101//4036
f 2124//4037 562//4037 551//4037
f 2124//4038 551//4038 2117//4038
f 2125//4039 2108//4039 2123//4039
f 2125//4040 2123//4040 2101//4040
f 2126//4041 2121//4041 2120//4041
f 2126//4042 2120//4042 2122//4042
f 2127//4043 2108//4043 2125//4043
f 2127//4044 2125//4044 2101//4044
f 2128//4045 2122//4045 2129//4045
f 2128//4046 2126//4046 2122//4046
f 2128//4047 2121//4047 2126//4047
f 2130//4048 2108//4048 2127//4048
f 2130//4049 2127//4049 2101//4049
f 2131//4050 562//4050 2124//4050
f 2132//4051 2108//4051 2130//4051
f 2132//4052 2130//4052 2101//4052
f 2133//4053 2091//4053 2089//4053
f 2133//4054 2096//4054 2093//4054
f 2133//4055 2099//4055 2096//4055
f 2133//4056 2101//4056 2099//4056
f 2133//4057 2079//4057 2077//4057
f 2133//4058 2080//4058 2079//4058
f 2133//4059 2082//4059 2080//4059
f 2133//4060 2086//4060 2082//4060
f 2133//4061 2093//4061 2091//4061
f 2133//4062 2089//4062 2086//4062
f 2134//4063 2132//4063 2101//4063
f 2134//4064 2108//4064 2132//4064
f 2134//4065 2048//4065 2041//4065
f 2134//4066 2041//4066 2108//4066
f 2135//4067 2121//4067 2128//4067
f 2135//4068 2129//4068 2136//4068
f 2135//4069 2137//4069 2121//4069
f 2135//4070 2128//4070 2129//4070
f 2138//4071 562//4071 2131//4071
f 2138//4072 572//4072 562//4072
f 2139//4073 2137//4073 2135//4073
f 2139//4074 2135//4074 2136//4074
f 2140//4075 2137//4075 2139//4075
f 2140//4076 2139//4076 2136//4076
f 2140//4077 2136//4077 2141//4077
f 2142//4078 572//4078 2138//4078
f 2143//4079 2137//4079 2140//4079
f 2143//4080 2140//4080 2141//4080
f 2143//4081 2144//4081 2137//4081
f 2143//4082 2141//4082 2145//4082
f 2146//4083 2048//4083 2134//4083
f 2146//4084 2059//4084 2048//4084
f 2146//4085 2067//4085 2059//4085
f 2146//4086 2101//4086 2147//4086
f 2146//4087 2134//4087 2101//4087
f 2148//4088 572//4088 2142//4088
f 2148//4089 582//4089 572//4089
f 2149//4090 2144//4090 2143//4090
f 2149//4091 2143//4091 2145//4091
f 2150//4092 2067//4092 2146//4092
f 2150//4093 2146//4093 2147//4093
f 2151//4094 2145//4094 2152//4094
f 2151//4095 2149//4095 2145//4095
f 2151//4096 2144//4096 2149//4096
f 2153//4097 2147//4097 2154//4097
f 2153//4098 2067//4098 2150//4098
f 2153//4099 2150//4099 2147//4099
f 2153//4100 2074//4100 2067//4100
f 2155//4101 582//4101 2148//4101
f 2156//4102 2151//4102 2152//4102
f 2156//4103 2144//4103 2151//4103
f 2156//4104 2157//4104 2144//4104
f 2156//4105 2152//4105 2158//4105
f 2159//4106 2153//4106 2154//4106
f 2159//4107 2074//4107 2153//4107
f 2159//4108 2084//4108 2074//4108
f 2160//4109 582//4109 2155//4109
f 2160//4110 592//4110 582//4110
f 2161//4111 2156//4111 2158//4111
f 2161//4112 2157//4112 2156//4112
f 2162//4113 2084//4113 2159//4113
f 2162//4114 2159//4114 2154//4114
f 2163//4115 2158//4115 2164//4115
f 2163//4116 2161//4116 2158//4116
f 2163//4117 2157//4117 2161//4117
f 2165//4118 2084//4118 2162//4118
f 2165//4119 2154//4119 2166//4119
f 2165//4120 2162//4120 2154//4120
f 2165//4121 2095//4121 2084//4121
f 2167//4122 592//4122 2160//4122
f 2168//4123 2164//4123 2169//4123
f 2168//4124 2163//4124 2164//4124
f 2168//4125 2157//4125 2163//4125
f 2168//4126 2170//4126 2157//4126
f 2171//4127 2165//4127 2166//4127
f 2171//4128 2095//4128 2165//4128
f 2171//4129 2107//4129 2095//4129
f 2172//4130 592//4130 2167//4130
f 2172//4131 602//4131 592//4131
f 2173//4132 2170//4132 2168//4132
f 2173//4133 2168//4133 2169//4133
f 2174//4134 2107//4134 2171//4134
f 2174//4135 2171//4135 2166//4135
f 2175//4136 2173//4136 2169//4136
f 2175//4137 2169//4137 2176//4137
f 2175//4138 2170//4138 2173//4138
f 2177//4139 2166//4139 2178//4139
f 2177//4140 2115//4140 2107//4140
f 2177//4141 2107//4141 2174//4141
f 2177//4142 2174//4142 2166//4142
f 2179//4143 602//4143 2172//4143
f 2180//4144 2181//4144 2170//4144
f 2180//4145 2176//4145 2182//4145
f 2180//4146 2175//4146 2176//4146
f 2180//4147 2170//4147 2175//4147
f 2183//4148 2122//4148 2115//4148
f 2183//4149 2177//4149 2178//4149
f 2183//4150 2115//4150 2177//4150
f 2184//4151 602//4151 2179//4151
f 2184//4152 612//4152 602//4152
f 2185//4153 2181//4153 2180//4153
f 2185//4154 2180//4154 2182//4154
f 2186//4155 2122//4155 2183//4155
f 2186//4156 2183//4156 2178//4156
f 2187//4157 2182//4157 2188//4157
f 2187//4158 2181//4158 2185//4158
f 2187//4159 2185//4159 2182//4159
f 2189//4160 2178//4160 2190//4160
f 2189//4161 2186//4161 2178//4161
f 2189//4162 2129//4162 2122//4162
f 2189//4163 2122//4163 2186//4163
f 2191//4164 612//4164 2184//4164
f 2192//4165 2187//4165 2188//4165
f 2192//4166 2193//4166 2181//4166
f 2192//4167 2188//4167 2194//4167
f 2192//4168 2181//4168 2187//4168
f 2195//4169 2129//4169 2189//4169
f 2195//4170 2136//4170 2129//4170
f 2195//4171 2189//4171 2190//4171
f 2196//4172 612//4172 2191//4172
f 2196//4173 621//4173 612//4173
f 2197//4174 2198//4174 2133//4174
f 2199//4175 2192//4175 2194//4175
f 2199//4176 2193//4176 2192//4176
f 2200//4177 2195//4177 2190//4177
f 2200//4178 2136//4178 2195//4178
f 2201//4179 780//4179 781//4179
f 2201//4180 2197//4180 780//4180
f 2201//4181 2198//4181 2197//4181
f 2202//4182 2194//4182 2203//4182
f 2202//4183 2193//4183 2199//4183
f 2202//4184 2199//4184 2194//4184
f 2204//4185 2200//4185 2190//4185
f 2204//4186 2136//4186 2200//4186
f 2204//4187 2190//4187 2205//4187
f 2204//4188 2141//4188 2136//4188
f 2206//4189 621//4189 2196//4189
f 2207//4190 2201//4190 781//4190
f 2207//4191 2198//4191 2201//4191
f 2208//4192 2193//4192 2202//4192
f 2208//4193 2202//4193 2203//4193
f 2208//4194 2203//4194 2209//4194
f 2208//4195 2210//4195 2193//4195
f 2211//4196 2204//4196 2205//4196
f 2211//4197 2141//4197 2204//4197
f 2211//4198 2145//4198 2141//4198
f 2212//4199 781//4199 782//4199
f 2212//4200 2198//4200 2207//4200
f 2212//4201 2207//4201 781//4201
f 2213//4202 621//4202 2206//4202
f 2213//4203 631//4203 621//4203
f 2214//4204 2210//4204 2208//4204
f 2214//4205 2208//4205 2209//4205
f 2215//4206 2145//4206 2211//4206
f 2215//4207 2211//4207 2205//4207
f 2216//4208 2217//4208 2198//4208
f 2216//4209 2212//4209 782//4209
f 2216//4210 2198//4210 2212//4210
f 2218//4211 2209//4211 2219//4211
f 2218//4212 2210//4212 2214//4212
f 2218//4213 2214//4213 2209//4213
f 2220//4214 2152//4214 2145//4214
f 2220//4215 2215//4215 2205//4215
f 2220//4216 2145//4216 2215//4216
f 2220//4217 2205//4217 2221//4217
f 2222//4218 631//4218 2213//4218
f 2223//4219 782//4219 717//4219
f 2223//4220 2224//4220 2217//4220
f 2223//4221 2217//4221 2216//4221
f 2223//4222 2216//4222 782//4222
f 2225//4223 2226//4223 2224//4223
f 2225//4224 2227//4224 2226//4224
f 2225//4225 2224//4225 2223//4225
f 2225//4226 2223//4226 717//4226
f 2228//4227 2219//4227 2229//4227
f 2228//4228 2210//4228 2218//4228
f 2228//4229 2230//4229 2210//4229
f 2228//4230 2218//4230 2219//4230
f 2231//4231 2220//4231 2221//4231
f 2231//4232 2152//4232 2220//4232
f 2231//4233 2158//4233 2152//4233
f 2232//4234 631//4234 2222//4234
f 2232//4235 641//4235 631//4235
f 2233//4236 2228//4236 2229//4236
f 2233//4237 2230//4237 2228//4237
f 2234//4238 2227//4238 2225//4238
f 2234//4239 717//4239 716//4239
f 2234//4240 2235//4240 2236//4240
f 2234//4241 2236//4241 2227//4241
f 2234//4242 2225//4242 717//4242
f 2237//4243 2231//4243 2221//4243
f 2237//4244 2158//4244 2231//4244
f 2238//4245 2230//4245 2233//4245
f 2238//4246 2229//4246 2239//4246
f 2238//4247 2233//4247 2229//4247
f 2240//4248 2237//4248 2221//4248
f 2240//4249 2164//4249 2158//4249
f 2240//4250 2158//4250 2237//4250
f 2240//4251 2221//4251 2241//4251
f 2242//4252 641//4252 2232//4252
f 2243//4253 2235//4253 2234//4253
f 2243//4254 2234//4254 716//4254
f 2243//4255 2244//4255 2235//4255
f 2245//4256 2230//4256 2238//4256
f 2245//4257 2238//4257 2239//4257
f 2245//4258 2246//4258 2230//4258
f 2245//4259 2239//4259 2247//4259
f 2248//4260 2240//4260 2241//4260
f 2248//4261 2169//4261 2164//4261
f 2248//4262 2164//4262 2240//4262
f 2249//4263 651//4263 641//4263
f 2249//4264 641//4264 2242//4264
f 2250//4265 2251//4265 2252//4265
f 2250//4266 716//4266 721//4266
f 2250//4267 2244//4267 2243//4267
f 2250//4268 2252//4268 2244//4268
f 2250//4269 2243//4269 716//4269
f 2253//4270 2246//4270 2245//4270
f 2253//4271 2245//4271 2247//4271
f 2254//4272 2248//4272 2241//4272
f 2254//4273 2169//4273 2248//4273
f 2255//4274 2253//4274 2247//4274
f 2255//4275 2246//4275 2253//4275
f 2255//4276 2247//4276 2256//4276
f 2257//4277 2169//4277 2254//4277
f 2257//4278 2176//4278 2169//4278
f 2257//4279 2254//4279 2241//4279
f 2257//4280 2241//4280 2258//4280
f 2259//4281 651//4281 2249//4281
f 2260//4282 2261//4282 2262//4282
f 2260//4283 2263//4283 2251//4283
f 2260//4284 2264//4284 2263//4284
f 2260//4285 2251//4285 2250//4285
f 2260//4286 2262//4286 2264//4286
f 2260//4287 2265//4287 2261//4287
f 2266//4288 2246//4288 2255//4288
f 2266//4289 2256//4289 2267//4289
f 2266//4290 2268//4290 2246//4290
f 2266//4291 2255//4291 2256//4291
f 2269//4292 2182//4292 2176//4292
f 2269//4293 2176//4293 2257//4293
f 2269//4294 2257//4294 2258//4294
f 2270//4295 655//4295 651//4295
f 2270//4296 651//4296 2259//4296
f 2271//4297 2266//4297 2267//4297
f 2271//4298 2268//4298 2266//4298
f 2272//4299 2182//4299 2269//4299
f 2272//4300 2269//4300 2258//4300
f 2273//4301 2268//4301 2271//4301
f 2273//4302 2267//4302 2274//4302
f 2273//4303 2271//4303 2267//4303
f 2275//4304 2272//4304 2258//4304
f 2275//4305 2188//4305 2182//4305
f 2275//4306 2258//4306 2276//4306
f 2275//4307 2182//4307 2272//4307
f 2277//4308 655//4308 2270//4308
f 2278//4309 2273//4309 2274//4309
f 2278//4310 2279//4310 2268//4310
f 2278//4311 2274//4311 2280//4311
f 2278//4312 2268//4312 2273//4312
f 2281//4313 2188//4313 2275//4313
f 2281//4314 2194//4314 2188//4314
f 2281//4315 2275//4315 2276//4315
f 2282//4316 659//4316 655//4316
f 2282//4317 655//4317 2277//4317
f 2283//4318 2279//4318 2278//4318
f 2283//4319 2278//4319 2280//4319
f 2284//4320 2194//4320 2281//4320
f 2284//4321 2281//4321 2276//4321
f 2285//4322 2283//4322 2280//4322
f 2285//4323 2279//4323 2283//4323
f 2285//4324 2280//4324 2286//4324
f 2287//4325 2203//4325 2194//4325
f 2287//4326 2276//4326 2288//4326
f 2287//4327 2194//4327 2284//4327
f 2287//4328 2284//4328 2276//4328
f 2289//4329 659//4329 2282//4329
f 2290//4330 2286//4330 2291//4330
f 2290//4331 2285//4331 2286//4331
f 2290//4332 2279//4332 2285//4332
f 2290//4333 2292//4333 2279//4333
f 2293//4334 2287//4334 2288//4334
f 2293//4335 2203//4335 2287//4335
f 2293//4336 2209//4336 2203//4336
f 2294//4337 662//4337 659//4337
f 2294//4338 659//4338 2289//4338
f 2295//4339 2290//4339 2291//4339
f 2295//4340 2292//4340 2290//4340
f 2296//4341 2293//4341 2288//4341
f 2296//4342 2209//4342 2293//4342
f 2297//4343 741//4343 745//4343
f 2297//4344 2298//4344 741//4344
f 2299//4345 2295//4345 2291//4345
f 2299//4346 2291//4346 2300//4346
f 2299//4347 2292//4347 2295//4347
f 2301//4348 2209//4348 2296//4348
f 2301//4349 2219//4349 2209//4349
f 2301//4350 2296//4350 2288//4350
f 2301//4351 2288//4351 2302//4351
f 2303//4352 662//4352 2294//4352
f 2304//4353 2297//4353 745//4353
f 2305//4354 2300//4354 2306//4354
f 2305//4355 2299//4355 2300//4355
f 2305//4356 2292//4356 2299//4356
f 2305//4357 2307//4357 2292//4357
f 2308//4358 2219//4358 2301//4358
f 2308//4359 2229//4359 2219//4359
f 2308//4360 2301//4360 2302//4360
f 2309//4361 664//4361 662//4361
f 2309//4362 662//4362 2303//4362
f 2310//4363 2305//4363 2306//4363
f 2310//4364 2307//4364 2305//4364
f 2311//4365 2229//4365 2308//4365
f 2311//4366 2308//4366 2302//4366
f 2312//4367 745//4367 788//4367
f 2312//4368 2304//4368 745//4368
f 2313//4369 2310//4369 2306//4369
f 2313//4370 2306//4370 2314//4370
f 2313//4371 2307//4371 2310//4371
f 2315//4372 2239//4372 2229//4372
f 2315//4373 2302//4373 2316//4373
f 2315//4374 2229//4374 2311//4374
f 2315//4375 2311//4375 2302//4375
f 2317//4376 664//4376 2309//4376
f 2318//4377 2312//4377 788//4377
f 2319//4378 2307//4378 2313//4378
f 2319//4379 2313//4379 2314//4379
f 2319//4380 2314//4380 2320//4380
f 2319//4381 2321//4381 2307//4381
f 2322//4382 2315//4382 2316//4382
f 2322//4383 2247//4383 2239//4383
f 2322//4384 2239//4384 2315//4384
f 2323//4385 432//4385 664//4385
f 2323//4386 664//4386 2317//4386
f 2324//4387 2321//4387 2319//4387
f 2324//4388 2319//4388 2320//4388
f 2325//4389 2247//4389 2322//4389
f 2325//4390 2322//4390 2316//4390
f 2326//4391 788//4391 789//4391
f 2326//4392 2318//4392 788//4392
f 2327//4393 2321//4393 2324//4393
f 2327//4394 2320//4394 2328//4394
f 2327//4395 2324//4395 2320//4395
f 2329//4396 2325//4396 2316//4396
f 2329//4397 2247//4397 2325//4397
f 2329//4398 2316//4398 2330//4398
f 2329//4399 2256//4399 2247//4399
f 2331//4400 432//4400 2323//4400
f 2332//4401 2326//4401 789//4401
f 2333//4402 2321//4402 2327//4402
f 2333//4403 2328//4403 2334//4403
f 2333//4404 2335//4404 2321//4404
f 2333//4405 2327//4405 2328//4405
f 2336//4406 2329//4406 2330//4406
f 2336//4407 2256//4407 2329//4407
f 2336//4408 2267//4408 2256//4408
f 2337//4409 433//4409 432//4409
f 2337//4410 432//4410 2331//4410
f 2338//4411 2333//4411 2334//4411
f 2338//4412 2335//4412 2333//4412
f 2339//4413 2336//4413 2330//4413
f 2339//4414 2267//4414 2336//4414
f 2340//4415 789//4415 792//4415
f 2340//4416 2332//4416 789//4416
f 2341//4417 2335//4417 2338//4417
f 2341//4418 2338//4418 2334//4418
f 2341//4419 2334//4419 2342//4419
f 2343//4420 2274//4420 2267//4420
f 2343//4421 2267//4421 2339//4421
f 2343//4422 2330//4422 2344//4422
f 2343//4423 2339//4423 2330//4423
f 2345//4424 433//4424 2337//4424
f 2346//4425 2340//4425 792//4425
f 2347//4426 2348//4426 2335//4426
f 2347//4427 2341//4427 2342//4427
f 2347//4428 2335//4428 2341//4428
f 2347//4429 2342//4429 2349//4429
f 2350//4430 2274//4430 2343//4430
f 2350//4431 2343//4431 2344//4431
f 2350//4432 2280//4432 2274//4432
f 2351//4433 437//4433 433//4433
f 2351//4434 433//4434 2345//4434
f 2352//4435 2348//4435 2347//4435
f 2352//4436 2347//4436 2349//4436
f 2353//4437 2350//4437 2344//4437
f 2353//4438 2280//4438 2350//4438
f 2354//4439 792//4439 798//4439
f 2354//4440 2346//4440 792//4440
f 2355//4441 2352//4441 2349//4441
f 2355//4442 2349//4442 2356//4442
f 2355//4443 2348//4443 2352//4443
f 2357//4444 2344//4444 2358//4444
f 2357//4445 2353//4445 2344//4445
f 2357//4446 2280//4446 2353//4446
f 2357//4447 2286//4447 2280//4447
f 2359//4448 2354//4448 798//4448
f 2360//4449 2361//4449 2348//4449
f 2360//4450 2356//4450 2362//4450
f 2360//4451 2348//4451 2355//4451
f 2360//4452 2355//4452 2356//4452
f 2363//4453 2291//4453 2286//4453
f 2363//4454 2286//4454 2357//4454
f 2363//4455 2357//4455 2358//4455
f 2364//4456 2360//4456 2362//4456
f 2364//4457 2361//4457 2360//4457
f 2365//4458 2363//4458 2358//4458
f 2365//4459 2291//4459 2363//4459
f 2366//4460 798//4460 806//4460
f 2366//4461 2359//4461 798//4461
f 2367//4462 2361//4462 2364//4462
f 2367//4463 2364//4463 2362//4463
f 2367//4464 2362//4464 2368//4464
f 2369//4465 2365//4465 2358//4465
f 2369//4466 2291//4466 2365//4466
f 2369//4467 2300//4467 2291//4467
f 2369//4468 2358//4468 2370//4468
f 2371//4469 2366//4469 806//4469
f 2372//4470 2367//4470 2368//4470
f 2372//4471 2361//4471 2367//4471
f 2372//4472 2373//4472 2361//4472
f 2372//4473 2368//4473 2374//4473
f 2375//4474 2306//4474 2300//4474
f 2375//4475 2369//4475 2370//4475
f 2375//4476 2300//4476 2369//4476
f 2376//4477 2373//4477 2372//4477
f 2376//4478 2372//4478 2374//4478
f 2377//4479 2306//4479 2375//4479
f 2377//4480 2375//4480 2370//4480
f 2378//4481 806//4481 815//4481
f 2378//4482 2371//4482 806//4482
f 2379//4483 2376//4483 2374//4483
f 2379//4484 2374//4484 2380//4484
f 2379//4485 2373//4485 2376//4485
f 2381//4486 2382//4486 2383//4486
f 2384//4487 2377//4487 2370//4487
f 2384//4488 2314//4488 2306//4488
f 2384//4489 2370//4489 2385//4489
f 2384//4490 2306//4490 2377//4490
f 2386//4491 2382//4491 2381//4491
f 2387//4492 2378//4492 815//4492
f 2388//4493 2389//4493 2373//4493
f 2388//4494 2373//4494 2379//4494
f 2388//4495 2380//4495 2390//4495
f 2388//4496 2379//4496 2380//4496
f 2391//4497 2320//4497 2314//4497
f 2391//4498 2314//4498 2384//4498
f 2391//4499 2384//4499 2385//4499
f 2392//4500 2389//4500 2388//4500
f 2392//4501 2388//4501 2390//4501
f 2393//4502 2382//4502 2386//4502
f 2394//4503 672//4503 671//4503
f 2394//4504 671//4504 2395//4504
f 2396//4505 2391//4505 2385//4505
f 2396//4506 2320//4506 2391//4506
f 2397//4507 2389//4507 2392//4507
f 2397//4508 2390//4508 2398//4508
f 2397//4509 2392//4509 2390//4509
f 2399//4510 2328//4510 2320//4510
f 2399//4511 2320//4511 2396//4511
f 2399//4512 2385//4512 2400//4512
f 2399//4513 2396//4513 2385//4513
f 2401//4514 2382//4514 2393//4514
f 2402//4515 672//4515 2394//4515
f 2403//4516 2382//4516 2401//4516
f 2403//4517 2404//4517 2382//4517
f 2405//4518 2389//4518 2397//4518
f 2405//4519 2398//4519 2406//4519
f 2405//4520 2397//4520 2398//4520
f 2405//4521 2407//4521 2389//4521
f 2408//4522 2399//4522 2400//4522
f 2408//4523 2334//4523 2328//4523
f 2408//4524 2328//4524 2399//4524
f 2409//4525 2407//4525 2405//4525
f 2409//4526 2405//4526 2406//4526
f 2410//4527 2404//4527 2403//4527
f 2411//4528 2408//4528 2400//4528
f 2411//4529 2334//4529 2408//4529
f 2412//4530 2406//4530 2413//4530
f 2412//4531 2407//4531 2409//4531
f 2412//4532 2409//4532 2406//4532
f 2414//4533 2404//4533 2410//4533
f 2414//4534 2395//4534 2404//4534
f 2415//4535 2400//4535 2416//4535
f 2415//4536 2334//4536 2411//4536
f 2415//4537 2411//4537 2400//4537
f 2415//4538 2342//4538 2334//4538
f 2417//4539 2395//4539 2414//4539
f 2417//4540 2394//4540 2395//4540
f 2418//4541 2412//4541 2413//4541
f 2418//4542 2407//4542 2412//4542
f 2418//4543 2419//4543 2407//4543
f 2418//4544 2413//4544 2420//4544
f 2421//4545 2394//4545 2417//4545
f 2421//4546 2402//4546 2394//4546
f 2422//4547 2415//4547 2416//4547
f 2422//4548 2342//4548 2415//4548
f 2422//4549 2349//4549 2342//4549
f 2423//4550 2419//4550 2418//4550
f 2423//4551 2418//4551 2420//4551
f 2424//4552 2349//4552 2422//4552
f 2424//4553 2422//4553 2416//4553
f 2425//4554 2420//4554 2426//4554
f 2425//4555 2423//4555 2420//4555
f 2425//4556 2419//4556 2423//4556
f 2427//4557 2349//4557 2424//4557
f 2427//4558 2416//4558 2428//4558
f 2427//4559 2424//4559 2416//4559
f 2427//4560 2356//4560 2349//4560
f 2429//4561 2402//4561 2421//4561
f 2430//4562 2402//4562 2429//4562
f 2431//4563 2425//4563 2426//4563
f 2431//4564 2426//4564 2432//4564
f 2431//4565 2419//4565 2425//4565
f 2431//4566 2433//4566 2419//4566
f 2434//4567 2427//4567 2428//4567
f 2434//4568 2356//4568 2427//4568
f 2434//4569 2362//4569 2356//4569
f 2435//4570 2431//4570 2432//4570
f 2435//4571 2433//4571 2431//4571
f 2436//4572 2434//4572 2428//4572
f 2436//4573 2362//4573 2434//4573
f 2437//4574 2432//4574 2438//4574
f 2437//4575 2433//4575 2435//4575
f 2437//4576 2435//4576 2432//4576
f 2439//4577 2428//4577 2440//4577
f 2439//4578 2436//4578 2428//4578
f 2439//4579 2368//4579 2362//4579
f 2439//4580 2362//4580 2436//4580
f 2441//4581 2442//4581 2433//4581
f 2441//4582 2438//4582 2443//4582
f 2441//4583 2433//4583 2437//4583
f 2441//4584 2437//4584 2438//4584
f 2444//4585 2439//4585 2440//4585
f 2444//4586 2374//4586 2368//4586
f 2444//4587 2368//4587 2439//4587
f 2445//4588 2441//4588 2443//4588
f 2445//4589 2442//4589 2441//4589
f 2446//4590 2444//4590 2440//4590
f 2446//4591 2374//4591 2444//4591
f 2447//4592 2442//4592 2445//4592
f 2447//4593 2443//4593 2448//4593
f 2447//4594 2445//4594 2443//4594
f 2449//4595 2374//4595 2446//4595
f 2449//4596 2446//4596 2440//4596
f 2449//4597 2380//4597 2374//4597
f 2449//4598 2440//4598 2450//4598
f 2451//4599 2448//4599 2452//4599
f 2451//4600 2453//4600 2442//4600
f 2451//4601 2442//4601 2447//4601
f 2451//4602 2447//4602 2448//4602
f 2454//4603 2449//4603 2450//4603
f 2454//4604 2380//4604 2449//4604
f 2454//4605 2390//4605 2380//4605
f 2455//4606 2451//4606 2452//4606
f 2455//4607 2453//4607 2451//4607
f 2456//4608 2390//4608 2454//4608
f 2456//4609 2454//4609 2450//4609
f 2457//4610 2453//4610 2455//4610
f 2457//4611 2458//4611 2459//4611
f 2457//4612 2460//4612 2461//4612
f 2457//4613 2461//4613 2453//4613
f 2457//4614 2452//4614 2462//4614
f 2457//4615 2463//4615 2458//4615
f 2457//4616 2455//4616 2452//4616
f 2457//4617 2462//4617 2463//4617
f 2464//4618 2390//4618 2456//4618
f 2464//4619 2456//4619 2450//4619
f 2464//4620 2450//4620 2465//4620
f 2464//4621 2398//4621 2390//4621
f 2466//4622 2464//4622 2465//4622
f 2466//4623 2398//4623 2464//4623
f 2466//4624 2406//4624 2398//4624
f 2467//4625 2466//4625 2465//4625
f 2467//4626 2406//4626 2466//4626
f 2468//4627 2465//4627 2469//4627
f 2468//4628 2413//4628 2406//4628
f 2468//4629 2467//4629 2465//4629
f 2468//4630 2406//4630 2467//4630
f 2470//4631 1937//4631 704//4631
f 2471//4632 2468//4632 2469//4632
f 2471//4633 2413//4633 2468//4633
f 2471//4634 2420//4634 2413//4634
f 2472//4635 2420//4635 2471//4635
f 2472//4636 2471//4636 2469//4636
f 2473//4637 2426//4637 2420//4637
f 2473//4638 2420//4638 2472//4638
f 2473//4639 2472//4639 2469//4639
f 2473//4640 2469//4640 2474//4640
f 2475//4641 2432//4641 2426//4641
f 2475//4642 2426//4642 2473//4642
f 2475//4643 2473//4643 2474//4643
f 2476//4644 2475//4644 2474//4644
f 2476//4645 2432//4645 2475//4645
f 2477//4646 2457//4646 2459//4646
f 2477//4647 2460//4647 2457//4647
f 2477//4648 2459//4648 2478//4648
f 2479//4649 2460//4649 2477//4649
f 2480//4650 2474//4650 2481//4650
f 2480//4651 2438//4651 2432//4651
f 2480//4652 2432//4652 2476//4652
f 2480//4653 2476//4653 2474//4653
f 2482//4654 2460//4654 2479//4654
f 2483//4655 2460//4655 2482//4655
f 2484//4656 2460//4656 2483//4656
f 2485//4657 2443//4657 2438//4657
f 2485//4658 2480//4658 2481//4658
f 2485//4659 2438//4659 2480//4659
f 2486//4660 2460//4660 2484//4660
f 2487//4661 2460//4661 2486//4661
f 2488//4662 2485//4662 2481//4662
f 2488//4663 2443//4663 2485//4663
f 2489//4664 2460//4664 2487//4664
f 2490//4665 2460//4665 2489//4665
f 2491//4666 2488//4666 2481//4666
f 2491//4667 2443//4667 2488//4667
f 2491//4668 2448//4668 2443//4668
f 2491//4669 2481//4669 2492//4669
f 2493//4670 2460//4670 2490//4670
f 2493//4671 2470//4671 2460//4671
f 2494//4672 2470//4672 2493//4672
f 2495//4673 2483//4673 2482//4673
f 2495//4674 2486//4674 2484//4674
f 2495//4675 2482//4675 2479//4675
f 2495//4676 2477//4676 2478//4676
f 2495//4677 2478//4677 2496//4677
f 2495//4678 2496//4678 2497//4678
f 2495//4679 2497//4679 2498//4679
f 2495//4680 2479//4680 2477//4680
f 2495//4681 2498//4681 2499//4681
f 2495//4682 2484//4682 2483//4682
f 2500//4683 2491//4683 2492//4683
f 2500//4684 2452//4684 2448//4684
f 2500//4685 2448//4685 2491//4685
f 2501//4686 2489//4686 2487//4686
f 2501//4687 2486//4687 2495//4687
f 2501//4688 2487//4688 2486//4688
f 2501//4689 2495//4689 2499//4689
f 2501//4690 2499//4690 2502//4690
f 2503//4691 2500//4691 2492//4691
f 2503//4692 2452//4692 2500//4692
f 2504//4693 2490//4693 2489//4693
f 2504//4694 2489//4694 2501//4694
f 2504//4695 2501//4695 2502//4695
f 2505//4696 2490//4696 2504//4696
f 2505//4697 2494//4697 2493//4697
f 2505//4698 2504//4698 2502//4698
f 2505//4699 2493//4699 2490//4699
f 2505//4700 2502//4700 2506//4700
f 2507//4701 2452//4701 2503//4701
f 2507//4702 2462//4702 2452//4702
f 2507//4703 2503//4703 2492//4703
f 2507//4704 2458//4704 2463//4704
f 2507//4705 2492//4705 2508//4705
f 2507//4706 2508//4706 2509//4706
f 2507//4707 2463//4707 2462//4707
f 2510//4708 2506//4708 2511//4708
f 2510//4709 2505//4709 2506//4709
f 2510//4710 2494//4710 2505//4710
f 2512//4711 2510//4711 2511//4711
f 2512//4712 2494//4712 2510//4712
f 2513//4713 2511//4713 2514//4713
f 2513//4714 2512//4714 2511//4714
f 2513//4715 2494//4715 2512//4715
f 2515//4716 2494//4716 2513//4716
f 2515//4717 2513//4717 2514//4717
f 2516//4718 2514//4718 2517//4718
f 2516//4719 2517//4719 2518//4719
f 2516//4720 2518//4720 2519//4720
f 2516//4721 2470//4721 2494//4721
f 2516//4722 1937//4722 2470//4722
f 2516//4723 2519//4723 2520//4723
f 2516//4724 2520//4724 2521//4724
f 2516//4725 2521//4725 2522//4725
f 2516//4726 2494//4726 2515//4726
f 2516//4727 2522//4727 1937//4727
f 2516//4728 2515//4728 2514//4728
f 2523//4729 2496//4729 2478//4729
f 2523//4730 2497//4730 2496//4730
f 2523//4731 2498//4731 2497//4731
f 2524//4732 2459//4732 2458//4732
f 2524//4733 2523//4733 2478//4733
f 2524//4734 2458//4734 2507//4734
f 2524//4735 2507//4735 2509//4735
f 2524//4736 2478//4736 2459//4736
f 2525//4737 2499//4737 2498//4737
f 2525//4738 2498//4738 2523//4738
f 2526//4739 2524//4739 2509//4739
f 2526//4740 2523//4740 2524//4740
f 2527//4741 2499//4741 2525//4741
f 2528//4742 2526//4742 2509//4742
f 2528//4743 2523//4743 2526//4743
f 2529//4744 2502//4744 2499//4744
f 2529//4745 2499//4745 2527//4745
f 2530//4746 2523//4746 2528//4746
f 2530//4747 2528//4747 2509//4747
f 2531//4748 2502//4748 2529//4748
f 2531//4749 2506//4749 2502//4749
f 2532//4750 2530//4750 2509//4750
f 2532//4751 2523//4751 2530//4751
f 2533//4752 2525//4752 2523//4752
f 2533//4753 2523//4753 2532//4753
f 2533//4754 2532//4754 2509//4754
f 2534//4755 2506//4755 2531//4755
f 2535//4756 2525//4756 2533//4756
f 2535//4757 2527//4757 2525//4757
f 2535//4758 2533//4758 2509//4758
f 2536//4759 2511//4759 2506//4759
f 2536//4760 2506//4760 2534//4760
f 2537//4761 2527//4761 2535//4761
f 2537//4762 2535//4762 2509//4762
f 2538//4763 2511//4763 2536//4763
f 2539//4764 2527//4764 2537//4764
f 2539//4765 2529//4765 2527//4765
f 2539//4766 2537//4766 2509//4766
f 2540//4767 2529//4767 2539//4767
f 2540//4768 2539//4768 2509//4768
f 2541//4769 2511//4769 2538//4769
f 2541//4770 2514//4770 2511//4770
f 2542//4771 2531//4771 2529//4771
f 2542//4772 2540//4772 2509//4772
f 2542//4773 2529//4773 2540//4773
f 2543//4774 2517//4774 2514//4774
f 2543//4775 2518//4775 2517//4775
f 2543//4776 2514//4776 2541//4776
f 2543//4777 2519//4777 2518//4777
f 2543//4778 2520//4778 2519//4778
f 2543//4779 2521//4779 2520//4779
f 2543//4780 2522//4780 2521//4780
f 2543//4781 1937//4781 2522//4781
f 2544//4782 2536//4782 2534//4782
f 2544//4783 2541//4783 2538//4783
f 2544//4784 2534//4784 2531//4784
f 2544//4785 2543//4785 2541//4785
f 2544//4786 2538//4786 2536//4786
f 2544//4787 2542//4787 2509//4787
f 2544//4788 2531//4788 2542//4788
f 2545//4789 2546//4789 2547//4789
f 2545//4790 2548//4790 2546//4790
f 2545//4791 2549//4791 2548//4791
f 2545//4792 2550//4792 2549//4792
f 2545//4793 2547//4793 2551//4793
f 2552//4794 2553//4794 2550//4794
f 2552//4795 2550//4795 2545//4795
f 2552//4796 768//4796 772//4796
f 2554//4797 2543//4797 2544//4797
f 2554//4798 1937//4798 2543//4798
f 2555//4799 2556//4799 2553//4799
f 2555//4800 2557//4800 2556//4800
f 2555//4801 2553//4801 2552//4801
f 2555//4802 2552//4802 772//4802
f 2558//4803 2557//4803 2555//4803
f 2558//4804 772//4804 986//4804
f 2558//4805 2555//4805 772//4805
f 2558//4806 2559//4806 2557//4806
f 2560//4807 2561//4807 2562//4807
f 2560//4808 2562//4808 2559//4808
f 2560//4809 2559//4809 2558//4809
f 2560//4810 2558//4810 986//4810
f 2563//4811 2561//4811 2560//4811
f 2563//4812 2564//4812 2565//4812
f 2563//4813 2560//4813 986//4813
f 2563//4814 986//4814 987//4814
f 2563//4815 2565//4815 2561//4815
f 2566//4816 2554//4816 2564//4816
f 2566//4817 2564//4817 2563//4817
f 2567//4818 676//4818 130//4818
f 2567//4819 677//4819 676//4819
f 2567//4820 678//4820 677//4820
f 2567//4821 454//4821 678//4821
f 2568//4822 454//4822 2567//4822
f 2568//4823 455//4823 454//4823
f 2568//4824 456//4824 455//4824
f 2569//4825 2568//4825 2567//4825
f 2570//4826 2568//4826 2569//4826
f 2570//4827 2569//4827 1939//4827
f 2571//4828 2570//4828 1939//4828
f 2571//4829 456//4829 2568//4829
f 2571//4830 1939//4830 389//4830
f 2571//4831 2568//4831 2570//4831
f 2571//4832 386//4832 456//4832
f 2571//4833 387//4833 386//4833
f 2571//4834 388//4834 387//4834
f 2571//4835 389//4835 388//4835
f 2572//4836 130//4836 1936//4836
f 2572//4837 2567//4837 130//4837
f 2572//4838 2569//4838 2567//4838
f 2572//4839 1939//4839 2569//4839
f 2573//4840 2574//4840 2575//4840
f 2573//4841 2575//4841 1966//4841
f 2573//4842 2576//4842 2574//4842
f 2573//4843 1966//4843 420//4843
f 2573//4844 1965//4844 2576//4844
f 2573//4845 400//4845 1951//4845
f 2573//4846 1951//4846 1960//4846
f 2573//4847 404//4847 400//4847
f 2573//4848 408//4848 404//4848
f 2573//4849 412//4849 408//4849
f 2573//4850 416//4850 412//4850
f 2573//4851 420//4851 416//4851
f 2573//4852 1960//4852 1965//4852
f 2577//4853 2578//4853 2572//4853
f 2577//4854 2572//4854 1936//4854
f 2579//4855 1947//4855 2578//4855
f 2579//4856 1949//4856 1947//4856
f 2579//4857 1952//4857 1950//4857
f 2579//4858 1953//4858 1952//4858
f 2579//4859 1954//4859 1953//4859
f 2579//4860 1950//4860 1949//4860
f 2579//4861 1955//4861 1954//4861
f 2580//4862 1955//4862 2579//4862
f 2580//4863 1956//4863 1955//4863
f 2581//4864 1956//4864 2580//4864
f 2581//4865 1957//4865 1956//4865
f 2582//4866 1958//4866 1957//4866
f 2582//4867 1959//4867 1958//4867
f 2582//4868 1961//4868 1959//4868
f 2582//4869 1962//4869 1961//4869
f 2582//4870 1957//4870 2581//4870
f 2583//4871 2579//4871 2578//4871
f 2583//4872 2577//4872 2584//4872
f 2583//4873 2578//4873 2577//4873
f 2583//4874 1984//4874 1997//4874
f 2585//4875 2582//4875 2581//4875
f 2585//4876 2579//4876 2583//4876
f 2585//4877 2580//4877 2579//4877
f 2585//4878 2581//4878 2580//4878
f 2586//4879 2582//4879 2585//4879
f 2586//4880 2585//4880 2056//4880
f 2587//4881 1981//4881 1969//4881
f 2587//4882 1936//4882 2588//4882
f 2587//4883 2584//4883 2577//4883
f 2587//4884 2589//4884 1981//4884
f 2587//4885 1984//4885 2583//4885
f 2587//4886 2583//4886 2584//4886
f 2587//4887 2588//4887 2589//4887
f 2587//4888 1969//4888 1984//4888
f 2587//4889 2577//4889 1936//4889
f 2590//4890 2582//4890 2586//4890
f 2590//4891 2586//4891 2056//4891
f 2591//4892 2582//4892 2590//4892
f 2591//4893 2590//4893 2056//4893
f 2592//4894 2591//4894 2056//4894
f 2592//4895 2582//4895 2591//4895
f 2593//4896 2582//4896 2592//4896
f 2593//4897 2592//4897 2056//4897
f 2594//4898 2593//4898 2056//4898
f 2594//4899 2582//4899 2593//4899
f 2595//4900 2594//4900 2056//4900
f 2595//4901 2582//4901 2594//4901
f 2595//4902 1962//4902 2582//4902
f 2595//4903 1963//4903 1962//4903
f 2596//4904 1965//4904 1964//4904
f 2596//4905 2056//4905 2066//4905
f 2596//4906 2595//4906 2056//4906
f 2596//4907 1963//4907 2595//4907
f 2596//4908 1964//4908 1963//4908
f 2597//4909 1965//4909 2596//4909
f 2597//4910 2596//4910 2066//4910
f 2597//4911 2576//4911 1965//4911
f 2598//4912 2574//4912 2576//4912
f 2598//4913 2576//4913 2597//4913
f 2598//4914 2597//4914 2066//4914
f 2598//4915 2066//4915 2085//4915
f 2599//4916 2575//4916 2574//4916
f 2599//4917 2598//4917 2085//4917
f 2599//4918 2574//4918 2598//4918
f 2600//4919 2599//4919 2085//4919
f 2600//4920 2575//4920 2599//4920
f 2601//4921 2012//4921 2015//4921
f 2601//4922 2017//4922 2020//4922
f 2601//4923 2585//4923 2583//4923
f 2601//4924 2025//4924 2024//4924
f 2601//4925 2022//4925 2025//4925
f 2601//4926 2024//4926 2028//4926
f 2601//4927 2028//4927 2032//4927
f 2601//4928 2000//4928 2002//4928
f 2601//4929 1997//4929 2000//4929
f 2601//4930 2013//4930 2012//4930
f 2601//4931 2020//4931 2022//4931
f 2601//4932 2002//4932 2003//4932
f 2601//4933 2583//4933 1997//4933
f 2601//4934 2003//4934 2006//4934
f 2601//4935 2006//4935 2010//4935
f 2601//4936 2056//4936 2585//4936
f 2601//4937 2010//4937 2013//4937
f 2601//4938 2015//4938 2017//4938
f 2602//4939 2056//4939 2601//4939
f 2602//4940 2601//4940 2032//4940
f 2603//4941 2056//4941 2602//4941
f 2603//4942 2602//4942 2032//4942
f 2604//4943 2049//4943 2051//4943
f 2604//4944 2603//4944 2032//4944
f 2604//4945 2035//4945 2034//4945
f 2604//4946 2056//4946 2603//4946
f 2604//4947 2044//4947 2043//4947
f 2604//4948 2032//4948 2035//4948
f 2604//4949 2034//4949 2045//4949
f 2604//4950 2045//4950 2046//4950
f 2604//4951 2046//4951 2047//4951
f 2604//4952 2047//4952 2044//4952
f 2604//4953 2051//4953 2056//4953
f 2604//4954 2043//4954 2049//4954
f 2605//4955 1966//4955 2575//4955
f 2605//4956 2600//4956 2085//4956
f 2605//4957 2085//4957 2106//4957
f 2605//4958 2575//4958 2600//4958
f 2606//4959 2605//4959 2106//4959
f 2606//4960 1967//4960 1966//4960
f 2606//4961 1966//4961 2605//4961
f 2607//4962 2606//4962 2106//4962
f 2607//4963 1967//4963 2606//4963
f 2608//4964 1968//4964 1967//4964
f 2608//4965 2106//4965 2121//4965
f 2608//4966 2607//4966 2106//4966
f 2608//4967 1967//4967 2607//4967
f 2609//4968 1983//4968 1968//4968
f 2609//4969 2608//4969 2121//4969
f 2609//4970 1968//4970 2608//4970
f 2610//4971 1983//4971 2609//4971
f 2610//4972 2609//4972 2121//4972
f 2611//4973 1992//4973 1983//4973
f 2611//4974 2121//4974 2137//4974
f 2611//4975 2610//4975 2121//4975
f 2611//4976 1983//4976 2610//4976
f 2612//4977 2611//4977 2137//4977
f 2612//4978 1992//4978 2611//4978
f 2612//4979 1998//4979 1992//4979
f 2613//4980 1936//4980 131//4980
f 2613//4981 131//4981 2133//4981
f 2613//4982 2133//4982 2077//4982
f 2613//4983 2077//4983 2037//4983
f 2613//4984 2588//4984 1936//4984
f 2613//4985 1981//4985 2589//4985
f 2613//4986 2037//4986 1977//4986
f 2613//4987 2589//4987 2588//4987
f 2613//4988 1977//4988 1981//4988
f 2614//4989 1998//4989 2612//4989
f 2614//4990 2612//4990 2137//4990
f 2615//4991 2007//4991 1998//4991
f 2615//4992 2137//4992 2144//4992
f 2615//4993 1998//4993 2614//4993
f 2615//4994 2614//4994 2137//4994
f 2616//4995 2018//4995 2007//4995
f 2616//4996 2615//4996 2144//4996
f 2616//4997 2007//4997 2615//4997
f 2617//4998 2616//4998 2144//4998
f 2617//4999 2018//4999 2616//4999
f 2618//5000 2026//5000 2018//5000
f 2618//5001 2144//5001 2157//5001
f 2618//5002 2617//5002 2144//5002
f 2618//5003 2018//5003 2617//5003
f 2619//5004 2026//5004 2618//5004
f 2619//5005 2036//5005 2026//5005
f 2619//5006 2618//5006 2157//5006
f 2620//5007 2036//5007 2619//5007
f 2620//5008 2619//5008 2157//5008
f 2621//5009 2620//5009 2157//5009
f 2621//5010 2157//5010 2170//5010
f 2621//5011 2036//5011 2620//5011
f 2621//5012 2053//5012 2036//5012
f 2622//5013 2061//5013 2053//5013
f 2622//5014 2621//5014 2170//5014
f 2622//5015 2053//5015 2621//5015
f 2623//5016 2622//5016 2170//5016
f 2623//5017 2061//5017 2622//5017
f 2624//5018 2623//5018 2170//5018
f 2624//5019 2061//5019 2623//5019
f 2624//5020 2170//5020 2181//5020
f 2624//5021 2069//5021 2061//5021
f 2625//5022 2069//5022 2624//5022
f 2625//5023 2624//5023 2181//5023
f 2625//5024 2076//5024 2069//5024
f 2626//5025 2625//5025 2181//5025
f 2626//5026 2076//5026 2625//5026
f 2627//5027 2626//5027 2181//5027
f 2627//5028 2076//5028 2626//5028
f 2627//5029 2181//5029 2193//5029
f 2627//5030 2087//5030 2076//5030
f 2628//5031 2627//5031 2193//5031
f 2628//5032 2087//5032 2627//5032
f 2628//5033 2098//5033 2087//5033
f 2629//5034 2098//5034 2628//5034
f 2629//5035 2628//5035 2193//5035
f 2630//5036 2110//5036 2098//5036
f 2630//5037 2098//5037 2629//5037
f 2630//5038 2193//5038 2210//5038
f 2630//5039 2629//5039 2193//5039
f 2631//5040 2117//5040 2110//5040
f 2631//5041 2110//5041 2630//5041
f 2631//5042 2630//5042 2210//5042
f 2632//5043 2631//5043 2210//5043
f 2632//5044 2117//5044 2631//5044
f 2633//5045 2632//5045 2210//5045
f 2633//5046 2124//5046 2117//5046
f 2633//5047 2117//5047 2632//5047
f 2633//5048 2210//5048 2230//5048
f 2634//5049 2633//5049 2230//5049
f 2634//5050 2131//5050 2124//5050
f 2634//5051 2124//5051 2633//5051
f 2635//5052 2634//5052 2230//5052
f 2635//5053 2131//5053 2634//5053
f 2636//5054 2635//5054 2230//5054
f 2636//5055 2131//5055 2635//5055
f 2636//5056 2230//5056 2246//5056
f 2636//5057 2138//5057 2131//5057
f 2637//5058 2133//5058 2198//5058
f 2638//5059 2142//5059 2138//5059
f 2638//5060 2138//5060 2636//5060
f 2638//5061 2636//5061 2246//5061
f 2639//5062 2133//5062 2637//5062
f 2640//5063 2101//5063 2133//5063
f 2640//5064 2133//5064 2639//5064
f 2641//5065 2142//5065 2638//5065
f 2641//5066 2638//5066 2246//5066
f 2642//5067 2148//5067 2142//5067
f 2642//5068 2641//5068 2246//5068
f 2642//5069 2246//5069 2268//5069
f 2642//5070 2142//5070 2641//5070
f 2643//5071 2155//5071 2148//5071
f 2643//5072 2148//5072 2642//5072
f 2643//5073 2642//5073 2268//5073
f 2644//5074 2252//5074 2251//5074
f 2644//5075 2637//5075 2198//5075
f 2644//5076 2251//5076 2263//5076
f 2644//5077 2198//5077 2217//5077
f 2644//5078 2236//5078 2235//5078
f 2644//5079 2224//5079 2226//5079
f 2644//5080 2227//5080 2236//5080
f 2644//5081 2639//5081 2637//5081
f 2644//5082 2226//5082 2227//5082
f 2644//5083 2217//5083 2224//5083
f 2644//5084 2640//5084 2639//5084
f 2644//5085 2235//5085 2244//5085
f 2644//5086 2244//5086 2252//5086
f 2645//5087 2155//5087 2643//5087
f 2645//5088 2643//5088 2268//5088
f 2646//5089 2160//5089 2155//5089
f 2646//5090 2155//5090 2645//5090
f 2646//5091 2645//5091 2268//5091
f 2646//5092 2268//5092 2279//5092
f 2647//5093 2197//5093 2133//5093
f 2648//5094 131//5094 999//5094
f 2648//5095 999//5095 1000//5095
f 2648//5096 1000//5096 1001//5096
f 2648//5097 1001//5097 1002//5097
f 2648//5098 2133//5098 131//5098
f 2648//5099 2647//5099 2133//5099
f 2649//5100 2167//5100 2160//5100
f 2649//5101 2646//5101 2279//5101
f 2649//5102 2160//5102 2646//5102
f 2650//5103 2197//5103 2647//5103
f 2651//5104 1002//5104 1003//5104
f 2651//5105 1003//5105 1004//5105
f 2651//5106 2648//5106 1002//5106
f 2651//5107 2647//5107 2648//5107
f 2651//5108 2650//5108 2647//5108
f 2652//5109 2649//5109 2279//5109
f 2652//5110 2167//5110 2649//5110
f 2653//5111 1004//5111 1005//5111
f 2653//5112 1005//5112 778//5112
f 2653//5113 778//5113 777//5113
f 2653//5114 777//5114 780//5114
f 2653//5115 780//5115 2197//5115
f 2653//5116 2651//5116 1004//5116
f 2653//5117 2197//5117 2650//5117
f 2653//5118 2650//5118 2651//5118
f 2654//5119 2172//5119 2167//5119
f 2654//5120 2279//5120 2292//5120
f 2654//5121 2167//5121 2652//5121
f 2654//5122 2652//5122 2279//5122
f 2655//5123 2179//5123 2172//5123
f 2655//5124 2654//5124 2292//5124
f 2655//5125 2172//5125 2654//5125
f 2656//5126 2179//5126 2655//5126
f 2656//5127 2655//5127 2292//5127
f 2657//5128 2179//5128 2656//5128
f 2657//5129 2656//5129 2292//5129
f 2657//5130 2292//5130 2307//5130
f 2657//5131 2184//5131 2179//5131
f 2658//5132 2154//5132 2147//5132
f 2658//5133 2262//5133 2261//5133
f 2658//5134 2101//5134 2640//5134
f 2658//5135 2263//5135 2264//5135
f 2658//5136 2264//5136 2262//5136
f 2658//5137 2640//5137 2644//5137
f 2658//5138 2644//5138 2263//5138
f 2658//5139 2265//5139 2659//5139
f 2658//5140 2261//5140 2265//5140
f 2658//5141 2659//5141 2660//5141
f 2658//5142 2147//5142 2101//5142
f 2661//5143 2657//5143 2307//5143
f 2661//5144 2191//5144 2184//5144
f 2661//5145 2184//5145 2657//5145
f 2662//5146 2661//5146 2307//5146
f 2662//5147 2191//5147 2661//5147
f 2663//5148 2154//5148 2658//5148
f 2663//5149 2658//5149 2660//5149
f 2663//5150 2660//5150 2664//5150
f 2665//5151 2196//5151 2191//5151
f 2665//5152 2191//5152 2662//5152
f 2665//5153 2662//5153 2307//5153
f 2665//5154 2307//5154 2321//5154
f 2666//5155 2664//5155 2667//5155
f 2666//5156 2663//5156 2664//5156
f 2666//5157 2154//5157 2663//5157
f 2668//5158 2206//5158 2196//5158
f 2668//5159 2196//5159 2665//5159
f 2668//5160 2665//5160 2321//5160
f 2669//5161 2166//5161 2154//5161
f 2669//5162 2666//5162 2667//5162
f 2669//5163 2667//5163 2298//5163
f 2669//5164 2154//5164 2666//5164
f 2670//5165 2206//5165 2668//5165
f 2670//5166 2668//5166 2321//5166
f 2671//5167 2669//5167 2298//5167
f 2671//5168 2166//5168 2669//5168
f 2672//5169 2670//5169 2321//5169
f 2672//5170 2206//5170 2670//5170
f 2672//5171 2213//5171 2206//5171
f 2672//5172 2321//5172 2335//5172
f 2673//5173 2671//5173 2298//5173
f 2673//5174 2298//5174 2297//5174
f 2673//5175 2166//5175 2671//5175
f 2674//5176 2222//5176 2213//5176
f 2674//5177 2213//5177 2672//5177
f 2674//5178 2672//5178 2335//5178
f 2675//5179 2178//5179 2166//5179
f 2675//5180 2166//5180 2673//5180
f 2675//5181 2673//5181 2297//5181
f 2675//5182 2297//5182 2304//5182
f 2676//5183 2674//5183 2335//5183
f 2676//5184 2222//5184 2674//5184
f 2677//5185 2178//5185 2675//5185
f 2677//5186 2675//5186 2304//5186
f 2678//5187 2335//5187 2348//5187
f 2678//5188 2676//5188 2335//5188
f 2678//5189 2232//5189 2222//5189
f 2678//5190 2222//5190 2676//5190
f 2679//5191 2677//5191 2304//5191
f 2679//5192 2178//5192 2677//5192
f 2679//5193 2304//5193 2312//5193
f 2680//5194 2678//5194 2348//5194
f 2680//5195 2242//5195 2232//5195
f 2680//5196 2232//5196 2678//5196
f 2681//5197 2190//5197 2178//5197
f 2681//5198 2679//5198 2312//5198
f 2681//5199 2312//5199 2318//5199
f 2681//5200 2178//5200 2679//5200
f 2682//5201 2242//5201 2680//5201
f 2682//5202 2680//5202 2348//5202
f 2683//5203 2681//5203 2318//5203
f 2683//5204 2190//5204 2681//5204
f 2684//5205 2242//5205 2682//5205
f 2684//5206 2249//5206 2242//5206
f 2684//5207 2348//5207 2361//5207
f 2684//5208 2682//5208 2348//5208
f 2685//5209 2318//5209 2326//5209
f 2685//5210 2190//5210 2683//5210
f 2685//5211 2683//5211 2318//5211
f 2686//5212 2259//5212 2249//5212
f 2686//5213 2249//5213 2684//5213
f 2686//5214 2684//5214 2361//5214
f 2687//5215 2326//5215 2332//5215
f 2687//5216 2190//5216 2685//5216
f 2687//5217 2205//5217 2190//5217
f 2687//5218 2685//5218 2326//5218
f 2688//5219 2259//5219 2686//5219
f 2688//5220 2686//5220 2361//5220
f 2689//5221 2687//5221 2332//5221
f 2689//5222 2205//5222 2687//5222
f 2690//5223 2270//5223 2259//5223
f 2690//5224 2361//5224 2373//5224
f 2690//5225 2259//5225 2688//5225
f 2690//5226 2688//5226 2361//5226
f 2691//5227 2689//5227 2332//5227
f 2691//5228 2205//5228 2689//5228
f 2691//5229 2332//5229 2340//5229
f 2692//5230 721//5230 725//5230
f 2692//5231 2667//5231 2664//5231
f 2692//5232 2298//5232 2667//5232
f 2692//5233 741//5233 2298//5233
f 2692//5234 2250//5234 721//5234
f 2692//5235 2659//5235 2265//5235
f 2692//5236 2660//5236 2659//5236
f 2692//5237 2260//5237 2250//5237
f 2692//5238 2664//5238 2660//5238
f 2692//5239 2265//5239 2260//5239
f 2693//5240 2277//5240 2270//5240
f 2693//5241 2690//5241 2373//5241
f 2693//5242 2270//5242 2690//5242
f 2694//5243 2205//5243 2691//5243
f 2694//5244 2340//5244 2346//5244
f 2694//5245 2221//5245 2205//5245
f 2694//5246 2691//5246 2340//5246
f 2695//5247 2693//5247 2373//5247
f 2695//5248 2277//5248 2693//5248
f 2696//5249 2221//5249 2694//5249
f 2696//5250 2694//5250 2346//5250
f 2697//5251 2695//5251 2373//5251
f 2697//5252 2373//5252 2389//5252
f 2697//5253 2282//5253 2277//5253
f 2697//5254 2277//5254 2695//5254
f 2698//5255 725//5255 729//5255
f 2698//5256 729//5256 733//5256
f 2698//5257 2692//5257 725//5257
f 2698//5258 733//5258 737//5258
f 2698//5259 737//5259 741//5259
f 2698//5260 741//5260 2692//5260
f 2699//5261 2696//5261 2346//5261
f 2699//5262 2221//5262 2696//5262
f 2699//5263 2346//5263 2354//5263
f 2700//5264 2697//5264 2389//5264
f 2700//5265 2289//5265 2282//5265
f 2700//5266 2282//5266 2697//5266
f 2701//5267 2354//5267 2359//5267
f 2701//5268 2221//5268 2699//5268
f 2701//5269 2699//5269 2354//5269
f 2701//5270 2241//5270 2221//5270
f 2702//5271 2700//5271 2389//5271
f 2702//5272 2289//5272 2700//5272
f 2703//5273 2701//5273 2359//5273
f 2703//5274 2241//5274 2701//5274
f 2704//5275 2702//5275 2389//5275
f 2704//5276 2289//5276 2702//5276
f 2704//5277 2389//5277 2407//5277
f 2704//5278 2294//5278 2289//5278
f 2705//5279 2359//5279 2366//5279
f 2705//5280 2703//5280 2359//5280
f 2705//5281 2241//5281 2703//5281
f 2706//5282 2704//5282 2407//5282
f 2706//5283 2294//5283 2704//5283
f 2706//5284 2303//5284 2294//5284
f 2707//5285 2366//5285 2371//5285
f 2707//5286 2705//5286 2366//5286
f 2707//5287 2241//5287 2705//5287
f 2707//5288 2258//5288 2241//5288
f 2708//5289 2706//5289 2407//5289
f 2708//5290 2303//5290 2706//5290
f 2709//5291 441//5291 437//5291
f 2709//5292 2710//5292 2711//5292
f 2709//5293 445//5293 441//5293
f 2709//5294 449//5294 445//5294
f 2709//5295 670//5295 449//5295
f 2709//5296 671//5296 670//5296
f 2709//5297 437//5297 2351//5297
f 2709//5298 2351//5298 2710//5298
f 2709//5299 2711//5299 2712//5299
f 2709//5300 2383//5300 2382//5300
f 2709//5301 2712//5301 2383//5301
f 2709//5302 2395//5302 671//5302
f 2709//5303 2382//5303 2404//5303
f 2709//5304 2404//5304 2395//5304
f 2713//5305 2707//5305 2371//5305
f 2713//5306 2258//5306 2707//5306
f 2714//5307 2708//5307 2407//5307
f 2714//5308 2407//5308 2419//5308
f 2714//5309 2303//5309 2708//5309
f 2714//5310 2309//5310 2303//5310
f 2715//5311 2371//5311 2378//5311
f 2715//5312 2258//5312 2713//5312
f 2715//5313 2713//5313 2371//5313
f 2716//5314 2317//5314 2309//5314
f 2716//5315 2309//5315 2714//5315
f 2716//5316 2714//5316 2419//5316
f 2717//5317 2715//5317 2378//5317
f 2717//5318 2276//5318 2258//5318
f 2717//5319 2258//5319 2715//5319
f 2717//5320 2378//5320 2387//5320
f 2718//5321 2317//5321 2716//5321
f 2718//5322 2716//5322 2419//5322
f 2719//5323 2276//5323 2717//5323
f 2719//5324 2717//5324 2387//5324
f 2720//5325 2323//5325 2317//5325
f 2720//5326 2317//5326 2718//5326
f 2720//5327 2419//5327 2433//5327
f 2720//5328 2718//5328 2419//5328
f 2721//5329 2276//5329 2719//5329
f 2721//5330 2719//5330 2387//5330
f 2721//5331 2387//5331 2722//5331
f 2723//5332 2331//5332 2323//5332
f 2723//5333 2323//5333 2720//5333
f 2723//5334 2720//5334 2433//5334
f 2724//5335 2722//5335 2725//5335
f 2724//5336 2288//5336 2276//5336
f 2724//5337 2276//5337 2721//5337
f 2724//5338 2721//5338 2722//5338
f 2726//5339 2723//5339 2433//5339
f 2726//5340 2331//5340 2723//5340
f 2727//5341 2288//5341 2724//5341
f 2727//5342 2724//5342 2725//5342
f 2728//5343 2726//5343 2433//5343
f 2728//5344 2433//5344 2442//5344
f 2728//5345 2337//5345 2331//5345
f 2728//5346 2331//5346 2726//5346
f 2729//5347 2725//5347 2730//5347
f 2729//5348 2727//5348 2725//5348
f 2729//5349 2288//5349 2727//5349
f 2731//5350 2345//5350 2337//5350
f 2731//5351 2728//5351 2442//5351
f 2731//5352 2337//5352 2728//5352
f 2732//5353 2288//5353 2729//5353
f 2732//5354 2730//5354 2733//5354
f 2732//5355 2729//5355 2730//5355
f 2732//5356 2302//5356 2288//5356
f 2734//5357 2302//5357 2732//5357
f 2734//5358 2732//5358 2733//5358
f 2735//5359 2734//5359 2733//5359
f 2735//5360 2302//5360 2734//5360
f 2735//5361 2733//5361 2736//5361
f 2737//5362 2731//5362 2442//5362
f 2737//5363 2711//5363 2710//5363
f 2737//5364 2461//5364 2460//5364
f 2737//5365 2453//5365 2461//5365
f 2737//5366 2345//5366 2731//5366
f 2737//5367 2710//5367 2351//5367
f 2737//5368 2712//5368 2711//5368
f 2737//5369 2383//5369 2712//5369
f 2737//5370 2381//5370 2383//5370
f 2737//5371 2442//5371 2453//5371
f 2737//5372 2351//5372 2345//5372
f 2738//5373 2302//5373 2735//5373
f 2738//5374 2736//5374 2739//5374
f 2738//5375 2316//5375 2302//5375
f 2738//5376 2735//5376 2736//5376
f 2740//5377 2316//5377 2738//5377
f 2740//5378 2738//5378 2739//5378
f 2741//5379 672//5379 2402//5379
f 2741//5380 674//5380 672//5380
f 2741//5381 696//5381 674//5381
f 2742//5382 697//5382 696//5382
f 2742//5383 700//5383 697//5383
f 2742//5384 696//5384 2741//5384
f 2743//5385 2742//5385 2741//5385
f 2744//5386 2740//5386 2739//5386
f 2744//5387 2316//5387 2740//5387
f 2744//5388 2739//5388 2745//5388
f 2746//5389 701//5389 700//5389
f 2746//5390 702//5390 701//5390
f 2746//5391 703//5391 702//5391
f 2746//5392 704//5392 703//5392
f 2746//5393 700//5393 2742//5393
f 2747//5394 2742//5394 2743//5394
f 2747//5395 2746//5395 2742//5395
f 2748//5396 2316//5396 2744//5396
f 2748//5397 2744//5397 2745//5397
f 2748//5398 2330//5398 2316//5398
f 2748//5399 2745//5399 2749//5399
f 2750//5400 2330//5400 2748//5400
f 2750//5401 2748//5401 2749//5401
f 2751//5402 2330//5402 2750//5402
f 2751//5403 2750//5403 2749//5403
f 2751//5404 2749//5404 2752//5404
f 2753//5405 2741//5405 2402//5405
f 2753//5406 2470//5406 704//5406
f 2753//5407 704//5407 2746//5407
f 2753//5408 2743//5408 2741//5408
f 2753//5409 2747//5409 2743//5409
f 2753//5410 2746//5410 2747//5410
f 2753//5411 2402//5411 2430//5411
f 2753//5412 2430//5412 2470//5412
f 2754//5413 2751//5413 2752//5413
f 2754//5414 2330//5414 2751//5414
f 2754//5415 2752//5415 2755//5415
f 2754//5416 2344//5416 2330//5416
f 2756//5417 2344//5417 2754//5417
f 2756//5418 2754//5418 2755//5418
f 2757//5419 2755//5419 2758//5419
f 2757//5420 2756//5420 2755//5420
f 2757//5421 2344//5421 2756//5421
f 2759//5422 2758//5422 2760//5422
f 2759//5423 2344//5423 2757//5423
f 2759//5424 2358//5424 2344//5424
f 2759//5425 2757//5425 2758//5425
f 2761//5426 2759//5426 2760//5426
f 2761//5427 2358//5427 2759//5427
f 2762//5428 2760//5428 2763//5428
f 2762//5429 2358//5429 2761//5429
f 2762//5430 2761//5430 2760//5430
f 2764//5431 2410//5431 2403//5431
f 2764//5432 2381//5432 2737//5432
f 2764//5433 2414//5433 2410//5433
f 2764//5434 2421//5434 2417//5434
f 2764//5435 2737//5435 2460//5435
f 2764//5436 2403//5436 2401//5436
f 2764//5437 2470//5437 2430//5437
f 2764//5438 2417//5438 2414//5438
f 2764//5439 2386//5439 2381//5439
f 2764//5440 2429//5440 2421//5440
f 2764//5441 2460//5441 2470//5441
f 2764//5442 2430//5442 2429//5442
f 2764//5443 2393//5443 2386//5443
f 2764//5444 2401//5444 2393//5444
f 2765//5445 2762//5445 2763//5445
f 2765//5446 2763//5446 2766//5446
f 2765//5447 2358//5447 2762//5447
f 2765//5448 2370//5448 2358//5448
f 2767//5449 2765//5449 2766//5449
f 2767//5450 2370//5450 2765//5450
f 2768//5451 2766//5451 2769//5451
f 2768//5452 2767//5452 2766//5452
f 2768//5453 2370//5453 2767//5453
f 2770//5454 2769//5454 2771//5454
f 2770//5455 2768//5455 2769//5455
f 2770//5456 2370//5456 2768//5456
f 2770//5457 2385//5457 2370//5457
f 2772//5458 2770//5458 2771//5458
f 2772//5459 2385//5459 2770//5459
f 2773//5460 2771//5460 2774//5460
f 2773//5461 2772//5461 2771//5461
f 2773//5462 2385//5462 2772//5462
f 2775//5463 2774//5463 2776//5463
f 2775//5464 2773//5464 2774//5464
f 2775//5465 2400//5465 2385//5465
f 2775//5466 2385//5466 2773//5466
f 2777//5467 2775//5467 2776//5467
f 2777//5468 2400//5468 2775//5468
f 2778//5469 2776//5469 2779//5469
f 2778//5470 2400//5470 2777//5470
f 2778//5471 2777//5471 2776//5471
f 2780//5472 2778//5472 2779//5472
f 2780//5473 2416//5473 2400//5473
f 2780//5474 2400//5474 2778//5474
f 2780//5475 2779//5475 2781//5475
f 2782//5476 2780//5476 2781//5476
f 2782//5477 2416//5477 2780//5477
f 2783//5478 2782//5478 2781//5478
f 2783//5479 2781//5479 2784//5479
f 2783//5480 2416//5480 2782//5480
f 2785//5481 2428//5481 2416//5481
f 2785//5482 2784//5482 2786//5482
f 2785//5483 2416//5483 2783//5483
f 2785//5484 2783//5484 2784//5484
f 2787//5485 2428//5485 2785//5485
f 2787//5486 2785//5486 2786//5486
f 2788//5487 2787//5487 2786//5487
f 2788//5488 2786//5488 2789//5488
f 2788//5489 2428//5489 2787//5489
f 2790//5490 2440//5490 2428//5490
f 2790//5491 2789//5491 2791//5491
f 2790//5492 2428//5492 2788//5492
f 2790//5493 2788//5493 2789//5493
f 2792//5494 2790//5494 2791//5494
f 2792//5495 2440//5495 2790//5495
f 2793//5496 2792//5496 2791//5496
f 2793//5497 2440//5497 2792//5497
f 2793//5498 2791//5498 2794//5498
f 2795//5499 2440//5499 2793//5499
f 2795//5500 2793//5500 2794//5500
f 2795//5501 2450//5501 2440//5501
f 2795//5502 2794//5502 2796//5502
f 2797//5503 2795//5503 2796//5503
f 2797//5504 2450//5504 2795//5504
f 2798//5505 2796//5505 2799//5505
f 2798//5506 2450//5506 2797//5506
f 2798//5507 2797//5507 2796//5507
f 2800//5508 2798//5508 2799//5508
f 2800//5509 2450//5509 2798//5509
f 2800//5510 2799//5510 2801//5510
f 2800//5511 2465//5511 2450//5511
f 2802//5512 2800//5512 2801//5512
f 2802//5513 2465//5513 2800//5513
f 2803//5514 2802//5514 2801//5514
f 2803//5515 2465//5515 2802//5515
f 2803//5516 2801//5516 2804//5516
f 2805//5517 2469//5517 2465//5517
f 2805//5518 2804//5518 2806//5518
f 2805//5519 2465//5519 2803//5519
f 2805//5520 2803//5520 2804//5520
f 2807//5521 2805//5521 2806//5521
f 2807//5522 2469//5522 2805//5522
f 2808//5523 2469//5523 2807//5523
f 2808//5524 2806//5524 2809//5524
f 2808//5525 2807//5525 2806//5525
f 2810//5526 2808//5526 2809//5526
f 2810//5527 2469//5527 2808//5527
f 2810//5528 2474//5528 2469//5528
f 2810//5529 2809//5529 2811//5529
f 2812//5530 2474//5530 2810//5530
f 2812//5531 2810//5531 2811//5531
f 2813//5532 2812//5532 2811//5532
f 2813//5533 2474//5533 2812//5533
f 2813//5534 2811//5534 2814//5534
f 2815//5535 2481//5535 2474//5535
f 2815//5536 2474//5536 2813//5536
f 2815//5537 2814//5537 2816//5537
f 2815//5538 2813//5538 2814//5538
f 2817//5539 2815//5539 2816//5539
f 2817//5540 2481//5540 2815//5540
f 2817//5541 2816//5541 2818//5541
f 2819//5542 920//5542 929//5542
f 2819//5543 929//5543 939//5543
f 2819//5544 2794//5544 2791//5544
f 2820//5545 2492//5545 2481//5545
f 2820//5546 2818//5546 2821//5546
f 2820//5547 2817//5547 2818//5547
f 2820//5548 2481//5548 2817//5548
f 2822//5549 2492//5549 2820//5549
f 2822//5550 2820//5550 2821//5550
f 2822//5551 2821//5551 2823//5551
f 2824//5552 2799//5552 2796//5552
f 2824//5553 2819//5553 939//5553
f 2824//5554 939//5554 950//5554
f 2824//5555 2794//5555 2819//5555
f 2824//5556 2796//5556 2794//5556
f 2825//5557 2547//5557 2546//5557
f 2825//5558 2492//5558 2822//5558
f 2825//5559 2551//5559 2547//5559
f 2825//5560 2508//5560 2492//5560
f 2825//5561 2822//5561 2823//5561
f 2825//5562 2509//5562 2508//5562
f 2825//5563 2823//5563 2826//5563
f 2825//5564 2826//5564 2551//5564
f 2827//5565 2799//5565 2824//5565
f 2827//5566 2801//5566 2799//5566
f 2827//5567 950//5567 964//5567
f 2827//5568 964//5568 965//5568
f 2827//5569 2824//5569 950//5569
f 2827//5570 2804//5570 2801//5570
f 2828//5571 2825//5571 2546//5571
f 2828//5572 2546//5572 2548//5572
f 2828//5573 2509//5573 2825//5573
f 2828//5574 2548//5574 2549//5574
f 2828//5575 2549//5575 2550//5575
f 2828//5576 2550//5576 2553//5576
f 2829//5577 2828//5577 2553//5577
f 2829//5578 2509//5578 2828//5578
f 2830//5579 2553//5579 2556//5579
f 2830//5580 2556//5580 2557//5580
f 2830//5581 2562//5581 2561//5581
f 2830//5582 2559//5582 2562//5582
f 2830//5583 2554//5583 2544//5583
f 2830//5584 2565//5584 2564//5584
f 2830//5585 2564//5585 2554//5585
f 2830//5586 2544//5586 2509//5586
f 2830//5587 2561//5587 2565//5587
f 2830//5588 2509//5588 2829//5588
f 2830//5589 2557//5589 2559//5589
f 2830//5590 2829//5590 2553//5590
f 2831//5591 768//5591 2552//5591
f 2831//5592 2552//5592 2545//5592
f 2831//5593 2545//5593 2551//5593
f 2831//5594 751//5594 756//5594
f 2831//5595 756//5595 760//5595
f 2831//5596 760//5596 764//5596
f 2831//5597 764//5597 768//5597
f 2831//5598 2826//5598 2823//5598
f 2831//5599 2823//5599 2821//5599
f 2831//5600 2551//5600 2826//5600
f 2832//5601 1014//5601 1937//5601
f 2832//5602 1937//5602 2554//5602
f 2832//5603 2554//5603 2566//5603
f 2833//5604 2566//5604 2563//5604
f 2833//5605 987//5605 988//5605
f 2833//5606 988//5606 1007//5606
f 2833//5607 1007//5607 1008//5607
f 2833//5608 2832//5608 2566//5608
f 2833//5609 2563//5609 987//5609
f 2834//5610 2832//5610 2833//5610
f 2834//5611 2833//5611 1008//5611
f 2835//5612 2834//5612 1008//5612
f 2835//5613 2832//5613 2834//5613
f 2835//5614 1014//5614 2832//5614
f 2835//5615 1008//5615 1010//5615
f 2835//5616 1010//5616 1011//5616
f 2835//5617 1011//5617 1012//5617
f 2835//5618 1012//5618 1013//5618
f 2835//5619 1013//5619 1014//5619
f 2836//5620 2572//5620 2578//5620
f 2836//5621 1947//5621 1939//5621
f 2836//5622 2578//5622 1947//5622
f 2836//5623 1939//5623 2572//5623
f 2837//5624 2784//5624 2781//5624
f 2837//5625 2789//5625 2786//5625
f 2837//5626 2786//5626 2784//5626
f 2837//5627 2781//5627 2779//5627
f 2837//5628 2791//5628 2789//5628
f 2837//5629 2819//5629 2791//5629
f 2838//5630 2831//5630 2821//5630
f 2838//5631 2804//5631 2827//5631
f 2838//5632 2806//5632 2804//5632
f 2838//5633 751//5633 2831//5633
f 2838//5634 965//5634 748//5634
f 2838//5635 748//5635 751//5635
f 2838//5636 2809//5636 2806//5636
f 2838//5637 2827//5637 965//5637
f 2838//5638 2811//5638 2809//5638
f 2838//5639 2814//5639 2811//5639
f 2838//5640 2816//5640 2814//5640
f 2838//5641 2818//5641 2816//5641
f 2838//5642 2821//5642 2818//5642
f 2839//5643 2819//5643 2837//5643
f 2839//5644 900//5644 910//5644
f 2839//5645 910//5645 920//5645
f 2839//5646 920//5646 2819//5646
f 2840//5647 2774//5647 2771//5647
f 2840//5648 2776//5648 2774//5648
f 2840//5649 2837//5649 2779//5649
f 2840//5650 2771//5650 2769//5650
f 2840//5651 2839//5651 2837//5651
f 2840//5652 2779//5652 2776//5652
f 2841//5653 900//5653 2839//5653
f 2841//5654 870//5654 880//5654
f 2841//5655 880//5655 890//5655
f 2841//5656 890//5656 900//5656
f 2841//5657 2839//5657 2840//5657
f 2842//5658 2758//5658 2755//5658
f 2842//5659 2840//5659 2769//5659
f 2842//5660 2760//5660 2758//5660
f 2842//5661 2841//5661 2840//5661
f 2842//5662 2763//5662 2760//5662
f 2842//5663 2766//5663 2763//5663
f 2842//5664 2769//5664 2766//5664
f 2843//5665 850//5665 860//5665
f 2843//5666 860//5666 870//5666
f 2843//5667 2841//5667 2842//5667
f 2843//5668 870//5668 2841//5668
f 2844//5669 2736//5669 2733//5669
f 2844//5670 2739//5670 2736//5670
f 2844//5671 2745//5671 2739//5671
f 2844//5672 2749//5672 2745//5672
f 2845//5673 2842//5673 2755//5673
f 2845//5674 2755//5674 2752//5674
f 2845//5675 2749//5675 2844//5675
f 2845//5676 2752//5676 2749//5676
f 2845//5677 2843//5677 2842//5677
f 2845//5678 2844//5678 2843//5678
f 2846//5679 2725//5679 2722//5679
f 2846//5680 2730//5680 2725//5680
f 2846//5681 2733//5681 2730//5681
f 2846//5682 815//5682 825//5682
f 2846//5683 825//5683 835//5683
f 2846//5684 835//5684 845//5684
f 2846//5685 850//5685 2843//5685
f 2846//5686 845//5686 850//5686
f 2846//5687 2387//5687 815//5687
f 2846//5688 2843//5688 2844//5688
f 2846//5689 2722//5689 2387//5689
f 2846//5690 2844//5690 2733//5690
f 2847//5691 704//5691 2848//5691
f 2847//5692 694//5692 704//5692
f 1024//5693 2849//5693 2850//5693
f 1024//5694 2850//5694 1014//5694
f 2851//5695 2852//5695 1024//5695
f 2853//5696 1024//5696 2852//5696
f 2854//5697 2851//5697 1024//5697
f 2855//5698 1024//5698 2853//5698
f 2856//5699 2854//5699 1024//5699
f 2857//5700 1024//5700 2855//5700
f 2858//5701 2856//5701 1024//5701
f 2859//5702 1024//5702 2857//5702
f 2860//5703 2858//5703 1024//5703
f 2861//5704 2849//5704 1024//5704
f 2861//5705 1024//5705 2859//5705
f 2862//5706 2860//5706 1024//5706
f 2863//5707 2849//5707 2861//5707
f 2864//5708 2862//5708 1024//5708
f 2865//5709 2849//5709 2863//5709
f 2866//5710 2864//5710 1024//5710
f 2867//5711 2849//5711 2865//5711
f 2868//5712 2866//5712 1024//5712
f 2869//5713 2849//5713 2867//5713
f 2870//5714 2868//5714 1024//5714
f 2871//5715 2849//5715 2869//5715
f 2872//5716 2870//5716 1024//5716
f 2873//5717 2849//5717 2871//5717
f 2874//5718 2872//5718 1024//5718
f 2875//5719 2849//5719 2873//5719
f 2876//5720 2874//5720 1024//5720
f 2877//5721 2849//5721 2875//5721
f 2878//5722 2876//5722 1024//5722
f 2879//5723 2849//5723 2877//5723
f 2880//5724 2878//5724 1024//5724
f 2881//5725 2849//5725 2879//5725
f 2882//5726 2880//5726 1024//5726
f 2883//5727 2884//5727 2849//5727
f 2883//5728 2849//5728 2881//5728
f 2885//5729 2886//5729 2884//5729
f 2885//5730 2884//5730 2883//5730
f 2887//5731 2888//5731 2886//5731
f 2887//5732 2886//5732 2885//5732
f 2889//5733 2890//5733 2888//5733
f 2889//5734 2888//5734 2887//5734
f 2891//5735 2892//5735 2890//5735
f 2891//5736 2890//5736 2889//5736
f 2893//5737 2894//5737 2892//5737
f 2893//5738 2892//5738 2891//5738
f 2895//5739 2896//5739 2894//5739
f 2895//5740 2894//5740 2893//5740
f 2897//5741 2898//5741 2896//5741
f 2897//5742 2896//5742 2895//5742
f 2899//5743 2900//5743 2898//5743
f 2899//5744 2898//5744 2897//5744
f 2901//5745 2900//5745 2899//5745
f 2901//5746 2902//5746 2900//5746
f 694//5747 2882//5747 1024//5747
f 694//5748 2903//5748 2904//5748
f 694//5749 2904//5749 2905//5749
f 694//5750 2905//5750 2906//5750
f 694//5751 2906//5751 2907//5751
f 694//5752 2907//5752 2908//5752
f 694//5753 2908//5753 2909//5753
f 694//5754 2909//5754 2910//5754
f 694//5755 2910//5755 2911//5755
f 694//5756 2911//5756 2882//5756
f 2912//5757 2903//5757 694//5757
f 2913//5758 2902//5758 2901//5758
f 2913//5759 2914//5759 2902//5759
f 2915//5760 2912//5760 694//5760
f 2916//5761 2917//5761 2914//5761
f 2916//5762 2914//5762 2913//5762
f 2918//5763 2915//5763 694//5763
f 2919//5764 2920//5764 2917//5764
f 2919//5765 2917//5765 2916//5765
f 2921//5766 2918//5766 694//5766
f 2922//5767 2923//5767 2920//5767
f 2922//5768 2920//5768 2919//5768
f 2924//5769 2921//5769 694//5769
f 2925//5770 2923//5770 2922//5770
f 2926//5771 2923//5771 2925//5771
f 2927//5772 2924//5772 694//5772
f 2928//5773 2926//5773 2925//5773
f 2929//5774 2927//5774 694//5774
f 2930//5775 2926//5775 2928//5775
f 2931//5776 2930//5776 2928//5776
f 2932//5777 2929//5777 694//5777
f 2933//5778 2931//5778 2934//5778
f 2933//5779 2930//5779 2931//5779
f 2935//5780 2932//5780 694//5780
f 2936//5781 2935//5781 694//5781
f 2937//5782 2934//5782 2938//5782
f 2937//5783 2933//5783 2934//5783
f 2939//5784 2936//5784 694//5784
f 2940//5785 2938//5785 2941//5785
f 2940//5786 2937//5786 2938//5786
f 2942//5787 2939//5787 694//5787
f 2943//5788 2941//5788 2944//5788
f 2943//5789 2940//5789 2941//5789
f 2945//5790 2944//5790 2946//5790
f 2945//5791 2943//5791 2944//5791
f 2947//5792 2946//5792 2948//5792
f 2947//5793 2945//5793 2946//5793
f 2949//5794 2947//5794 2948//5794
f 2949//5795 2948//5795 2950//5795
f 2951//5796 2949//5796 2950//5796
f 2951//5797 2950//5797 2952//5797
f 2953//5798 2952//5798 2954//5798
f 2953//5799 2951//5799 2952//5799
f 2955//5800 2954//5800 2956//5800
f 2955//5801 2953//5801 2954//5801
f 2957//5802 2956//5802 2958//5802
f 2957//5803 2955//5803 2956//5803
f 2959//5804 2958//5804 2960//5804
f 2959//5805 2957//5805 2958//5805
f 2961//5806 2960//5806 2962//5806
f 2961//5807 2959//5807 2960//5807
f 2963//5808 2962//5808 2964//5808
f 2963//5809 2961//5809 2962//5809
f 2965//5810 2964//5810 2966//5810
f 2965//5811 2963//5811 2964//5811
f 2847//5812 2967//5812 2968//5812
f 2847//5813 2968//5813 2969//5813
f 2847//5814 2969//5814 2970//5814
f 2847//5815 2970//5815 2971//5815
f 2847//5816 2971//5816 2972//5816
f 2847//5817 2972//5817 2973//5817
f 2847//5818 2973//5818 2974//5818
f 2847//5819 2974//5819 2975//5819
f 2847//5820 2975//5820 2976//5820
f 2847//5821 2976//5821 2977//5821
f 2847//5822 2977//5822 2942//5822
f 2847//5823 2942//5823 694//5823
f 2978//5824 2966//5824 2979//5824
f 2978//5825 2965//5825 2966//5825
f 2980//5826 2967//5826 2847//5826
f 2980//5827 2981//5827 2967//5827
f 2982//5828 2979//5828 2983//5828
f 2982//5829 2978//5829 2979//5829
f 2984//5830 2981//5830 2980//5830
f 2984//5831 2985//5831 2981//5831
f 2986//5832 2982//5832 2983//5832
f 2986//5833 2983//5833 2987//5833
f 2988//5834 2985//5834 2984//5834
f 2988//5835 2989//5835 2985//5835
f 2990//5836 2987//5836 2991//5836
f 2990//5837 2986//5837 2987//5837
f 2992//5838 2989//5838 2988//5838
f 2992//5839 2993//5839 2989//5839
f 2994//5840 2990//5840 2991//5840
f 2994//5841 2991//5841 2995//5841
f 2996//5842 2993//5842 2992//5842
f 2996//5843 2997//5843 2993//5843
f 2998//5844 2994//5844 2995//5844
f 2998//5845 2995//5845 2999//5845
f 3000//5846 2997//5846 2996//5846
f 3000//5847 3001//5847 2997//5847
f 3002//5848 2998//5848 2999//5848
f 3002//5849 2999//5849 3003//5849
f 3004//5850 3001//5850 3000//5850
f 3004//5851 3005//5851 3001//5851
f 3006//5852 3002//5852 3003//5852
f 3006//5853 3003//5853 3007//5853
f 3008//5854 3005//5854 3004//5854
f 3008//5855 3009//5855 3005//5855
f 3010//5856 3007//5856 3011//5856
f 3010//5857 3006//5857 3007//5857
f 3012//5858 3009//5858 3008//5858
f 3012//5859 3013//5859 3009//5859
f 3014//5860 3011//5860 3015//5860
f 3014//5861 3010//5861 3011//5861
f 3016//5862 3013//5862 3012//5862
f 3016//5863 3017//5863 3013//5863
f 3018//5864 3015//5864 3019//5864
f 3018//5865 3014//5865 3015//5865
f 3020//5866 3021//5866 3017//5866
f 3020//5867 3017//5867 3016//5867
f 3022//5868 3019//5868 3023//5868
f 3022//5869 3018//5869 3019//5869
f 3024//5870 3021//5870 3020//5870
f 3024//5871 3025//5871 3021//5871
f 3026//5872 3022//5872 3023//5872
f 3026//5873 3023//5873 3027//5873
f 3028//5874 3029//5874 3025//5874
f 3028//5875 3025//5875 3024//5875
f 3030//5876 3027//5876 3031//5876
f 3030//5877 3026//5877 3027//5877
f 3032//5878 3029//5878 3028//5878
f 3032//5879 3033//5879 3029//5879
f 3034//5880 3030//5880 3031//5880
f 3034//5881 3031//5881 3035//5881
f 3036//5882 3033//5882 3032//5882
f 3036//5883 3037//5883 3033//5883
f 3038//5884 3035//5884 3037//5884
f 3038//5885 3037//5885 3036//5885
f 3038//5886 3034//5886 3035//5886
f 3039//5887 3040//5887 1014//5887
f 1014//5888 3041//5888 3039//5888
f 3040//5889 3042//5889 1014//5889
f 1014//5890 3043//5890 3041//5890
f 3042//5891 3044//5891 1014//5891
f 1014//5892 3045//5892 3043//5892
f 3044//5893 3046//5893 1014//5893
f 1014//5894 3047//5894 3045//5894
f 3046//5895 3048//5895 1014//5895
f 2850//5896 3049//5896 1014//5896
f 1014//5897 3049//5897 3047//5897
f 3048//5898 3050//5898 1014//5898
f 2850//5899 3051//5899 3049//5899
f 3050//5900 3052//5900 1014//5900
f 2850//5901 3053//5901 3051//5901
f 3052//5902 3054//5902 1014//5902
f 2850//5903 3055//5903 3053//5903
f 3054//5904 3056//5904 1014//5904
f 2850//5905 3057//5905 3055//5905
f 3056//5906 3058//5906 1014//5906
f 2850//5907 3059//5907 3057//5907
f 3058//5908 3060//5908 1014//5908
f 2850//5909 3061//5909 3059//5909
f 3060//5910 3062//5910 1014//5910
f 2850//5911 3063//5911 3061//5911
f 3062//5912 3064//5912 1014//5912
f 2850//5913 3065//5913 3063//5913
f 3064//5914 3066//5914 1014//5914
f 2850//5915 3067//5915 3065//5915
f 3066//5916 3068//5916 1014//5916
f 2850//5917 3069//5917 3067//5917
f 3068//5918 3070//5918 1014//5918
f 3071//5919 3072//5919 2850//5919
f 2850//5920 3072//5920 3069//5920
f 3073//5921 3074//5921 3071//5921
f 3071//5922 3074//5922 3072//5922
f 3075//5923 3076//5923 3073//5923
f 3073//5924 3076//5924 3074//5924
f 3077//5925 3078//5925 3075//5925
f 3075//5926 3078//5926 3076//5926
f 3079//5927 3080//5927 3077//5927
f 3077//5928 3080//5928 3078//5928
f 3081//5929 3082//5929 3079//5929
f 3079//5930 3082//5930 3080//5930
f 3083//5931 3084//5931 3081//5931
f 3081//5932 3084//5932 3082//5932
f 3085//5933 3086//5933 3083//5933
f 3083//5934 3086//5934 3084//5934
f 3085//5935 3087//5935 3086//5935
f 3088//5936 3087//5936 3085//5936
f 3089//5937 3090//5937 3088//5937
f 3088//5938 3090//5938 3087//5938
f 3070//5939 704//5939 1014//5939
f 3091//5940 704//5940 3092//5940
f 3092//5941 704//5941 3093//5941
f 3093//5942 704//5942 3094//5942
f 3094//5943 704//5943 3095//5943
f 3095//5944 704//5944 3096//5944
f 3096//5945 704//5945 3097//5945
f 3097//5946 704//5946 3098//5946
f 3098//5947 704//5947 3099//5947
f 3099//5948 704//5948 3070//5948
f 3091//5949 3100//5949 704//5949
f 3101//5950 3102//5950 3089//5950
f 3089//5951 3102//5951 3090//5951
f 3100//5952 3103//5952 704//5952
f 3101//5953 3104//5953 3102//5953
f 3105//5954 3104//5954 3101//5954
f 3103//5955 3106//5955 704//5955
f 3107//5956 3108//5956 3105//5956
f 3105//5957 3108//5957 3104//5957
f 3106//5958 3109//5958 704//5958
f 3110//5959 3111//5959 3107//5959
f 3107//5960 3111//5960 3108//5960
f 3109//5961 3112//5961 704//5961
f 3110//5962 3113//5962 3111//5962
f 3110//5963 3114//5963 3113//5963
f 3112//5964 3115//5964 704//5964
f 3114//5965 3116//5965 3113//5965
f 3115//5966 3117//5966 704//5966
f 3114//5967 3118//5967 3116//5967
f 3118//5968 3119//5968 3116//5968
f 3117//5969 3120//5969 704//5969
f 3119//5970 3121//5970 3122//5970
f 3118//5971 3121//5971 3119//5971
f 3120//5972 3123//5972 704//5972
f 3123//5973 3124//5973 704//5973
f 3122//5974 3125//5974 3126//5974
f 3121//5975 3125//5975 3122//5975
f 3124//5976 3127//5976 704//5976
f 3126//5977 3128//5977 3129//5977
f 3125//5978 3128//5978 3126//5978
f 3127//5979 3130//5979 704//5979
f 3129//5980 3131//5980 3132//5980
f 3128//5981 3131//5981 3129//5981
f 3132//5982 3133//5982 3134//5982
f 3131//5983 3133//5983 3132//5983
f 3134//5984 3135//5984 3136//5984
f 3133//5985 3135//5985 3134//5985
f 3135//5986 3137//5986 3136//5986
f 3136//5987 3137//5987 3138//5987
f 3137//5988 3139//5988 3138//5988
f 3138//5989 3139//5989 3140//5989
f 3139//5990 3141//5990 3140//5990
f 3140//5991 3141//5991 3142//5991
f 3141//5992 3143//5992 3142//5992
f 3142//5993 3143//5993 3144//5993
f 3144//5994 3145//5994 3146//5994
f 3143//5995 3145//5995 3144//5995
f 3146//5996 3147//5996 3148//5996
f 3145//5997 3147//5997 3146//5997
f 3148//5998 3149//5998 3150//5998
f 3147//5999 3149//5999 3148//5999
f 3150//6000 3151//6000 3152//6000
f 3149//6001 3151//6001 3150//6001
f 3152//6002 3153//6002 3154//6002
f 3151//6003 3153//6003 3152//6003
f 3155//6004 2848//6004 3156//6004
f 3156//6005 2848//6005 3157//6005
f 3157//6006 2848//6006 3158//6006
f 3158//6007 2848//6007 3159//6007
f 3159//6008 2848//6008 3160//6008
f 3160//6009 2848//6009 3161//6009
f 3161//6010 2848//6010 3162//6010
f 3162//6011 2848//6011 3163//6011
f 3163//6012 2848//6012 3164//6012
f 3164//6013 2848//6013 3165//6013
f 3165//6014 2848//6014 3130//6014
f 3130//6015 2848//6015 704//6015
f 3154//6016 3166//6016 3167//6016
f 3153//6017 3166//6017 3154//6017
f 3155//6018 3168//6018 2848//6018
f 3169//6019 3168//6019 3155//6019
f 3167//6020 3170//6020 3171//6020
f 3166//6021 3170//6021 3167//6021
f 3169//6022 3172//6022 3168//6022
f 3173//6023 3172//6023 3169//6023
f 3170//6024 3174//6024 3171//6024
f 3171//6025 3174//6025 3175//6025
f 3173//6026 3176//6026 3172//6026
f 3177//6027 3176//6027 3173//6027
f 3175//6028 3178//6028 3179//6028
f 3174//6029 3178//6029 3175//6029
f 3177//6030 3180//6030 3176//6030
f 3181//6031 3180//6031 3177//6031
f 3178//6032 3182//6032 3179//6032
f 3179//6033 3182//6033 3183//6033
f 3181//6034 3184//6034 3180//6034
f 3185//6035 3184//6035 3181//6035
f 3183//6036 3186//6036 3187//6036
f 3182//6037 3186//6037 3183//6037
f 3185//6038 3188//6038 3184//6038
f 3189//6039 3188//6039 3185//6039
f 3186//6040 3190//6040 3187//6040
f 3187//6041 3190//6041 3191//6041
f 3189//6042 3192//6042 3188//6042
f 3193//6043 3192//6043 3189//6043
f 3190//6044 3194//6044 3191//6044
f 3191//6045 3194//6045 3195//6045
f 3193//6046 3196//6046 3192//6046
f 3197//6047 3196//6047 3193//6047
f 3195//6048 3198//6048 3199//6048
f 3194//6049 3198//6049 3195//6049
f 3197//6050 3200//6050 3196//6050
f 3201//6051 3200//6051 3197//6051
f 3199//6052 3202//6052 3203//6052
f 3198//6053 3202//6053 3199//6053
f 3201//6054 3204//6054 3200//6054
f 3205//6055 3204//6055 3201//6055
f 3202//6056 3206//6056 3203//6056
f 3203//6057 3206//6057 3207//6057
f 3208//6058 3209//6058 3205//6058
f 3205//6059 3209//6059 3204//6059
f 3206//6060 3210//6060 3207//6060
f 3207//6061 3210//6061 3211//6061
f 3208//6062 3212//6062 3209//6062
f 3213//6063 3212//6063 3208//6063
f 3211//6064 3214//6064 3215//6064
f 3210//6065 3214//6065 3211//6065
f 3213//6066 3216//6066 3212//6066
f 3217//6067 3216//6067 3213//6067
f 3215//6068 3218//6068 3219//6068
f 3214//6069 3218//6069 3215//6069
f 3220//6070 3221//6070 3217//6070
f 3217//6071 3221//6071 3216//6071
f 3218//6072 3222//6072 3219//6072
f 3219//6073 3222//6073 3223//6073
f 3220//6074 3224//6074 3221//6074
f 3225//6075 3224//6075 3220//6075
f 3225//6076 3226//6076 3224//6076
f 3223//6077 3226//6077 3225//6077
f 3222//6078 3226//6078 3223//6078
f 2849//6079 2884//6079 2850//6079
f 2850//6080 2884//6080 3071//6080
f 3071//6081 2886//6081 3073//6081
f 2884//6082 2886//6082 3071//6082
f 3073//6083 2888//6083 3075//6083
f 2886//6084 2888//6084 3073//6084
f 3075//6085 2890//6085 3077//6085
f 2888//6086 2890//6086 3075//6086
f 3077//6087 2892//6087 3079//6087
f 2890//6088 2892//6088 3077//6088
f 3079//6089 2894//6089 3081//6089
f 2892//6090 2894//6090 3079//6090
f 3081//6091 2896//6091 3083//6091
f 2894//6092 2896//6092 3081//6092
f 3083//6093 2898//6093 3085//6093
f 2896//6094 2898//6094 3083//6094
f 3085//6095 2900//6095 3088//6095
f 3088//6096 2900//6096 3089//6096
f 2898//6097 2900//6097 3085//6097
f 3089//6098 2902//6098 3101//6098
f 2900//6099 2902//6099 3089//6099
f 3101//6100 2914//6100 3105//6100
f 2902//6101 2914//6101 3101//6101
f 2914//6102 2917//6102 3105//6102
f 3105//6103 2920//6103 3107//6103
f 2917//6104 2920//6104 3105//6104
f 3107//6105 2923//6105 3110//6105
f 2920//6106 2923//6106 3107//6106
f 3110//6107 2926//6107 3114//6107
f 2923//6108 2926//6108 3110//6108
f 3114//6109 2930//6109 3118//6109
f 2926//6110 2930//6110 3114//6110
f 3118//6111 2933//6111 3121//6111
f 3121//6112 2933//6112 3125//6112
f 2930//6113 2933//6113 3118//6113
f 2933//6114 2937//6114 3125//6114
f 2937//6115 2940//6115 3125//6115
f 3125//6116 2940//6116 3128//6116
f 2940//6117 2943//6117 3128//6117
f 3128//6118 2943//6118 3131//6118
f 2943//6119 2945//6119 3131//6119
f 3131//6120 2945//6120 3133//6120
f 3133//6121 2945//6121 3135//6121
f 2945//6122 2947//6122 3135//6122
f 3135//6123 2949//6123 3137//6123
f 2947//6124 2949//6124 3135//6124
f 3137//6125 2951//6125 3139//6125
f 2949//6126 2951//6126 3137//6126
f 3139//6127 2953//6127 3141//6127
f 2951//6128 2953//6128 3139//6128
f 3141//6129 2955//6129 3143//6129
f 2953//6130 2955//6130 3141//6130
f 3143//6131 2957//6131 3145//6131
f 2955//6132 2957//6132 3143//6132
f 3145//6133 2959//6133 3147//6133
f 2957//6134 2959//6134 3145//6134
f 3147//6135 2961//6135 3149//6135
f 2959//6136 2961//6136 3147//6136
f 3149//6137 2963//6137 3151//6137
f 2961//6138 2963//6138 3149//6138
f 3151//6139 2965//6139 3153//6139
f 2963//6140 2965//6140 3151//6140
f 3153//6141 2978//6141 3166//6141
f 2965//6142 2978//6142 3153//6142
f 3166//6143 2982//6143 3170//6143
f 3170//6144 2982//6144 3174//6144
f 2978//6145 2982//6145 3166//6145
f 2982//6146 2986//6146 3174//6146
f 3174//6147 2990//6147 3178//6147
f 2986//6148 2990//6148 3174//6148
f 3178//6149 2994//6149 3182//6149
f 2990//6150 2994//6150 3178//6150
f 3182//6151 2998//6151 3186//6151
f 2994//6152 2998//6152 3182//6152
f 3186//6153 3002//6153 3190//6153
f 2998//6154 3002//6154 3186//6154
f 3190//6155 3006//6155 3194//6155
f 3194//6156 3006//6156 3198//6156
f 3002//6157 3006//6157 3190//6157
f 3198//6158 3010//6158 3202//6158
f 3006//6159 3010//6159 3198//6159
f 3010//6160 3014//6160 3202//6160
f 3202//6161 3018//6161 3206//6161
f 3014//6162 3018//6162 3202//6162
f 3018//6163 3022//6163 3206//6163
f 3206//6164 3022//6164 3210//6164
f 3210//6165 3022//6165 3214//6165
f 3022//6166 3026//6166 3214//6166
f 3026//6167 3030//6167 3214//6167
f 3214//6168 3030//6168 3218//6168
f 3218//6169 3030//6169 3222//6169
f 3030//6170 3034//6170 3222//6170
f 3034//6171 3038//6171 3222//6171
f 3222//6172 3038//6172 3226//6172
f 3226//6173 3038//6173 3224//6173
f 3038//6174 3036//6174 3224//6174
f 3224//6175 3036//6175 3221//6175
f 3036//6176 3032//6176 3221//6176
f 3032//6177 3028//6177 3221//6177
f 3221//6178 3028//6178 3216//6178
f 3216//6179 3028//6179 3212//6179
f 3028//6180 3024//6180 3212//6180
f 3024//6181 3020//6181 3212//6181
f 3212//6182 3020//6182 3209//6182
f 3020//6183 3016//6183 3209//6183
f 3209//6184 3016//6184 3204//6184
f 3016//6185 3012//6185 3204//6185
f 3204//6186 3012//6186 3200//6186
f 3200//6187 3012//6187 3196//6187
f 3012//6188 3008//6188 3196//6188
f 3008//6189 3004//6189 3196//6189
f 3196//6190 3004//6190 3192//6190
f 3192//6191 3004//6191 3188//6191
f 3188//6192 3000//6192 3184//6192
f 3004//6193 3000//6193 3188//6193
f 3184//6194 2996//6194 3180//6194
f 3000//6195 2996//6195 3184//6195
f 3180//6196 2992//6196 3176//6196
f 2996//6197 2992//6197 3180//6197
f 2992//6198 2988//6198 3176//6198
f 3176//6199 2984//6199 3172//6199
f 2988//6200 2984//6200 3176//6200
f 3172//6201 2980//6201 3168//6201
f 2984//6202 2980//6202 3172//6202
f 3168//6203 2847//6203 2848//6203
f 2980//6204 2847//6204 3168//6204
f 2880//6205 2882//6205 3070//6205
f 2880//6206 3070//6206 3068//6206
f 2878//6207 3068//6207 3066//6207
f 2878//6208 3066//6208 3064//6208
f 2878//6209 2880//6209 3068//6209
f 2876//6210 2878//6210 3064//6210
f 2874//6211 3064//6211 3062//6211
f 2874//6212 3062//6212 3060//6212
f 2874//6213 2876//6213 3064//6213
f 2872//6214 2874//6214 3060//6214
f 2870//6215 3060//6215 3058//6215
f 2870//6216 2872//6216 3060//6216
f 2868//6217 3058//6217 3056//6217
f 2868//6218 3056//6218 3054//6218
f 2868//6219 2870//6219 3058//6219
f 2866//6220 2868//6220 3054//6220
f 2864//6221 3054//6221 3052//6221
f 2864//6222 2866//6222 3054//6222
f 2862//6223 3052//6223 3050//6223
f 2862//6224 2864//6224 3052//6224
f 2860//6225 2862//6225 3050//6225
f 2860//6226 3050//6226 3048//6226
f 2860//6227 3048//6227 3046//6227
f 2858//6228 2860//6228 3046//6228
f 2856//6229 2858//6229 3046//6229
f 2856//6230 3046//6230 3044//6230
f 2854//6231 2856//6231 3044//6231
f 2854//6232 3044//6232 3042//6232
f 2851//6233 3042//6233 3040//6233
f 2851//6234 3040//6234 3039//6234
f 2851//6235 2854//6235 3042//6235
f 2852//6236 2851//6236 3039//6236
f 2853//6237 3039//6237 3041//6237
f 2853//6238 2852//6238 3039//6238
f 2855//6239 3041//6239 3043//6239
f 2855//6240 3043//6240 3045//6240
f 2855//6241 2853//6241 3041//6241
f 2857//6242 2855//6242 3045//6242
f 2859//6243 3045//6243 3047//6243
f 2859//6244 2857//6244 3045//6244
f 2861//6245 3047//6245 3049//6245
f 2861//6246 2859//6246 3047//6246
f 2863//6247 3049//6247 3051//6247
f 2863//6248 2861//6248 3049//6248
f 2865//6249 3051//6249 3053//6249
f 2865//6250 2863//6250 3051//6250
f 2867//6251 3053//6251 3055//6251
f 2867//6252 2865//6252 3053//6252
f 2869//6253 3055//6253 3057//6253
f 2869//6254 2867//6254 3055//6254
f 2871//6255 3057//6255 3059//6255
f 2871//6256 2869//6256 3057//6256
f 2873//6257 3059//6257 3061//6257
f 2873//6258 2871//6258 3059//6258
f 2875//6259 3061//6259 3063//6259
f 2875//6260 3063//6260 3065//6260
f 2875//6261 2873//6261 3061//6261
f 2877//6262 2875//6262 3065//6262
f 2879//6263 3065//6263 3067//6263
f 2879//6264 2877//6264 3065//6264
f 2881//6265 3067//6265 3069//6265
f 2881//6266 2879//6266 3067//6266
f 2883//6267 3069//6267 3072//6267
f 2883//6268 2881//6268 3069//6268
f 2885//6269 3072//6269 3074//6269
f 2885//6270 2883//6270 3072//6270
f 2887//6271 3074//6271 3076//6271
f 2887//6272 2885//6272 3074//6272
f 2889//6273 3076//6273 3078//6273
f 2889//6274 2887//6274 3076//6274
f 2891//6275 3078//6275 3080//6275
f 2891//6276 2889//6276 3078//6276
f 2893//6277 3080//6277 3082//6277
f 2893//6278 3082//6278 3084//6278
f 2893//6279 2891//6279 3080//6279
f 2895//6280 2893//6280 3084//6280
f 2895//6281 3084//6281 3086//6281
f 2897//6282 2895//6282 3086//6282
f 2899//6283 2897//6283 3086//6283
f 2899//6284 3086//6284 3087//6284
f 2901//6285 2899//6285 3087//6285
f 2901//6286 3087//6286 3090//6286
f 2913//6287 2901//6287 3090//6287
f 2913//6288 3090//6288 3102//6288
f 2916//6289 2913//6289 3102//6289
f 2916//6290 3102//6290 3104//6290
f 2919//6291 2916//6291 3104//6291
f 2919//6292 3104//6292 3108//6292
f 2922//6293 2919//6293 3108//6293
f 2922//6294 3108//6294 3111//6294
f 2925//6295 2922//6295 3111//6295
f 2925//6296 3111//6296 3113//6296
f 2925//6297 3113//6297 3116//6297
f 2928//6298 2925//6298 3116//6298
f 2931//6299 3116//6299 3119//6299
f 2931//6300 2928//6300 3116//6300
f 2934//6301 3119//6301 3122//6301
f 2934//6302 2931//6302 3119//6302
f 2938//6303 3122//6303 3126//6303
f 2938//6304 3126//6304 3129//6304
f 2938//6305 2934//6305 3122//6305
f 2941//6306 2938//6306 3129//6306
f 2944//6307 3129//6307 3132//6307
f 2944//6308 3132//6308 3134//6308
f 2944//6309 2941//6309 3129//6309
f 2946//6310 2944//6310 3134//6310
f 2948//6311 3134//6311 3136//6311
f 2948//6312 3136//6312 3138//6312
f 2948//6313 2946//6313 3134//6313
f 2950//6314 2948//6314 3138//6314
f 2952//6315 3138//6315 3140//6315
f 2952//6316 2950//6316 3138//6316
f 2954//6317 3140//6317 3142//6317
f 2954//6318 3142//6318 3144//6318
f 2954//6319 2952//6319 3140//6319
f 2956//6320 2954//6320 3144//6320
f 2958//6321 3144//6321 3146//6321
f 2958//6322 2956//6322 3144//6322
f 2960//6323 3146//6323 3148//6323
f 2960//6324 2958//6324 3146//6324
f 2962//6325 3148//6325 3150//6325
f 2962//6326 2960//6326 3148//6326
f 2964//6327 2962//6327 3150//6327
f 2964//6328 3150//6328 3152//6328
f 2964//6329 3152//6329 3154//6329
f 2966//6330 2964//6330 3154//6330
f 2966//6331 3154//6331 3167//6331
f 2979//6332 2966//6332 3167//6332
f 2983//6333 2979//6333 3167//6333
f 2983//6334 3167//6334 3171//6334
f 2983//6335 3171//6335 3175//6335
f 2987//6336 2983//6336 3175//6336
f 2987//6337 3175//6337 3179//6337
f 2991//6338 2987//6338 3179//6338
f 2991//6339 3179//6339 3183//6339
f 2995//6340 2991//6340 3183//6340
f 2999//6341 2995//6341 3183//6341
f 2999//6342 3183//6342 3187//6342
f 2999//6343 3187//6343 3191//6343
f 3003//6344 2999//6344 3191//6344
f 3007//6345 3003//6345 3191//6345
f 3007//6346 3191//6346 3195//6346
f 3011//6347 3007//6347 3195//6347
f 3011//6348 3195//6348 3199//6348
f 3011//6349 3199//6349 3203//6349
f 3015//6350 3011//6350 3203//6350
f 3019//6351 3015//6351 3203//6351
f 3019//6352 3203//6352 3207//6352
f 3023//6353 3019//6353 3207//6353
f 3023//6354 3207//6354 3211//6354
f 3027//6355 3023//6355 3211//6355
f 3027//6356 3211//6356 3215//6356
f 3027//6357 3215//6357 3219//6357
f 3031//6358 3027//6358 3219//6358
f 3035//6359 3031//6359 3219//6359
f 3035//6360 3219//6360 3223//6360
f 3037//6361 3035//6361 3223//6361
f 3037//6362 3223//6362 3225//6362
f 3037//6363 3225//6363 3220//6363
f 3033//6364 3037//6364 3220//6364
f 3029//6365 3033//6365 3220//6365
f 3029//6366 3220//6366 3217//6366
f 3025//6367 3029//6367 3217//6367
f 3025//6368 3217//6368 3213//6368
f 3021//6369 3213//6369 3208//6369
f 3021//6370 3025//6370 3213//6370
f 3021//6371 3208//6371 3205//6371
f 3017//6372 3021//6372 3205//6372
f 3013//6373 3205//6373 3201//6373
f 3013//6374 3017//6374 3205//6374
f 3009//6375 3201//6375 3197//6375
f 3009//6376 3013//6376 3201//6376
f 3005//6377 3197//6377 3193//6377
f 3005//6378 3009//6378 3197//6378
f 3001//6379 3005//6379 3193//6379
f 3001//6380 3193//6380 3189//6380
f 2997//6381 3001//6381 3189//6381
f 2997//6382 3189//6382 3185//6382
f 2993//6383 2997//6383 3185//6383
f 2993//6384 3185//6384 3181//6384
f 2989//6385 2993//6385 3181//6385
f 2989//6386 3181//6386 3177//6386
f 2989//6387 3177//6387 3173//6387
f 2985//6388 2989//6388 3173//6388
f 2981//6389 2985//6389 3173//6389
f 2981//6390 3173//6390 3169//6390
f 2967//6391 2981//6391 3169//6391
f 2967//6392 3169//6392 3155//6392
f 2968//6393 2967//6393 3155//6393
f 2968//6394 3155//6394 3156//6394
f 2969//6395 2968//6395 3156//6395
f 2969//6396 3156//6396 3157//6396
f 2970//6397 2969//6397 3157//6397
f 2970//6398 3157//6398 3158//6398
f 2971//6399 2970//6399 3158//6399
f 2971//6400 3158//6400 3159//6400
f 2972//6401 2971//6401 3159//6401
f 2972//6402 3159//6402 3160//6402
f 2973//6403 3160//6403 3161//6403
f 2973//6404 2972//6404 3160//6404
f 2974//6405 3161//6405 3162//6405
f 2974//6406 2973//6406 3161//6406
f 2975//6407 3162//6407 3163//6407
f 2975//6408 2974//6408 3162//6408
f 2976//6409 3163//6409 3164//6409
f 2976//6410 2975//6410 3163//6410
f 2977//6411 3164//6411 3165//6411
f 2977//6412 3165//6412 3130//6412
f 2977//6413 2976//6413 3164//6413
f 2942//6414 2977//6414 3130//6414
f 2939//6415 3130//6415 3127//6415
f 2939//6416 2942//6416 3130//6416
f 2936//6417 3127//6417 3124//6417
f 2936//6418 2939//6418 3127//6418
f 2935//6419 3124//6419 3123//6419
f 2935//6420 2936//6420 3124//6420
f 2932//6421 3123//6421 3120//6421
f 2932//6422 2935//6422 3123//6422
f 2929//6423 3120//6423 3117//6423
f 2929//6424 2932//6424 3120//6424
f 2927//6425 3117//6425 3115//6425
f 2927//6426 2929//6426 3117//6426
f 2924//6427 2927//6427 3115//6427
f 2924//6428 3115//6428 3112//6428
f 2921//6429 2924//6429 3112//6429
f 2921//6430 3112//6430 3109//6430
f 2918//6431 2921//6431 3109//6431
f 2918//6432 3109//6432 3106//6432
f 2915//6433 2918//6433 3106//6433
f 2915//6434 3106//6434 3103//6434
f 2912//6435 2915//6435 3103//6435
f 2912//6436 3103//6436 3100//6436
f 2903//6437 3100//6437 3091//6437
f 2903//6438 2912//6438 3100//6438
f 2904//6439 3091//6439 3092//6439
f 2904//6440 2903//6440 3091//6440
f 2905//6441 3092//6441 3093//6441
f 2905//6442 3093//6442 3094//6442
f 2905//6443 2904//6443 3092//6443
f 2906//6444 2905//6444 3094//6444
f 2907//6445 3094//6445 3095//6445
f 2907//6446 2906//6446 3094//6446
f 2908//6447 3095//6447 3096//6447
f 2908//6448 2907//6448 3095//6448
f 2909//6449 3096//6449 3097//6449
f 2909//6450 2908//6450 3096//6450
f 2910//6451 3097//6451 3098//6451
f 2910//6452 2909//6452 3097//6452
f 2911//6453 3098//6453 3099//6453
f 2911//6454 3099//6454 3070//6454
f 2911//6455 2910//6455 3098//6455
f 2882//6456 2911//6456 3070//6456
