ISO-10303-21;
HEADER;
FILE_DESCRIPTION(('FreeCAD Model'),'2;1');
FILE_NAME('Open CASCADE Shape Model','2026-08-22T21:40:58',(''),(''),
  'Open CASCADE STEP processor 7.8','FreeCAD','Unknown');
FILE_SCHEMA(('AUTOMOTIVE_DESIGN { 1 0 10303 214 1 1 1 1 }'));
ENDSEC;
DATA;
#1 = APPLICATION_PROTOCOL_DEFINITION('international standard',
  'automotive_design',2000,#2);
#2 = APPLICATION_CONTEXT(
  'core data for automotive mechanical design processes');
#3 = SHAPE_DEFINITION_REPRESENTATION(#4,#10);
#4 = PRODUCT_DEFINITION_SHAPE('','',#5);
#5 = PRODUCT_DEFINITION('design','',#6,#9);
#6 = PRODUCT_DEFINITION_FORMATION('','',#7);
#7 = PRODUCT('fan blade','fan blade','',(#8));
#8 = PRODUCT_CONTEXT('',#2,'mechanical');
#9 = PRODUCT_DEFINITION_CONTEXT('part definition',#2,'design');
#10 = ADVANCED_BREP_SHAPE_REPRESENTATION('',(#11,#15),#7724);
#11 = AXIS2_PLACEMENT_3D('',#12,#13,#14);
#12 = CARTESIAN_POINT('',(0.,0.,0.));
#13 = DIRECTION('',(0.,0.,1.));
#14 = DIRECTION('',(1.,0.,-0.));
#15 = MANIFOLD_SOLID_BREP('',#16);
#16 = CLOSED_SHELL('',(#17,#1635,#1691,#1747,#1870,#1921,#1985,#1991,
    #2114,#2148,#2199,#2235,#2358,#2409,#2473,#2479,#2602,#2653,#2717,
    #2723,#2846,#2897,#2961,#2967,#3556,#3560,#3566,#3572,#3578,#3584,
    #3590,#4187,#4326,#4435,#4523,#4529,#5166,#5232,#5371,#5440,#6077,
    #6143,#6282,#6351,#7311,#7377,#7453,#7522,#7550,#7625,#7672,#7717));
#17 = ADVANCED_FACE('',(#18,#105,#411,#717,#1023,#1329),#32,.T.);
#18 = FACE_BOUND('',#19,.F.);
#19 = EDGE_LOOP('',(#20,#50,#77,#78));
#20 = ORIENTED_EDGE('',*,*,#21,.F.);
#21 = EDGE_CURVE('',#22,#24,#26,.T.);
#22 = VERTEX_POINT('',#23);
#23 = CARTESIAN_POINT('',(20.,0.,1.));
#24 = VERTEX_POINT('',#25);
#25 = CARTESIAN_POINT('',(20.,0.,24.));
#26 = SEAM_CURVE('',#27,(#31,#43),.PCURVE_S1.);
#27 = LINE('',#28,#29);
#28 = CARTESIAN_POINT('',(20.,0.,0.));
#29 = VECTOR('',#30,1.);
#30 = DIRECTION('',(0.,0.,1.));
#31 = PCURVE('',#32,#37);
#32 = CYLINDRICAL_SURFACE('',#33,20.);
#33 = AXIS2_PLACEMENT_3D('',#34,#35,#36);
#34 = CARTESIAN_POINT('',(0.,0.,0.));
#35 = DIRECTION('',(-0.,-0.,-1.));
#36 = DIRECTION('',(1.,0.,0.));
#37 = DEFINITIONAL_REPRESENTATION('',(#38),#42);
#38 = LINE('',#39,#40);
#39 = CARTESIAN_POINT('',(-6.28318530718,0.));
#40 = VECTOR('',#41,1.);
#41 = DIRECTION('',(-0.,-1.));
#42 = ( GEOMETRIC_REPRESENTATION_CONTEXT(2) 
PARAMETRIC_REPRESENTATION_CONTEXT() REPRESENTATION_CONTEXT('2D SPACE',''
  ) );
#43 = PCURVE('',#32,#44);
#44 = DEFINITIONAL_REPRESENTATION('',(#45),#49);
#45 = LINE('',#46,#47);
#46 = CARTESIAN_POINT('',(-0.,0.));
#47 = VECTOR('',#48,1.);
#48 = DIRECTION('',(-0.,-1.));
#49 = ( GEOMETRIC_REPRESENTATION_CONTEXT(2) 
PARAMETRIC_REPRESENTATION_CONTEXT() REPRESENTATION_CONTEXT('2D SPACE',''
  ) );
#50 = ORIENTED_EDGE('',*,*,#51,.F.);
#51 = EDGE_CURVE('',#22,#22,#52,.T.);
#52 = SURFACE_CURVE('',#53,(#58,#65),.PCURVE_S1.);
#53 = CIRCLE('',#54,20.);
#54 = AXIS2_PLACEMENT_3D('',#55,#56,#57);
#55 = CARTESIAN_POINT('',(0.,0.,1.));
#56 = DIRECTION('',(0.,0.,1.));
#57 = DIRECTION('',(1.,0.,0.));
#58 = PCURVE('',#32,#59);
#59 = DEFINITIONAL_REPRESENTATION('',(#60),#64);
#60 = LINE('',#61,#62);
#61 = CARTESIAN_POINT('',(-0.,-1.));
#62 = VECTOR('',#63,1.);
#63 = DIRECTION('',(-1.,0.));
#64 = ( GEOMETRIC_REPRESENTATION_CONTEXT(2) 
PARAMETRIC_REPRESENTATION_CONTEXT() REPRESENTATION_CONTEXT('2D SPACE',''
  ) );
#65 = PCURVE('',#66,#71);
#66 = TOROIDAL_SURFACE('',#67,19.,1.);
#67 = AXIS2_PLACEMENT_3D('',#68,#69,#70);
#68 = CARTESIAN_POINT('',(0.,0.,1.));
#69 = DIRECTION('',(-0.,-0.,-1.));
#70 = DIRECTION('',(1.,0.,0.));
#71 = DEFINITIONAL_REPRESENTATION('',(#72),#76);
#72 = LINE('',#73,#74);
#73 = CARTESIAN_POINT('',(-0.,0.));
#74 = VECTOR('',#75,1.);
#75 = DIRECTION('',(-1.,0.));
#76 = ( GEOMETRIC_REPRESENTATION_CONTEXT(2) 
PARAMETRIC_REPRESENTATION_CONTEXT() REPRESENTATION_CONTEXT('2D SPACE',''
  ) );
#77 = ORIENTED_EDGE('',*,*,#21,.T.);
#78 = ORIENTED_EDGE('',*,*,#79,.T.);
#79 = EDGE_CURVE('',#24,#24,#80,.T.);
#80 = SURFACE_CURVE('',#81,(#86,#93),.PCURVE_S1.);
#81 = CIRCLE('',#82,20.);
#82 = AXIS2_PLACEMENT_3D('',#83,#84,#85);
#83 = CARTESIAN_POINT('',(0.,0.,24.));
#84 = DIRECTION('',(0.,0.,1.));
#85 = DIRECTION('',(1.,0.,0.));
#86 = PCURVE('',#32,#87);
#87 = DEFINITIONAL_REPRESENTATION('',(#88),#92);
#88 = LINE('',#89,#90);
#89 = CARTESIAN_POINT('',(-0.,-24.));
#90 = VECTOR('',#91,1.);
#91 = DIRECTION('',(-1.,0.));
#92 = ( GEOMETRIC_REPRESENTATION_CONTEXT(2) 
PARAMETRIC_REPRESENTATION_CONTEXT() REPRESENTATION_CONTEXT('2D SPACE',''
  ) );
#93 = PCURVE('',#94,#99);
#94 = TOROIDAL_SURFACE('',#95,19.,1.);
#95 = AXIS2_PLACEMENT_3D('',#96,#97,#98);
#96 = CARTESIAN_POINT('',(0.,0.,24.));
#97 = DIRECTION('',(0.,0.,1.));
#98 = DIRECTION('',(1.,0.,0.));
#99 = DEFINITIONAL_REPRESENTATION('',(#100),#104);
#100 = LINE('',#101,#102);
#101 = CARTESIAN_POINT('',(0.,0.));
#102 = VECTOR('',#103,1.);
#103 = DIRECTION('',(1.,0.));
#104 = ( GEOMETRIC_REPRESENTATION_CONTEXT(2) 
PARAMETRIC_REPRESENTATION_CONTEXT() REPRESENTATION_CONTEXT('2D SPACE',''
  ) );
#105 = FACE_BOUND('',#106,.F.);
#106 = EDGE_LOOP('',(#107,#203,#236,#318));
#107 = ORIENTED_EDGE('',*,*,#108,.F.);
#108 = EDGE_CURVE('',#109,#111,#113,.T.);
#109 = VERTEX_POINT('',#110);
#110 = CARTESIAN_POINT('',(11.033531287096,16.68116264943,23.));
#111 = VERTEX_POINT('',#112);
#112 = CARTESIAN_POINT('',(18.903063779542,6.532547722485,7.337454853011
    ));
#113 = SURFACE_CURVE('',#114,(#125,#139),.PCURVE_S1.);
#114 = B_SPLINE_CURVE_WITH_KNOTS('',5,(#115,#116,#117,#118,#119,#120,
    #121,#122,#123,#124),.UNSPECIFIED.,.F.,.F.,(6,4,6),(0.,
    0.500606297253,1.),.UNSPECIFIED.);
#115 = CARTESIAN_POINT('',(11.033531287127,16.681162649426,
    23.000000000058));
#116 = CARTESIAN_POINT('',(12.123582322003,15.960163013451,
    21.430998446333));
#117 = CARTESIAN_POINT('',(13.155126889641,15.149868734618,
    19.862171203632));
#118 = CARTESIAN_POINT('',(14.11838301038,14.25657079034,18.293572171976
    ));
#119 = CARTESIAN_POINT('',(15.004631664477,13.288124990291,
    16.725158926301));
#120 = CARTESIAN_POINT('',(16.606578865483,11.221697099693,
    13.592608327497));
#121 = CARTESIAN_POINT('',(17.322699431295,10.124016092129,
    12.028441966739));
#122 = CARTESIAN_POINT('',(17.947692563921,8.969674723813,
    10.464538176336));
#123 = CARTESIAN_POINT('',(18.475814660628,7.768867407805,8.900858147579
    ));
#124 = CARTESIAN_POINT('',(18.903063779542,6.532547722487,7.337454853013
    ));
#125 = PCURVE('',#32,#126);
#126 = DEFINITIONAL_REPRESENTATION('',(#127),#138);
#127 = B_SPLINE_CURVE_WITH_KNOTS('',5,(#128,#129,#130,#131,#132,#133,
    #134,#135,#136,#137),.UNSPECIFIED.,.F.,.F.,(6,4,6),(0.,
    0.500606297253,1.),.UNSPECIFIED.);
#128 = CARTESIAN_POINT('',(-0.98642329321,-23.00000000005));
#129 = CARTESIAN_POINT('',(-0.921077066583,-21.43099844633));
#130 = CARTESIAN_POINT('',(-0.855707639118,-19.86217120363));
#131 = CARTESIAN_POINT('',(-0.790315157772,-18.29357217197));
#132 = CARTESIAN_POINT('',(-0.724896158959,-16.7251589263));
#133 = CARTESIAN_POINT('',(-0.594163998973,-13.59260832749));
#134 = CARTESIAN_POINT('',(-0.528849807214,-12.02844196673));
#135 = CARTESIAN_POINT('',(-0.463508475178,-10.46453817633));
#136 = CARTESIAN_POINT('',(-0.398136177384,-8.900858147579));
#137 = CARTESIAN_POINT('',(-0.332733039579,-7.337454853013));
#138 = ( GEOMETRIC_REPRESENTATION_CONTEXT(2) 
PARAMETRIC_REPRESENTATION_CONTEXT() REPRESENTATION_CONTEXT('2D SPACE',''
  ) );
#139 = PCURVE('',#140,#190);
#140 = ( BOUNDED_SURFACE() B_SPLINE_SURFACE(6,6,(
    (#141,#142,#143,#144,#145,#146,#147)
    ,(#148,#149,#150,#151,#152,#153,#154)
    ,(#155,#156,#157,#158,#159,#160,#161)
    ,(#162,#163,#164,#165,#166,#167,#168)
    ,(#169,#170,#171,#172,#173,#174,#175)
    ,(#176,#177,#178,#179,#180,#181,#182)
    ,(#183,#184,#185,#186,#187,#188,#189
)),.UNSPECIFIED.,.F.,.F.,.F.) B_SPLINE_SURFACE_WITH_KNOTS((7,7),(7,7),(
    3.657195460274,5.303127045127),(0.,1.299888745028),
.PIECEWISE_BEZIER_KNOTS.) GEOMETRIC_REPRESENTATION_ITEM() 
RATIONAL_B_SPLINE_SURFACE((
    (1.034528697882,1.034528697882,1.034528697882,1.034528697882
      ,1.034528697882,1.034528697882,1.034528697882)
    ,(1.01097830576,1.01097830576,1.01097830576,1.01097830576
      ,1.01097830576,1.01097830576,1.01097830576)
    ,(0.99772132383,0.99772132383,0.99772132383,0.99772132383
      ,0.99772132383,0.99772132383,0.99772132383)
    ,(0.993378161011,0.993378161011,0.993378161011,0.993378161011
      ,0.993378161011,0.993378161011,0.993378161011)
    ,(0.99772132383,0.99772132383,0.99772132383,0.99772132383
      ,0.99772132383,0.99772132383,0.99772132383)
    ,(1.01097830576,1.01097830576,1.01097830576,1.01097830576
      ,1.01097830576,1.01097830576,1.01097830576)
    ,(1.034528697882,1.034528697882,1.034528697882,1.034528697882
      ,1.034528697882,1.034528697882,1.034528697882
))) REPRESENTATION_ITEM('') SURFACE() );
#141 = CARTESIAN_POINT('',(-12.65474681331,55.632853687103,
    23.000000000058));
#142 = CARTESIAN_POINT('',(-4.605524633877,57.130942114876,
    19.166731760342));
#143 = CARTESIAN_POINT('',(3.650470860169,57.23408995189,15.333462513867
    ));
#144 = CARTESIAN_POINT('',(11.811682975133,55.908089089646,
    11.500192427862));
#145 = CARTESIAN_POINT('',(19.568883956173,53.205713237618,
    7.666921409196));
#146 = CARTESIAN_POINT('',(26.645340356074,49.267891428009,
    3.833649349108));
#147 = CARTESIAN_POINT('',(32.824718305525,44.295620648426,
    3.764236171264E-04));
#148 = CARTESIAN_POINT('',(-4.103771364469,53.886630474513,
    23.000000000058));
#149 = CARTESIAN_POINT('',(3.703747779195,54.201137838811,
    19.166716190666));
#150 = CARTESIAN_POINT('',(11.521450155285,53.160850928466,
    15.333431372797));
#151 = CARTESIAN_POINT('',(19.056108039043,50.772368223555,
    11.500145712518));
#152 = CARTESIAN_POINT('',(26.018162314141,47.127029179838,
    7.666859116463));
#153 = CARTESIAN_POINT('',(32.160759225546,42.39708974162,3.833571477182
    ));
#154 = CARTESIAN_POINT('',(37.303313139803,36.804915412184,
    2.829699369613E-04));
#155 = CARTESIAN_POINT('',(3.618817673136,49.338378550189,
    23.000000000029));
#156 = CARTESIAN_POINT('',(10.796791698452,48.583965742621,
    19.166699625115));
#157 = CARTESIAN_POINT('',(17.807403784561,46.579324650976,
    15.333398237708));
#158 = CARTESIAN_POINT('',(24.37912701478,43.367908582302,
    11.500096008385));
#159 = CARTESIAN_POINT('',(30.254369181036,39.07195298269,7.666792835545
    ));
#160 = CARTESIAN_POINT('',(35.225746257979,33.884173150472,
    3.833488622127));
#161 = CARTESIAN_POINT('',(39.154520400597,28.03576444539,
    1.835348957684E-04));
#162 = CARTESIAN_POINT('',(9.541914718441,42.452843472205,23.));
#163 = CARTESIAN_POINT('',(15.766829180254,40.878586713518,
    19.166684055352));
#164 = CARTESIAN_POINT('',(21.688207514726,38.212402662187,
    15.333367096551));
#165 = CARTESIAN_POINT('',(27.067378133366,34.526013300474,
    11.500049291208));
#166 = CARTESIAN_POINT('',(31.687506624975,29.960853256081,
    7.666730543337));
#167 = CARTESIAN_POINT('',(35.385755876585,24.716374316293,
    3.833410748863));
#168 = CARTESIAN_POINT('',(38.066418067018,19.018575015102,
    9.00799932424E-05));
#169 = CARTESIAN_POINT('',(12.930858197713,34.026175446698,23.));
#170 = CARTESIAN_POINT('',(17.989397575945,31.982838949593,
    19.166671364364));
#171 = CARTESIAN_POINT('',(22.666487765339,29.041307367297,
    15.333341712685));
#172 = CARTESIAN_POINT('',(26.763668096552,25.289478968194,
    11.500011211931));
#173 = CARTESIAN_POINT('',(30.108874250091,20.873832788551,7.66667976795
    ));
#174 = CARTESIAN_POINT('',(32.583611121876,15.985846077638,
    3.833347273612));
#175 = CARTESIAN_POINT('',(34.131232306565,10.832734499744,
    1.390383113176E-05));
#176 = CARTESIAN_POINT('',(13.41670325339,25.076933490404,23.));
#177 = CARTESIAN_POINT('',(17.236535611941,22.966348874878,
    19.166663019132));
#178 = CARTESIAN_POINT('',(20.663749025176,20.163315550953,
    15.333325019805));
#179 = CARTESIAN_POINT('',(23.542588888689,16.758054564958,
    11.499986172363));
#180 = CARTESIAN_POINT('',(25.744415627569,12.887519365341,
    7.666646378406));
#181 = CARTESIAN_POINT('',(27.189618747072,8.721636508729,3.833305533219
    ));
#182 = CARTESIAN_POINT('',(27.852066518212,4.437654046039,
    -3.618854680099E-05));
#183 = CARTESIAN_POINT('',(11.033531287127,16.681162649426,
    23.000000000058));
#184 = CARTESIAN_POINT('',(13.691265187687,14.900444167283,
    19.166659870563));
#185 = CARTESIAN_POINT('',(16.0111701468,12.620298848018,15.333318721299
    ));
#186 = CARTESIAN_POINT('',(17.87755780829,9.919579136167,11.499976723571
    ));
#187 = CARTESIAN_POINT('',(19.198769117828,6.912730416589,7.666633780696
    ));
#188 = CARTESIAN_POINT('',(19.9241892057,3.737532305924,3.833289783564)
  );
#189 = CARTESIAN_POINT('',(20.046311141806,0.533981462622,
    -5.50894474145E-05));
#190 = DEFINITIONAL_REPRESENTATION('',(#191),#202);
#191 = B_SPLINE_CURVE_WITH_KNOTS('',5,(#192,#193,#194,#195,#196,#197,
    #198,#199,#200,#201),.UNSPECIFIED.,.F.,.F.,(6,4,6),(0.,
    0.500606297253,1.),.UNSPECIFIED.);
#192 = CARTESIAN_POINT('',(5.303127045127,0.));
#193 = CARTESIAN_POINT('',(5.302864393191,8.867494977053E-02));
#194 = CARTESIAN_POINT('',(5.302665437363,0.177340038152));
#195 = CARTESIAN_POINT('',(5.302531168165,0.265992219579));
#196 = CARTESIAN_POINT('',(5.302462634616,0.354633891851));
#197 = CARTESIAN_POINT('',(5.302459076434,0.53167555819));
#198 = CARTESIAN_POINT('',(5.302523734419,0.62007719172));
#199 = CARTESIAN_POINT('',(5.302655846541,0.708463976262));
#200 = CARTESIAN_POINT('',(5.302856534381,0.796838104819));
#201 = CARTESIAN_POINT('',(5.303127045127,0.885196583439));
#202 = ( GEOMETRIC_REPRESENTATION_CONTEXT(2) 
PARAMETRIC_REPRESENTATION_CONTEXT() REPRESENTATION_CONTEXT('2D SPACE',''
  ) );
#203 = ORIENTED_EDGE('',*,*,#204,.T.);
#204 = EDGE_CURVE('',#109,#205,#207,.T.);
#205 = VERTEX_POINT('',#206);
#206 = CARTESIAN_POINT('',(11.533799890544,16.339261307814,23.));
#207 = SURFACE_CURVE('',#208,(#213,#220),.PCURVE_S1.);
#208 = CIRCLE('',#209,20.);
#209 = AXIS2_PLACEMENT_3D('',#210,#211,#212);
#210 = CARTESIAN_POINT('',(0.,0.,23.));
#211 = DIRECTION('',(0.,0.,-1.));
#212 = DIRECTION('',(1.,0.,0.));
#213 = PCURVE('',#32,#214);
#214 = DEFINITIONAL_REPRESENTATION('',(#215),#219);
#215 = LINE('',#216,#217);
#216 = CARTESIAN_POINT('',(-6.28318530718,-23.));
#217 = VECTOR('',#218,1.);
#218 = DIRECTION('',(1.,-0.));
#219 = ( GEOMETRIC_REPRESENTATION_CONTEXT(2) 
PARAMETRIC_REPRESENTATION_CONTEXT() REPRESENTATION_CONTEXT('2D SPACE',''
  ) );
#220 = PCURVE('',#221,#226);
#221 = PLANE('',#222);
#222 = AXIS2_PLACEMENT_3D('',#223,#224,#225);
#223 = CARTESIAN_POINT('',(4.80704546226,39.274063160741,23.));
#224 = DIRECTION('',(-3.090169943749E-18,9.510565162952E-18,1.));
#225 = DIRECTION('',(0.309016994375,-0.951056516295,1.E-17));
#226 = DEFINITIONAL_REPRESENTATION('',(#227),#235);
#227 = ( BOUNDED_CURVE() B_SPLINE_CURVE(2,(#228,#229,#230,#231,#232,#233
,#234),.UNSPECIFIED.,.T.,.F.) B_SPLINE_CURVE_WITH_KNOTS((1,2,2,2,2,1),(
    -2.094395102393,0.,2.094395102393,4.188790204786,6.28318530718,
8.377580409573),.UNSPECIFIED.) CURVE() GEOMETRIC_REPRESENTATION_ITEM() 
RATIONAL_B_SPLINE_CURVE((1.,0.5,1.,0.5,1.,0.5,1.)) REPRESENTATION_ITEM(
  '') );
#228 = CARTESIAN_POINT('',(42.046734837338,2.31300546007));
#229 = CARTESIAN_POINT('',(74.992298979191,-8.391657233123));
#230 = CARTESIAN_POINT('',(49.249007077016,-31.57102137538));
#231 = CARTESIAN_POINT('',(23.505715174841,-54.75038551763));
#232 = CARTESIAN_POINT('',(16.303442935163,-20.86635868218));
#233 = CARTESIAN_POINT('',(9.101170695484,13.017668153262));
#234 = CARTESIAN_POINT('',(42.046734837338,2.31300546007));
#235 = ( GEOMETRIC_REPRESENTATION_CONTEXT(2) 
PARAMETRIC_REPRESENTATION_CONTEXT() REPRESENTATION_CONTEXT('2D SPACE',''
  ) );
#236 = ORIENTED_EDGE('',*,*,#237,.T.);
#237 = EDGE_CURVE('',#205,#238,#240,.T.);
#238 = VERTEX_POINT('',#239);
#239 = CARTESIAN_POINT('',(14.61658367122,13.651208070432,18.0910929634)
  );
#240 = SURFACE_CURVE('',#241,(#248,#258),.PCURVE_S1.);
#241 = B_SPLINE_CURVE_WITH_KNOTS('',5,(#242,#243,#244,#245,#246,#247),
  .UNSPECIFIED.,.F.,.F.,(6,6),(0.,1.),.PIECEWISE_BEZIER_KNOTS.);
#242 = CARTESIAN_POINT('',(11.533799890544,16.339261307814,23.));
#243 = CARTESIAN_POINT('',(12.203042123022,15.866846683781,
    22.018103801862));
#244 = CARTESIAN_POINT('',(12.84820552717,15.360091099949,
    21.036261106992));
#245 = CARTESIAN_POINT('',(13.466938336987,14.820621568236,
    20.054478736648));
#246 = CARTESIAN_POINT('',(14.05705735089,14.250302541213,
    19.072753895749));
#247 = CARTESIAN_POINT('',(14.616583668826,13.651208072995,
    18.091092967642));
#248 = PCURVE('',#32,#249);
#249 = DEFINITIONAL_REPRESENTATION('',(#250),#257);
#250 = B_SPLINE_CURVE_WITH_KNOTS('',5,(#251,#252,#253,#254,#255,#256),
  .UNSPECIFIED.,.F.,.F.,(6,6),(0.,1.),.PIECEWISE_BEZIER_KNOTS.);
#251 = CARTESIAN_POINT('',(-0.956125055147,-23.));
#252 = CARTESIAN_POINT('',(-0.915165906513,-22.01810380186));
#253 = CARTESIAN_POINT('',(-0.874200128994,-21.03626110699));
#254 = CARTESIAN_POINT('',(-0.83322754602,-20.05447873664));
#255 = CARTESIAN_POINT('',(-0.79224766315,-19.07275389574));
#256 = CARTESIAN_POINT('',(-0.751260351628,-18.09109296764));
#257 = ( GEOMETRIC_REPRESENTATION_CONTEXT(2) 
PARAMETRIC_REPRESENTATION_CONTEXT() REPRESENTATION_CONTEXT('2D SPACE',''
  ) );
#258 = PCURVE('',#259,#309);
#259 = ( BOUNDED_SURFACE() B_SPLINE_SURFACE(6,6,(
    (#260,#261,#262,#263,#264,#265,#266)
    ,(#267,#268,#269,#270,#271,#272,#273)
    ,(#274,#275,#276,#277,#278,#279,#280)
    ,(#281,#282,#283,#284,#285,#286,#287)
    ,(#288,#289,#290,#291,#292,#293,#294)
    ,(#295,#296,#297,#298,#299,#300,#301)
    ,(#302,#303,#304,#305,#306,#307,#308
)),.UNSPECIFIED.,.F.,.F.,.F.) B_SPLINE_SURFACE_WITH_KNOTS((7,7),(7,7),(
    0.866160108316,2.750714663897),(0.,1.299888745028),
.PIECEWISE_BEZIER_KNOTS.) GEOMETRIC_REPRESENTATION_ITEM() 
RATIONAL_B_SPLINE_SURFACE((
    (1.045542649213,1.045542649213,1.045542649213,1.045542649213
      ,1.045542649213,1.045542649213,1.045542649213)
    ,(1.014256129069,1.014256129069,1.014256129069,1.014256129069
      ,1.014256129069,1.014256129069,1.014256129069)
    ,(0.997016338506,0.997016338506,0.997016338506,0.997016338506
      ,0.997016338506,0.997016338506,0.997016338506)
    ,(0.991367549879,0.991367549879,0.991367549879,0.991367549879
      ,0.991367549879,0.991367549879,0.991367549879)
    ,(0.997016338506,0.997016338506,0.997016338506,0.997016338506
      ,0.997016338506,0.997016338506,0.997016338506)
    ,(1.014256129069,1.014256129069,1.014256129069,1.014256129069
      ,1.014256129069,1.014256129069,1.014256129069)
    ,(1.045542649213,1.045542649213,1.045542649213,1.045542649213
      ,1.045542649213,1.045542649213,1.045542649213
))) REPRESENTATION_ITEM('') SURFACE() );
#260 = CARTESIAN_POINT('',(11.533799890544,16.339261307814,23.));
#261 = CARTESIAN_POINT('',(14.144209605198,14.489298275965,
    19.16665875772));
#262 = CARTESIAN_POINT('',(16.405289018013,12.147768844632,
    15.333316494623));
#263 = CARTESIAN_POINT('',(18.202981106061,9.395912934041,
    11.499973384896));
#264 = CARTESIAN_POINT('',(19.447923582678,6.350114791605,7.666629327287
    ));
#265 = CARTESIAN_POINT('',(20.092257027531,3.149354784695,3.833284216846
    ));
#266 = CARTESIAN_POINT('',(20.131337533804,-6.596496464987E-02,
    -6.177005707286E-05));
#267 = CARTESIAN_POINT('',(15.048748541777,24.878720344527,
    22.999999999971));
#268 = CARTESIAN_POINT('',(18.841145279024,22.542236601069,
    19.166660161252));
#269 = CARTESIAN_POINT('',(22.203401746913,19.517861141885,
    15.333319304598));
#270 = CARTESIAN_POINT('',(24.980708442044,15.903603324959,
    11.499977596832));
#271 = CARTESIAN_POINT('',(27.047534051601,11.843956108476,
    7.666634945665));
#272 = CARTESIAN_POINT('',(28.329403380069,7.515181207554,3.833291239804
    ));
#273 = CARTESIAN_POINT('',(28.806572906489,3.099080989004,
    -5.334176239558E-05));
#274 = CARTESIAN_POINT('',(15.15444140497,34.43783906266,23.000000000087
    ));
#275 = CARTESIAN_POINT('',(20.269961096351,32.086725868548,
    19.166668046149));
#276 = CARTESIAN_POINT('',(24.952910601174,28.827953292305,
    15.333335073636));
#277 = CARTESIAN_POINT('',(29.002863696035,24.760030467357,
    11.500001255015));
#278 = CARTESIAN_POINT('',(32.248731988188,20.040611207524,
    7.666666488949));
#279 = CARTESIAN_POINT('',(34.576152453298,14.871601263121,
    3.833330674592));
#280 = CARTESIAN_POINT('',(35.934988217327,9.468823276011,
    -6.0168094933E-06));
#281 = CARTESIAN_POINT('',(11.690098525093,43.527326052984,23.));
#282 = CARTESIAN_POINT('',(18.063737216265,41.65572898628,
    19.166681419738));
#283 = CARTESIAN_POINT('',(24.08445224236,38.667501875434,
    15.333361824334));
#284 = CARTESIAN_POINT('',(29.508443487182,34.644617445149,
    11.50004138326));
#285 = CARTESIAN_POINT('',(34.116584060189,29.740202171445,
    7.666719997709));
#286 = CARTESIAN_POINT('',(37.747185061179,24.165566868651,3.83339756605
    ));
#287 = CARTESIAN_POINT('',(40.308649278103,18.157409712006,
    7.425938383676E-05));
#288 = CARTESIAN_POINT('',(5.134973558205,50.71417390202,23.000000000058
    ));
#289 = CARTESIAN_POINT('',(12.503377943105,49.749902768458,
    19.166698285175));
#290 = CARTESIAN_POINT('',(19.669563403192,47.503773306846,
    15.333395558759));
#291 = CARTESIAN_POINT('',(26.355436925128,44.026473350296,
    11.500091987022));
#292 = CARTESIAN_POINT('',(32.298836633567,39.449307720187,
    7.666787476803));
#293 = CARTESIAN_POINT('',(37.290594479087,33.974989354321,
    3.833481920738));
#294 = CARTESIAN_POINT('',(41.192886596533,27.844440716963,
    1.754933327902E-04));
#295 = CARTESIAN_POINT('',(-3.447342884219,54.925084270459,
    23.000000000029));
#296 = CARTESIAN_POINT('',(4.503913573952,55.148732255981,
    19.166715983971));
#297 = CARTESIAN_POINT('',(12.450261731881,53.993711530023,
    15.333430959261));
#298 = CARTESIAN_POINT('',(20.093517986784,51.469752590815,
    11.500145092286));
#299 = CARTESIAN_POINT('',(27.140027998169,47.672707760769,
    7.666858288867));
#300 = CARTESIAN_POINT('',(33.340305020532,42.780328825994,
    3.833570443356));
#301 = CARTESIAN_POINT('',(38.512734013802,37.020752817736,
    2.817288623191E-04));
#302 = CARTESIAN_POINT('',(-12.65474681328,55.632853687112,
    23.000000000029));
#303 = CARTESIAN_POINT('',(-4.605524633839,57.130942114949,
    19.16673176011));
#304 = CARTESIAN_POINT('',(3.650470860837,57.234089952092,
    15.333462513488));
#305 = CARTESIAN_POINT('',(11.811682973568,55.908089089,11.500192429114)
  );
#306 = CARTESIAN_POINT('',(19.568883957679,53.205713238352,
    7.666921407945));
#307 = CARTESIAN_POINT('',(26.64534035564,49.267891427745,3.833649349544
    ));
#308 = CARTESIAN_POINT('',(32.824718305553,44.295620648435,
    3.764235880226E-04));
#309 = DEFINITIONAL_REPRESENTATION('',(#310),#317);
#310 = B_SPLINE_CURVE_WITH_KNOTS('',5,(#311,#312,#313,#314,#315,#316),
  .UNSPECIFIED.,.F.,.F.,(6,6),(0.,1.),.PIECEWISE_BEZIER_KNOTS.);
#311 = CARTESIAN_POINT('',(0.866160108316,0.));
#312 = CARTESIAN_POINT('',(0.866214956393,5.549361666818E-02));
#313 = CARTESIAN_POINT('',(0.866242577743,0.110984205569));
#314 = CARTESIAN_POINT('',(0.866242782656,0.166471381371));
#315 = CARTESIAN_POINT('',(0.866215358713,0.22195530213));
#316 = CARTESIAN_POINT('',(0.866160108316,0.277435607111));
#317 = ( GEOMETRIC_REPRESENTATION_CONTEXT(2) 
PARAMETRIC_REPRESENTATION_CONTEXT() REPRESENTATION_CONTEXT('2D SPACE',''
  ) );
#318 = ORIENTED_EDGE('',*,*,#319,.T.);
#319 = EDGE_CURVE('',#238,#111,#320,.T.);
#320 = SURFACE_CURVE('',#321,(#344,#370),.PCURVE_S1.);
#321 = B_SPLINE_CURVE_WITH_KNOTS('',6,(#322,#323,#324,#325,#326,#327,
    #328,#329,#330,#331,#332,#333,#334,#335,#336,#337,#338,#339,#340,
    #341,#342,#343),.UNSPECIFIED.,.F.,.F.,(7,5,5,5,7),(0.,0.313386084335
    ,0.563578401845,0.789356277482,1.),.UNSPECIFIED.);
#322 = CARTESIAN_POINT('',(14.61658367122,13.651208070432,18.0910929634)
  );
#323 = CARTESIAN_POINT('',(14.920929468361,13.325339782004,
    17.532565126466));
#324 = CARTESIAN_POINT('',(15.21522096536,12.992760170413,
    16.973303546927));
#325 = CARTESIAN_POINT('',(15.499615656231,12.653587045287,
    16.413473685988));
#326 = CARTESIAN_POINT('',(15.77411093408,12.308029764558,
    15.853168464013));
#327 = CARTESIAN_POINT('',(16.038675064114,11.956320127608,
    15.292458660934));
#328 = CARTESIAN_POINT('',(16.496482341947,11.313217205161,
    14.283463407357));
#329 = CARTESIAN_POINT('',(16.69334918753,11.023963157703,
    13.835308772504));
#330 = CARTESIAN_POINT('',(16.883814136417,10.731081639928,
    13.386953968556));
#331 = CARTESIAN_POINT('',(17.067836240582,10.434711770689,
    12.938419171748));
#332 = CARTESIAN_POINT('',(17.245370082111,10.13499896627,
    12.489720375125));
#333 = CARTESIAN_POINT('',(17.570683848112,9.558744732491,
    11.635821438748));
#334 = CARTESIAN_POINT('',(17.719676603743,9.28279626246,11.23064937136)
  );
#335 = CARTESIAN_POINT('',(17.863314868469,9.004357269729,
    10.825364574865));
#336 = CARTESIAN_POINT('',(18.001564477401,8.723540844987,
    10.419975284746));
#337 = CARTESIAN_POINT('',(18.134391853698,8.440462548479,
    10.014488476895));
#338 = CARTESIAN_POINT('',(18.380600305294,7.889135917334,9.230518330366
    ));
#339 = CARTESIAN_POINT('',(18.494688131979,7.621165403237,8.852046887581
    ));
#340 = CARTESIAN_POINT('',(18.604002319206,7.351423864235,8.473500745945
    ));
#341 = CARTESIAN_POINT('',(18.708518173469,7.080008134944,8.094884241106
    ));
#342 = CARTESIAN_POINT('',(18.808212535269,6.807016305933,7.716201182728
    ));
#343 = CARTESIAN_POINT('',(18.903063779115,6.532547723723,7.3374548545)
  );
#344 = PCURVE('',#32,#345);
#345 = DEFINITIONAL_REPRESENTATION('',(#346),#369);
#346 = B_SPLINE_CURVE_WITH_KNOTS('',6,(#347,#348,#349,#350,#351,#352,
    #353,#354,#355,#356,#357,#358,#359,#360,#361,#362,#363,#364,#365,
    #366,#367,#368),.UNSPECIFIED.,.F.,.F.,(7,5,5,5,7),(0.,0.313386084335
    ,0.563578401845,0.789356277482,1.),.UNSPECIFIED.);
#347 = CARTESIAN_POINT('',(-0.751260351453,-18.0910929634));
#348 = CARTESIAN_POINT('',(-0.728965929189,-17.53256512646));
#349 = CARTESIAN_POINT('',(-0.706769397644,-16.97330354692));
#350 = CARTESIAN_POINT('',(-0.684649748458,-16.41347368598));
#351 = CARTESIAN_POINT('',(-0.662595620111,-15.85316846401));
#352 = CARTESIAN_POINT('',(-0.640597881205,-15.29245866093));
#353 = CARTESIAN_POINT('',(-0.601127358264,-14.28346340735));
#354 = CARTESIAN_POINT('',(-0.583636634376,-13.8353087725));
#355 = CARTESIAN_POINT('',(-0.566174105222,-13.38695396855));
#356 = CARTESIAN_POINT('',(-0.548737109452,-12.93841917174));
#357 = CARTESIAN_POINT('',(-0.531323514269,-12.48972037512));
#358 = CARTESIAN_POINT('',(-0.498236583757,-11.63582143874));
#359 = CARTESIAN_POINT('',(-0.482559255325,-11.23064937136));
#360 = CARTESIAN_POINT('',(-0.466898143442,-10.82536457486));
#361 = CARTESIAN_POINT('',(-0.451252129264,-10.41997528474));
#362 = CARTESIAN_POINT('',(-0.435620258296,-10.01448847689));
#363 = CARTESIAN_POINT('',(-0.405430042337,-9.230518330366));
#364 = CARTESIAN_POINT('',(-0.39086997192,-8.852046887581));
#365 = CARTESIAN_POINT('',(-0.376320802701,-8.473500745945));
#366 = CARTESIAN_POINT('',(-0.361781933572,-8.094884241106));
#367 = CARTESIAN_POINT('',(-0.347252833124,-7.716201182728));
#368 = CARTESIAN_POINT('',(-0.332733039644,-7.3374548545));
#369 = ( GEOMETRIC_REPRESENTATION_CONTEXT(2) 
PARAMETRIC_REPRESENTATION_CONTEXT() REPRESENTATION_CONTEXT('2D SPACE',''
  ) );
#370 = PCURVE('',#371,#386);
#371 = B_SPLINE_SURFACE_WITH_KNOTS('',1,6,(
    (#372,#373,#374,#375,#376,#377,#378)
    ,(#379,#380,#381,#382,#383,#384,#385
    )),.UNSPECIFIED.,.F.,.F.,.F.,(2,2),(7,7),(0.,0.605941583809),(0.,
    1.299888745028),.PIECEWISE_BEZIER_KNOTS.);
#372 = CARTESIAN_POINT('',(11.033531287096,16.68116264943,23.));
#373 = CARTESIAN_POINT('',(13.691265188025,14.900444167568,
    19.16665987056));
#374 = CARTESIAN_POINT('',(16.011170146164,12.620298847505,
    15.333318721012));
#375 = CARTESIAN_POINT('',(17.877557808588,9.919579136563,
    11.499976723997));
#376 = CARTESIAN_POINT('',(19.198769117788,6.912730416479,7.666633780372
    ));
#377 = CARTESIAN_POINT('',(19.924189205688,3.737532305964,3.833289783539
    ));
#378 = CARTESIAN_POINT('',(20.046311141769,0.533981462634,
    -5.508950562216E-05));
#379 = CARTESIAN_POINT('',(11.533799890539,16.339261307817,
    22.999999999971));
#380 = CARTESIAN_POINT('',(14.144209605363,14.489298276108,
    19.166658757551));
#381 = CARTESIAN_POINT('',(16.405289017559,12.147768844225,
    15.333316494841));
#382 = CARTESIAN_POINT('',(18.202981106771,9.395912934551,11.49997338456
    ));
#383 = CARTESIAN_POINT('',(19.447923582024,6.350114791269,7.666629327366
    ));
#384 = CARTESIAN_POINT('',(20.092257027884,3.14935478482,3.833284216831)
  );
#385 = CARTESIAN_POINT('',(20.131337533797,-6.596496464444E-02,
    -6.177008617847E-05));
#386 = DEFINITIONAL_REPRESENTATION('',(#387),#410);
#387 = B_SPLINE_CURVE_WITH_KNOTS('',6,(#388,#389,#390,#391,#392,#393,
    #394,#395,#396,#397,#398,#399,#400,#401,#402,#403,#404,#405,#406,
    #407,#408,#409),.UNSPECIFIED.,.F.,.F.,(7,5,5,5,7),(0.,0.313386084335
    ,0.563578401845,0.789356277482,1.),.UNSPECIFIED.);
#388 = CARTESIAN_POINT('',(0.605941583809,0.277435607348));
#389 = CARTESIAN_POINT('',(0.585630290477,0.309001799407));
#390 = CARTESIAN_POINT('',(0.562745058571,0.340609460184));
#391 = CARTESIAN_POINT('',(0.53784438869,0.372249238449));
#392 = CARTESIAN_POINT('',(0.511233238577,0.403915882713));
#393 = CARTESIAN_POINT('',(0.483153423455,0.435605392779));
#394 = CARTESIAN_POINT('',(0.430331747867,0.492630551422));
#395 = CARTESIAN_POINT('',(0.406059004653,0.517958806638));
#396 = CARTESIAN_POINT('',(0.381053333562,0.543298374934));
#397 = CARTESIAN_POINT('',(0.355384814499,0.568648116031));
#398 = CARTESIAN_POINT('',(0.329109451677,0.59400712607));
#399 = CARTESIAN_POINT('',(0.278059944041,0.642266742643));
#400 = CARTESIAN_POINT('',(0.253389455115,0.665165762578));
#401 = CARTESIAN_POINT('',(0.228298947836,0.688071153783));
#402 = CARTESIAN_POINT('',(0.202817664166,0.710982450822));
#403 = CARTESIAN_POINT('',(0.176970508238,0.73389925945));
#404 = CARTESIAN_POINT('',(0.126344011665,0.778206727983));
#405 = CARTESIAN_POINT('',(0.101609318454,0.799596715545));
#406 = CARTESIAN_POINT('',(7.659284189574E-02,0.82099092503));
#407 = CARTESIAN_POINT('',(5.131022453048E-02,0.842389111408));
#408 = CARTESIAN_POINT('',(2.577528139047E-02,0.863791059375));
#409 = CARTESIAN_POINT('',(0.,0.885196583351));
#410 = ( GEOMETRIC_REPRESENTATION_CONTEXT(2) 
PARAMETRIC_REPRESENTATION_CONTEXT() REPRESENTATION_CONTEXT('2D SPACE',''
  ) );
#411 = FACE_BOUND('',#412,.F.);
#412 = EDGE_LOOP('',(#413,#509,#542,#624));
#413 = ORIENTED_EDGE('',*,*,#414,.F.);
#414 = EDGE_CURVE('',#415,#417,#419,.T.);
#415 = VERTEX_POINT('',#416);
#416 = CARTESIAN_POINT('',(-12.45517976143,15.648274572946,23.));
#417 = VERTEX_POINT('',#418);
#418 = CARTESIAN_POINT('',(-0.371454125847,19.99655024829,7.337454853011
    ));
#419 = SURFACE_CURVE('',#420,(#431,#445),.PCURVE_S1.);
#420 = B_SPLINE_CURVE_WITH_KNOTS('',5,(#421,#422,#423,#424,#425,#426,
    #427,#428,#429,#430),.UNSPECIFIED.,.F.,.F.,(6,4,6),(0.,
    0.500606297253,1.),.UNSPECIFIED.);
#421 = CARTESIAN_POINT('',(-12.45517976142,15.648274572974,
    23.000000000058));
#422 = CARTESIAN_POINT('',(-11.43262406487,16.462173572333,
    21.430998446333));
#423 = CARTESIAN_POINT('',(-10.34322360901,17.19283605263,
    19.862171203632));
#424 = CARTESIAN_POINT('',(-9.195984266874,17.832902817297,
    18.293572171976));
#425 = CARTESIAN_POINT('',(-8.001071682701,18.376509164487,16.7251589263
    ));
#426 = CARTESIAN_POINT('',(-5.540753062692,19.26149015292,
    13.592608327497));
#427 = CARTESIAN_POINT('',(-4.275502962777,19.603359197749,
    12.028441966738));
#428 = CARTESIAN_POINT('',(-2.984525583062,19.841051889053,
    10.464538176336));
#429 = CARTESIAN_POINT('',(-1.67929125737,19.972255982909,8.900858147578
    ));
#430 = CARTESIAN_POINT('',(-0.371454125848,19.99655024829,7.337454853013
    ));
#431 = PCURVE('',#32,#432);
#432 = DEFINITIONAL_REPRESENTATION('',(#433),#444);
#433 = B_SPLINE_CURVE_WITH_KNOTS('',5,(#434,#435,#436,#437,#438,#439,
    #440,#441,#442,#443),.UNSPECIFIED.,.F.,.F.,(6,4,6),(0.,
    0.500606297253,1.),.UNSPECIFIED.);
#434 = CARTESIAN_POINT('',(-2.243060354646,-23.00000000005));
#435 = CARTESIAN_POINT('',(-2.177714128019,-21.43099844633));
#436 = CARTESIAN_POINT('',(-2.112344700554,-19.86217120363));
#437 = CARTESIAN_POINT('',(-2.046952219208,-18.29357217197));
#438 = CARTESIAN_POINT('',(-1.981533220395,-16.7251589263));
#439 = CARTESIAN_POINT('',(-1.850801060409,-13.59260832749));
#440 = CARTESIAN_POINT('',(-1.78548686865,-12.02844196673));
#441 = CARTESIAN_POINT('',(-1.720145536614,-10.46453817633));
#442 = CARTESIAN_POINT('',(-1.65477323882,-8.900858147578));
#443 = CARTESIAN_POINT('',(-1.589370101015,-7.337454853013));
#444 = ( GEOMETRIC_REPRESENTATION_CONTEXT(2) 
PARAMETRIC_REPRESENTATION_CONTEXT() REPRESENTATION_CONTEXT('2D SPACE',''
  ) );
#445 = PCURVE('',#446,#496);
#446 = ( BOUNDED_SURFACE() B_SPLINE_SURFACE(6,6,(
    (#447,#448,#449,#450,#451,#452,#453)
    ,(#454,#455,#456,#457,#458,#459,#460)
    ,(#461,#462,#463,#464,#465,#466,#467)
    ,(#468,#469,#470,#471,#472,#473,#474)
    ,(#475,#476,#477,#478,#479,#480,#481)
    ,(#482,#483,#484,#485,#486,#487,#488)
    ,(#489,#490,#491,#492,#493,#494,#495
)),.UNSPECIFIED.,.F.,.F.,.F.) B_SPLINE_SURFACE_WITH_KNOTS((7,7),(7,7),(
    3.657195460274,5.303127045127),(0.,1.299888745028),
.PIECEWISE_BEZIER_KNOTS.) GEOMETRIC_REPRESENTATION_ITEM() 
RATIONAL_B_SPLINE_SURFACE((
    (1.034528697882,1.034528697882,1.034528697882,1.034528697882
      ,1.034528697882,1.034528697882,1.034528697882)
    ,(1.01097830576,1.01097830576,1.01097830576,1.01097830576
      ,1.01097830576,1.01097830576,1.01097830576)
    ,(0.99772132383,0.99772132383,0.99772132383,0.99772132383
      ,0.99772132383,0.99772132383,0.99772132383)
    ,(0.993378161011,0.993378161011,0.993378161011,0.993378161011
      ,0.993378161011,0.993378161011,0.993378161011)
    ,(0.99772132383,0.99772132383,0.99772132383,0.99772132383
      ,0.99772132383,0.99772132383,0.99772132383)
    ,(1.01097830576,1.01097830576,1.01097830576,1.01097830576
      ,1.01097830576,1.01097830576,1.01097830576)
    ,(1.034528697882,1.034528697882,1.034528697882,1.034528697882
      ,1.034528697882,1.034528697882,1.034528697882
))) REPRESENTATION_ITEM('') SURFACE() );
#447 = CARTESIAN_POINT('',(-56.82051984404,5.156117816019,
    23.000000000058));
#448 = CARTESIAN_POINT('',(-55.75794016031,13.274317804142,
    19.166731760342));
#449 = CARTESIAN_POINT('',(-53.3047966697,21.158110551827,
    15.333462513867));
#450 = CARTESIAN_POINT('',(-49.52174167083,28.510127713642,
    11.500192427862));
#451 = CARTESIAN_POINT('',(-44.55452257535,35.052584191406,
    7.666921409196));
#452 = CARTESIAN_POINT('',(-38.62268619579,40.565840302821,
    3.833649349108));
#453 = CARTESIAN_POINT('',(-31.98424286904,44.906261796772,
    3.764236171264E-04));
#454 = CARTESIAN_POINT('',(-52.51736614662,12.748966088664,
    23.000000000058));
#455 = CARTESIAN_POINT('',(-50.40382432556,20.271546166769,
    19.166716190666));
#456 = CARTESIAN_POINT('',(-46.99864978948,27.385156619683,
    15.333431372797));
#457 = CARTESIAN_POINT('',(-42.39873041604,33.812960351497,
    11.500145712518));
#458 = CARTESIAN_POINT('',(-36.78041387764,39.307795721863,
    7.666859116463));
#459 = CARTESIAN_POINT('',(-30.38380731802,43.688120872655,
    3.833571477182));
#460 = CARTESIAN_POINT('',(-23.47619692776,46.850903379906,
    2.829699369613E-04));
#461 = CARTESIAN_POINT('',(-45.80531026305,18.688097576232,
    23.000000000029));
#462 = CARTESIAN_POINT('',(-42.86970508743,25.281630168494,
    19.166699625115));
#463 = CARTESIAN_POINT('',(-38.79677983881,31.329650311265,
    15.333398237708));
#464 = CARTESIAN_POINT('',(-33.71176749969,36.587348371424,
    11.500096008385));
#465 = CARTESIAN_POINT('',(-27.81052125753,40.847512431093,
    7.666792835545));
#466 = CARTESIAN_POINT('',(-21.34040944077,43.97246086385,3.833488622127
    ));
#467 = CARTESIAN_POINT('',(-14.56418425471,45.901689433318,
    1.835348957684E-04));
#468 = CARTESIAN_POINT('',(-37.42643961262,22.193550263357,23.));
#469 = CARTESIAN_POINT('',(-34.00562810672,27.6273236337,19.166684055352
    ));
#470 = CARTESIAN_POINT('',(-29.64012985558,32.434992902155,
    15.333367096551));
#471 = CARTESIAN_POINT('',(-24.47191009472,36.411731210625,
    11.500049291208));
#472 = CARTESIAN_POINT('',(-18.70248666647,39.395022482931,
    7.666730543337));
#473 = CARTESIAN_POINT('',(-12.57186892803,41.291633413523,
    3.833410748863));
#474 = CARTESIAN_POINT('',(-6.324569601071,42.080377843115,
    9.00799932424E-05));
#475 = CARTESIAN_POINT('',(-28.36496094823,22.812643416837,23.));
#476 = CARTESIAN_POINT('',(-24.85845782309,26.992174552608,
    19.166671364364));
#477 = CARTESIAN_POINT('',(-20.61559469111,30.531368406111,
    15.333341712685));
#478 = CARTESIAN_POINT('',(-15.78129549276,33.268639723246,
    11.500011211931));
#479 = CARTESIAN_POINT('',(-10.54804086883,35.085610123264,7.66667976795
    ));
#480 = CARTESIAN_POINT('',(-5.134553505864,35.92875378934,3.833347273612
    ));
#481 = CARTESIAN_POINT('',(0.244588086411,35.808229950315,
    1.390383113176E-05));
#482 = CARTESIAN_POINT('',(-19.70359169096,20.50924167168,23.));
#483 = CARTESIAN_POINT('',(-16.51591332472,23.489911613171,
    19.166663019132));
#484 = CARTESIAN_POINT('',(-12.79100302857,25.88320032967,
    15.333325019805));
#485 = CARTESIAN_POINT('',(-8.662796936245,27.56885622628,
    11.499986172363));
#486 = CARTESIAN_POINT('',(-4.301297332117,28.466856740037,
    7.666646378406));
#487 = CARTESIAN_POINT('',(0.107285029037,28.553997984942,3.833305533219
    ));
#488 = CARTESIAN_POINT('',(4.38630208504,27.860199869814,
    -3.618854680099E-05));
#489 = CARTESIAN_POINT('',(-12.45517976142,15.648274572974,
    23.000000000058));
#490 = CARTESIAN_POINT('',(-9.940330903497,17.6256574445,19.166659870563
    ));
#491 = CARTESIAN_POINT('',(-7.054893781809,19.127414519753,
    15.333318721299));
#492 = CARTESIAN_POINT('',(-3.909611195675,20.06788637914,
    11.499976723571));
#493 = CARTESIAN_POINT('',(-0.641651379599,20.395265650615,
    7.666633780696));
#494 = CARTESIAN_POINT('',(2.60230860929,20.103990975535,3.833289783564)
  );
#495 = CARTESIAN_POINT('',(5.686804267738,19.230184185726,
    -5.50894474145E-05));
#496 = DEFINITIONAL_REPRESENTATION('',(#497),#508);
#497 = B_SPLINE_CURVE_WITH_KNOTS('',5,(#498,#499,#500,#501,#502,#503,
    #504,#505,#506,#507),.UNSPECIFIED.,.F.,.F.,(6,4,6),(0.,
    0.500606297253,1.),.UNSPECIFIED.);
#498 = CARTESIAN_POINT('',(5.303127045127,0.));
#499 = CARTESIAN_POINT('',(5.302864393191,8.867494977052E-02));
#500 = CARTESIAN_POINT('',(5.302665437363,0.177340038152));
#501 = CARTESIAN_POINT('',(5.302531168165,0.265992219579));
#502 = CARTESIAN_POINT('',(5.302462634616,0.354633891851));
#503 = CARTESIAN_POINT('',(5.302459076434,0.53167555819));
#504 = CARTESIAN_POINT('',(5.302523734419,0.62007719172));
#505 = CARTESIAN_POINT('',(5.302655846541,0.708463976262));
#506 = CARTESIAN_POINT('',(5.302856534381,0.796838104819));
#507 = CARTESIAN_POINT('',(5.303127045127,0.885196583439));
#508 = ( GEOMETRIC_REPRESENTATION_CONTEXT(2) 
PARAMETRIC_REPRESENTATION_CONTEXT() REPRESENTATION_CONTEXT('2D SPACE',''
  ) );
#509 = ORIENTED_EDGE('',*,*,#510,.T.);
#510 = EDGE_CURVE('',#415,#511,#513,.T.);
#511 = VERTEX_POINT('',#512);
#512 = CARTESIAN_POINT('',(-11.97542076234,16.018404963193,23.));
#513 = SURFACE_CURVE('',#514,(#519,#526),.PCURVE_S1.);
#514 = CIRCLE('',#515,20.);
#515 = AXIS2_PLACEMENT_3D('',#516,#517,#518);
#516 = CARTESIAN_POINT('',(0.,0.,23.));
#517 = DIRECTION('',(0.,0.,-1.));
#518 = DIRECTION('',(1.,0.,0.));
#519 = PCURVE('',#32,#520);
#520 = DEFINITIONAL_REPRESENTATION('',(#521),#525);
#521 = LINE('',#522,#523);
#522 = CARTESIAN_POINT('',(-6.28318530718,-23.));
#523 = VECTOR('',#524,1.);
#524 = DIRECTION('',(1.,-0.));
#525 = ( GEOMETRIC_REPRESENTATION_CONTEXT(2) 
PARAMETRIC_REPRESENTATION_CONTEXT() REPRESENTATION_CONTEXT('2D SPACE',''
  ) );
#526 = PCURVE('',#527,#532);
#527 = PLANE('',#528);
#528 = AXIS2_PLACEMENT_3D('',#529,#530,#531);
#529 = CARTESIAN_POINT('',(-35.86639494983,16.708124865833,23.));
#530 = DIRECTION('',(-1.E-17,0.,1.));
#531 = DIRECTION('',(1.,-1.7E-16,1.E-17));
#532 = DEFINITIONAL_REPRESENTATION('',(#533),#541);
#533 = ( BOUNDED_CURVE() B_SPLINE_CURVE(2,(#534,#535,#536,#537,#538,#539
,#540),.UNSPECIFIED.,.T.,.F.) B_SPLINE_CURVE_WITH_KNOTS((1,2,2,2,2,1),(
    -2.094395102393,0.,2.094395102393,4.188790204786,6.28318530718,
8.377580409573),.UNSPECIFIED.) CURVE() GEOMETRIC_REPRESENTATION_ITEM() 
RATIONAL_B_SPLINE_CURVE((1.,0.5,1.,0.5,1.,0.5,1.)) REPRESENTATION_ITEM(
  '') );
#534 = CARTESIAN_POINT('',(55.866394949839,-16.70812486583));
#535 = CARTESIAN_POINT('',(55.866394949839,-51.34914101721));
#536 = CARTESIAN_POINT('',(25.866394949839,-34.02863294152));
#537 = CARTESIAN_POINT('',(-4.133605050161,-16.70812486583));
#538 = CARTESIAN_POINT('',(25.866394949839,0.612383209855));
#539 = CARTESIAN_POINT('',(55.866394949839,17.932891285544));
#540 = CARTESIAN_POINT('',(55.866394949839,-16.70812486583));
#541 = ( GEOMETRIC_REPRESENTATION_CONTEXT(2) 
PARAMETRIC_REPRESENTATION_CONTEXT() REPRESENTATION_CONTEXT('2D SPACE',''
  ) );
#542 = ORIENTED_EDGE('',*,*,#543,.T.);
#543 = EDGE_CURVE('',#511,#544,#546,.T.);
#544 = VERTEX_POINT('',#545);
#545 = CARTESIAN_POINT('',(-8.466297636575,18.119652433999,
    18.091092963401));
#546 = SURFACE_CURVE('',#547,(#554,#564),.PCURVE_S1.);
#547 = B_SPLINE_CURVE_WITH_KNOTS('',5,(#548,#549,#550,#551,#552,#553),
  .UNSPECIFIED.,.F.,.F.,(6,6),(0.,1.),.PIECEWISE_BEZIER_KNOTS.);
#548 = CARTESIAN_POINT('',(-11.97542076234,16.018404963193,23.));
#549 = CARTESIAN_POINT('',(-11.31932053257,16.508908002155,
    22.018103801862));
#550 = CARTESIAN_POINT('',(-10.63800087637,16.965898774347,
    21.036261106991));
#551 = CARTESIAN_POINT('',(-9.933735909685,17.387643391722,
    20.054478736646));
#552 = CARTESIAN_POINT('',(-9.208973478668,17.772641653719,
    19.072753895746));
#553 = CARTESIAN_POINT('',(-8.466297639751,18.119652432515,
    18.091092967639));
#554 = PCURVE('',#32,#555);
#555 = DEFINITIONAL_REPRESENTATION('',(#556),#563);
#556 = B_SPLINE_CURVE_WITH_KNOTS('',5,(#557,#558,#559,#560,#561,#562),
  .UNSPECIFIED.,.F.,.F.,(6,6),(0.,1.),.PIECEWISE_BEZIER_KNOTS.);
#557 = CARTESIAN_POINT('',(-2.212762116583,-23.));
#558 = CARTESIAN_POINT('',(-2.171802967949,-22.01810380186));
#559 = CARTESIAN_POINT('',(-2.13083719043,-21.03626110699));
#560 = CARTESIAN_POINT('',(-2.089864607456,-20.05447873664));
#561 = CARTESIAN_POINT('',(-2.048884724586,-19.07275389574));
#562 = CARTESIAN_POINT('',(-2.007897413064,-18.09109296763));
#563 = ( GEOMETRIC_REPRESENTATION_CONTEXT(2) 
PARAMETRIC_REPRESENTATION_CONTEXT() REPRESENTATION_CONTEXT('2D SPACE',''
  ) );
#564 = PCURVE('',#565,#615);
#565 = ( BOUNDED_SURFACE() B_SPLINE_SURFACE(6,6,(
    (#566,#567,#568,#569,#570,#571,#572)
    ,(#573,#574,#575,#576,#577,#578,#579)
    ,(#580,#581,#582,#583,#584,#585,#586)
    ,(#587,#588,#589,#590,#591,#592,#593)
    ,(#594,#595,#596,#597,#598,#599,#600)
    ,(#601,#602,#603,#604,#605,#606,#607)
    ,(#608,#609,#610,#611,#612,#613,#614
)),.UNSPECIFIED.,.F.,.F.,.F.) B_SPLINE_SURFACE_WITH_KNOTS((7,7),(7,7),(
    0.866160108316,2.750714663897),(0.,1.299888745028),
.PIECEWISE_BEZIER_KNOTS.) GEOMETRIC_REPRESENTATION_ITEM() 
RATIONAL_B_SPLINE_SURFACE((
    (1.045542649213,1.045542649213,1.045542649213,1.045542649213
      ,1.045542649213,1.045542649213,1.045542649213)
    ,(1.014256129069,1.014256129069,1.014256129069,1.014256129069
      ,1.014256129069,1.014256129069,1.014256129069)
    ,(0.997016338506,0.997016338506,0.997016338506,0.997016338506
      ,0.997016338506,0.997016338506,0.997016338506)
    ,(0.991367549879,0.991367549879,0.991367549879,0.991367549879
      ,0.991367549879,0.991367549879,0.991367549879)
    ,(0.997016338506,0.997016338506,0.997016338506,0.997016338506
      ,0.997016338506,0.997016338506,0.997016338506)
    ,(1.014256129069,1.014256129069,1.014256129069,1.014256129069
      ,1.014256129069,1.014256129069,1.014256129069)
    ,(1.045542649213,1.045542649213,1.045542649213,1.045542649213
      ,1.045542649213,1.045542649213,1.045542649213
))) REPRESENTATION_ITEM('') SURFACE() );
#566 = CARTESIAN_POINT('',(-11.97542076234,16.018404963193,23.));
#567 = CARTESIAN_POINT('',(-9.409340401893,17.929382116708,
    19.16665875772));
#568 = CARTESIAN_POINT('',(-6.483701613935,19.356224039017,
    15.333316494623));
#569 = CARTESIAN_POINT('',(-3.311013712402,20.215560571203,
    11.499973384896));
#570 = CARTESIAN_POINT('',(-2.957915942534E-02,20.458367838553,
    7.666629327287));
#571 = CARTESIAN_POINT('',(3.213634486747,20.082076122897,3.833284216846
    ));
#572 = CARTESIAN_POINT('',(6.283661826921,19.125655448152,
    -6.177005707286E-05));
#573 = CARTESIAN_POINT('',(-19.01075005726,22.000157747505,
    22.999999999971));
#574 = CARTESIAN_POINT('',(-15.6167069266,24.884928193031,
    19.166660161252));
#575 = CARTESIAN_POINT('',(-11.7013605504,27.148040702014,
    15.333319304598));
#576 = CARTESIAN_POINT('',(-7.405762134658,28.672549244686,
    11.499977596832));
#577 = CARTESIAN_POINT('',(-2.9061239578,29.38371722764,7.666634945665)
  );
#578 = CARTESIAN_POINT('',(1.606905026361,29.26518239631,3.833291239804)
  );
#579 = CARTESIAN_POINT('',(5.954319408687,28.354347567394,
    -5.334176239558E-05));
#580 = CARTESIAN_POINT('',(-28.06935131327,25.054607768921,
    23.000000000087));
#581 = CARTESIAN_POINT('',(-24.25252726976,29.193222172966,
    19.166668046149));
#582 = CARTESIAN_POINT('',(-19.70613939521,32.639955708146,
    15.333335073636));
#583 = CARTESIAN_POINT('',(-14.58581055203,35.234632704989,
    11.500001255015));
#584 = CARTESIAN_POINT('',(-9.094347648061,36.863256140408,
    7.666666488949));
#585 = CARTESIAN_POINT('',(-3.459114580866,37.479452622996,
    3.833330674592));
#586 = CARTESIAN_POINT('',(2.09913597352,37.102232016099,
    -6.0168094933E-06));
#587 = CARTESIAN_POINT('',(-37.78450796942,24.568627848494,23.));
#588 = CARTESIAN_POINT('',(-34.03495071167,30.05196315801,
    19.166681419738));
#589 = CARTESIAN_POINT('',(-29.33247458438,34.854590456031,
    15.333361824334));
#590 = CARTESIAN_POINT('',(-23.83037866067,38.769973018381,
    11.50004138326));
#591 = CARTESIAN_POINT('',(-17.74200880646,41.637027471297,
    7.666719997709));
#592 = CARTESIAN_POINT('',(-11.31829816667,43.367277165351,3.83339756605
    ));
#593 = CARTESIAN_POINT('',(-4.812665178411,43.946751733834,
    7.425938383676E-05));
#594 = CARTESIAN_POINT('',(-46.64525146289,20.555191654945,
    23.000000000058));
#595 = CARTESIAN_POINT('',(-43.45121294148,27.264984492445,
    19.166698285175));
#596 = CARTESIAN_POINT('',(-39.10054378856,33.386339696037,
    15.333395558759));
#597 = CARTESIAN_POINT('',(-33.72738646525,38.670438495086,
    11.500091987022));
#598 = CARTESIAN_POINT('',(-27.5376317523,42.908525550971,7.666787476803
    ));
#599 = CARTESIAN_POINT('',(-20.7887075921,45.964311970049,3.833481920738
    ));
#600 = CARTESIAN_POINT('',(-13.75233478077,47.781168603047,
    1.754933327902E-04));
#601 = CARTESIAN_POINT('',(-53.30214684014,13.694166543108,
    23.000000000029));
#602 = CARTESIAN_POINT('',(-51.05777534192,21.32537183867,
    19.166715983971));
#603 = CARTESIAN_POINT('',(-47.50372873002,28.525877001841,
    15.333430959261));
#604 = CARTESIAN_POINT('',(-42.7414050589,35.015099463461,
    11.500145092286));
#605 = CARTESIAN_POINT('',(-36.95270948606,40.543377346039,
    7.666858288867));
#606 = CARTESIAN_POINT('',(-30.38378965022,44.928362977225,
    3.833570443356));
#607 = CARTESIAN_POINT('',(-23.30773889535,48.067828409403,
    2.817288623191E-04));
#608 = CARTESIAN_POINT('',(-56.82051984404,5.156117816048,
    23.000000000029));
#609 = CARTESIAN_POINT('',(-55.75794016037,13.2743178042,19.16673176011)
  );
#610 = CARTESIAN_POINT('',(-53.30479666969,21.158110552526,
    15.333462513488));
#611 = CARTESIAN_POINT('',(-49.5217416707,28.510127711954,
    11.500192429114));
#612 = CARTESIAN_POINT('',(-44.55452257559,35.052584193065,
    7.666921407945));
#613 = CARTESIAN_POINT('',(-38.62268619568,40.565840302326,
    3.833649349544));
#614 = CARTESIAN_POINT('',(-31.98424286904,44.906261796801,
    3.764235880226E-04));
#615 = DEFINITIONAL_REPRESENTATION('',(#616),#623);
#616 = B_SPLINE_CURVE_WITH_KNOTS('',5,(#617,#618,#619,#620,#621,#622),
  .UNSPECIFIED.,.F.,.F.,(6,6),(0.,1.),.PIECEWISE_BEZIER_KNOTS.);
#617 = CARTESIAN_POINT('',(0.866160108316,0.));
#618 = CARTESIAN_POINT('',(0.866214956393,5.549361666822E-02));
#619 = CARTESIAN_POINT('',(0.866242577743,0.110984205569));
#620 = CARTESIAN_POINT('',(0.866242782656,0.166471381372));
#621 = CARTESIAN_POINT('',(0.866215358713,0.221955302131));
#622 = CARTESIAN_POINT('',(0.866160108316,0.277435607111));
#623 = ( GEOMETRIC_REPRESENTATION_CONTEXT(2) 
PARAMETRIC_REPRESENTATION_CONTEXT() REPRESENTATION_CONTEXT('2D SPACE',''
  ) );
#624 = ORIENTED_EDGE('',*,*,#625,.T.);
#625 = EDGE_CURVE('',#544,#417,#626,.T.);
#626 = SURFACE_CURVE('',#627,(#650,#676),.PCURVE_S1.);
#627 = B_SPLINE_CURVE_WITH_KNOTS('',6,(#628,#629,#630,#631,#632,#633,
    #634,#635,#636,#637,#638,#639,#640,#641,#642,#643,#644,#645,#646,
    #647,#648,#649),.UNSPECIFIED.,.F.,.F.,(7,5,5,5,7),(0.,0.313386084335
    ,0.563578401845,0.789356277482,1.),.UNSPECIFIED.);
#628 = CARTESIAN_POINT('',(-8.466297636576,18.119652433999,
    18.091092963401));
#629 = CARTESIAN_POINT('',(-8.062330453929,18.308403648524,
    17.532565126466));
#630 = CARTESIAN_POINT('',(-7.655087373266,18.485518742471,
    16.97330354693));
#631 = CARTESIAN_POINT('',(-7.244631769872,18.651183906725,
    16.413473685986));
#632 = CARTESIAN_POINT('',(-6.831163560552,18.805461357141,
    15.853168464016));
#633 = CARTESIAN_POINT('',(-6.414913006203,18.948392542084,
    15.292458660934));
#634 = CARTESIAN_POINT('',(-5.661815552163,19.185063404706,
    14.283463407358));
#635 = CARTESIAN_POINT('',(-5.325883404549,19.282910484684,
    13.835308772504));
#636 = CARTESIAN_POINT('',(-4.988479622528,19.373548049119,
    13.386953968556));
#637 = CARTESIAN_POINT('',(-4.649749169627,19.456980144211,
    12.938419171748));
#638 = CARTESIAN_POINT('',(-4.309844379859,19.533208511064,
    12.489720375125));
#639 = CARTESIAN_POINT('',(-3.661266553582,19.664527936741,
    11.635821438748));
#640 = CARTESIAN_POINT('',(-3.352782669468,19.720955701052,
    11.23064937136));
#641 = CARTESIAN_POINT('',(-3.043584786197,19.771521428059,
    10.825364574865));
#642 = CARTESIAN_POINT('',(-2.733791016939,19.816227571965,
    10.419975284746));
#643 = CARTESIAN_POINT('',(-2.423521641829,19.855077909374,
    10.014488476895));
#644 = CARTESIAN_POINT('',(-1.82309626097,19.918866763156,9.230518330366
    ));
#645 = CARTESIAN_POINT('',(-1.532986080066,19.944563291308,
    8.852046887581));
#646 = CARTESIAN_POINT('',(-1.242666690103,19.965172541753,
    8.473500745946));
#647 = CARTESIAN_POINT('',(-0.952237816987,19.980700953114,
    8.094884241106));
#648 = CARTESIAN_POINT('',(-0.661799907071,19.991156811052,
    7.716201182729));
#649 = CARTESIAN_POINT('',(-0.371454127157,19.996550248266,
    7.337454854501));
#650 = PCURVE('',#32,#651);
#651 = DEFINITIONAL_REPRESENTATION('',(#652),#675);
#652 = B_SPLINE_CURVE_WITH_KNOTS('',6,(#653,#654,#655,#656,#657,#658,
    #659,#660,#661,#662,#663,#664,#665,#666,#667,#668,#669,#670,#671,
    #672,#673,#674),.UNSPECIFIED.,.F.,.F.,(7,5,5,5,7),(0.,0.313386084335
    ,0.563578401845,0.789356277482,1.),.UNSPECIFIED.);
#653 = CARTESIAN_POINT('',(-2.007897412889,-18.0910929634));
#654 = CARTESIAN_POINT('',(-1.985602990625,-17.53256512646));
#655 = CARTESIAN_POINT('',(-1.96340645908,-16.97330354693));
#656 = CARTESIAN_POINT('',(-1.941286809894,-16.41347368598));
#657 = CARTESIAN_POINT('',(-1.919232681547,-15.85316846401));
#658 = CARTESIAN_POINT('',(-1.897234942641,-15.29245866093));
#659 = CARTESIAN_POINT('',(-1.8577644197,-14.28346340735));
#660 = CARTESIAN_POINT('',(-1.840273695812,-13.8353087725));
#661 = CARTESIAN_POINT('',(-1.822811166658,-13.38695396855));
#662 = CARTESIAN_POINT('',(-1.805374170888,-12.93841917174));
#663 = CARTESIAN_POINT('',(-1.787960575705,-12.48972037512));
#664 = CARTESIAN_POINT('',(-1.754873645193,-11.63582143874));
#665 = CARTESIAN_POINT('',(-1.739196316761,-11.23064937136));
#666 = CARTESIAN_POINT('',(-1.723535204878,-10.82536457486));
#667 = CARTESIAN_POINT('',(-1.7078891907,-10.41997528474));
#668 = CARTESIAN_POINT('',(-1.692257319732,-10.01448847689));
#669 = CARTESIAN_POINT('',(-1.662067103773,-9.230518330366));
#670 = CARTESIAN_POINT('',(-1.647507033356,-8.852046887581));
#671 = CARTESIAN_POINT('',(-1.632957864137,-8.473500745946));
#672 = CARTESIAN_POINT('',(-1.618418995008,-8.094884241106));
#673 = CARTESIAN_POINT('',(-1.60388989456,-7.716201182729));
#674 = CARTESIAN_POINT('',(-1.58937010108,-7.337454854501));
#675 = ( GEOMETRIC_REPRESENTATION_CONTEXT(2) 
PARAMETRIC_REPRESENTATION_CONTEXT() REPRESENTATION_CONTEXT('2D SPACE',''
  ) );
#676 = PCURVE('',#677,#692);
#677 = B_SPLINE_SURFACE_WITH_KNOTS('',1,6,(
    (#678,#679,#680,#681,#682,#683,#684)
    ,(#685,#686,#687,#688,#689,#690,#691
    )),.UNSPECIFIED.,.F.,.F.,.F.,(2,2),(7,7),(0.,0.605941583809),(0.,
    1.299888745028),.PIECEWISE_BEZIER_KNOTS.);
#678 = CARTESIAN_POINT('',(-12.45517976143,15.648274572946,23.));
#679 = CARTESIAN_POINT('',(-9.940330903663,17.62565744491,19.16665987056
    ));
#680 = CARTESIAN_POINT('',(-7.054893781518,19.127414518989,
    15.333318721012));
#681 = CARTESIAN_POINT('',(-3.90961119596,20.067886379546,
    11.499976723997));
#682 = CARTESIAN_POINT('',(-0.641651379506,20.395265650543,
    7.666633780372));
#683 = CARTESIAN_POINT('',(2.602308609249,20.103990975536,3.833289783539
    ));
#684 = CARTESIAN_POINT('',(5.686804267716,19.230184185695,
    -5.508950562216E-05));
#685 = CARTESIAN_POINT('',(-11.97542076235,16.01840496319,
    22.999999999971));
#686 = CARTESIAN_POINT('',(-9.409340401978,17.92938211691,
    19.166658757551));
#687 = CARTESIAN_POINT('',(-6.483701613689,19.356224038459,
    15.333316494841));
#688 = CARTESIAN_POINT('',(-3.311013712668,20.215560572036,
    11.49997338456));
#689 = CARTESIAN_POINT('',(-2.957915930758E-02,20.458367837828,
    7.666629327366));
#690 = CARTESIAN_POINT('',(3.213634486737,20.082076123272,3.833284216831
    ));
#691 = CARTESIAN_POINT('',(6.283661826914,19.125655448146,
    -6.177008617847E-05));
#692 = DEFINITIONAL_REPRESENTATION('',(#693),#716);
#693 = B_SPLINE_CURVE_WITH_KNOTS('',6,(#694,#695,#696,#697,#698,#699,
    #700,#701,#702,#703,#704,#705,#706,#707,#708,#709,#710,#711,#712,
    #713,#714,#715),.UNSPECIFIED.,.F.,.F.,(7,5,5,5,7),(0.,0.313386084335
    ,0.563578401845,0.789356277482,1.),.UNSPECIFIED.);
#694 = CARTESIAN_POINT('',(0.605941583809,0.277435607348));
#695 = CARTESIAN_POINT('',(0.585630290477,0.309001799407));
#696 = CARTESIAN_POINT('',(0.562745058572,0.340609460184));
#697 = CARTESIAN_POINT('',(0.53784438869,0.372249238449));
#698 = CARTESIAN_POINT('',(0.511233238577,0.403915882713));
#699 = CARTESIAN_POINT('',(0.483153423455,0.435605392779));
#700 = CARTESIAN_POINT('',(0.430331747867,0.492630551422));
#701 = CARTESIAN_POINT('',(0.406059004653,0.517958806638));
#702 = CARTESIAN_POINT('',(0.381053333562,0.543298374934));
#703 = CARTESIAN_POINT('',(0.355384814499,0.568648116031));
#704 = CARTESIAN_POINT('',(0.329109451677,0.594007126069));
#705 = CARTESIAN_POINT('',(0.278059944041,0.642266742643));
#706 = CARTESIAN_POINT('',(0.253389455115,0.665165762578));
#707 = CARTESIAN_POINT('',(0.228298947836,0.688071153783));
#708 = CARTESIAN_POINT('',(0.202817664166,0.710982450822));
#709 = CARTESIAN_POINT('',(0.176970508238,0.73389925945));
#710 = CARTESIAN_POINT('',(0.126344011665,0.778206727983));
#711 = CARTESIAN_POINT('',(0.101609318454,0.799596715545));
#712 = CARTESIAN_POINT('',(7.659284189581E-02,0.82099092503));
#713 = CARTESIAN_POINT('',(5.131022453052E-02,0.842389111408));
#714 = CARTESIAN_POINT('',(2.577528139046E-02,0.863791059375));
#715 = CARTESIAN_POINT('',(0.,0.885196583351));
#716 = ( GEOMETRIC_REPRESENTATION_CONTEXT(2) 
PARAMETRIC_REPRESENTATION_CONTEXT() REPRESENTATION_CONTEXT('2D SPACE',''
  ) );
#717 = FACE_BOUND('',#718,.F.);
#718 = EDGE_LOOP('',(#719,#815,#848,#930));
#719 = ORIENTED_EDGE('',*,*,#720,.F.);
#720 = EDGE_CURVE('',#721,#723,#725,.T.);
#721 = VERTEX_POINT('',#722);
#722 = CARTESIAN_POINT('',(-18.73125571565,-7.009997098059,23.));
#723 = VERTEX_POINT('',#724);
#724 = CARTESIAN_POINT('',(-19.13263505457,5.825999988703,7.337454853012
    ));
#725 = SURFACE_CURVE('',#726,(#737,#751),.PCURVE_S1.);
#726 = B_SPLINE_CURVE_WITH_KNOTS('',5,(#727,#728,#729,#730,#731,#732,
    #733,#734,#735,#736),.UNSPECIFIED.,.F.,.F.,(6,4,6),(0.,
    0.500606297253,1.),.UNSPECIFIED.);
#727 = CARTESIAN_POINT('',(-18.73125571567,-7.009997098037,
    23.000000000058));
#728 = CARTESIAN_POINT('',(-19.18933257469,-5.785980217049,
    21.430998446333));
#729 = CARTESIAN_POINT('',(-19.54759063325,-4.524111691089,
    19.862171203632));
#730 = CARTESIAN_POINT('',(-19.80181384731,-3.235230731177,
    18.293572171976));
#731 = CARTESIAN_POINT('',(-19.94956591081,-1.930817732064,
    16.725158926301));
#732 = CARTESIAN_POINT('',(-20.03095258149,0.682558488783,
    13.592608327496));
#733 = CARTESIAN_POINT('',(-19.96510558129,1.991526185753,
    12.028441966738));
#734 = CARTESIAN_POINT('',(-19.79223081454,3.292769716171,
    10.464538176336));
#735 = CARTESIAN_POINT('',(-19.51367373469,4.574665621647,8.900858147578
    ));
#736 = CARTESIAN_POINT('',(-19.13263505457,5.825999988702,7.337454853012
    ));
#737 = PCURVE('',#32,#738);
#738 = DEFINITIONAL_REPRESENTATION('',(#739),#750);
#739 = B_SPLINE_CURVE_WITH_KNOTS('',5,(#740,#741,#742,#743,#744,#745,
    #746,#747,#748,#749),.UNSPECIFIED.,.F.,.F.,(6,4,6),(0.,
    0.500606297253,1.),.UNSPECIFIED.);
#740 = CARTESIAN_POINT('',(-3.499697416081,-23.00000000005));
#741 = CARTESIAN_POINT('',(-3.434351189455,-21.43099844633));
#742 = CARTESIAN_POINT('',(-3.36898176199,-19.86217120363));
#743 = CARTESIAN_POINT('',(-3.303589280644,-18.29357217197));
#744 = CARTESIAN_POINT('',(-3.238170281831,-16.7251589263));
#745 = CARTESIAN_POINT('',(-3.107438121845,-13.59260832749));
#746 = CARTESIAN_POINT('',(-3.042123930086,-12.02844196673));
#747 = CARTESIAN_POINT('',(-2.97678259805,-10.46453817633));
#748 = CARTESIAN_POINT('',(-2.911410300256,-8.900858147578));
#749 = CARTESIAN_POINT('',(-2.846007162451,-7.337454853012));
#750 = ( GEOMETRIC_REPRESENTATION_CONTEXT(2) 
PARAMETRIC_REPRESENTATION_CONTEXT() REPRESENTATION_CONTEXT('2D SPACE',''
  ) );
#751 = PCURVE('',#752,#802);
#752 = ( BOUNDED_SURFACE() B_SPLINE_SURFACE(6,6,(
    (#753,#754,#755,#756,#757,#758,#759)
    ,(#760,#761,#762,#763,#764,#765,#766)
    ,(#767,#768,#769,#770,#771,#772,#773)
    ,(#774,#775,#776,#777,#778,#779,#780)
    ,(#781,#782,#783,#784,#785,#786,#787)
    ,(#788,#789,#790,#791,#792,#793,#794)
    ,(#795,#796,#797,#798,#799,#800,#801
)),.UNSPECIFIED.,.F.,.F.,.F.) B_SPLINE_SURFACE_WITH_KNOTS((7,7),(7,7),(
    3.657195460274,5.303127045127),(0.,1.299888745028),
.PIECEWISE_BEZIER_KNOTS.) GEOMETRIC_REPRESENTATION_ITEM() 
RATIONAL_B_SPLINE_SURFACE((
    (1.034528697882,1.034528697882,1.034528697882,1.034528697882
      ,1.034528697882,1.034528697882,1.034528697882)
    ,(1.01097830576,1.01097830576,1.01097830576,1.01097830576
      ,1.01097830576,1.01097830576,1.01097830576)
    ,(0.99772132383,0.99772132383,0.99772132383,0.99772132383
      ,0.99772132383,0.99772132383,0.99772132383)
    ,(0.993378161011,0.993378161011,0.993378161011,0.993378161011
      ,0.993378161011,0.993378161011,0.993378161011)
    ,(0.99772132383,0.99772132383,0.99772132383,0.99772132383
      ,0.99772132383,0.99772132383,0.99772132383)
    ,(1.01097830576,1.01097830576,1.01097830576,1.01097830576
      ,1.01097830576,1.01097830576,1.01097830576)
    ,(1.034528697882,1.034528697882,1.034528697882,1.034528697882
      ,1.034528697882,1.034528697882,1.034528697882
))) REPRESENTATION_ITEM('') SURFACE() );
#753 = CARTESIAN_POINT('',(-22.46226570873,-52.4461976268,
    23.000000000058));
#754 = CARTESIAN_POINT('',(-29.85477752788,-48.92696253444,
    19.166731760342));
#755 = CARTESIAN_POINT('',(-36.59464696544,-44.15765849313,
    15.333462513867));
#756 = CARTESIAN_POINT('',(-42.41780250979,-38.28786113901,
    11.500192427862));
#757 = CARTESIAN_POINT('',(-47.10509326026,-31.54202481381,
    7.666921409196));
#758 = CARTESIAN_POINT('',(-50.51547316189,-24.19682333866,
    3.833649349108));
#759 = CARTESIAN_POINT('',(-52.59206750302,-16.54202455032,
    3.764236171264E-04));
#760 = CARTESIAN_POINT('',(-28.35374591376,-46.00733611029,
    23.000000000058));
#761 = CARTESIAN_POINT('',(-34.85502437537,-41.67263330323,
    19.166716190666));
#762 = CARTESIAN_POINT('',(-40.56821315054,-36.23589335026,
    15.333431372797));
#763 = CARTESIAN_POINT('',(-45.25996451599,-29.87480946607,
    11.500145712518));
#764 = CARTESIAN_POINT('',(-48.74970821081,-22.83347540088,
    7.666859116463));
#765 = CARTESIAN_POINT('',(-50.93898485571,-15.3963461377,3.833571477182
    ));
#766 = CARTESIAN_POINT('',(-51.81240076774,-7.849464719766,
    2.829699369613E-04));
#767 = CARTESIAN_POINT('',(-31.92805628093,-37.788499063,23.000000000029
    ));
#768 = CARTESIAN_POINT('',(-37.29172653016,-32.95905900748,
    19.166699625115));
#769 = CARTESIAN_POINT('',(-41.78513237899,-27.21653590296,
    15.333398237708));
#770 = CARTESIAN_POINT('',(-45.21414515042,-20.75568373052,
    11.500096008385));
#771 = CARTESIAN_POINT('',(-47.44221656304,-13.82680194439,
    7.666792835545));
#772 = CARTESIAN_POINT('',(-48.41484462621,-6.707697767638,
    3.833488622127));
#773 = CARTESIAN_POINT('',(-48.15568128843,0.333039765442,
    1.835348957684E-04));
#774 = CARTESIAN_POINT('',(-32.67272647693,-28.73647507842,23.));
#775 = CARTESIAN_POINT('',(-36.78346315899,-23.80396168969,
    19.166684055352));
#776 = CARTESIAN_POINT('',(-40.00681519643,-18.16647462379,
    15.333367096551));
#777 = CARTESIAN_POINT('',(-42.19185034153,-12.02232582308,
    11.500049291208));
#778 = CARTESIAN_POINT('',(-43.24627905899,-5.613390374063,
    7.666730543337));
#779 = CARTESIAN_POINT('',(-43.15559817621,0.803258584265,3.833410748863
    ));
#780 = CARTESIAN_POINT('',(-41.97521704469,6.988528751381,
    9.00799932424E-05));
#781 = CARTESIAN_POINT('',(-30.46136815328,-19.92718644186,23.));
#782 = CARTESIAN_POINT('',(-33.35276941852,-15.30075764581,
    19.166671364364));
#783 = CARTESIAN_POINT('',(-35.40762598274,-10.17188396927,
    15.333341712685));
#784 = CARTESIAN_POINT('',(-36.51704509758,-4.728328859753,
    11.500011211931));
#785 = CARTESIAN_POINT('',(-36.62792202175,0.810266783653,7.66667976795)
  );
#786 = CARTESIAN_POINT('',(-35.75693970555,6.219344937601,3.833347273612
    ));
#787 = CARTESIAN_POINT('',(-33.98006855592,11.297968686522,
    1.390383113176E-05));
#788 = CARTESIAN_POINT('',(-25.59419261885,-12.40152505382,23.));
#789 = CARTESIAN_POINT('',(-27.44393140186,-8.448785105207,
    19.166663019132));
#790 = CARTESIAN_POINT('',(-28.56902364703,-4.166618009594,
    15.333325019805));
#791 = CARTESIAN_POINT('',(-28.89649183292,0.280435613842,
    11.499986172363));
#792 = CARTESIAN_POINT('',(-28.40276357453,4.705965652876,7.666646378406
    ));
#793 = CARTESIAN_POINT('',(-27.12331295264,8.925704760661,3.833305533219
    ));
#794 = CARTESIAN_POINT('',(-25.14118274473,12.780896406872,
    -3.618854680099E-05));
#795 = CARTESIAN_POINT('',(-18.73125571567,-7.009997098037,
    23.000000000058));
#796 = CARTESIAN_POINT('',(-19.83472754546,-4.007188792519,
    19.166659870563));
#797 = CARTESIAN_POINT('',(-20.37133429097,-0.798906557902,
    15.333318721299));
#798 = CARTESIAN_POINT('',(-20.29383041001,2.483056728512,
    11.499976723571));
#799 = CARTESIAN_POINT('',(-19.59533147934,5.692236965074,7.666633780696
    ));
#800 = CARTESIAN_POINT('',(-18.31587403594,8.687417426477,3.833289783564
    ));
#801 = CARTESIAN_POINT('',(-16.53167281697,11.350925974077,
    -5.50894474145E-05));
#802 = DEFINITIONAL_REPRESENTATION('',(#803),#814);
#803 = B_SPLINE_CURVE_WITH_KNOTS('',5,(#804,#805,#806,#807,#808,#809,
    #810,#811,#812,#813),.UNSPECIFIED.,.F.,.F.,(6,4,6),(0.,
    0.500606297253,1.),.UNSPECIFIED.);
#804 = CARTESIAN_POINT('',(5.303127045127,0.));
#805 = CARTESIAN_POINT('',(5.302864393191,8.867494977052E-02));
#806 = CARTESIAN_POINT('',(5.302665437363,0.177340038152));
#807 = CARTESIAN_POINT('',(5.302531168165,0.265992219579));
#808 = CARTESIAN_POINT('',(5.302462634616,0.354633891851));
#809 = CARTESIAN_POINT('',(5.302459076434,0.53167555819));
#810 = CARTESIAN_POINT('',(5.302523734419,0.62007719172));
#811 = CARTESIAN_POINT('',(5.302655846541,0.708463976262));
#812 = CARTESIAN_POINT('',(5.302856534381,0.796838104819));
#813 = CARTESIAN_POINT('',(5.303127045127,0.885196583439));
#814 = ( GEOMETRIC_REPRESENTATION_CONTEXT(2) 
PARAMETRIC_REPRESENTATION_CONTEXT() REPRESENTATION_CONTEXT('2D SPACE',''
  ) );
#815 = ORIENTED_EDGE('',*,*,#816,.T.);
#816 = EDGE_CURVE('',#721,#817,#819,.T.);
#817 = VERTEX_POINT('',#818);
#818 = CARTESIAN_POINT('',(-18.93501695125,-6.439342595001,23.));
#819 = SURFACE_CURVE('',#820,(#825,#832),.PCURVE_S1.);
#820 = CIRCLE('',#821,20.);
#821 = AXIS2_PLACEMENT_3D('',#822,#823,#824);
#822 = CARTESIAN_POINT('',(0.,0.,23.));
#823 = DIRECTION('',(0.,0.,-1.));
#824 = DIRECTION('',(1.,0.,0.));
#825 = PCURVE('',#32,#826);
#826 = DEFINITIONAL_REPRESENTATION('',(#827),#831);
#827 = LINE('',#828,#829);
#828 = CARTESIAN_POINT('',(-6.28318530718,-23.));
#829 = VECTOR('',#830,1.);
#830 = DIRECTION('',(1.,-0.));
#831 = ( GEOMETRIC_REPRESENTATION_CONTEXT(2) 
PARAMETRIC_REPRESENTATION_CONTEXT() REPRESENTATION_CONTEXT('2D SPACE',''
  ) );
#832 = PCURVE('',#833,#838);
#833 = PLANE('',#834);
#834 = AXIS2_PLACEMENT_3D('',#835,#836,#837);
#835 = CARTESIAN_POINT('',(-26.97369659518,-28.94787410537,23.));
#836 = DIRECTION('',(-3.090169943749E-18,-9.510565162952E-18,1.));
#837 = DIRECTION('',(0.309016994375,0.951056516295,1.E-17));
#838 = DEFINITIONAL_REPRESENTATION('',(#839),#847);
#839 = ( BOUNDED_CURVE() B_SPLINE_CURVE(2,(#840,#841,#842,#843,#844,#845
,#846),.UNSPECIFIED.,.T.,.F.) B_SPLINE_CURVE_WITH_KNOTS((1,2,2,2,2,1),(
    -2.094395102393,0.,2.094395102393,4.188790204786,6.28318530718,
8.377580409573),.UNSPECIFIED.) CURVE() GEOMETRIC_REPRESENTATION_ITEM() 
RATIONAL_B_SPLINE_CURVE((1.,0.5,1.,0.5,1.,0.5,1.)) REPRESENTATION_ITEM(
  '') );
#840 = CARTESIAN_POINT('',(42.046734837338,-35.72925519173));
#841 = CARTESIAN_POINT('',(9.101170695484,-46.43391788492));
#842 = CARTESIAN_POINT('',(16.303442935163,-12.54989104947));
#843 = CARTESIAN_POINT('',(23.505715174841,21.334135785973));
#844 = CARTESIAN_POINT('',(49.249007077016,-1.845228356285));
#845 = CARTESIAN_POINT('',(74.992298979191,-25.02459249854));
#846 = CARTESIAN_POINT('',(42.046734837338,-35.72925519173));
#847 = ( GEOMETRIC_REPRESENTATION_CONTEXT(2) 
PARAMETRIC_REPRESENTATION_CONTEXT() REPRESENTATION_CONTEXT('2D SPACE',''
  ) );
#848 = ORIENTED_EDGE('',*,*,#849,.T.);
#849 = EDGE_CURVE('',#817,#850,#852,.T.);
#850 = VERTEX_POINT('',#851);
#851 = CARTESIAN_POINT('',(-19.84904336949,-2.452647001885,
    18.091092963399));
#852 = SURFACE_CURVE('',#853,(#860,#870),.PCURVE_S1.);
#853 = B_SPLINE_CURVE_WITH_KNOTS('',5,(#854,#855,#856,#857,#858,#859),
  .UNSPECIFIED.,.F.,.F.,(6,6),(0.,1.),.PIECEWISE_BEZIER_KNOTS.);
#854 = CARTESIAN_POINT('',(-18.93501695125,-6.439342595001,23.));
#855 = CARTESIAN_POINT('',(-19.19876694171,-5.663780421305,
    22.018103801862));
#856 = CARTESIAN_POINT('',(-19.42285164112,-4.874589007713,
    21.036261106992));
#857 = CARTESIAN_POINT('',(-19.60632476443,-4.074466967889,
    20.054478736648));
#858 = CARTESIAN_POINT('',(-19.7485159622,-3.266205929343,
    19.072753895749));
#859 = CARTESIAN_POINT('',(-19.84904336906,-2.452647005367,
    18.091092967642));
#860 = PCURVE('',#32,#861);
#861 = DEFINITIONAL_REPRESENTATION('',(#862),#869);
#862 = B_SPLINE_CURVE_WITH_KNOTS('',5,(#863,#864,#865,#866,#867,#868),
  .UNSPECIFIED.,.F.,.F.,(6,6),(0.,1.),.PIECEWISE_BEZIER_KNOTS.);
#863 = CARTESIAN_POINT('',(-3.469399178019,-23.));
#864 = CARTESIAN_POINT('',(-3.428440029385,-22.01810380186));
#865 = CARTESIAN_POINT('',(-3.387474251866,-21.03626110699));
#866 = CARTESIAN_POINT('',(-3.346501668892,-20.05447873664));
#867 = CARTESIAN_POINT('',(-3.305521786022,-19.07275389574));
#868 = CARTESIAN_POINT('',(-3.2645344745,-18.09109296764));
#869 = ( GEOMETRIC_REPRESENTATION_CONTEXT(2) 
PARAMETRIC_REPRESENTATION_CONTEXT() REPRESENTATION_CONTEXT('2D SPACE',''
  ) );
#870 = PCURVE('',#871,#921);
#871 = ( BOUNDED_SURFACE() B_SPLINE_SURFACE(6,6,(
    (#872,#873,#874,#875,#876,#877,#878)
    ,(#879,#880,#881,#882,#883,#884,#885)
    ,(#886,#887,#888,#889,#890,#891,#892)
    ,(#893,#894,#895,#896,#897,#898,#899)
    ,(#900,#901,#902,#903,#904,#905,#906)
    ,(#907,#908,#909,#910,#911,#912,#913)
    ,(#914,#915,#916,#917,#918,#919,#920
)),.UNSPECIFIED.,.F.,.F.,.F.) B_SPLINE_SURFACE_WITH_KNOTS((7,7),(7,7),(
    0.866160108316,2.750714663897),(0.,1.299888745028),
.PIECEWISE_BEZIER_KNOTS.) GEOMETRIC_REPRESENTATION_ITEM() 
RATIONAL_B_SPLINE_SURFACE((
    (1.045542649213,1.045542649213,1.045542649213,1.045542649213
      ,1.045542649213,1.045542649213,1.045542649213)
    ,(1.014256129069,1.014256129069,1.014256129069,1.014256129069
      ,1.014256129069,1.014256129069,1.014256129069)
    ,(0.997016338506,0.997016338506,0.997016338506,0.997016338506
      ,0.997016338506,0.997016338506,0.997016338506)
    ,(0.991367549879,0.991367549879,0.991367549879,0.991367549879
      ,0.991367549879,0.991367549879,0.991367549879)
    ,(0.997016338506,0.997016338506,0.997016338506,0.997016338506
      ,0.997016338506,0.997016338506,0.997016338506)
    ,(1.014256129069,1.014256129069,1.014256129069,1.014256129069
      ,1.014256129069,1.014256129069,1.014256129069)
    ,(1.045542649213,1.045542649213,1.045542649213,1.045542649213
      ,1.045542649213,1.045542649213,1.045542649213
))) REPRESENTATION_ITEM('') SURFACE() );
#872 = CARTESIAN_POINT('',(-18.93501695125,-6.439342595001,23.));
#873 = CARTESIAN_POINT('',(-19.95950178528,-3.408330730555,
    19.16665875772));
#874 = CARTESIAN_POINT('',(-20.41243698833,-0.184964494662,
    15.333316494623));
#875 = CARTESIAN_POINT('',(-20.24930011754,3.097990600595,
    11.499973384896));
#876 = CARTESIAN_POINT('',(-19.46620450856,6.293851886969,7.666629327287
    ));
#877 = CARTESIAN_POINT('',(-18.1061216873,9.262050823918,3.833284216846)
  );
#878 = CARTESIAN_POINT('',(-16.24782095095,11.886270088727,
    -6.177005707286E-05));
#879 = CARTESIAN_POINT('',(-26.79803822879,-11.28187509871,
    22.999999999971));
#880 = CARTESIAN_POINT('',(-28.49280095201,-7.162505170176,
    19.166660161252));
#881 = CARTESIAN_POINT('',(-29.43524028167,-2.739449260075,
    15.333319304598));
#882 = CARTESIAN_POINT('',(-29.55772115386,1.817006652362,
    11.499977596832));
#883 = CARTESIAN_POINT('',(-28.84361743304,6.316179854021,7.666634945665
    ));
#884 = CARTESIAN_POINT('',(-27.33628145708,10.571696200331,
    3.833291239804));
#885 = CARTESIAN_POINT('',(-25.12660113204,14.424869536473,
    -5.334176239558E-05));
#886 = CARTESIAN_POINT('',(-32.50225455873,-18.95323988667,
    23.000000000087));
#887 = CARTESIAN_POINT('',(-35.25884726215,-14.04432232452,
    19.166668046149));
#888 = CARTESIAN_POINT('',(-37.13197453446,-8.655351273379,
    15.333335073636));
#889 = CARTESIAN_POINT('',(-38.01739037065,-2.983829874555,
    11.500001255015));
#890 = CARTESIAN_POINT('',(-37.86934794019,2.742134023241,7.666666488949
    ));
#891 = CARTESIAN_POINT('',(-36.71400283525,8.291974337632,3.833330674592
    ));
#892 = CARTESIAN_POINT('',(-34.63765083868,13.461617168423,
    -6.0168094933E-06));
#893 = CARTESIAN_POINT('',(-35.04220869838,-28.34307898566,23.));
#894 = CARTESIAN_POINT('',(-39.0984935615,-23.08259432597,
    19.166681419738));
#895 = CARTESIAN_POINT('',(-42.21291850965,-17.12618030965,
    15.333361824334));
#896 = CARTESIAN_POINT('',(-44.23642746425,-10.68345637687,
    11.50004138326));
#897 = CARTESIAN_POINT('',(-45.08174853128,-4.00710400367,7.666719997709
    ));
#898 = CARTESIAN_POINT('',(-44.74227802299,2.636884419073,3.83339756605)
  );
#899 = CARTESIAN_POINT('',(-43.28303993483,9.003176554657,
    7.425938383676E-05));
#900 = CARTESIAN_POINT('',(-33.96332437605,-38.01036681399,
    23.000000000058));
#901 = CARTESIAN_POINT('',(-39.35770439334,-32.89921564938,
    19.166698285175));
#902 = CARTESIAN_POINT('',(-43.83502844312,-26.86988061474,
    15.333395558759));
#903 = CARTESIAN_POINT('',(-47.20010811235,-20.12682800047,
    11.500091987022));
#904 = CARTESIAN_POINT('',(-49.31802902616,-12.93038052254,
    7.666787476803));
#905 = CARTESIAN_POINT('',(-50.13872235318,-5.567482287327,
    3.833481920738));
#906 = CARTESIAN_POINT('',(-49.69229691571,1.68594550191,
    1.754933327902E-04));
#907 = CARTESIAN_POINT('',(-29.49519553632,-46.46162389921,
    23.000000000029));
#908 = CARTESIAN_POINT('',(-36.05935412521,-41.96892763695,
    19.166715983971));
#909 = CARTESIAN_POINT('',(-41.80918067938,-36.36374998398,
    15.333430959261));
#910 = CARTESIAN_POINT('',(-46.50915904011,-29.82923100293,
    11.500145092286));
#911 = CARTESIAN_POINT('',(-49.97805843695,-22.6155225422,7.666858288867
    ));
#912 = CARTESIAN_POINT('',(-52.11851973139,-15.01307344717,
    3.833570443356));
#913 = CARTESIAN_POINT('',(-52.91770885203,-7.313201095327,
    2.817288623191E-04));
#914 = CARTESIAN_POINT('',(-22.46226570876,-52.44619762679,
    23.000000000029));
#915 = CARTESIAN_POINT('',(-29.85477752795,-48.92696253448,
    19.16673176011));
#916 = CARTESIAN_POINT('',(-36.5946469661,-44.1576584929,15.333462513488
    ));
#917 = CARTESIAN_POINT('',(-42.41780250815,-38.28786113941,
    11.500192429114));
#918 = CARTESIAN_POINT('',(-47.10509326191,-31.54202481352,
    7.666921407945));
#919 = CARTESIAN_POINT('',(-50.51547316139,-24.1968233387,3.833649349544
    ));
#920 = CARTESIAN_POINT('',(-52.59206750305,-16.54202455031,
    3.764235880226E-04));
#921 = DEFINITIONAL_REPRESENTATION('',(#922),#929);
#922 = B_SPLINE_CURVE_WITH_KNOTS('',5,(#923,#924,#925,#926,#927,#928),
  .UNSPECIFIED.,.F.,.F.,(6,6),(0.,1.),.PIECEWISE_BEZIER_KNOTS.);
#923 = CARTESIAN_POINT('',(0.866160108316,0.));
#924 = CARTESIAN_POINT('',(0.866214956393,5.549361666818E-02));
#925 = CARTESIAN_POINT('',(0.866242577743,0.110984205569));
#926 = CARTESIAN_POINT('',(0.866242782656,0.166471381371));
#927 = CARTESIAN_POINT('',(0.866215358713,0.22195530213));
#928 = CARTESIAN_POINT('',(0.866160108316,0.277435607111));
#929 = ( GEOMETRIC_REPRESENTATION_CONTEXT(2) 
PARAMETRIC_REPRESENTATION_CONTEXT() REPRESENTATION_CONTEXT('2D SPACE',''
  ) );
#930 = ORIENTED_EDGE('',*,*,#931,.T.);
#931 = EDGE_CURVE('',#850,#723,#932,.T.);
#932 = SURFACE_CURVE('',#933,(#956,#982),.PCURVE_S1.);
#933 = B_SPLINE_CURVE_WITH_KNOTS('',6,(#934,#935,#936,#937,#938,#939,
    #940,#941,#942,#943,#944,#945,#946,#947,#948,#949,#950,#951,#952,
    #953,#954,#955),.UNSPECIFIED.,.F.,.F.,(7,5,5,5,7),(0.,0.313386084335
    ,0.563578401845,0.789356277482,1.),.UNSPECIFIED.);
#934 = CARTESIAN_POINT('',(-19.84904336949,-2.452647001886,18.0910929634
    ));
#935 = CARTESIAN_POINT('',(-19.90372371742,-2.010124047463,
    17.532565126466));
#936 = CARTESIAN_POINT('',(-19.94632514888,-1.568081287893,
    16.973303546929));
#937 = CARTESIAN_POINT('',(-19.97704432599,-1.126521460505,
    16.413473685987));
#938 = CARTESIAN_POINT('',(-19.99600219721,-0.685615471723,
    15.853168464015));
#939 = CARTESIAN_POINT('',(-20.00330933682,-0.245569504425,
    15.292458660934));
#940 = CARTESIAN_POINT('',(-19.99567679121,0.543804055269,
    14.283463407358));
#941 = CARTESIAN_POINT('',(-19.98492615166,0.893530923854,
    13.835308772504));
#942 = CARTESIAN_POINT('',(-19.96686409532,1.242429537107,
    13.386953968556));
#943 = CARTESIAN_POINT('',(-19.94153926657,1.590363276865,
    12.938419171748));
#944 = CARTESIAN_POINT('',(-19.90900039508,1.937187802906,
    12.489720375125));
#945 = CARTESIAN_POINT('',(-19.83347102009,2.594601905136,
    11.635821438748));
#946 = CARTESIAN_POINT('',(-19.79181025036,2.905424651422,11.23064937136
    ));
#947 = CARTESIAN_POINT('',(-19.74435371398,3.215114982109,
    10.825364574865));
#948 = CARTESIAN_POINT('',(-19.691140244,3.52356132329,10.419975284746)
  );
#949 = CARTESIAN_POINT('',(-19.63221060081,3.830650448792,
    10.014488476895));
#950 = CARTESIAN_POINT('',(-19.50733575933,4.421400759677,9.230518330366
    ));
#951 = CARTESIAN_POINT('',(-19.44212563374,4.705252601564,8.852046887581
    ));
#952 = CARTESIAN_POINT('',(-19.37201257037,4.987731357824,8.473500745946
    ));
#953 = CARTESIAN_POINT('',(-19.29703350974,5.268744173128,8.094884241107
    ));
#954 = CARTESIAN_POINT('',(-19.21722737159,5.548198077726,7.71620118273)
  );
#955 = CARTESIAN_POINT('',(-19.13263505495,5.825999987449,7.337454854502
    ));
#956 = PCURVE('',#32,#957);
#957 = DEFINITIONAL_REPRESENTATION('',(#958),#981);
#958 = B_SPLINE_CURVE_WITH_KNOTS('',6,(#959,#960,#961,#962,#963,#964,
    #965,#966,#967,#968,#969,#970,#971,#972,#973,#974,#975,#976,#977,
    #978,#979,#980),.UNSPECIFIED.,.F.,.F.,(7,5,5,5,7),(0.,0.313386084335
    ,0.563578401845,0.789356277482,1.),.UNSPECIFIED.);
#959 = CARTESIAN_POINT('',(-3.264534474325,-18.0910929634));
#960 = CARTESIAN_POINT('',(-3.242240052061,-17.53256512646));
#961 = CARTESIAN_POINT('',(-3.220043520515,-16.97330354692));
#962 = CARTESIAN_POINT('',(-3.19792387133,-16.41347368598));
#963 = CARTESIAN_POINT('',(-3.175869742983,-15.85316846401));
#964 = CARTESIAN_POINT('',(-3.153872004077,-15.29245866093));
#965 = CARTESIAN_POINT('',(-3.114401481136,-14.28346340735));
#966 = CARTESIAN_POINT('',(-3.096910757248,-13.8353087725));
#967 = CARTESIAN_POINT('',(-3.079448228094,-13.38695396855));
#968 = CARTESIAN_POINT('',(-3.062011232324,-12.93841917174));
#969 = CARTESIAN_POINT('',(-3.044597637141,-12.48972037512));
#970 = CARTESIAN_POINT('',(-3.011510706629,-11.63582143874));
#971 = CARTESIAN_POINT('',(-2.995833378197,-11.23064937136));
#972 = CARTESIAN_POINT('',(-2.980172266314,-10.82536457486));
#973 = CARTESIAN_POINT('',(-2.964526252135,-10.41997528474));
#974 = CARTESIAN_POINT('',(-2.948894381167,-10.01448847689));
#975 = CARTESIAN_POINT('',(-2.918704165209,-9.230518330366));
#976 = CARTESIAN_POINT('',(-2.904144094792,-8.852046887581));
#977 = CARTESIAN_POINT('',(-2.889594925573,-8.473500745946));
#978 = CARTESIAN_POINT('',(-2.875056056444,-8.094884241107));
#979 = CARTESIAN_POINT('',(-2.860526955996,-7.71620118273));
#980 = CARTESIAN_POINT('',(-2.846007162516,-7.337454854502));
#981 = ( GEOMETRIC_REPRESENTATION_CONTEXT(2) 
PARAMETRIC_REPRESENTATION_CONTEXT() REPRESENTATION_CONTEXT('2D SPACE',''
  ) );
#982 = PCURVE('',#983,#998);
#983 = B_SPLINE_SURFACE_WITH_KNOTS('',1,6,(
    (#984,#985,#986,#987,#988,#989,#990)
    ,(#991,#992,#993,#994,#995,#996,#997
    )),.UNSPECIFIED.,.F.,.F.,.F.,(2,2),(7,7),(0.,0.605941583809),(0.,
    1.299888745028),.PIECEWISE_BEZIER_KNOTS.);
#984 = CARTESIAN_POINT('',(-18.73125571565,-7.009997098059,23.));
#985 = CARTESIAN_POINT('',(-19.83472754591,-4.007188792551,
    19.16665987056));
#986 = CARTESIAN_POINT('',(-20.37133429016,-0.798906557861,
    15.333318721012));
#987 = CARTESIAN_POINT('',(-20.29383041048,2.483056728367,
    11.499976723997));
#988 = CARTESIAN_POINT('',(-19.59533147925,5.69223696514,7.666633780372)
  );
#989 = CARTESIAN_POINT('',(-18.31587403595,8.687417426439,3.833289783539
    ));
#990 = CARTESIAN_POINT('',(-16.53167281695,11.350925974046,
    -5.508950562216E-05));
#991 = CARTESIAN_POINT('',(-18.93501695125,-6.439342595005,
    22.999999999971));
#992 = CARTESIAN_POINT('',(-19.9595017855,-3.408330730573,
    19.166658757551));
#993 = CARTESIAN_POINT('',(-20.41243698773,-0.1849644946,15.333316494841
    ));
#994 = CARTESIAN_POINT('',(-20.24930011841,3.0979906006,11.49997338456)
  );
#995 = CARTESIAN_POINT('',(-19.46620450783,6.293851886857,7.666629327366
    ));
#996 = CARTESIAN_POINT('',(-18.10612168766,9.262050824024,3.833284216831
    ));
#997 = CARTESIAN_POINT('',(-16.24782095095,11.886270088718,
    -6.177008617847E-05));
#998 = DEFINITIONAL_REPRESENTATION('',(#999),#1022);
#999 = B_SPLINE_CURVE_WITH_KNOTS('',6,(#1000,#1001,#1002,#1003,#1004,
    #1005,#1006,#1007,#1008,#1009,#1010,#1011,#1012,#1013,#1014,#1015,
    #1016,#1017,#1018,#1019,#1020,#1021),.UNSPECIFIED.,.F.,.F.,(7,5,5,5,
    7),(0.,0.313386084335,0.563578401845,0.789356277482,1.),
  .UNSPECIFIED.);
#1000 = CARTESIAN_POINT('',(0.605941583809,0.277435607348));
#1001 = CARTESIAN_POINT('',(0.585630290477,0.309001799407));
#1002 = CARTESIAN_POINT('',(0.562745058571,0.340609460184));
#1003 = CARTESIAN_POINT('',(0.53784438869,0.372249238449));
#1004 = CARTESIAN_POINT('',(0.511233238577,0.403915882713));
#1005 = CARTESIAN_POINT('',(0.483153423455,0.435605392779));
#1006 = CARTESIAN_POINT('',(0.430331747867,0.492630551422));
#1007 = CARTESIAN_POINT('',(0.406059004653,0.517958806638));
#1008 = CARTESIAN_POINT('',(0.381053333562,0.543298374934));
#1009 = CARTESIAN_POINT('',(0.355384814499,0.568648116031));
#1010 = CARTESIAN_POINT('',(0.329109451677,0.59400712607));
#1011 = CARTESIAN_POINT('',(0.278059944041,0.642266742643));
#1012 = CARTESIAN_POINT('',(0.253389455115,0.665165762578));
#1013 = CARTESIAN_POINT('',(0.228298947836,0.688071153783));
#1014 = CARTESIAN_POINT('',(0.202817664166,0.710982450822));
#1015 = CARTESIAN_POINT('',(0.176970508238,0.73389925945));
#1016 = CARTESIAN_POINT('',(0.126344011665,0.778206727983));
#1017 = CARTESIAN_POINT('',(0.101609318454,0.799596715545));
#1018 = CARTESIAN_POINT('',(7.659284189577E-02,0.82099092503));
#1019 = CARTESIAN_POINT('',(5.131022453049E-02,0.842389111408));
#1020 = CARTESIAN_POINT('',(2.577528139045E-02,0.863791059375));
#1021 = CARTESIAN_POINT('',(0.,0.885196583351));
#1022 = ( GEOMETRIC_REPRESENTATION_CONTEXT(2) 
PARAMETRIC_REPRESENTATION_CONTEXT() REPRESENTATION_CONTEXT('2D SPACE',''
  ) );
#1023 = FACE_BOUND('',#1024,.F.);
#1024 = EDGE_LOOP('',(#1025,#1121,#1154,#1236));
#1025 = ORIENTED_EDGE('',*,*,#1026,.F.);
#1026 = EDGE_CURVE('',#1027,#1029,#1031,.T.);
#1027 = VERTEX_POINT('',#1028);
#1028 = CARTESIAN_POINT('',(0.878627077199,-19.98069104058,23.));
#1029 = VERTEX_POINT('',#1030);
#1030 = CARTESIAN_POINT('',(-11.45316463222,-16.39588423681,
    7.337454853012));
#1031 = SURFACE_CURVE('',#1032,(#1043,#1057),.PCURVE_S1.);
#1032 = B_SPLINE_CURVE_WITH_KNOTS('',5,(#1033,#1034,#1035,#1036,#1037,
    #1038,#1039,#1040,#1041,#1042),.UNSPECIFIED.,.F.,.F.,(6,4,6),(0.,
    0.500606297253,1.),.UNSPECIFIED.);
#1033 = CARTESIAN_POINT('',(0.878627077171,-19.98069104059,
    23.000000000058));
#1034 = CARTESIAN_POINT('',(-0.427035687714,-20.0381060047,
    21.430998446333));
#1035 = CARTESIAN_POINT('',(-1.737851800504,-19.98889084662,
    19.862171203631));
#1036 = CARTESIAN_POINT('',(-3.042209729666,-19.83238537061,
    18.293572171977));
#1037 = CARTESIAN_POINT('',(-4.328438110986,-19.56982014898,
    16.7251589263));
#1038 = CARTESIAN_POINT('',(-6.83905645971,-18.83964580754,
    13.592608327497));
#1039 = CARTESIAN_POINT('',(-8.063610875442,-18.37252832546,
    12.028441966738));
#1040 = CARTESIAN_POINT('',(-9.24774577351,-17.80600828733,
    10.464538176336));
#1041 = CARTESIAN_POINT('',(-10.38082235604,-17.14495714156,
    8.900858147579));
#1042 = CARTESIAN_POINT('',(-11.45316463222,-16.39588423681,
    7.337454853013));
#1043 = PCURVE('',#32,#1044);
#1044 = DEFINITIONAL_REPRESENTATION('',(#1045),#1056);
#1045 = B_SPLINE_CURVE_WITH_KNOTS('',5,(#1046,#1047,#1048,#1049,#1050,
    #1051,#1052,#1053,#1054,#1055),.UNSPECIFIED.,.F.,.F.,(6,4,6),(0.,
    0.500606297253,1.),.UNSPECIFIED.);
#1046 = CARTESIAN_POINT('',(-4.756334477517,-23.00000000005));
#1047 = CARTESIAN_POINT('',(-4.690988250891,-21.43099844633));
#1048 = CARTESIAN_POINT('',(-4.625618823425,-19.86217120363));
#1049 = CARTESIAN_POINT('',(-4.56022634208,-18.29357217197));
#1050 = CARTESIAN_POINT('',(-4.494807343267,-16.7251589263));
#1051 = CARTESIAN_POINT('',(-4.364075183281,-13.59260832749));
#1052 = CARTESIAN_POINT('',(-4.298760991522,-12.02844196673));
#1053 = CARTESIAN_POINT('',(-4.233419659486,-10.46453817633));
#1054 = CARTESIAN_POINT('',(-4.168047361692,-8.900858147579));
#1055 = CARTESIAN_POINT('',(-4.102644223887,-7.337454853013));
#1056 = ( GEOMETRIC_REPRESENTATION_CONTEXT(2) 
PARAMETRIC_REPRESENTATION_CONTEXT() REPRESENTATION_CONTEXT('2D SPACE',''
  ) );
#1057 = PCURVE('',#1058,#1108);
#1058 = ( BOUNDED_SURFACE() B_SPLINE_SURFACE(6,6,(
    (#1059,#1060,#1061,#1062,#1063,#1064,#1065)
    ,(#1066,#1067,#1068,#1069,#1070,#1071,#1072)
    ,(#1073,#1074,#1075,#1076,#1077,#1078,#1079)
    ,(#1080,#1081,#1082,#1083,#1084,#1085,#1086)
    ,(#1087,#1088,#1089,#1090,#1091,#1092,#1093)
    ,(#1094,#1095,#1096,#1097,#1098,#1099,#1100)
    ,(#1101,#1102,#1103,#1104,#1105,#1106,#1107
)),.UNSPECIFIED.,.F.,.F.,.F.) B_SPLINE_SURFACE_WITH_KNOTS((7,7),(7,7),(
    3.657195460274,5.303127045127),(0.,1.299888745028),
.PIECEWISE_BEZIER_KNOTS.) GEOMETRIC_REPRESENTATION_ITEM() 
RATIONAL_B_SPLINE_SURFACE((
    (1.034528697882,1.034528697882,1.034528697882,1.034528697882
      ,1.034528697882,1.034528697882,1.034528697882)
    ,(1.01097830576,1.01097830576,1.01097830576,1.01097830576
      ,1.01097830576,1.01097830576,1.01097830576)
    ,(0.99772132383,0.99772132383,0.99772132383,0.99772132383
      ,0.99772132383,0.99772132383,0.99772132383)
    ,(0.993378161011,0.993378161011,0.993378161011,0.993378161011
      ,0.993378161011,0.993378161011,0.993378161011)
    ,(0.99772132383,0.99772132383,0.99772132383,0.99772132383
      ,0.99772132383,0.99772132383,0.99772132383)
    ,(1.01097830576,1.01097830576,1.01097830576,1.01097830576
      ,1.01097830576,1.01097830576,1.01097830576)
    ,(1.034528697882,1.034528697882,1.034528697882,1.034528697882
      ,1.034528697882,1.034528697882,1.034528697882
))) REPRESENTATION_ITEM('') SURFACE() );
#1059 = CARTESIAN_POINT('',(42.93807617171,-37.56965053007,
    23.000000000058));
#1060 = CARTESIAN_POINT('',(37.306672921518,-43.51284361672,
    19.166731760342));
#1061 = CARTESIAN_POINT('',(30.688061038755,-48.44904436419,
    15.333462513867));
#1062 = CARTESIAN_POINT('',(23.306097991696,-52.17332725409,
    11.500192427862));
#1063 = CARTESIAN_POINT('',(15.441973897279,-54.54662760033,
    7.666921409196));
#1064 = CARTESIAN_POINT('',(7.402406823962,-55.52029954589,
    3.833649349108));
#1065 = CARTESIAN_POINT('',(-0.519442386453,-55.1297952116,
    3.764236171264E-04));
#1066 = CARTESIAN_POINT('',(34.993787463538,-41.18306353666,
    23.000000000058));
#1067 = CARTESIAN_POINT('',(28.862234582878,-46.02664994887,
    19.166716190666));
#1068 = CARTESIAN_POINT('',(21.926115199602,-49.78017032286,
    15.333431372797));
#1069 = CARTESIAN_POINT('',(14.426534015538,-52.27660800896,
    11.500145712518));
#1070 = CARTESIAN_POINT('',(6.651437261719,-53.41965960089,
    7.666859116463));
#1071 = CARTESIAN_POINT('',(-1.098216675223,-53.20358608831,
    3.833571477182));
#1072 = CARTESIAN_POINT('',(-8.545627785437,-51.70213937021,
    2.829699369613E-04));
#1073 = CARTESIAN_POINT('',(26.072686286713,-42.04267438101,
    23.000000000029));
#1074 = CARTESIAN_POINT('',(19.822150592622,-45.65144887233,
    19.166699625115));
#1075 = CARTESIAN_POINT('',(12.972147804181,-48.15039455533,
    15.333398237708));
#1076 = CARTESIAN_POINT('',(5.767889024463,-49.41506637663,
    11.500096008385));
#1077 = CARTESIAN_POINT('',(-1.510381080061,-49.39294598844,
    7.666792835545));
#1078 = CARTESIAN_POINT('',(-8.581610098273,-48.11804607051,
    3.833488622127));
#1079 = CARTESIAN_POINT('',(-15.19766353293,-45.69585953867,
    1.835348957684E-04));
#1080 = CARTESIAN_POINT('',(17.233584144747,-39.95366857868,23.));
#1081 = CARTESIAN_POINT('',(11.272197650533,-42.33898102483,
    19.166684055352));
#1082 = CARTESIAN_POINT('',(4.914558282552,-43.66249167542,
    15.333367096551));
#1083 = CARTESIAN_POINT('',(-1.604087464594,-43.84193719311,
    11.500049291208));
#1084 = CARTESIAN_POINT('',(-8.02518367895,-42.86428852622,
    7.666730543337));
#1085 = CARTESIAN_POINT('',(-14.0997575497,-40.79519230669,
    3.833410748863));
#1086 = CARTESIAN_POINT('',(-19.6175412177,-37.7612295434,
    9.00799932424E-05));
#1087 = CARTESIAN_POINT('',(9.538800085683,-35.12832193806,23.));
#1088 = CARTESIAN_POINT('',(4.245312703509,-36.44856283134,
    19.166671364364));
#1089 = CARTESIAN_POINT('',(-1.267521627161,-36.81793842874,
    15.333341712685));
#1090 = CARTESIAN_POINT('',(-6.787479546256,-36.19090766856,
    11.500011211931));
#1091 = CARTESIAN_POINT('',(-12.08925987789,-34.58483771101,
    7.66667976795));
#1092 = CARTESIAN_POINT('',(-16.96445056584,-32.08498723014,
    3.833347273612));
#1093 = CARTESIAN_POINT('',(-21.24542539402,-28.82570129821,
    1.390383113176E-05));
#1094 = CARTESIAN_POINT('',(3.885510737901,-28.17380566727,23.));
#1095 = CARTESIAN_POINT('',(-0.445369066552,-28.71154797183,
    19.166663019132));
#1096 = CARTESIAN_POINT('',(-4.865624610696,-28.45831187773,
    15.333325019805));
#1097 = CARTESIAN_POINT('',(-9.196217172137,-27.39553748527,
    11.499986172363));
#1098 = CARTESIAN_POINT('',(-13.25257593137,-25.55841001667,
    7.666646378406));
#1099 = CARTESIAN_POINT('',(-16.87041432127,-23.0376090693,
    3.833305533219));
#1100 = CARTESIAN_POINT('',(-19.92440753865,-19.96117148367,
    -3.618854680099E-05));
#1101 = CARTESIAN_POINT('',(0.878627077171,-19.98069104059,
    23.000000000058));
#1102 = CARTESIAN_POINT('',(-2.318204877196,-20.10223631761,
    19.166659870563));
#1103 = CARTESIAN_POINT('',(-5.535283206202,-19.62116592637,
    15.333318721299));
#1104 = CARTESIAN_POINT('',(-8.63266575964,-18.53327292492,
    11.499976723571));
#1105 = CARTESIAN_POINT('',(-11.46892949545,-16.87726973418,
    7.666633780696));
#1106 = CARTESIAN_POINT('',(-13.92214129716,-14.73487173151,
    3.833289783564));
#1107 = CARTESIAN_POINT('',(-15.90393995952,-12.21492612996,
    -5.50894474145E-05));
#1108 = DEFINITIONAL_REPRESENTATION('',(#1109),#1120);
#1109 = B_SPLINE_CURVE_WITH_KNOTS('',5,(#1110,#1111,#1112,#1113,#1114,
    #1115,#1116,#1117,#1118,#1119),.UNSPECIFIED.,.F.,.F.,(6,4,6),(0.,
    0.500606297253,1.),.UNSPECIFIED.);
#1110 = CARTESIAN_POINT('',(5.303127045127,0.));
#1111 = CARTESIAN_POINT('',(5.302864393191,8.867494977051E-02));
#1112 = CARTESIAN_POINT('',(5.302665437363,0.177340038152));
#1113 = CARTESIAN_POINT('',(5.302531168165,0.265992219579));
#1114 = CARTESIAN_POINT('',(5.302462634616,0.354633891851));
#1115 = CARTESIAN_POINT('',(5.302459076434,0.53167555819));
#1116 = CARTESIAN_POINT('',(5.302523734419,0.62007719172));
#1117 = CARTESIAN_POINT('',(5.302655846541,0.708463976262));
#1118 = CARTESIAN_POINT('',(5.302856534381,0.796838104819));
#1119 = CARTESIAN_POINT('',(5.303127045127,0.885196583439));
#1120 = ( GEOMETRIC_REPRESENTATION_CONTEXT(2) 
PARAMETRIC_REPRESENTATION_CONTEXT() REPRESENTATION_CONTEXT('2D SPACE',''
  ) );
#1121 = ORIENTED_EDGE('',*,*,#1122,.T.);
#1122 = EDGE_CURVE('',#1027,#1123,#1125,.T.);
#1123 = VERTEX_POINT('',#1124);
#1124 = CARTESIAN_POINT('',(0.272936708917,-19.9981375521,23.));
#1125 = SURFACE_CURVE('',#1126,(#1131,#1138),.PCURVE_S1.);
#1126 = CIRCLE('',#1127,20.);
#1127 = AXIS2_PLACEMENT_3D('',#1128,#1129,#1130);
#1128 = CARTESIAN_POINT('',(0.,0.,23.));
#1129 = DIRECTION('',(0.,0.,-1.));
#1130 = DIRECTION('',(1.,0.,0.));
#1131 = PCURVE('',#32,#1132);
#1132 = DEFINITIONAL_REPRESENTATION('',(#1133),#1137);
#1133 = LINE('',#1134,#1135);
#1134 = CARTESIAN_POINT('',(-6.28318530718,-23.));
#1135 = VECTOR('',#1136,1.);
#1136 = DIRECTION('',(1.,-0.));
#1137 = ( GEOMETRIC_REPRESENTATION_CONTEXT(2) 
PARAMETRIC_REPRESENTATION_CONTEXT() REPRESENTATION_CONTEXT('2D SPACE',''
  ) );
#1138 = PCURVE('',#1139,#1144);
#1139 = PLANE('',#1140);
#1140 = AXIS2_PLACEMENT_3D('',#1141,#1142,#1143);
#1141 = CARTESIAN_POINT('',(19.195733651785,-34.59889496501,23.));
#1142 = DIRECTION('',(8.090169943749E-18,-5.877852522925E-18,1.));
#1143 = DIRECTION('',(-0.809016994375,0.587785252292,1.E-17));
#1144 = DEFINITIONAL_REPRESENTATION('',(#1145),#1153);
#1145 = ( BOUNDED_CURVE() B_SPLINE_CURVE(2,(#1146,#1147,#1148,#1149,
#1150,#1151,#1152),.UNSPECIFIED.,.T.,.F.) B_SPLINE_CURVE_WITH_KNOTS((1,2
    ,2,2,2,1),(-2.094395102393,0.,2.094395102393,4.188790204786,
6.28318530718,8.377580409573),.UNSPECIFIED.) CURVE() 
GEOMETRIC_REPRESENTATION_ITEM() RATIONAL_B_SPLINE_CURVE((1.,0.5,1.,0.5,
1.,0.5,1.)) REPRESENTATION_ITEM('') );
#1146 = CARTESIAN_POINT('',(19.68605506234,-28.46382991168));
#1147 = CARTESIAN_POINT('',(-0.675423355865,-0.438659142801));
#1148 = CARTESIAN_POINT('',(33.775825684486,3.182313041532));
#1149 = CARTESIAN_POINT('',(68.227074724837,6.803285225866));
#1150 = CARTESIAN_POINT('',(54.137304102691,-24.84285772734));
#1151 = CARTESIAN_POINT('',(40.047533480545,-56.48900068056));
#1152 = CARTESIAN_POINT('',(19.68605506234,-28.46382991168));
#1153 = ( GEOMETRIC_REPRESENTATION_CONTEXT(2) 
PARAMETRIC_REPRESENTATION_CONTEXT() REPRESENTATION_CONTEXT('2D SPACE',''
  ) );
#1154 = ORIENTED_EDGE('',*,*,#1155,.T.);
#1155 = EDGE_CURVE('',#1123,#1156,#1158,.T.);
#1156 = VERTEX_POINT('',#1157);
#1157 = CARTESIAN_POINT('',(-3.801085809943,-19.63547164357,
    18.091092963403));
#1158 = SURFACE_CURVE('',#1159,(#1166,#1176),.PCURVE_S1.);
#1159 = B_SPLINE_CURVE_WITH_KNOTS('',5,(#1160,#1161,#1162,#1163,#1164,
    #1165),.UNSPECIFIED.,.F.,.F.,(6,6),(0.,1.),
  .PIECEWISE_BEZIER_KNOTS.);
#1160 = CARTESIAN_POINT('',(0.272936708917,-19.9981375521,23.));
#1161 = CARTESIAN_POINT('',(-0.546169979486,-20.00931680733,
    22.018103801862));
#1162 = CARTESIAN_POINT('',(-1.365981596285,-19.97856046229,
    21.036261106991));
#1163 = CARTESIAN_POINT('',(-2.183639189207,-19.90580246391,
    20.054478736647));
#1164 = CARTESIAN_POINT('',(-2.996280613344,-19.7912679323,
    19.072753895746));
#1165 = CARTESIAN_POINT('',(-3.801085806503,-19.63547164423,
    18.091092967639));
#1166 = PCURVE('',#32,#1167);
#1167 = DEFINITIONAL_REPRESENTATION('',(#1168),#1175);
#1168 = B_SPLINE_CURVE_WITH_KNOTS('',5,(#1169,#1170,#1171,#1172,#1173,
    #1174),.UNSPECIFIED.,.F.,.F.,(6,6),(0.,1.),
  .PIECEWISE_BEZIER_KNOTS.);
#1169 = CARTESIAN_POINT('',(-4.726036239455,-23.));
#1170 = CARTESIAN_POINT('',(-4.685077090821,-22.01810380186));
#1171 = CARTESIAN_POINT('',(-4.644111313302,-21.03626110699));
#1172 = CARTESIAN_POINT('',(-4.603138730328,-20.05447873664));
#1173 = CARTESIAN_POINT('',(-4.562158847458,-19.07275389574));
#1174 = CARTESIAN_POINT('',(-4.521171535936,-18.09109296763));
#1175 = ( GEOMETRIC_REPRESENTATION_CONTEXT(2) 
PARAMETRIC_REPRESENTATION_CONTEXT() REPRESENTATION_CONTEXT('2D SPACE',''
  ) );
#1176 = PCURVE('',#1177,#1227);
#1177 = ( BOUNDED_SURFACE() B_SPLINE_SURFACE(6,6,(
    (#1178,#1179,#1180,#1181,#1182,#1183,#1184)
    ,(#1185,#1186,#1187,#1188,#1189,#1190,#1191)
    ,(#1192,#1193,#1194,#1195,#1196,#1197,#1198)
    ,(#1199,#1200,#1201,#1202,#1203,#1204,#1205)
    ,(#1206,#1207,#1208,#1209,#1210,#1211,#1212)
    ,(#1213,#1214,#1215,#1216,#1217,#1218,#1219)
    ,(#1220,#1221,#1222,#1223,#1224,#1225,#1226
)),.UNSPECIFIED.,.F.,.F.,.F.) B_SPLINE_SURFACE_WITH_KNOTS((7,7),(7,7),(
    0.866160108316,2.750714663897),(0.,1.299888745028),
.PIECEWISE_BEZIER_KNOTS.) GEOMETRIC_REPRESENTATION_ITEM() 
RATIONAL_B_SPLINE_SURFACE((
    (1.045542649213,1.045542649213,1.045542649213,1.045542649213
      ,1.045542649213,1.045542649213,1.045542649213)
    ,(1.014256129069,1.014256129069,1.014256129069,1.014256129069
      ,1.014256129069,1.014256129069,1.014256129069)
    ,(0.997016338506,0.997016338506,0.997016338506,0.997016338506
      ,0.997016338506,0.997016338506,0.997016338506)
    ,(0.991367549879,0.991367549879,0.991367549879,0.991367549879
      ,0.991367549879,0.991367549879,0.991367549879)
    ,(0.997016338506,0.997016338506,0.997016338506,0.997016338506
      ,0.997016338506,0.997016338506,0.997016338506)
    ,(1.014256129069,1.014256129069,1.014256129069,1.014256129069
      ,1.014256129069,1.014256129069,1.014256129069)
    ,(1.045542649213,1.045542649213,1.045542649213,1.045542649213
      ,1.045542649213,1.045542649213,1.045542649213
))) REPRESENTATION_ITEM('') SURFACE() );
#1178 = CARTESIAN_POINT('',(0.272936708917,-19.9981375521,23.));
#1179 = CARTESIAN_POINT('',(-2.926310099927,-20.03584635309,
    19.16665875772));
#1180 = CARTESIAN_POINT('',(-6.131878238073,-19.47053838342,
    15.333316494623));
#1181 = CARTESIAN_POINT('',(-9.203742008637,-18.3008970832,
    11.499973384896));
#1182 = CARTESIAN_POINT('',(-12.00119685882,-16.56855345224,
    7.666629327286));
#1183 = CARTESIAN_POINT('',(-14.40383309394,-14.35781390818,
    3.833284216846));
#1184 = CARTESIAN_POINT('',(-16.32536741773,-11.77953653385,
    -6.177005707286E-05));
#1185 = CARTESIAN_POINT('',(2.448651600049,-28.97274001533,
    22.999999999971));
#1186 = CARTESIAN_POINT('',(-1.992812496421,-29.31159983279,
    19.166660161252));
#1187 = CARTESIAN_POINT('',(-6.490618410694,-28.84111345519,
    15.333319304598));
#1188 = CARTESIAN_POINT('',(-10.86191416841,-27.54957737574,
    11.499977596832));
#1189 = CARTESIAN_POINT('',(-14.92021197431,-25.48010339879,
    7.666634945665));
#1190 = CARTESIAN_POINT('',(-18.50165609287,-22.73151482576,
    3.833291239804));
#1191 = CARTESIAN_POINT('',(-21.48341293005,-19.43928791057,
    -5.334176239558E-05));
#1192 = CARTESIAN_POINT('',(7.981853284973,-36.76835421581,
    23.000000000087));
#1193 = CARTESIAN_POINT('',(2.461361257617,-37.87309071848,
    19.166668046149));
#1194 = CARTESIAN_POINT('',(-3.242682936475,-37.98925697966,
    15.333335073636));
#1195 = CARTESIAN_POINT('',(-8.910228860608,-37.07874098411,
    11.500001255015));
#1196 = CARTESIAN_POINT('',(-14.31019651077,-35.16852411233,
    7.666666488949));
#1197 = CARTESIAN_POINT('',(-19.23138703438,-32.35473064849,
    3.833330674592));
#1198 = CARTESIAN_POINT('',(-23.50638148227,-28.78249506247,
    -6.0168094933E-06));
#1199 = CARTESIAN_POINT('',(16.127231952952,-42.08561400745,23.));
#1200 = CARTESIAN_POINT('',(9.870752781745,-44.31779099998,
    19.166681419738));
#1201 = CARTESIAN_POINT('',(3.24345618109,-45.43915198485,
    15.333361824334));
#1202 = CARTESIAN_POINT('',(-3.509237053109,-45.37271217661,
    11.50004138326));
#1203 = CARTESIAN_POINT('',(-10.12004405814,-44.11355394202,
    7.666719997709));
#1204 = CARTESIAN_POINT('',(-16.33395038563,-41.73759296995,
    3.83339756605));
#1205 = CARTESIAN_POINT('',(-21.93772463773,-38.38248261634,
    7.425938383676E-05));
#1206 = CARTESIAN_POINT('',(25.65476262755,-44.04689027084,
    23.000000000058));
#1207 = CARTESIAN_POINT('',(19.126813907219,-47.59781796697,
    19.166698285175));
#1208 = CARTESIAN_POINT('',(12.009006312891,-49.9928391896,
    15.333395558759));
#1209 = CARTESIAN_POINT('',(4.556115379146,-51.1095022851,
    11.500091987022));
#1210 = CARTESIAN_POINT('',(-2.942586444022,-50.89994020137,
    7.666787476803));
#1211 = CARTESIAN_POINT('',(-10.19872697466,-49.40520525538,
    3.833481920738));
#1212 = CARTESIAN_POINT('',(-16.95919369219,-46.73919697968,
    1.754933327902E-04));
#1213 = CARTESIAN_POINT('',(35.073113493868,-42.40902928533,
    23.000000000029));
#1214 = CARTESIAN_POINT('',(28.771868880168,-47.26359558969,
    19.166715983971));
#1215 = CARTESIAN_POINT('',(21.664234028374,-50.99991045034,
    15.333430959261));
#1216 = CARTESIAN_POINT('',(13.997163983937,-53.45057808154,
    11.500145092286));
#1217 = CARTESIAN_POINT('',(6.064570680299,-54.52053895046,
    7.666858288867));
#1218 = CARTESIAN_POINT('',(-1.827226987112,-54.20695264317,
    3.833570443356));
#1219 = CARTESIAN_POINT('',(-9.397203781977,-52.58763525287,
    2.817288623191E-04));
#1220 = CARTESIAN_POINT('',(42.938076171692,-37.5696505301,
    23.000000000029));
#1221 = CARTESIAN_POINT('',(37.306672921531,-43.5128436168,
    19.16673176011));
#1222 = CARTESIAN_POINT('',(30.688061038332,-48.44904436475,
    15.333462513488));
#1223 = CARTESIAN_POINT('',(23.306097992582,-52.17332725264,
    11.500192429114));
#1224 = CARTESIAN_POINT('',(15.441973896493,-54.54662760181,
    7.666921407945));
#1225 = CARTESIAN_POINT('',(7.402406824158,-55.52029954542,
    3.833649349544));
#1226 = CARTESIAN_POINT('',(-0.51944238647,-55.12979521162,
    3.764235880226E-04));
#1227 = DEFINITIONAL_REPRESENTATION('',(#1228),#1235);
#1228 = B_SPLINE_CURVE_WITH_KNOTS('',5,(#1229,#1230,#1231,#1232,#1233,
    #1234),.UNSPECIFIED.,.F.,.F.,(6,6),(0.,1.),
  .PIECEWISE_BEZIER_KNOTS.);
#1229 = CARTESIAN_POINT('',(0.866160108316,0.));
#1230 = CARTESIAN_POINT('',(0.866214956393,5.549361666821E-02));
#1231 = CARTESIAN_POINT('',(0.866242577743,0.110984205569));
#1232 = CARTESIAN_POINT('',(0.866242782656,0.166471381372));
#1233 = CARTESIAN_POINT('',(0.866215358713,0.221955302131));
#1234 = CARTESIAN_POINT('',(0.866160108316,0.277435607111));
#1235 = ( GEOMETRIC_REPRESENTATION_CONTEXT(2) 
PARAMETRIC_REPRESENTATION_CONTEXT() REPRESENTATION_CONTEXT('2D SPACE',''
  ) );
#1236 = ORIENTED_EDGE('',*,*,#1237,.T.);
#1237 = EDGE_CURVE('',#1156,#1029,#1238,.T.);
#1238 = SURFACE_CURVE('',#1239,(#1262,#1288),.PCURVE_S1.);
#1239 = B_SPLINE_CURVE_WITH_KNOTS('',6,(#1240,#1241,#1242,#1243,#1244,
    #1245,#1246,#1247,#1248,#1249,#1250,#1251,#1252,#1253,#1254,#1255,
    #1256,#1257,#1258,#1259,#1260,#1261),.UNSPECIFIED.,.F.,.F.,(7,5,5,5,
    7),(0.,0.313386084335,0.563578401845,0.789356277482,1.),
  .UNSPECIFIED.);
#1240 = CARTESIAN_POINT('',(-3.801085809944,-19.63547164357,
    18.091092963401));
#1241 = CARTESIAN_POINT('',(-4.238847306125,-19.55072863146,
    17.532565126467));
#1242 = CARTESIAN_POINT('',(-4.672419519403,-19.45464627551,
    16.973303546929));
#1243 = CARTESIAN_POINT('',(-5.101860618351,-19.34741245837,
    16.413473685989));
#1244 = CARTESIAN_POINT('',(-5.527045436442,-19.22919502187,
    15.853168464015));
#1245 = CARTESIAN_POINT('',(-5.947812051429,-19.10016284242,
    15.292458660935));
#1246 = CARTESIAN_POINT('',(-6.696192332865,-18.84897401533,
    14.283463407359));
#1247 = CARTESIAN_POINT('',(-7.025480219833,-18.73067800374,
    13.835308772505));
#1248 = CARTESIAN_POINT('',(-7.351721037133,-18.60568436656,
    13.386953968557));
#1249 = CARTESIAN_POINT('',(-7.674799885105,-18.47408158464,
    12.938419171749));
#1250 = CARTESIAN_POINT('',(-7.99459454634,-18.33596060627,
    12.489720375125));
#1251 = CARTESIAN_POINT('',(-8.596492651725,-18.06097577209,
    11.635821438748));
#1252 = CARTESIAN_POINT('',(-8.879228764146,-17.92530451472,
    11.230649371361));
#1253 = CARTESIAN_POINT('',(-9.159096894943,-17.78447109137,
    10.825364574866));
#1254 = CARTESIAN_POINT('',(-9.436002931099,-17.63854691272,
    10.419975284746));
#1255 = CARTESIAN_POINT('',(-9.709851783773,-17.487605733,
    10.014488476896));
#1256 = CARTESIAN_POINT('',(-10.23310026825,-17.18629081579,
    9.230518330367));
#1257 = CARTESIAN_POINT('',(-10.48290837513,-17.03655725788,
    8.852046887581));
#1258 = CARTESIAN_POINT('',(-10.72989550888,-16.88258503586,
    8.473500745946));
#1259 = CARTESIAN_POINT('',(-10.97398477407,-16.72443797609,
    8.094884241107));
#1260 = CARTESIAN_POINT('',(-11.2150997781,-16.5621818227,7.71620118273)
  );
#1261 = CARTESIAN_POINT('',(-11.45316463115,-16.39588423756,
    7.337454854502));
#1262 = PCURVE('',#32,#1263);
#1263 = DEFINITIONAL_REPRESENTATION('',(#1264),#1287);
#1264 = B_SPLINE_CURVE_WITH_KNOTS('',6,(#1265,#1266,#1267,#1268,#1269,
    #1270,#1271,#1272,#1273,#1274,#1275,#1276,#1277,#1278,#1279,#1280,
    #1281,#1282,#1283,#1284,#1285,#1286),.UNSPECIFIED.,.F.,.F.,(7,5,5,5,
    7),(0.,0.313386084335,0.563578401845,0.789356277482,1.),
  .UNSPECIFIED.);
#1265 = CARTESIAN_POINT('',(-4.521171535761,-18.0910929634));
#1266 = CARTESIAN_POINT('',(-4.498877113497,-17.53256512646));
#1267 = CARTESIAN_POINT('',(-4.476680581951,-16.97330354692));
#1268 = CARTESIAN_POINT('',(-4.454560932766,-16.41347368598));
#1269 = CARTESIAN_POINT('',(-4.432506804419,-15.85316846401));
#1270 = CARTESIAN_POINT('',(-4.410509065513,-15.29245866093));
#1271 = CARTESIAN_POINT('',(-4.371038542572,-14.28346340735));
#1272 = CARTESIAN_POINT('',(-4.353547818684,-13.8353087725));
#1273 = CARTESIAN_POINT('',(-4.33608528953,-13.38695396855));
#1274 = CARTESIAN_POINT('',(-4.31864829376,-12.93841917174));
#1275 = CARTESIAN_POINT('',(-4.301234698577,-12.48972037512));
#1276 = CARTESIAN_POINT('',(-4.268147768065,-11.63582143874));
#1277 = CARTESIAN_POINT('',(-4.252470439633,-11.23064937136));
#1278 = CARTESIAN_POINT('',(-4.23680932775,-10.82536457486));
#1279 = CARTESIAN_POINT('',(-4.221163313571,-10.41997528474));
#1280 = CARTESIAN_POINT('',(-4.205531442603,-10.01448847689));
#1281 = CARTESIAN_POINT('',(-4.175341226645,-9.230518330367));
#1282 = CARTESIAN_POINT('',(-4.160781156228,-8.852046887581));
#1283 = CARTESIAN_POINT('',(-4.146231987009,-8.473500745946));
#1284 = CARTESIAN_POINT('',(-4.13169311788,-8.094884241107));
#1285 = CARTESIAN_POINT('',(-4.117164017432,-7.71620118273));
#1286 = CARTESIAN_POINT('',(-4.102644223952,-7.337454854502));
#1287 = ( GEOMETRIC_REPRESENTATION_CONTEXT(2) 
PARAMETRIC_REPRESENTATION_CONTEXT() REPRESENTATION_CONTEXT('2D SPACE',''
  ) );
#1288 = PCURVE('',#1289,#1304);
#1289 = B_SPLINE_SURFACE_WITH_KNOTS('',1,6,(
    (#1290,#1291,#1292,#1293,#1294,#1295,#1296)
    ,(#1297,#1298,#1299,#1300,#1301,#1302,#1303
  )),.UNSPECIFIED.,.F.,.F.,.F.,(2,2),(7,7),(0.,0.605941583809),(0.,
    1.299888745028),.PIECEWISE_BEZIER_KNOTS.);
#1290 = CARTESIAN_POINT('',(0.878627077199,-19.98069104058,23.));
#1291 = CARTESIAN_POINT('',(-2.318204877303,-20.10223631804,
    19.16665987056));
#1292 = CARTESIAN_POINT('',(-5.535283205988,-19.62116592558,
    15.333318721012));
#1293 = CARTESIAN_POINT('',(-8.632665759648,-18.53327292542,
    11.499976723997));
#1294 = CARTESIAN_POINT('',(-11.46892949549,-16.87726973406,
    7.666633780372));
#1295 = CARTESIAN_POINT('',(-13.92214129713,-14.73487173153,
    3.833289783539));
#1296 = CARTESIAN_POINT('',(-15.90393995948,-12.21492612995,
    -5.508950562216E-05));
#1297 = CARTESIAN_POINT('',(0.272936708922,-19.9981375521,
    22.999999999971));
#1298 = CARTESIAN_POINT('',(-2.926310099977,-20.0358463533,
    19.166658757551));
#1299 = CARTESIAN_POINT('',(-6.131878237944,-19.47053838283,
    15.333316494841));
#1300 = CARTESIAN_POINT('',(-9.203742008911,-18.30089708403,
    11.49997338456));
#1301 = CARTESIAN_POINT('',(-12.00119685849,-16.56855345159,
    7.666629327366));
#1302 = CARTESIAN_POINT('',(-14.40383309415,-14.35781390849,
    3.833284216831));
#1303 = CARTESIAN_POINT('',(-16.32536741772,-11.77953653385,
    -6.177008617847E-05));
#1304 = DEFINITIONAL_REPRESENTATION('',(#1305),#1328);
#1305 = B_SPLINE_CURVE_WITH_KNOTS('',6,(#1306,#1307,#1308,#1309,#1310,
    #1311,#1312,#1313,#1314,#1315,#1316,#1317,#1318,#1319,#1320,#1321,
    #1322,#1323,#1324,#1325,#1326,#1327),.UNSPECIFIED.,.F.,.F.,(7,5,5,5,
    7),(0.,0.313386084335,0.563578401845,0.789356277482,1.),
  .UNSPECIFIED.);
#1306 = CARTESIAN_POINT('',(0.605941583809,0.277435607348));
#1307 = CARTESIAN_POINT('',(0.585630290477,0.309001799407));
#1308 = CARTESIAN_POINT('',(0.562745058572,0.340609460184));
#1309 = CARTESIAN_POINT('',(0.537844388689,0.372249238449));
#1310 = CARTESIAN_POINT('',(0.511233238578,0.403915882713));
#1311 = CARTESIAN_POINT('',(0.483153423455,0.435605392779));
#1312 = CARTESIAN_POINT('',(0.430331747867,0.492630551422));
#1313 = CARTESIAN_POINT('',(0.406059004653,0.517958806638));
#1314 = CARTESIAN_POINT('',(0.381053333562,0.543298374934));
#1315 = CARTESIAN_POINT('',(0.355384814499,0.568648116031));
#1316 = CARTESIAN_POINT('',(0.329109451677,0.594007126069));
#1317 = CARTESIAN_POINT('',(0.278059944041,0.642266742643));
#1318 = CARTESIAN_POINT('',(0.253389455115,0.665165762578));
#1319 = CARTESIAN_POINT('',(0.228298947836,0.688071153783));
#1320 = CARTESIAN_POINT('',(0.202817664167,0.710982450822));
#1321 = CARTESIAN_POINT('',(0.176970508238,0.73389925945));
#1322 = CARTESIAN_POINT('',(0.126344011665,0.778206727983));
#1323 = CARTESIAN_POINT('',(0.101609318454,0.799596715545));
#1324 = CARTESIAN_POINT('',(7.659284189585E-02,0.82099092503));
#1325 = CARTESIAN_POINT('',(5.131022453054E-02,0.842389111408));
#1326 = CARTESIAN_POINT('',(2.577528139045E-02,0.863791059375));
#1327 = CARTESIAN_POINT('',(0.,0.885196583351));
#1328 = ( GEOMETRIC_REPRESENTATION_CONTEXT(2) 
PARAMETRIC_REPRESENTATION_CONTEXT() REPRESENTATION_CONTEXT('2D SPACE',''
  ) );
#1329 = FACE_BOUND('',#1330,.F.);
#1330 = EDGE_LOOP('',(#1331,#1427,#1460,#1542));
#1331 = ORIENTED_EDGE('',*,*,#1332,.F.);
#1332 = EDGE_CURVE('',#1333,#1335,#1337,.T.);
#1333 = VERTEX_POINT('',#1334);
#1334 = CARTESIAN_POINT('',(19.2742771128,-5.338749083733,23.));
#1335 = VERTEX_POINT('',#1336);
#1336 = CARTESIAN_POINT('',(12.054190033111,-15.95921372266,
    7.337454853011));
#1337 = SURFACE_CURVE('',#1338,(#1349,#1363),.PCURVE_S1.);
#1338 = B_SPLINE_CURVE_WITH_KNOTS('',5,(#1339,#1340,#1341,#1342,#1343,
    #1344,#1345,#1346,#1347,#1348),.UNSPECIFIED.,.F.,.F.,(6,4,6),(0.,
    0.500606297253,1.),.UNSPECIFIED.);
#1339 = CARTESIAN_POINT('',(19.274277112806,-5.338749083763,
    23.000000000058));
#1340 = CARTESIAN_POINT('',(18.925410005278,-6.598250364031,
    21.430998446333));
#1341 = CARTESIAN_POINT('',(18.473539153133,-7.829702249537,
    19.862171203631));
#1342 = CARTESIAN_POINT('',(17.921624833478,-9.021857505848,
    18.293572171977));
#1343 = CARTESIAN_POINT('',(17.27444404002,-10.16399627373,16.7251589263
    ));
#1344 = CARTESIAN_POINT('',(15.804183238416,-12.32609993385,
    13.592608327497));
#1345 = CARTESIAN_POINT('',(14.981519988216,-13.34637315016,
    12.028441966738));
#1346 = CARTESIAN_POINT('',(14.076809607199,-14.2974880417,
    10.464538176336));
#1347 = CARTESIAN_POINT('',(13.097972687481,-15.17083187079,
    8.900858147578));
#1348 = CARTESIAN_POINT('',(12.054190033111,-15.95921372266,
    7.337454853012));
#1349 = PCURVE('',#32,#1350);
#1350 = DEFINITIONAL_REPRESENTATION('',(#1351),#1362);
#1351 = B_SPLINE_CURVE_WITH_KNOTS('',5,(#1352,#1353,#1354,#1355,#1356,
    #1357,#1358,#1359,#1360,#1361),.UNSPECIFIED.,.F.,.F.,(6,4,6),(0.,
    0.500606297253,1.),.UNSPECIFIED.);
#1352 = CARTESIAN_POINT('',(-6.012971538953,-23.00000000005));
#1353 = CARTESIAN_POINT('',(-5.947625312327,-21.43099844633));
#1354 = CARTESIAN_POINT('',(-5.882255884861,-19.86217120363));
#1355 = CARTESIAN_POINT('',(-5.816863403516,-18.29357217197));
#1356 = CARTESIAN_POINT('',(-5.751444404703,-16.7251589263));
#1357 = CARTESIAN_POINT('',(-5.620712244717,-13.59260832749));
#1358 = CARTESIAN_POINT('',(-5.555398052958,-12.02844196673));
#1359 = CARTESIAN_POINT('',(-5.490056720922,-10.46453817633));
#1360 = CARTESIAN_POINT('',(-5.424684423128,-8.900858147578));
#1361 = CARTESIAN_POINT('',(-5.359281285322,-7.337454853012));
#1362 = ( GEOMETRIC_REPRESENTATION_CONTEXT(2) 
PARAMETRIC_REPRESENTATION_CONTEXT() REPRESENTATION_CONTEXT('2D SPACE',''
  ) );
#1363 = PCURVE('',#1364,#1414);
#1364 = ( BOUNDED_SURFACE() B_SPLINE_SURFACE(6,6,(
    (#1365,#1366,#1367,#1368,#1369,#1370,#1371)
    ,(#1372,#1373,#1374,#1375,#1376,#1377,#1378)
    ,(#1379,#1380,#1381,#1382,#1383,#1384,#1385)
    ,(#1386,#1387,#1388,#1389,#1390,#1391,#1392)
    ,(#1393,#1394,#1395,#1396,#1397,#1398,#1399)
    ,(#1400,#1401,#1402,#1403,#1404,#1405,#1406)
    ,(#1407,#1408,#1409,#1410,#1411,#1412,#1413
)),.UNSPECIFIED.,.F.,.F.,.F.) B_SPLINE_SURFACE_WITH_KNOTS((7,7),(7,7),(
    3.657195460274,5.303127045127),(0.,1.299888745028),
.PIECEWISE_BEZIER_KNOTS.) GEOMETRIC_REPRESENTATION_ITEM() 
RATIONAL_B_SPLINE_SURFACE((
    (1.034528697882,1.034528697882,1.034528697882,1.034528697882
      ,1.034528697882,1.034528697882,1.034528697882)
    ,(1.01097830576,1.01097830576,1.01097830576,1.01097830576
      ,1.01097830576,1.01097830576,1.01097830576)
    ,(0.99772132383,0.99772132383,0.99772132383,0.99772132383
      ,0.99772132383,0.99772132383,0.99772132383)
    ,(0.993378161011,0.993378161011,0.993378161011,0.993378161011
      ,0.993378161011,0.993378161011,0.993378161011)
    ,(0.99772132383,0.99772132383,0.99772132383,0.99772132383
      ,0.99772132383,0.99772132383,0.99772132383)
    ,(1.01097830576,1.01097830576,1.01097830576,1.01097830576
      ,1.01097830576,1.01097830576,1.01097830576)
    ,(1.034528697882,1.034528697882,1.034528697882,1.034528697882
      ,1.034528697882,1.034528697882,1.034528697882
))) REPRESENTATION_ITEM('') SURFACE() );
#1365 = CARTESIAN_POINT('',(48.999456194387,29.22687665376,
    23.000000000058));
#1366 = CARTESIAN_POINT('',(52.911569400554,22.034546232154,
    19.166731760342));
#1367 = CARTESIAN_POINT('',(55.56091173623,14.214502353609,
    15.333462513867));
#1368 = CARTESIAN_POINT('',(56.821763213803,6.042971589817,
    11.500192427862));
#1369 = CARTESIAN_POINT('',(56.648757982177,-2.169645014878,
    7.666921409196));
#1370 = CARTESIAN_POINT('',(55.090412177661,-10.11660884627,
    3.833649349108));
#1371 = CARTESIAN_POINT('',(52.271034453002,-17.53006268327,
    3.764236171264E-04));
#1372 = CARTESIAN_POINT('',(49.981095961325,20.554803083791,
    23.000000000058));
#1373 = CARTESIAN_POINT('',(52.692866338863,13.226599246535,
    19.166716190666));
#1374 = CARTESIAN_POINT('',(54.11929758514,5.470056124976,
    15.333431372797));
#1375 = CARTESIAN_POINT('',(54.176052877459,-2.433911100015,
    11.500145712518));
#1376 = CARTESIAN_POINT('',(52.860522512592,-10.18168989991,
    7.666859116463));
#1377 = CARTESIAN_POINT('',(50.260249623412,-17.48527838825,
    3.833571477182));
#1378 = CARTESIAN_POINT('',(46.530912341139,-24.10421470211,
    2.829699369613E-04));
#1379 = CARTESIAN_POINT('',(48.041862584138,11.804697317593,
    23.000000000029));
#1380 = CARTESIAN_POINT('',(49.542489326528,4.744911968706,
    19.166699625115));
#1381 = CARTESIAN_POINT('',(49.802360629065,-2.542044503946,
    15.333398237708));
#1382 = CARTESIAN_POINT('',(48.778896610884,-9.784506846563,
    11.500096008385));
#1383 = CARTESIAN_POINT('',(46.508749719599,-16.69971748095,
    7.666792835545));
#1384 = CARTESIAN_POINT('',(43.111117907285,-23.03089017617,
    3.833488622127));
#1385 = CARTESIAN_POINT('',(38.76300867549,-28.57463410548,
    1.835348957684E-04));
#1386 = CARTESIAN_POINT('',(43.323667226373,4.043749921545,23.));
#1387 = CARTESIAN_POINT('',(43.750064434933,-2.362967632686,
    19.166684055352));
#1388 = CARTESIAN_POINT('',(43.044179254748,-8.818429265127,
    15.333367096551));
#1389 = CARTESIAN_POINT('',(41.200469767492,-15.0734814949,
    11.500049291208));
#1390 = CARTESIAN_POINT('',(38.286442779445,-20.87819683872,
    7.666730543337));
#1391 = CARTESIAN_POINT('',(34.441468777369,-26.01607400738,
    3.833410748863));
#1392 = CARTESIAN_POINT('',(29.850909796451,-30.32625206619,
    9.00799932424E-05));
#1393 = CARTESIAN_POINT('',(36.35667081813,-1.783310483611,23.));
#1394 = CARTESIAN_POINT('',(35.976516962164,-7.225693025045,
    19.166671364364));
#1395 = CARTESIAN_POINT('',(34.62425453568,-12.58285337538,
    15.333341712685));
#1396 = CARTESIAN_POINT('',(32.322152040055,-17.63888216312,
    11.500011211931));
#1397 = CARTESIAN_POINT('',(29.156348518384,-22.18487198445,
    7.66667976795));
#1398 = CARTESIAN_POINT('',(25.272332655393,-26.04895757443,
    3.833347273612));
#1399 = CARTESIAN_POINT('',(20.849673556965,-29.11323183836,
    1.390383113176E-05));
#1400 = CARTESIAN_POINT('',(27.995570318532,-5.010844440989,23.));
#1401 = CARTESIAN_POINT('',(27.168678181199,-9.295927411009,
    19.166663019132));
#1402 = CARTESIAN_POINT('',(25.561902261127,-13.42158599329,
    15.333325019805));
#1403 = CARTESIAN_POINT('',(23.212917052621,-17.21180891981,
    11.499986172363));
#1404 = CARTESIAN_POINT('',(20.212221210458,-20.50193174158,
    7.666646378406));
#1405 = CARTESIAN_POINT('',(16.696823497805,-23.16373018502,
    3.833305533219));
#1406 = CARTESIAN_POINT('',(12.827221680137,-25.11757883904,
    -3.618854680099E-05));
#1407 = CARTESIAN_POINT('',(19.274277112806,-5.338749083763,
    23.000000000058));
#1408 = CARTESIAN_POINT('',(18.401998138475,-8.416676501649,
    19.166659870563));
#1409 = CARTESIAN_POINT('',(16.95034113219,-11.32764088349,
    15.333318721299));
#1410 = CARTESIAN_POINT('',(14.958549557039,-13.93724931889,
    11.499976723571));
#1411 = CARTESIAN_POINT('',(12.507143236579,-16.12296329809,
    7.666633780696));
#1412 = CARTESIAN_POINT('',(9.711517518116,-17.79406897642,
    3.833289783564));
#1413 = CARTESIAN_POINT('',(6.702497366954,-18.90016549246,
    -5.50894474145E-05));
#1414 = DEFINITIONAL_REPRESENTATION('',(#1415),#1426);
#1415 = B_SPLINE_CURVE_WITH_KNOTS('',5,(#1416,#1417,#1418,#1419,#1420,
    #1421,#1422,#1423,#1424,#1425),.UNSPECIFIED.,.F.,.F.,(6,4,6),(0.,
    0.500606297253,1.),.UNSPECIFIED.);
#1416 = CARTESIAN_POINT('',(5.303127045127,0.));
#1417 = CARTESIAN_POINT('',(5.302864393191,8.867494977051E-02));
#1418 = CARTESIAN_POINT('',(5.302665437363,0.177340038152));
#1419 = CARTESIAN_POINT('',(5.302531168165,0.265992219579));
#1420 = CARTESIAN_POINT('',(5.302462634616,0.354633891851));
#1421 = CARTESIAN_POINT('',(5.302459076434,0.53167555819));
#1422 = CARTESIAN_POINT('',(5.302523734419,0.62007719172));
#1423 = CARTESIAN_POINT('',(5.302655846541,0.708463976262));
#1424 = CARTESIAN_POINT('',(5.302856534381,0.796838104819));
#1425 = CARTESIAN_POINT('',(5.303127045127,0.885196583439));
#1426 = ( GEOMETRIC_REPRESENTATION_CONTEXT(2) 
PARAMETRIC_REPRESENTATION_CONTEXT() REPRESENTATION_CONTEXT('2D SPACE',''
  ) );
#1427 = ORIENTED_EDGE('',*,*,#1428,.T.);
#1428 = EDGE_CURVE('',#1333,#1429,#1431,.T.);
#1429 = VERTEX_POINT('',#1430);
#1430 = CARTESIAN_POINT('',(19.103701114144,-5.920186123898,23.));
#1431 = SURFACE_CURVE('',#1432,(#1437,#1444),.PCURVE_S1.);
#1432 = CIRCLE('',#1433,20.);
#1433 = AXIS2_PLACEMENT_3D('',#1434,#1435,#1436);
#1434 = CARTESIAN_POINT('',(0.,0.,23.));
#1435 = DIRECTION('',(0.,0.,-1.));
#1436 = DIRECTION('',(1.,0.,0.));
#1437 = PCURVE('',#32,#1438);
#1438 = DEFINITIONAL_REPRESENTATION('',(#1439),#1443);
#1439 = LINE('',#1440,#1441);
#1440 = CARTESIAN_POINT('',(-6.28318530718,-23.));
#1441 = VECTOR('',#1442,1.);
#1442 = DIRECTION('',(1.,-0.));
#1443 = ( GEOMETRIC_REPRESENTATION_CONTEXT(2) 
PARAMETRIC_REPRESENTATION_CONTEXT() REPRESENTATION_CONTEXT('2D SPACE',''
  ) );
#1444 = PCURVE('',#1445,#1450);
#1445 = PLANE('',#1446);
#1446 = AXIS2_PLACEMENT_3D('',#1447,#1448,#1449);
#1447 = CARTESIAN_POINT('',(38.837312430981,7.564581043815,23.));
#1448 = DIRECTION('',(8.090169943749E-18,5.877852522925E-18,1.));
#1449 = DIRECTION('',(-0.809016994375,-0.587785252292,1.E-17));
#1450 = DEFINITIONAL_REPRESENTATION('',(#1451),#1459);
#1451 = ( BOUNDED_CURVE() B_SPLINE_CURVE(2,(#1452,#1453,#1454,#1455,
#1456,#1457,#1458),.UNSPECIFIED.,.T.,.F.) B_SPLINE_CURVE_WITH_KNOTS((1,2
    ,2,2,2,1),(-2.094395102393,0.,2.094395102393,4.188790204786,
6.28318530718,8.377580409573),.UNSPECIFIED.) CURVE() 
GEOMETRIC_REPRESENTATION_ITEM() RATIONAL_B_SPLINE_CURVE((1.,0.5,1.,0.5,
1.,0.5,1.)) REPRESENTATION_ITEM('') );
#1452 = CARTESIAN_POINT('',(19.68605506234,-4.952419819984));
#1453 = CARTESIAN_POINT('',(40.047533480545,23.072750948898));
#1454 = CARTESIAN_POINT('',(54.137304102691,-8.573392004317));
#1455 = CARTESIAN_POINT('',(68.227074724837,-40.21953495753));
#1456 = CARTESIAN_POINT('',(33.775825684486,-36.59856277319));
#1457 = CARTESIAN_POINT('',(-0.675423355865,-32.97759058886));
#1458 = CARTESIAN_POINT('',(19.68605506234,-4.952419819984));
#1459 = ( GEOMETRIC_REPRESENTATION_CONTEXT(2) 
PARAMETRIC_REPRESENTATION_CONTEXT() REPRESENTATION_CONTEXT('2D SPACE',''
  ) );
#1460 = ORIENTED_EDGE('',*,*,#1461,.T.);
#1461 = EDGE_CURVE('',#1429,#1462,#1464,.T.);
#1462 = VERTEX_POINT('',#1463);
#1463 = CARTESIAN_POINT('',(17.499843144795,-9.682741858977,
    18.091092963398));
#1464 = SURFACE_CURVE('',#1465,(#1472,#1482),.PCURVE_S1.);
#1465 = B_SPLINE_CURVE_WITH_KNOTS('',5,(#1466,#1467,#1468,#1469,#1470,
    #1471),.UNSPECIFIED.,.F.,.F.,(6,6),(0.,1.),
  .PIECEWISE_BEZIER_KNOTS.);
#1466 = CARTESIAN_POINT('',(19.103701114144,-5.920186123898,23.));
#1467 = CARTESIAN_POINT('',(18.861215330754,-6.702657457294,
    22.018103801863));
#1468 = CARTESIAN_POINT('',(18.578628586612,-7.472840404282,
    21.036261106994));
#1469 = CARTESIAN_POINT('',(18.256761526344,-8.22799552815,
    20.054478736651));
#1470 = CARTESIAN_POINT('',(17.896712703328,-8.965470333277,
    19.072753895752));
#1471 = CARTESIAN_POINT('',(17.499843146496,-9.682741855903,
    18.091092967646));
#1472 = PCURVE('',#32,#1473);
#1473 = DEFINITIONAL_REPRESENTATION('',(#1474),#1481);
#1474 = B_SPLINE_CURVE_WITH_KNOTS('',5,(#1475,#1476,#1477,#1478,#1479,
    #1480),.UNSPECIFIED.,.F.,.F.,(6,6),(0.,1.),
  .PIECEWISE_BEZIER_KNOTS.);
#1475 = CARTESIAN_POINT('',(-5.982673300891,-23.));
#1476 = CARTESIAN_POINT('',(-5.941714152257,-22.01810380186));
#1477 = CARTESIAN_POINT('',(-5.900748374738,-21.03626110699));
#1478 = CARTESIAN_POINT('',(-5.859775791764,-20.05447873665));
#1479 = CARTESIAN_POINT('',(-5.818795908894,-19.07275389575));
#1480 = CARTESIAN_POINT('',(-5.777808597372,-18.09109296764));
#1481 = ( GEOMETRIC_REPRESENTATION_CONTEXT(2) 
PARAMETRIC_REPRESENTATION_CONTEXT() REPRESENTATION_CONTEXT('2D SPACE',''
  ) );
#1482 = PCURVE('',#1483,#1533);
#1483 = ( BOUNDED_SURFACE() B_SPLINE_SURFACE(6,6,(
    (#1484,#1485,#1486,#1487,#1488,#1489,#1490)
    ,(#1491,#1492,#1493,#1494,#1495,#1496,#1497)
    ,(#1498,#1499,#1500,#1501,#1502,#1503,#1504)
    ,(#1505,#1506,#1507,#1508,#1509,#1510,#1511)
    ,(#1512,#1513,#1514,#1515,#1516,#1517,#1518)
    ,(#1519,#1520,#1521,#1522,#1523,#1524,#1525)
    ,(#1526,#1527,#1528,#1529,#1530,#1531,#1532
)),.UNSPECIFIED.,.F.,.F.,.F.) B_SPLINE_SURFACE_WITH_KNOTS((7,7),(7,7),(
    0.866160108316,2.750714663897),(0.,1.299888745028),
.PIECEWISE_BEZIER_KNOTS.) GEOMETRIC_REPRESENTATION_ITEM() 
RATIONAL_B_SPLINE_SURFACE((
    (1.045542649213,1.045542649213,1.045542649213,1.045542649213
      ,1.045542649213,1.045542649213,1.045542649213)
    ,(1.014256129069,1.014256129069,1.014256129069,1.014256129069
      ,1.014256129069,1.014256129069,1.014256129069)
    ,(0.997016338506,0.997016338506,0.997016338506,0.997016338506
      ,0.997016338506,0.997016338506,0.997016338506)
    ,(0.991367549879,0.991367549879,0.991367549879,0.991367549879
      ,0.991367549879,0.991367549879,0.991367549879)
    ,(0.997016338506,0.997016338506,0.997016338506,0.997016338506
      ,0.997016338506,0.997016338506,0.997016338506)
    ,(1.014256129069,1.014256129069,1.014256129069,1.014256129069
      ,1.014256129069,1.014256129069,1.014256129069)
    ,(1.045542649213,1.045542649213,1.045542649213,1.045542649213
      ,1.045542649213,1.045542649213,1.045542649213
))) REPRESENTATION_ITEM('') SURFACE() );
#1484 = CARTESIAN_POINT('',(19.103701114144,-5.920186123898,23.));
#1485 = CARTESIAN_POINT('',(18.150942681908,-8.974503309027,
    19.16665875772));
#1486 = CARTESIAN_POINT('',(16.622727822333,-11.84849000555,
    15.333316494623));
#1487 = CARTESIAN_POINT('',(14.56107473252,-14.40856702263,
    11.499973384896));
#1488 = CARTESIAN_POINT('',(12.049056944131,-16.53378106487,
    7.666629327286));
#1489 = CARTESIAN_POINT('',(9.204063266966,-18.13566782332,
    3.833284216846));
#1490 = CARTESIAN_POINT('',(6.158189007966,-19.16642403837,
    -6.177005707286E-05));
#1491 = CARTESIAN_POINT('',(28.311388144232,-6.624262977984,
    22.999999999971));
#1492 = CARTESIAN_POINT('',(27.26117509602,-10.95305979112,
    19.166660161252));
#1493 = CARTESIAN_POINT('',(25.423817495864,-15.08533912862,
    15.333319304598));
#1494 = CARTESIAN_POINT('',(22.844689014893,-18.84358184626,
    11.499977596832));
#1495 = CARTESIAN_POINT('',(19.62241931356,-22.06374979134,
    7.666634945665));
#1496 = CARTESIAN_POINT('',(15.901629143527,-24.62054497842,
    3.833291239804));
#1497 = CARTESIAN_POINT('',(11.849121746925,-26.4390101823,
    -5.334176239558E-05));
#1498 = CARTESIAN_POINT('',(37.435311182062,-3.770852729098,
    23.000000000087));
#1499 = CARTESIAN_POINT('',(36.780052177951,-9.362534998502,
    19.166668046149));
#1500 = CARTESIAN_POINT('',(35.12788626498,-14.8233007474,
    15.333335073636));
#1501 = CARTESIAN_POINT('',(32.510566087261,-19.93209231368,
    11.500001255015));
#1502 = CARTESIAN_POINT('',(29.025160110847,-24.47747725883,
    7.666666488949));
#1503 = CARTESIAN_POINT('',(24.828351997203,-28.28829757525,
    3.833330674592));
#1504 = CARTESIAN_POINT('',(20.109908130115,-31.25017739805,
    -6.0168094933E-06));
#1505 = CARTESIAN_POINT('',(45.009386189766,2.33273909165,23.));
#1506 = CARTESIAN_POINT('',(45.198954275176,-4.307306818335,
    19.166681419738));
#1507 = CARTESIAN_POINT('',(44.217484670588,-10.95676003696,
    15.333361824334));
#1508 = CARTESIAN_POINT('',(42.067599690854,-17.35842191004,
    11.50004138326));
#1509 = CARTESIAN_POINT('',(38.827217335708,-23.25657169705,
    7.666719997709));
#1510 = CARTESIAN_POINT('',(34.647341514117,-28.43213548311,
    3.83339756605));
#1511 = CARTESIAN_POINT('',(29.724780472878,-32.72485538415,
    7.425938383676E-05));
#1512 = CARTESIAN_POINT('',(49.818839653193,10.787891527877,
    23.000000000058));
#1513 = CARTESIAN_POINT('',(51.178725484504,3.482146355464,
    19.166698285175));
#1514 = CARTESIAN_POINT('',(51.257002515605,-4.027393198536,
    15.333395558759));
#1515 = CARTESIAN_POINT('',(50.015942273336,-11.46058155981,
    11.500091987022));
#1516 = CARTESIAN_POINT('',(47.499410588929,-18.52751254724,
    7.666787476803));
#1517 = CARTESIAN_POINT('',(43.835562440867,-24.96661378166,
    3.833481920738));
#1518 = CARTESIAN_POINT('',(39.21093879215,-30.57235784223,
    1.754933327902E-04));
#1519 = CARTESIAN_POINT('',(51.17157176682,20.251402370988,
    23.000000000029));
#1520 = CARTESIAN_POINT('',(53.841347013015,12.758419131994,
    19.166715983971));
#1521 = CARTESIAN_POINT('',(55.198413649156,4.84407190247,
    15.333430959261));
#1522 = CARTESIAN_POINT('',(55.159882128289,-3.205042969789,
    11.500145092286));
#1523 = CARTESIAN_POINT('',(53.72616924456,-11.08002361414,
    7.666858288867));
#1524 = CARTESIAN_POINT('',(50.9892313482,-18.48866571286,3.833570443356
    ));
#1525 = CARTESIAN_POINT('',(47.109917515567,-25.18774487893,
    2.817288623191E-04));
#1526 = CARTESIAN_POINT('',(48.999456194404,29.226876653737,
    23.000000000029));
#1527 = CARTESIAN_POINT('',(52.911569400635,22.034546232141,
    19.16673176011));
#1528 = CARTESIAN_POINT('',(55.560911736629,14.214502353036,
    15.333462513488));
#1529 = CARTESIAN_POINT('',(56.821763212705,6.042971591105,
    11.500192429114));
#1530 = CARTESIAN_POINT('',(56.64875798334,-2.169645016083,
    7.666921407945));
#1531 = CARTESIAN_POINT('',(55.090412177276,-10.11660884594,
    3.833649349544));
#1532 = CARTESIAN_POINT('',(52.271034453019,-17.53006268329,
    3.764235880226E-04));
#1533 = DEFINITIONAL_REPRESENTATION('',(#1534),#1541);
#1534 = B_SPLINE_CURVE_WITH_KNOTS('',5,(#1535,#1536,#1537,#1538,#1539,
    #1540),.UNSPECIFIED.,.F.,.F.,(6,6),(0.,1.),
  .PIECEWISE_BEZIER_KNOTS.);
#1535 = CARTESIAN_POINT('',(0.866160108316,0.));
#1536 = CARTESIAN_POINT('',(0.866214956393,5.549361666813E-02));
#1537 = CARTESIAN_POINT('',(0.866242577743,0.110984205569));
#1538 = CARTESIAN_POINT('',(0.866242782656,0.166471381371));
#1539 = CARTESIAN_POINT('',(0.866215358713,0.22195530213));
#1540 = CARTESIAN_POINT('',(0.866160108316,0.27743560711));
#1541 = ( GEOMETRIC_REPRESENTATION_CONTEXT(2) 
PARAMETRIC_REPRESENTATION_CONTEXT() REPRESENTATION_CONTEXT('2D SPACE',''
  ) );
#1542 = ORIENTED_EDGE('',*,*,#1543,.T.);
#1543 = EDGE_CURVE('',#1462,#1335,#1544,.T.);
#1544 = SURFACE_CURVE('',#1545,(#1568,#1594),.PCURVE_S1.);
#1545 = B_SPLINE_CURVE_WITH_KNOTS('',6,(#1546,#1547,#1548,#1549,#1550,
    #1551,#1552,#1553,#1554,#1555,#1556,#1557,#1558,#1559,#1560,#1561,
    #1562,#1563,#1564,#1565,#1566,#1567),.UNSPECIFIED.,.F.,.F.,(7,5,5,5,
    7),(0.,0.313386084334,0.563578401844,0.789356277482,1.),
  .UNSPECIFIED.);
#1546 = CARTESIAN_POINT('',(17.499843144795,-9.682741858977,
    18.091092963398));
#1547 = CARTESIAN_POINT('',(17.283972009114,-10.0728907516,
    17.532565126464));
#1548 = CARTESIAN_POINT('',(17.058611076197,-10.45555134948,
    16.973303546928));
#1549 = CARTESIAN_POINT('',(16.823921057982,-10.83083703313,
    16.413473685984));
#1550 = CARTESIAN_POINT('',(16.580100260124,-11.19868062809,
    15.853168464015));
#1551 = CARTESIAN_POINT('',(16.327359330341,-11.55898032284,
    15.292458660932));
#1552 = CARTESIAN_POINT('',(15.857202334299,-12.1931106498,
    14.283463407357));
#1553 = CARTESIAN_POINT('',(15.642940588513,-12.46972656249,
    13.835308772503));
#1554 = CARTESIAN_POINT('',(15.423250618569,-12.74137485959,
    13.386953968555));
#1555 = CARTESIAN_POINT('',(15.198252080723,-13.00797360711,
    12.938419171747));
#1556 = CARTESIAN_POINT('',(14.968069239173,-13.26943467396,
    12.489720375124));
#1557 = CARTESIAN_POINT('',(14.520546377293,-13.75689880227,
    11.635821438747));
#1558 = CARTESIAN_POINT('',(14.304145080236,-13.98387210021,
    11.230649371359));
#1559 = CARTESIAN_POINT('',(14.083720526652,-14.20652258852,
    10.825364574864));
#1560 = CARTESIAN_POINT('',(13.859369714645,-14.42478282751,
    10.419975284745));
#1561 = CARTESIAN_POINT('',(13.631192172723,-14.63858517364,
    10.014488476894));
#1562 = CARTESIAN_POINT('',(13.182931983267,-15.04311262437,
    9.230518330365));
#1563 = CARTESIAN_POINT('',(12.963331956958,-15.23442403822,
    8.85204688758));
#1564 = CARTESIAN_POINT('',(12.740572450153,-15.42174272794,
    8.473500745945));
#1565 = CARTESIAN_POINT('',(12.514737927335,-15.60501528509,
    8.094884241106));
#1566 = CARTESIAN_POINT('',(12.285914521498,-15.78418937201,
    7.716201182728));
#1567 = CARTESIAN_POINT('',(12.054190034156,-15.95921372187,7.3374548545
    ));
#1568 = PCURVE('',#32,#1569);
#1569 = DEFINITIONAL_REPRESENTATION('',(#1570),#1593);
#1570 = B_SPLINE_CURVE_WITH_KNOTS('',6,(#1571,#1572,#1573,#1574,#1575,
    #1576,#1577,#1578,#1579,#1580,#1581,#1582,#1583,#1584,#1585,#1586,
    #1587,#1588,#1589,#1590,#1591,#1592),.UNSPECIFIED.,.F.,.F.,(7,5,5,5,
    7),(0.,0.313386084334,0.563578401844,0.789356277482,1.),
  .UNSPECIFIED.);
#1571 = CARTESIAN_POINT('',(-5.777808597197,-18.09109296339));
#1572 = CARTESIAN_POINT('',(-5.755514174932,-17.53256512646));
#1573 = CARTESIAN_POINT('',(-5.733317643387,-16.97330354692));
#1574 = CARTESIAN_POINT('',(-5.711197994201,-16.41347368598));
#1575 = CARTESIAN_POINT('',(-5.689143865854,-15.85316846401));
#1576 = CARTESIAN_POINT('',(-5.667146126949,-15.29245866093));
#1577 = CARTESIAN_POINT('',(-5.627675604008,-14.28346340735));
#1578 = CARTESIAN_POINT('',(-5.61018488012,-13.8353087725));
#1579 = CARTESIAN_POINT('',(-5.592722350966,-13.38695396855));
#1580 = CARTESIAN_POINT('',(-5.575285355196,-12.93841917174));
#1581 = CARTESIAN_POINT('',(-5.557871760013,-12.48972037512));
#1582 = CARTESIAN_POINT('',(-5.5247848295,-11.63582143874));
#1583 = CARTESIAN_POINT('',(-5.509107501068,-11.23064937135));
#1584 = CARTESIAN_POINT('',(-5.493446389186,-10.82536457486));
#1585 = CARTESIAN_POINT('',(-5.477800375007,-10.41997528474));
#1586 = CARTESIAN_POINT('',(-5.462168504039,-10.01448847689));
#1587 = CARTESIAN_POINT('',(-5.431978288081,-9.230518330365));
#1588 = CARTESIAN_POINT('',(-5.417418217664,-8.85204688758));
#1589 = CARTESIAN_POINT('',(-5.402869048445,-8.473500745945));
#1590 = CARTESIAN_POINT('',(-5.388330179316,-8.094884241106));
#1591 = CARTESIAN_POINT('',(-5.373801078868,-7.716201182728));
#1592 = CARTESIAN_POINT('',(-5.359281285388,-7.3374548545));
#1593 = ( GEOMETRIC_REPRESENTATION_CONTEXT(2) 
PARAMETRIC_REPRESENTATION_CONTEXT() REPRESENTATION_CONTEXT('2D SPACE',''
  ) );
#1594 = PCURVE('',#1595,#1610);
#1595 = B_SPLINE_SURFACE_WITH_KNOTS('',1,6,(
    (#1596,#1597,#1598,#1599,#1600,#1601,#1602)
    ,(#1603,#1604,#1605,#1606,#1607,#1608,#1609
  )),.UNSPECIFIED.,.F.,.F.,.F.,(2,2),(7,7),(0.,0.605941583809),(0.,
    1.299888745028),.PIECEWISE_BEZIER_KNOTS.);
#1596 = CARTESIAN_POINT('',(19.2742771128,-5.338749083733,23.));
#1597 = CARTESIAN_POINT('',(18.401998138851,-8.416676501883,
    19.16665987056));
#1598 = CARTESIAN_POINT('',(16.950341131505,-11.32764088305,
    15.333318721012));
#1599 = CARTESIAN_POINT('',(14.958549557508,-13.93724931905,
    11.499976723997));
#1600 = CARTESIAN_POINT('',(12.507143236461,-16.12296329809,
    7.666633780372));
#1601 = CARTESIAN_POINT('',(9.71151751815,-17.79406897639,3.833289783539
    ));
#1602 = CARTESIAN_POINT('',(6.702497366953,-18.90016549242,
    -5.508950562216E-05));
#1603 = CARTESIAN_POINT('',(19.103701114145,-5.920186123893,
    22.999999999971));
#1604 = CARTESIAN_POINT('',(18.150942682095,-8.97450330914,
    19.166658757551));
#1605 = CARTESIAN_POINT('',(16.622727821806,-11.84849000525,
    15.333316494841));
#1606 = CARTESIAN_POINT('',(14.561074733225,-14.40856702314,
    11.49997338456));
#1607 = CARTESIAN_POINT('',(12.049056943609,-16.53378106436,
    7.666629327366));
#1608 = CARTESIAN_POINT('',(9.204063267195,-18.13566782362,
    3.833284216831));
#1609 = CARTESIAN_POINT('',(6.158189007969,-19.16642403836,
    -6.177008617847E-05));
#1610 = DEFINITIONAL_REPRESENTATION('',(#1611),#1634);
#1611 = B_SPLINE_CURVE_WITH_KNOTS('',6,(#1612,#1613,#1614,#1615,#1616,
    #1617,#1618,#1619,#1620,#1621,#1622,#1623,#1624,#1625,#1626,#1627,
    #1628,#1629,#1630,#1631,#1632,#1633),.UNSPECIFIED.,.F.,.F.,(7,5,5,5,
    7),(0.,0.313386084334,0.563578401844,0.789356277482,1.),
  .UNSPECIFIED.);
#1612 = CARTESIAN_POINT('',(0.605941583809,0.277435607348));
#1613 = CARTESIAN_POINT('',(0.585630290477,0.309001799407));
#1614 = CARTESIAN_POINT('',(0.562745058571,0.340609460184));
#1615 = CARTESIAN_POINT('',(0.537844388689,0.372249238449));
#1616 = CARTESIAN_POINT('',(0.511233238577,0.403915882713));
#1617 = CARTESIAN_POINT('',(0.483153423455,0.435605392779));
#1618 = CARTESIAN_POINT('',(0.430331747867,0.492630551422));
#1619 = CARTESIAN_POINT('',(0.406059004653,0.517958806638));
#1620 = CARTESIAN_POINT('',(0.381053333562,0.543298374934));
#1621 = CARTESIAN_POINT('',(0.355384814499,0.568648116031));
#1622 = CARTESIAN_POINT('',(0.329109451677,0.59400712607));
#1623 = CARTESIAN_POINT('',(0.278059944041,0.642266742643));
#1624 = CARTESIAN_POINT('',(0.253389455115,0.665165762578));
#1625 = CARTESIAN_POINT('',(0.228298947836,0.688071153783));
#1626 = CARTESIAN_POINT('',(0.202817664166,0.710982450823));
#1627 = CARTESIAN_POINT('',(0.176970508238,0.73389925945));
#1628 = CARTESIAN_POINT('',(0.126344011665,0.778206727983));
#1629 = CARTESIAN_POINT('',(0.101609318454,0.799596715545));
#1630 = CARTESIAN_POINT('',(7.659284189576E-02,0.82099092503));
#1631 = CARTESIAN_POINT('',(5.131022453049E-02,0.842389111408));
#1632 = CARTESIAN_POINT('',(2.577528139046E-02,0.863791059375));
#1633 = CARTESIAN_POINT('',(0.,0.885196583351));
#1634 = ( GEOMETRIC_REPRESENTATION_CONTEXT(2) 
PARAMETRIC_REPRESENTATION_CONTEXT() REPRESENTATION_CONTEXT('2D SPACE',''
  ) );
#1635 = ADVANCED_FACE('',(#1636),#66,.T.);
#1636 = FACE_BOUND('',#1637,.F.);
#1637 = EDGE_LOOP('',(#1638,#1662,#1663,#1664));
#1638 = ORIENTED_EDGE('',*,*,#1639,.F.);
#1639 = EDGE_CURVE('',#22,#1640,#1642,.T.);
#1640 = VERTEX_POINT('',#1641);
#1641 = CARTESIAN_POINT('',(19.,0.,0.));
#1642 = SEAM_CURVE('',#1643,(#1648,#1655),.PCURVE_S1.);
#1643 = CIRCLE('',#1644,1.);
#1644 = AXIS2_PLACEMENT_3D('',#1645,#1646,#1647);
#1645 = CARTESIAN_POINT('',(19.,0.,1.));
#1646 = DIRECTION('',(-0.,1.,0.));
#1647 = DIRECTION('',(1.,0.,0.));
#1648 = PCURVE('',#66,#1649);
#1649 = DEFINITIONAL_REPRESENTATION('',(#1650),#1654);
#1650 = LINE('',#1651,#1652);
#1651 = CARTESIAN_POINT('',(-0.,0.));
#1652 = VECTOR('',#1653,1.);
#1653 = DIRECTION('',(-0.,1.));
#1654 = ( GEOMETRIC_REPRESENTATION_CONTEXT(2) 
PARAMETRIC_REPRESENTATION_CONTEXT() REPRESENTATION_CONTEXT('2D SPACE',''
  ) );
#1655 = PCURVE('',#66,#1656);
#1656 = DEFINITIONAL_REPRESENTATION('',(#1657),#1661);
#1657 = LINE('',#1658,#1659);
#1658 = CARTESIAN_POINT('',(-6.28318530718,0.));
#1659 = VECTOR('',#1660,1.);
#1660 = DIRECTION('',(-0.,1.));
#1661 = ( GEOMETRIC_REPRESENTATION_CONTEXT(2) 
PARAMETRIC_REPRESENTATION_CONTEXT() REPRESENTATION_CONTEXT('2D SPACE',''
  ) );
#1662 = ORIENTED_EDGE('',*,*,#51,.F.);
#1663 = ORIENTED_EDGE('',*,*,#1639,.T.);
#1664 = ORIENTED_EDGE('',*,*,#1665,.T.);
#1665 = EDGE_CURVE('',#1640,#1640,#1666,.T.);
#1666 = SURFACE_CURVE('',#1667,(#1672,#1679),.PCURVE_S1.);
#1667 = CIRCLE('',#1668,19.);
#1668 = AXIS2_PLACEMENT_3D('',#1669,#1670,#1671);
#1669 = CARTESIAN_POINT('',(0.,0.,0.));
#1670 = DIRECTION('',(0.,0.,1.));
#1671 = DIRECTION('',(1.,0.,0.));
#1672 = PCURVE('',#66,#1673);
#1673 = DEFINITIONAL_REPRESENTATION('',(#1674),#1678);
#1674 = LINE('',#1675,#1676);
#1675 = CARTESIAN_POINT('',(-0.,1.570796326795));
#1676 = VECTOR('',#1677,1.);
#1677 = DIRECTION('',(-1.,0.));
#1678 = ( GEOMETRIC_REPRESENTATION_CONTEXT(2) 
PARAMETRIC_REPRESENTATION_CONTEXT() REPRESENTATION_CONTEXT('2D SPACE',''
  ) );
#1679 = PCURVE('',#1680,#1685);
#1680 = PLANE('',#1681);
#1681 = AXIS2_PLACEMENT_3D('',#1682,#1683,#1684);
#1682 = CARTESIAN_POINT('',(-1.09E-15,2.8E-16,0.));
#1683 = DIRECTION('',(0.,0.,1.));
#1684 = DIRECTION('',(1.,0.,0.));
#1685 = DEFINITIONAL_REPRESENTATION('',(#1686),#1690);
#1686 = CIRCLE('',#1687,19.);
#1687 = AXIS2_PLACEMENT_2D('',#1688,#1689);
#1688 = CARTESIAN_POINT('',(1.09E-15,-2.8E-16));
#1689 = DIRECTION('',(1.,0.));
#1690 = ( GEOMETRIC_REPRESENTATION_CONTEXT(2) 
PARAMETRIC_REPRESENTATION_CONTEXT() REPRESENTATION_CONTEXT('2D SPACE',''
  ) );
#1691 = ADVANCED_FACE('',(#1692),#94,.T.);
#1692 = FACE_BOUND('',#1693,.T.);
#1693 = EDGE_LOOP('',(#1694,#1718,#1719,#1720));
#1694 = ORIENTED_EDGE('',*,*,#1695,.F.);
#1695 = EDGE_CURVE('',#24,#1696,#1698,.T.);
#1696 = VERTEX_POINT('',#1697);
#1697 = CARTESIAN_POINT('',(19.,0.,25.));
#1698 = SEAM_CURVE('',#1699,(#1704,#1711),.PCURVE_S1.);
#1699 = CIRCLE('',#1700,1.);
#1700 = AXIS2_PLACEMENT_3D('',#1701,#1702,#1703);
#1701 = CARTESIAN_POINT('',(19.,0.,24.));
#1702 = DIRECTION('',(0.,-1.,0.));
#1703 = DIRECTION('',(1.,0.,0.));
#1704 = PCURVE('',#94,#1705);
#1705 = DEFINITIONAL_REPRESENTATION('',(#1706),#1710);
#1706 = LINE('',#1707,#1708);
#1707 = CARTESIAN_POINT('',(0.,0.));
#1708 = VECTOR('',#1709,1.);
#1709 = DIRECTION('',(0.,1.));
#1710 = ( GEOMETRIC_REPRESENTATION_CONTEXT(2) 
PARAMETRIC_REPRESENTATION_CONTEXT() REPRESENTATION_CONTEXT('2D SPACE',''
  ) );
#1711 = PCURVE('',#94,#1712);
#1712 = DEFINITIONAL_REPRESENTATION('',(#1713),#1717);
#1713 = LINE('',#1714,#1715);
#1714 = CARTESIAN_POINT('',(6.28318530718,0.));
#1715 = VECTOR('',#1716,1.);
#1716 = DIRECTION('',(0.,1.));
#1717 = ( GEOMETRIC_REPRESENTATION_CONTEXT(2) 
PARAMETRIC_REPRESENTATION_CONTEXT() REPRESENTATION_CONTEXT('2D SPACE',''
  ) );
#1718 = ORIENTED_EDGE('',*,*,#79,.T.);
#1719 = ORIENTED_EDGE('',*,*,#1695,.T.);
#1720 = ORIENTED_EDGE('',*,*,#1721,.F.);
#1721 = EDGE_CURVE('',#1696,#1696,#1722,.T.);
#1722 = SURFACE_CURVE('',#1723,(#1728,#1735),.PCURVE_S1.);
#1723 = CIRCLE('',#1724,19.);
#1724 = AXIS2_PLACEMENT_3D('',#1725,#1726,#1727);
#1725 = CARTESIAN_POINT('',(0.,0.,25.));
#1726 = DIRECTION('',(0.,0.,1.));
#1727 = DIRECTION('',(1.,0.,0.));
#1728 = PCURVE('',#94,#1729);
#1729 = DEFINITIONAL_REPRESENTATION('',(#1730),#1734);
#1730 = LINE('',#1731,#1732);
#1731 = CARTESIAN_POINT('',(0.,1.570796326795));
#1732 = VECTOR('',#1733,1.);
#1733 = DIRECTION('',(1.,0.));
#1734 = ( GEOMETRIC_REPRESENTATION_CONTEXT(2) 
PARAMETRIC_REPRESENTATION_CONTEXT() REPRESENTATION_CONTEXT('2D SPACE',''
  ) );
#1735 = PCURVE('',#1736,#1741);
#1736 = PLANE('',#1737);
#1737 = AXIS2_PLACEMENT_3D('',#1738,#1739,#1740);
#1738 = CARTESIAN_POINT('',(-1.09E-15,2.8E-16,25.));
#1739 = DIRECTION('',(0.,0.,1.));
#1740 = DIRECTION('',(1.,0.,0.));
#1741 = DEFINITIONAL_REPRESENTATION('',(#1742),#1746);
#1742 = CIRCLE('',#1743,19.);
#1743 = AXIS2_PLACEMENT_2D('',#1744,#1745);
#1744 = CARTESIAN_POINT('',(1.09E-15,-2.8E-16));
#1745 = DIRECTION('',(1.,0.));
#1746 = ( GEOMETRIC_REPRESENTATION_CONTEXT(2) 
PARAMETRIC_REPRESENTATION_CONTEXT() REPRESENTATION_CONTEXT('2D SPACE',''
  ) );
#1747 = ADVANCED_FACE('',(#1748),#140,.F.);
#1748 = FACE_BOUND('',#1749,.F.);
#1749 = EDGE_LOOP('',(#1750,#1779,#1808,#1809,#1836));
#1750 = ORIENTED_EDGE('',*,*,#1751,.F.);
#1751 = EDGE_CURVE('',#1752,#1754,#1756,.T.);
#1752 = VERTEX_POINT('',#1753);
#1753 = CARTESIAN_POINT('',(-12.65474681328,55.632853687112,
    23.000000000029));
#1754 = VERTEX_POINT('',#1755);
#1755 = CARTESIAN_POINT('',(32.824718305553,44.295620648435,
    3.76423588023E-04));
#1756 = SURFACE_CURVE('',#1757,(#1765,#1772),.PCURVE_S1.);
#1757 = ( BOUNDED_CURVE() B_SPLINE_CURVE(6,(#1758,#1759,#1760,#1761,
#1762,#1763,#1764),.UNSPECIFIED.,.F.,.F.) B_SPLINE_CURVE_WITH_KNOTS((7,7
),(0.,1.299888745028),.PIECEWISE_BEZIER_KNOTS.) CURVE() 
GEOMETRIC_REPRESENTATION_ITEM() RATIONAL_B_SPLINE_CURVE((1.034528697882,
    1.034528697882,1.034528697882,1.034528697882,1.034528697882,
1.034528697882,1.034528697882)) REPRESENTATION_ITEM('') );
#1758 = CARTESIAN_POINT('',(-12.65474681331,55.632853687103,
    23.000000000058));
#1759 = CARTESIAN_POINT('',(-4.605524633877,57.130942114876,
    19.166731760342));
#1760 = CARTESIAN_POINT('',(3.650470860169,57.23408995189,
    15.333462513867));
#1761 = CARTESIAN_POINT('',(11.811682975133,55.908089089646,
    11.500192427862));
#1762 = CARTESIAN_POINT('',(19.568883956173,53.205713237618,
    7.666921409196));
#1763 = CARTESIAN_POINT('',(26.645340356074,49.267891428009,
    3.833649349108));
#1764 = CARTESIAN_POINT('',(32.824718305525,44.295620648426,
    3.764236171264E-04));
#1765 = PCURVE('',#140,#1766);
#1766 = DEFINITIONAL_REPRESENTATION('',(#1767),#1771);
#1767 = LINE('',#1768,#1769);
#1768 = CARTESIAN_POINT('',(3.657195460274,0.));
#1769 = VECTOR('',#1770,1.);
#1770 = DIRECTION('',(0.,1.));
#1771 = ( GEOMETRIC_REPRESENTATION_CONTEXT(2) 
PARAMETRIC_REPRESENTATION_CONTEXT() REPRESENTATION_CONTEXT('2D SPACE',''
  ) );
#1772 = PCURVE('',#259,#1773);
#1773 = DEFINITIONAL_REPRESENTATION('',(#1774),#1778);
#1774 = LINE('',#1775,#1776);
#1775 = CARTESIAN_POINT('',(2.750714663897,0.));
#1776 = VECTOR('',#1777,1.);
#1777 = DIRECTION('',(0.,1.));
#1778 = ( GEOMETRIC_REPRESENTATION_CONTEXT(2) 
PARAMETRIC_REPRESENTATION_CONTEXT() REPRESENTATION_CONTEXT('2D SPACE',''
  ) );
#1779 = ORIENTED_EDGE('',*,*,#1780,.T.);
#1780 = EDGE_CURVE('',#1752,#109,#1781,.T.);
#1781 = SURFACE_CURVE('',#1782,(#1790,#1797),.PCURVE_S1.);
#1782 = ( BOUNDED_CURVE() B_SPLINE_CURVE(6,(#1783,#1784,#1785,#1786,
#1787,#1788,#1789),.UNSPECIFIED.,.F.,.F.) B_SPLINE_CURVE_WITH_KNOTS((7,7
),(3.657195460274,5.303127045127),.PIECEWISE_BEZIER_KNOTS.) CURVE() 
GEOMETRIC_REPRESENTATION_ITEM() RATIONAL_B_SPLINE_CURVE((1.034528697882,
    1.01097830576,0.99772132383,0.993378161011,0.99772132383,
1.01097830576,1.034528697882)) REPRESENTATION_ITEM('') );
#1783 = CARTESIAN_POINT('',(-12.65474681331,55.632853687103,
    23.000000000058));
#1784 = CARTESIAN_POINT('',(-4.103771364469,53.886630474513,
    23.000000000058));
#1785 = CARTESIAN_POINT('',(3.618817673136,49.338378550189,
    23.000000000029));
#1786 = CARTESIAN_POINT('',(9.541914718441,42.452843472205,23.));
#1787 = CARTESIAN_POINT('',(12.930858197713,34.026175446698,23.));
#1788 = CARTESIAN_POINT('',(13.41670325339,25.076933490404,23.));
#1789 = CARTESIAN_POINT('',(11.033531287127,16.681162649426,
    23.000000000058));
#1790 = PCURVE('',#140,#1791);
#1791 = DEFINITIONAL_REPRESENTATION('',(#1792),#1796);
#1792 = LINE('',#1793,#1794);
#1793 = CARTESIAN_POINT('',(0.,0.));
#1794 = VECTOR('',#1795,1.);
#1795 = DIRECTION('',(1.,0.));
#1796 = ( GEOMETRIC_REPRESENTATION_CONTEXT(2) 
PARAMETRIC_REPRESENTATION_CONTEXT() REPRESENTATION_CONTEXT('2D SPACE',''
  ) );
#1797 = PCURVE('',#221,#1798);
#1798 = DEFINITIONAL_REPRESENTATION('',(#1799),#1807);
#1799 = ( BOUNDED_CURVE() B_SPLINE_CURVE(6,(#1800,#1801,#1802,#1803,
#1804,#1805,#1806),.UNSPECIFIED.,.F.,.F.) B_SPLINE_CURVE_WITH_KNOTS((7,7
),(3.657195460274,5.303127045127),.PIECEWISE_BEZIER_KNOTS.) CURVE() 
GEOMETRIC_REPRESENTATION_ITEM() RATIONAL_B_SPLINE_CURVE((1.034528697882,
    1.01097830576,0.99772132383,0.993378161011,0.99772132383,
1.01097830576,1.034528697882)) REPRESENTATION_ITEM('') );
#1800 = CARTESIAN_POINT('',(-20.9541248942,-11.55200704981));
#1801 = CARTESIAN_POINT('',(-16.65097119678,-3.959158777169));
#1802 = CARTESIAN_POINT('',(-9.938915313212,1.979972710399));
#1803 = CARTESIAN_POINT('',(-1.560044662785,5.485425397524));
#1804 = CARTESIAN_POINT('',(7.5014340016,6.104518551004));
#1805 = CARTESIAN_POINT('',(16.162803258872,3.801116805846));
#1806 = CARTESIAN_POINT('',(23.411215188413,-1.05985029286));
#1807 = ( GEOMETRIC_REPRESENTATION_CONTEXT(2) 
PARAMETRIC_REPRESENTATION_CONTEXT() REPRESENTATION_CONTEXT('2D SPACE',''
  ) );
#1808 = ORIENTED_EDGE('',*,*,#108,.T.);
#1809 = ORIENTED_EDGE('',*,*,#1810,.T.);
#1810 = EDGE_CURVE('',#111,#1811,#1813,.T.);
#1811 = VERTEX_POINT('',#1812);
#1812 = CARTESIAN_POINT('',(20.046311141769,0.533981462634,
    -5.5089505622E-05));
#1813 = SURFACE_CURVE('',#1814,(#1822,#1829),.PCURVE_S1.);
#1814 = ( BOUNDED_CURVE() B_SPLINE_CURVE(6,(#1815,#1816,#1817,#1818,
#1819,#1820,#1821),.UNSPECIFIED.,.F.,.F.) B_SPLINE_CURVE_WITH_KNOTS((7,7
),(0.,1.299888745028),.PIECEWISE_BEZIER_KNOTS.) CURVE() 
GEOMETRIC_REPRESENTATION_ITEM() RATIONAL_B_SPLINE_CURVE((1.034528697882,
    1.034528697882,1.034528697882,1.034528697882,1.034528697882,
1.034528697882,1.034528697882)) REPRESENTATION_ITEM('') );
#1815 = CARTESIAN_POINT('',(11.033531287127,16.681162649426,
    23.000000000058));
#1816 = CARTESIAN_POINT('',(13.691265187687,14.900444167283,
    19.166659870563));
#1817 = CARTESIAN_POINT('',(16.0111701468,12.620298848018,
    15.333318721299));
#1818 = CARTESIAN_POINT('',(17.87755780829,9.919579136167,
    11.499976723571));
#1819 = CARTESIAN_POINT('',(19.198769117828,6.912730416589,
    7.666633780696));
#1820 = CARTESIAN_POINT('',(19.9241892057,3.737532305924,3.833289783564)
  );
#1821 = CARTESIAN_POINT('',(20.046311141806,0.533981462622,
    -5.50894474145E-05));
#1822 = PCURVE('',#140,#1823);
#1823 = DEFINITIONAL_REPRESENTATION('',(#1824),#1828);
#1824 = LINE('',#1825,#1826);
#1825 = CARTESIAN_POINT('',(5.303127045127,0.));
#1826 = VECTOR('',#1827,1.);
#1827 = DIRECTION('',(0.,1.));
#1828 = ( GEOMETRIC_REPRESENTATION_CONTEXT(2) 
PARAMETRIC_REPRESENTATION_CONTEXT() REPRESENTATION_CONTEXT('2D SPACE',''
  ) );
#1829 = PCURVE('',#371,#1830);
#1830 = DEFINITIONAL_REPRESENTATION('',(#1831),#1835);
#1831 = LINE('',#1832,#1833);
#1832 = CARTESIAN_POINT('',(0.,0.));
#1833 = VECTOR('',#1834,1.);
#1834 = DIRECTION('',(0.,1.));
#1835 = ( GEOMETRIC_REPRESENTATION_CONTEXT(2) 
PARAMETRIC_REPRESENTATION_CONTEXT() REPRESENTATION_CONTEXT('2D SPACE',''
  ) );
#1836 = ORIENTED_EDGE('',*,*,#1837,.F.);
#1837 = EDGE_CURVE('',#1754,#1811,#1838,.T.);
#1838 = SURFACE_CURVE('',#1839,(#1847,#1854),.PCURVE_S1.);
#1839 = ( BOUNDED_CURVE() B_SPLINE_CURVE(6,(#1840,#1841,#1842,#1843,
#1844,#1845,#1846),.UNSPECIFIED.,.F.,.F.) B_SPLINE_CURVE_WITH_KNOTS((7,7
),(3.657195460274,5.303127045127),.PIECEWISE_BEZIER_KNOTS.) CURVE() 
GEOMETRIC_REPRESENTATION_ITEM() RATIONAL_B_SPLINE_CURVE((1.034528697882,
    1.01097830576,0.99772132383,0.993378161011,0.99772132383,
1.01097830576,1.034528697882)) REPRESENTATION_ITEM('') );
#1840 = CARTESIAN_POINT('',(32.824718305525,44.295620648426,
    3.764236171264E-04));
#1841 = CARTESIAN_POINT('',(37.303313139803,36.804915412184,
    2.829699369613E-04));
#1842 = CARTESIAN_POINT('',(39.154520400597,28.03576444539,
    1.835348957684E-04));
#1843 = CARTESIAN_POINT('',(38.066418067018,19.018575015102,
    9.00799932424E-05));
#1844 = CARTESIAN_POINT('',(34.131232306565,10.832734499744,
    1.390383113176E-05));
#1845 = CARTESIAN_POINT('',(27.852066518212,4.437654046039,
    -3.618854680099E-05));
#1846 = CARTESIAN_POINT('',(20.046311141806,0.533981462622,
    -5.50894474145E-05));
#1847 = PCURVE('',#140,#1848);
#1848 = DEFINITIONAL_REPRESENTATION('',(#1849),#1853);
#1849 = LINE('',#1850,#1851);
#1850 = CARTESIAN_POINT('',(0.,1.299888745028));
#1851 = VECTOR('',#1852,1.);
#1852 = DIRECTION('',(1.,0.));
#1853 = ( GEOMETRIC_REPRESENTATION_CONTEXT(2) 
PARAMETRIC_REPRESENTATION_CONTEXT() REPRESENTATION_CONTEXT('2D SPACE',''
  ) );
#1854 = PCURVE('',#1855,#1860);
#1855 = PLANE('',#1856);
#1856 = AXIS2_PLACEMENT_3D('',#1857,#1858,#1859);
#1857 = CARTESIAN_POINT('',(32.525907317405,20.370008244802,
    1.208494843965E-04));
#1858 = DIRECTION('',(2.939047372922E-06,-1.071873564876E-05,
    0.999999999938));
#1859 = DIRECTION('',(-0.49369119692,-0.869637281872,-7.870430319835E-06
    ));
#1860 = DEFINITIONAL_REPRESENTATION('',(#1861),#1869);
#1861 = ( BOUNDED_CURVE() B_SPLINE_CURVE(6,(#1862,#1863,#1864,#1865,
#1866,#1867,#1868),.UNSPECIFIED.,.F.,.F.) B_SPLINE_CURVE_WITH_KNOTS((7,7
),(3.657195460274,5.303127045127),.PIECEWISE_BEZIER_KNOTS.) CURVE() 
GEOMETRIC_REPRESENTATION_ITEM() RATIONAL_B_SPLINE_CURVE((1.034528697882,
    1.01097830576,0.99772132383,0.993378161011,0.99772132383,
1.01097830576,1.034528697882)) REPRESENTATION_ITEM('') );
#1862 = CARTESIAN_POINT('',(-20.9541248942,-11.55200704979));
#1863 = CARTESIAN_POINT('',(-16.65097119677,-3.959158777183));
#1864 = CARTESIAN_POINT('',(-9.938915313226,1.979972710409));
#1865 = CARTESIAN_POINT('',(-1.560044662772,5.485425397544));
#1866 = CARTESIAN_POINT('',(7.501434001622,6.10451855102));
#1867 = CARTESIAN_POINT('',(16.16280325884,3.801116805857));
#1868 = CARTESIAN_POINT('',(23.41121518839,-1.059850292851));
#1869 = ( GEOMETRIC_REPRESENTATION_CONTEXT(2) 
PARAMETRIC_REPRESENTATION_CONTEXT() REPRESENTATION_CONTEXT('2D SPACE',''
  ) );
#1870 = ADVANCED_FACE('',(#1871),#371,.F.);
#1871 = FACE_BOUND('',#1872,.F.);
#1872 = EDGE_LOOP('',(#1873,#1874,#1875,#1902));
#1873 = ORIENTED_EDGE('',*,*,#1810,.F.);
#1874 = ORIENTED_EDGE('',*,*,#319,.F.);
#1875 = ORIENTED_EDGE('',*,*,#1876,.T.);
#1876 = EDGE_CURVE('',#238,#1877,#1879,.T.);
#1877 = VERTEX_POINT('',#1878);
#1878 = CARTESIAN_POINT('',(20.131337533804,-6.596496464987E-02,
    -6.1770057073E-05));
#1879 = SURFACE_CURVE('',#1880,(#1888,#1895),.PCURVE_S1.);
#1880 = B_SPLINE_CURVE_WITH_KNOTS('',6,(#1881,#1882,#1883,#1884,#1885,
    #1886,#1887),.UNSPECIFIED.,.F.,.F.,(7,7),(0.,1.299888745028),
  .PIECEWISE_BEZIER_KNOTS.);
#1881 = CARTESIAN_POINT('',(11.533799890539,16.339261307817,
    22.999999999971));
#1882 = CARTESIAN_POINT('',(14.144209605363,14.489298276108,
    19.166658757551));
#1883 = CARTESIAN_POINT('',(16.405289017559,12.147768844225,
    15.333316494841));
#1884 = CARTESIAN_POINT('',(18.202981106771,9.395912934551,
    11.49997338456));
#1885 = CARTESIAN_POINT('',(19.447923582024,6.350114791269,
    7.666629327366));
#1886 = CARTESIAN_POINT('',(20.092257027884,3.14935478482,3.833284216831
    ));
#1887 = CARTESIAN_POINT('',(20.131337533797,-6.596496464444E-02,
    -6.177008617847E-05));
#1888 = PCURVE('',#371,#1889);
#1889 = DEFINITIONAL_REPRESENTATION('',(#1890),#1894);
#1890 = LINE('',#1891,#1892);
#1891 = CARTESIAN_POINT('',(0.605941583809,0.));
#1892 = VECTOR('',#1893,1.);
#1893 = DIRECTION('',(0.,1.));
#1894 = ( GEOMETRIC_REPRESENTATION_CONTEXT(2) 
PARAMETRIC_REPRESENTATION_CONTEXT() REPRESENTATION_CONTEXT('2D SPACE',''
  ) );
#1895 = PCURVE('',#259,#1896);
#1896 = DEFINITIONAL_REPRESENTATION('',(#1897),#1901);
#1897 = LINE('',#1898,#1899);
#1898 = CARTESIAN_POINT('',(0.866160108316,0.));
#1899 = VECTOR('',#1900,1.);
#1900 = DIRECTION('',(0.,1.));
#1901 = ( GEOMETRIC_REPRESENTATION_CONTEXT(2) 
PARAMETRIC_REPRESENTATION_CONTEXT() REPRESENTATION_CONTEXT('2D SPACE',''
  ) );
#1902 = ORIENTED_EDGE('',*,*,#1903,.F.);
#1903 = EDGE_CURVE('',#1811,#1877,#1904,.T.);
#1904 = SURFACE_CURVE('',#1905,(#1908,#1915),.PCURVE_S1.);
#1905 = B_SPLINE_CURVE_WITH_KNOTS('',1,(#1906,#1907),.UNSPECIFIED.,.F.,
  .F.,(2,2),(0.,0.605941583809),.PIECEWISE_BEZIER_KNOTS.);
#1906 = CARTESIAN_POINT('',(20.046311141769,0.533981462634,
    -5.508950562216E-05));
#1907 = CARTESIAN_POINT('',(20.131337533797,-6.596496464444E-02,
    -6.177008617847E-05));
#1908 = PCURVE('',#371,#1909);
#1909 = DEFINITIONAL_REPRESENTATION('',(#1910),#1914);
#1910 = LINE('',#1911,#1912);
#1911 = CARTESIAN_POINT('',(0.,1.299888745028));
#1912 = VECTOR('',#1913,1.);
#1913 = DIRECTION('',(1.,0.));
#1914 = ( GEOMETRIC_REPRESENTATION_CONTEXT(2) 
PARAMETRIC_REPRESENTATION_CONTEXT() REPRESENTATION_CONTEXT('2D SPACE',''
  ) );
#1915 = PCURVE('',#1855,#1916);
#1916 = DEFINITIONAL_REPRESENTATION('',(#1917),#1920);
#1917 = B_SPLINE_CURVE_WITH_KNOTS('',1,(#1918,#1919),.UNSPECIFIED.,.F.,
  .F.,(2,2),(0.,0.605941583809),.PIECEWISE_BEZIER_KNOTS.);
#1918 = CARTESIAN_POINT('',(23.411215188398,-1.059850292889));
#1919 = CARTESIAN_POINT('',(23.890974187488,-0.689719902644));
#1920 = ( GEOMETRIC_REPRESENTATION_CONTEXT(2) 
PARAMETRIC_REPRESENTATION_CONTEXT() REPRESENTATION_CONTEXT('2D SPACE',''
  ) );
#1921 = ADVANCED_FACE('',(#1922),#259,.F.);
#1922 = FACE_BOUND('',#1923,.F.);
#1923 = EDGE_LOOP('',(#1924,#1925,#1954,#1955,#1984));
#1924 = ORIENTED_EDGE('',*,*,#237,.F.);
#1925 = ORIENTED_EDGE('',*,*,#1926,.T.);
#1926 = EDGE_CURVE('',#205,#1752,#1927,.T.);
#1927 = SURFACE_CURVE('',#1928,(#1936,#1943),.PCURVE_S1.);
#1928 = ( BOUNDED_CURVE() B_SPLINE_CURVE(6,(#1929,#1930,#1931,#1932,
#1933,#1934,#1935),.UNSPECIFIED.,.F.,.F.) B_SPLINE_CURVE_WITH_KNOTS((7,7
),(0.866160108316,2.750714663897),.PIECEWISE_BEZIER_KNOTS.) CURVE() 
GEOMETRIC_REPRESENTATION_ITEM() RATIONAL_B_SPLINE_CURVE((1.045542649213,
    1.014256129069,0.997016338506,0.991367549879,0.997016338506,
1.014256129069,1.045542649213)) REPRESENTATION_ITEM('') );
#1929 = CARTESIAN_POINT('',(11.533799890544,16.339261307814,23.));
#1930 = CARTESIAN_POINT('',(15.048748541777,24.878720344527,
    22.999999999971));
#1931 = CARTESIAN_POINT('',(15.15444140497,34.43783906266,
    23.000000000087));
#1932 = CARTESIAN_POINT('',(11.690098525093,43.527326052984,23.));
#1933 = CARTESIAN_POINT('',(5.134973558205,50.71417390202,
    23.000000000058));
#1934 = CARTESIAN_POINT('',(-3.447342884219,54.925084270459,
    23.000000000029));
#1935 = CARTESIAN_POINT('',(-12.65474681328,55.632853687112,
    23.000000000029));
#1936 = PCURVE('',#259,#1937);
#1937 = DEFINITIONAL_REPRESENTATION('',(#1938),#1942);
#1938 = LINE('',#1939,#1940);
#1939 = CARTESIAN_POINT('',(0.,0.));
#1940 = VECTOR('',#1941,1.);
#1941 = DIRECTION('',(1.,0.));
#1942 = ( GEOMETRIC_REPRESENTATION_CONTEXT(2) 
PARAMETRIC_REPRESENTATION_CONTEXT() REPRESENTATION_CONTEXT('2D SPACE',''
  ) );
#1943 = PCURVE('',#221,#1944);
#1944 = DEFINITIONAL_REPRESENTATION('',(#1945),#1953);
#1945 = ( BOUNDED_CURVE() B_SPLINE_CURVE(6,(#1946,#1947,#1948,#1949,
#1950,#1951,#1952),.UNSPECIFIED.,.F.,.F.) B_SPLINE_CURVE_WITH_KNOTS((7,7
),(0.866160108316,2.750714663897),.PIECEWISE_BEZIER_KNOTS.) CURVE() 
GEOMETRIC_REPRESENTATION_ITEM() RATIONAL_B_SPLINE_CURVE((1.045542649213,
    1.014256129069,0.997016338506,0.991367549879,0.997016338506,
1.014256129069,1.045542649213)) REPRESENTATION_ITEM('') );
#1946 = CARTESIAN_POINT('',(23.89097418749,-0.68971990264));
#1947 = CARTESIAN_POINT('',(16.855644892576,5.292032881672));
#1948 = CARTESIAN_POINT('',(7.797043636567,8.346482903088));
#1949 = CARTESIAN_POINT('',(-1.918113019585,7.86050298266));
#1950 = CARTESIAN_POINT('',(-10.77885651305,3.847066789111));
#1951 = CARTESIAN_POINT('',(-17.4357518903,-3.013958322726));
#1952 = CARTESIAN_POINT('',(-20.9541248942,-11.55200704978));
#1953 = ( GEOMETRIC_REPRESENTATION_CONTEXT(2) 
PARAMETRIC_REPRESENTATION_CONTEXT() REPRESENTATION_CONTEXT('2D SPACE',''
  ) );
#1954 = ORIENTED_EDGE('',*,*,#1751,.T.);
#1955 = ORIENTED_EDGE('',*,*,#1956,.F.);
#1956 = EDGE_CURVE('',#1877,#1754,#1957,.T.);
#1957 = SURFACE_CURVE('',#1958,(#1966,#1973),.PCURVE_S1.);
#1958 = ( BOUNDED_CURVE() B_SPLINE_CURVE(6,(#1959,#1960,#1961,#1962,
#1963,#1964,#1965),.UNSPECIFIED.,.F.,.F.) B_SPLINE_CURVE_WITH_KNOTS((7,7
),(0.866160108316,2.750714663897),.PIECEWISE_BEZIER_KNOTS.) CURVE() 
GEOMETRIC_REPRESENTATION_ITEM() RATIONAL_B_SPLINE_CURVE((1.045542649213,
    1.014256129069,0.997016338506,0.991367549879,0.997016338506,
1.014256129069,1.045542649213)) REPRESENTATION_ITEM('') );
#1959 = CARTESIAN_POINT('',(20.131337533804,-6.596496464987E-02,
    -6.177005707286E-05));
#1960 = CARTESIAN_POINT('',(28.806572906489,3.099080989004,
    -5.334176239558E-05));
#1961 = CARTESIAN_POINT('',(35.934988217327,9.468823276011,
    -6.0168094933E-06));
#1962 = CARTESIAN_POINT('',(40.308649278103,18.157409712006,
    7.425938383676E-05));
#1963 = CARTESIAN_POINT('',(41.192886596533,27.844440716963,
    1.754933327902E-04));
#1964 = CARTESIAN_POINT('',(38.512734013802,37.020752817736,
    2.817288623191E-04));
#1965 = CARTESIAN_POINT('',(32.824718305553,44.295620648435,
    3.764235880226E-04));
#1966 = PCURVE('',#259,#1967);
#1967 = DEFINITIONAL_REPRESENTATION('',(#1968),#1972);
#1968 = LINE('',#1969,#1970);
#1969 = CARTESIAN_POINT('',(0.,1.299888745028));
#1970 = VECTOR('',#1971,1.);
#1971 = DIRECTION('',(1.,0.));
#1972 = ( GEOMETRIC_REPRESENTATION_CONTEXT(2) 
PARAMETRIC_REPRESENTATION_CONTEXT() REPRESENTATION_CONTEXT('2D SPACE',''
  ) );
#1973 = PCURVE('',#1855,#1974);
#1974 = DEFINITIONAL_REPRESENTATION('',(#1975),#1983);
#1975 = ( BOUNDED_CURVE() B_SPLINE_CURVE(6,(#1976,#1977,#1978,#1979,
#1980,#1981,#1982),.UNSPECIFIED.,.F.,.F.) B_SPLINE_CURVE_WITH_KNOTS((7,7
),(0.866160108316,2.750714663897),.PIECEWISE_BEZIER_KNOTS.) CURVE() 
GEOMETRIC_REPRESENTATION_ITEM() RATIONAL_B_SPLINE_CURVE((1.045542649213,
    1.014256129069,0.997016338506,0.991367549879,0.997016338506,
1.014256129069,1.045542649213)) REPRESENTATION_ITEM('') );
#1976 = CARTESIAN_POINT('',(23.890974187489,-0.689719902636));
#1977 = CARTESIAN_POINT('',(16.855644892586,5.292032881672));
#1978 = CARTESIAN_POINT('',(7.797043636566,8.346482903091));
#1979 = CARTESIAN_POINT('',(-1.918113019592,7.860502982658));
#1980 = CARTESIAN_POINT('',(-10.77885651304,3.847066789104));
#1981 = CARTESIAN_POINT('',(-17.43575189031,-3.013958322708));
#1982 = CARTESIAN_POINT('',(-20.95412489422,-11.55200704977));
#1983 = ( GEOMETRIC_REPRESENTATION_CONTEXT(2) 
PARAMETRIC_REPRESENTATION_CONTEXT() REPRESENTATION_CONTEXT('2D SPACE',''
  ) );
#1984 = ORIENTED_EDGE('',*,*,#1876,.F.);
#1985 = ADVANCED_FACE('',(#1986),#221,.T.);
#1986 = FACE_BOUND('',#1987,.T.);
#1987 = EDGE_LOOP('',(#1988,#1989,#1990));
#1988 = ORIENTED_EDGE('',*,*,#204,.T.);
#1989 = ORIENTED_EDGE('',*,*,#1926,.T.);
#1990 = ORIENTED_EDGE('',*,*,#1780,.T.);
#1991 = ADVANCED_FACE('',(#1992),#446,.F.);
#1992 = FACE_BOUND('',#1993,.F.);
#1993 = EDGE_LOOP('',(#1994,#2023,#2052,#2053,#2080));
#1994 = ORIENTED_EDGE('',*,*,#1995,.F.);
#1995 = EDGE_CURVE('',#1996,#1998,#2000,.T.);
#1996 = VERTEX_POINT('',#1997);
#1997 = CARTESIAN_POINT('',(-56.82051984404,5.156117816048,
    23.000000000029));
#1998 = VERTEX_POINT('',#1999);
#1999 = CARTESIAN_POINT('',(-31.98424286904,44.906261796801,
    3.76423588023E-04));
#2000 = SURFACE_CURVE('',#2001,(#2009,#2016),.PCURVE_S1.);
#2001 = ( BOUNDED_CURVE() B_SPLINE_CURVE(6,(#2002,#2003,#2004,#2005,
#2006,#2007,#2008),.UNSPECIFIED.,.F.,.F.) B_SPLINE_CURVE_WITH_KNOTS((7,7
),(0.,1.299888745028),.PIECEWISE_BEZIER_KNOTS.) CURVE() 
GEOMETRIC_REPRESENTATION_ITEM() RATIONAL_B_SPLINE_CURVE((1.034528697882,
    1.034528697882,1.034528697882,1.034528697882,1.034528697882,
1.034528697882,1.034528697882)) REPRESENTATION_ITEM('') );
#2002 = CARTESIAN_POINT('',(-56.82051984404,5.156117816019,
    23.000000000058));
#2003 = CARTESIAN_POINT('',(-55.75794016031,13.274317804142,
    19.166731760342));
#2004 = CARTESIAN_POINT('',(-53.3047966697,21.158110551827,
    15.333462513867));
#2005 = CARTESIAN_POINT('',(-49.52174167083,28.510127713642,
    11.500192427862));
#2006 = CARTESIAN_POINT('',(-44.55452257535,35.052584191406,
    7.666921409196));
#2007 = CARTESIAN_POINT('',(-38.62268619579,40.565840302821,
    3.833649349108));
#2008 = CARTESIAN_POINT('',(-31.98424286904,44.906261796772,
    3.764236171264E-04));
#2009 = PCURVE('',#446,#2010);
#2010 = DEFINITIONAL_REPRESENTATION('',(#2011),#2015);
#2011 = LINE('',#2012,#2013);
#2012 = CARTESIAN_POINT('',(3.657195460274,0.));
#2013 = VECTOR('',#2014,1.);
#2014 = DIRECTION('',(0.,1.));
#2015 = ( GEOMETRIC_REPRESENTATION_CONTEXT(2) 
PARAMETRIC_REPRESENTATION_CONTEXT() REPRESENTATION_CONTEXT('2D SPACE',''
  ) );
#2016 = PCURVE('',#565,#2017);
#2017 = DEFINITIONAL_REPRESENTATION('',(#2018),#2022);
#2018 = LINE('',#2019,#2020);
#2019 = CARTESIAN_POINT('',(2.750714663897,0.));
#2020 = VECTOR('',#2021,1.);
#2021 = DIRECTION('',(0.,1.));
#2022 = ( GEOMETRIC_REPRESENTATION_CONTEXT(2) 
PARAMETRIC_REPRESENTATION_CONTEXT() REPRESENTATION_CONTEXT('2D SPACE',''
  ) );
#2023 = ORIENTED_EDGE('',*,*,#2024,.T.);
#2024 = EDGE_CURVE('',#1996,#415,#2025,.T.);
#2025 = SURFACE_CURVE('',#2026,(#2034,#2041),.PCURVE_S1.);
#2026 = ( BOUNDED_CURVE() B_SPLINE_CURVE(6,(#2027,#2028,#2029,#2030,
#2031,#2032,#2033),.UNSPECIFIED.,.F.,.F.) B_SPLINE_CURVE_WITH_KNOTS((7,7
),(3.657195460274,5.303127045127),.PIECEWISE_BEZIER_KNOTS.) CURVE() 
GEOMETRIC_REPRESENTATION_ITEM() RATIONAL_B_SPLINE_CURVE((1.034528697882,
    1.01097830576,0.99772132383,0.993378161011,0.99772132383,
1.01097830576,1.034528697882)) REPRESENTATION_ITEM('') );
#2027 = CARTESIAN_POINT('',(-56.82051984404,5.156117816019,
    23.000000000058));
#2028 = CARTESIAN_POINT('',(-52.51736614662,12.748966088664,
    23.000000000058));
#2029 = CARTESIAN_POINT('',(-45.80531026305,18.688097576232,
    23.000000000029));
#2030 = CARTESIAN_POINT('',(-37.42643961262,22.193550263357,23.));
#2031 = CARTESIAN_POINT('',(-28.36496094823,22.812643416837,23.));
#2032 = CARTESIAN_POINT('',(-19.70359169096,20.50924167168,23.));
#2033 = CARTESIAN_POINT('',(-12.45517976142,15.648274572974,
    23.000000000058));
#2034 = PCURVE('',#446,#2035);
#2035 = DEFINITIONAL_REPRESENTATION('',(#2036),#2040);
#2036 = LINE('',#2037,#2038);
#2037 = CARTESIAN_POINT('',(0.,0.));
#2038 = VECTOR('',#2039,1.);
#2039 = DIRECTION('',(1.,0.));
#2040 = ( GEOMETRIC_REPRESENTATION_CONTEXT(2) 
PARAMETRIC_REPRESENTATION_CONTEXT() REPRESENTATION_CONTEXT('2D SPACE',''
  ) );
#2041 = PCURVE('',#527,#2042);
#2042 = DEFINITIONAL_REPRESENTATION('',(#2043),#2051);
#2043 = ( BOUNDED_CURVE() B_SPLINE_CURVE(6,(#2044,#2045,#2046,#2047,
#2048,#2049,#2050),.UNSPECIFIED.,.F.,.F.) B_SPLINE_CURVE_WITH_KNOTS((7,7
),(3.657195460274,5.303127045127),.PIECEWISE_BEZIER_KNOTS.) CURVE() 
GEOMETRIC_REPRESENTATION_ITEM() RATIONAL_B_SPLINE_CURVE((1.034528697882,
    1.01097830576,0.99772132383,0.993378161011,0.99772132383,
1.01097830576,1.034528697882)) REPRESENTATION_ITEM('') );
#2044 = CARTESIAN_POINT('',(-20.9541248942,-11.55200704981));
#2045 = CARTESIAN_POINT('',(-16.65097119678,-3.959158777169));
#2046 = CARTESIAN_POINT('',(-9.938915313212,1.979972710399));
#2047 = CARTESIAN_POINT('',(-1.560044662785,5.485425397524));
#2048 = CARTESIAN_POINT('',(7.5014340016,6.104518551004));
#2049 = CARTESIAN_POINT('',(16.162803258872,3.801116805846));
#2050 = CARTESIAN_POINT('',(23.411215188413,-1.05985029286));
#2051 = ( GEOMETRIC_REPRESENTATION_CONTEXT(2) 
PARAMETRIC_REPRESENTATION_CONTEXT() REPRESENTATION_CONTEXT('2D SPACE',''
  ) );
#2052 = ORIENTED_EDGE('',*,*,#414,.T.);
#2053 = ORIENTED_EDGE('',*,*,#2054,.T.);
#2054 = EDGE_CURVE('',#417,#2055,#2057,.T.);
#2055 = VERTEX_POINT('',#2056);
#2056 = CARTESIAN_POINT('',(5.686804267716,19.230184185695,
    -5.5089505622E-05));
#2057 = SURFACE_CURVE('',#2058,(#2066,#2073),.PCURVE_S1.);
#2058 = ( BOUNDED_CURVE() B_SPLINE_CURVE(6,(#2059,#2060,#2061,#2062,
#2063,#2064,#2065),.UNSPECIFIED.,.F.,.F.) B_SPLINE_CURVE_WITH_KNOTS((7,7
),(0.,1.299888745028),.PIECEWISE_BEZIER_KNOTS.) CURVE() 
GEOMETRIC_REPRESENTATION_ITEM() RATIONAL_B_SPLINE_CURVE((1.034528697882,
    1.034528697882,1.034528697882,1.034528697882,1.034528697882,
1.034528697882,1.034528697882)) REPRESENTATION_ITEM('') );
#2059 = CARTESIAN_POINT('',(-12.45517976142,15.648274572974,
    23.000000000058));
#2060 = CARTESIAN_POINT('',(-9.940330903497,17.6256574445,
    19.166659870563));
#2061 = CARTESIAN_POINT('',(-7.054893781809,19.127414519753,
    15.333318721299));
#2062 = CARTESIAN_POINT('',(-3.909611195675,20.06788637914,
    11.499976723571));
#2063 = CARTESIAN_POINT('',(-0.641651379599,20.395265650615,
    7.666633780696));
#2064 = CARTESIAN_POINT('',(2.60230860929,20.103990975535,3.833289783564
    ));
#2065 = CARTESIAN_POINT('',(5.686804267738,19.230184185726,
    -5.50894474145E-05));
#2066 = PCURVE('',#446,#2067);
#2067 = DEFINITIONAL_REPRESENTATION('',(#2068),#2072);
#2068 = LINE('',#2069,#2070);
#2069 = CARTESIAN_POINT('',(5.303127045127,0.));
#2070 = VECTOR('',#2071,1.);
#2071 = DIRECTION('',(0.,1.));
#2072 = ( GEOMETRIC_REPRESENTATION_CONTEXT(2) 
PARAMETRIC_REPRESENTATION_CONTEXT() REPRESENTATION_CONTEXT('2D SPACE',''
  ) );
#2073 = PCURVE('',#677,#2074);
#2074 = DEFINITIONAL_REPRESENTATION('',(#2075),#2079);
#2075 = LINE('',#2076,#2077);
#2076 = CARTESIAN_POINT('',(0.,0.));
#2077 = VECTOR('',#2078,1.);
#2078 = DIRECTION('',(0.,1.));
#2079 = ( GEOMETRIC_REPRESENTATION_CONTEXT(2) 
PARAMETRIC_REPRESENTATION_CONTEXT() REPRESENTATION_CONTEXT('2D SPACE',''
  ) );
#2080 = ORIENTED_EDGE('',*,*,#2081,.F.);
#2081 = EDGE_CURVE('',#1998,#2055,#2082,.T.);
#2082 = SURFACE_CURVE('',#2083,(#2091,#2098),.PCURVE_S1.);
#2083 = ( BOUNDED_CURVE() B_SPLINE_CURVE(6,(#2084,#2085,#2086,#2087,
#2088,#2089,#2090),.UNSPECIFIED.,.F.,.F.) B_SPLINE_CURVE_WITH_KNOTS((7,7
),(3.657195460274,5.303127045127),.PIECEWISE_BEZIER_KNOTS.) CURVE() 
GEOMETRIC_REPRESENTATION_ITEM() RATIONAL_B_SPLINE_CURVE((1.034528697882,
    1.01097830576,0.99772132383,0.993378161011,0.99772132383,
1.01097830576,1.034528697882)) REPRESENTATION_ITEM('') );
#2084 = CARTESIAN_POINT('',(-31.98424286904,44.906261796772,
    3.764236171264E-04));
#2085 = CARTESIAN_POINT('',(-23.47619692776,46.850903379906,
    2.829699369613E-04));
#2086 = CARTESIAN_POINT('',(-14.56418425471,45.901689433318,
    1.835348957684E-04));
#2087 = CARTESIAN_POINT('',(-6.324569601071,42.080377843115,
    9.00799932424E-05));
#2088 = CARTESIAN_POINT('',(0.244588086411,35.808229950315,
    1.390383113176E-05));
#2089 = CARTESIAN_POINT('',(4.38630208504,27.860199869814,
    -3.618854680099E-05));
#2090 = CARTESIAN_POINT('',(5.686804267738,19.230184185726,
    -5.50894474145E-05));
#2091 = PCURVE('',#446,#2092);
#2092 = DEFINITIONAL_REPRESENTATION('',(#2093),#2097);
#2093 = LINE('',#2094,#2095);
#2094 = CARTESIAN_POINT('',(0.,1.299888745028));
#2095 = VECTOR('',#2096,1.);
#2096 = DIRECTION('',(1.,0.));
#2097 = ( GEOMETRIC_REPRESENTATION_CONTEXT(2) 
PARAMETRIC_REPRESENTATION_CONTEXT() REPRESENTATION_CONTEXT('2D SPACE',''
  ) );
#2098 = PCURVE('',#2099,#2104);
#2099 = PLANE('',#2100);
#2100 = AXIS2_PLACEMENT_3D('',#2101,#2102,#2103);
#2101 = CARTESIAN_POINT('',(-9.321970959663,37.228654825832,
    1.208494843965E-04));
#2102 = DIRECTION('',(1.11023389707E-05,-5.1707131796E-07,0.999999999938
    ));
#2103 = DIRECTION('',(0.674515233916,-0.738260928909,-7.870430319835E-06
    ));
#2104 = DEFINITIONAL_REPRESENTATION('',(#2105),#2113);
#2105 = ( BOUNDED_CURVE() B_SPLINE_CURVE(6,(#2106,#2107,#2108,#2109,
#2110,#2111,#2112),.UNSPECIFIED.,.F.,.F.) B_SPLINE_CURVE_WITH_KNOTS((7,7
),(3.657195460274,5.303127045127),.PIECEWISE_BEZIER_KNOTS.) CURVE() 
GEOMETRIC_REPRESENTATION_ITEM() RATIONAL_B_SPLINE_CURVE((1.034528697882,
    1.01097830576,0.99772132383,0.993378161011,0.99772132383,
1.01097830576,1.034528697882)) REPRESENTATION_ITEM('') );
#2106 = CARTESIAN_POINT('',(-20.9541248942,-11.55200704979));
#2107 = CARTESIAN_POINT('',(-16.65097119677,-3.959158777183));
#2108 = CARTESIAN_POINT('',(-9.938915313226,1.979972710409));
#2109 = CARTESIAN_POINT('',(-1.560044662772,5.485425397544));
#2110 = CARTESIAN_POINT('',(7.501434001622,6.10451855102));
#2111 = CARTESIAN_POINT('',(16.16280325884,3.801116805857));
#2112 = CARTESIAN_POINT('',(23.41121518839,-1.059850292851));
#2113 = ( GEOMETRIC_REPRESENTATION_CONTEXT(2) 
PARAMETRIC_REPRESENTATION_CONTEXT() REPRESENTATION_CONTEXT('2D SPACE',''
  ) );
#2114 = ADVANCED_FACE('',(#2115),#527,.T.);
#2115 = FACE_BOUND('',#2116,.T.);
#2116 = EDGE_LOOP('',(#2117,#2118,#2147));
#2117 = ORIENTED_EDGE('',*,*,#510,.T.);
#2118 = ORIENTED_EDGE('',*,*,#2119,.T.);
#2119 = EDGE_CURVE('',#511,#1996,#2120,.T.);
#2120 = SURFACE_CURVE('',#2121,(#2129,#2140),.PCURVE_S1.);
#2121 = ( BOUNDED_CURVE() B_SPLINE_CURVE(6,(#2122,#2123,#2124,#2125,
#2126,#2127,#2128),.UNSPECIFIED.,.F.,.F.) B_SPLINE_CURVE_WITH_KNOTS((7,7
),(0.866160108316,2.750714663897),.PIECEWISE_BEZIER_KNOTS.) CURVE() 
GEOMETRIC_REPRESENTATION_ITEM() RATIONAL_B_SPLINE_CURVE((1.045542649213,
    1.014256129069,0.997016338506,0.991367549879,0.997016338506,
1.014256129069,1.045542649213)) REPRESENTATION_ITEM('') );
#2122 = CARTESIAN_POINT('',(-11.97542076234,16.018404963193,23.));
#2123 = CARTESIAN_POINT('',(-19.01075005726,22.000157747505,
    22.999999999971));
#2124 = CARTESIAN_POINT('',(-28.06935131327,25.054607768921,
    23.000000000087));
#2125 = CARTESIAN_POINT('',(-37.78450796942,24.568627848494,23.));
#2126 = CARTESIAN_POINT('',(-46.64525146289,20.555191654945,
    23.000000000058));
#2127 = CARTESIAN_POINT('',(-53.30214684014,13.694166543108,
    23.000000000029));
#2128 = CARTESIAN_POINT('',(-56.82051984404,5.156117816048,
    23.000000000029));
#2129 = PCURVE('',#527,#2130);
#2130 = DEFINITIONAL_REPRESENTATION('',(#2131),#2139);
#2131 = ( BOUNDED_CURVE() B_SPLINE_CURVE(6,(#2132,#2133,#2134,#2135,
#2136,#2137,#2138),.UNSPECIFIED.,.F.,.F.) B_SPLINE_CURVE_WITH_KNOTS((7,7
),(0.866160108316,2.750714663897),.PIECEWISE_BEZIER_KNOTS.) CURVE() 
GEOMETRIC_REPRESENTATION_ITEM() RATIONAL_B_SPLINE_CURVE((1.045542649213,
    1.014256129069,0.997016338506,0.991367549879,0.997016338506,
1.014256129069,1.045542649213)) REPRESENTATION_ITEM('') );
#2132 = CARTESIAN_POINT('',(23.89097418749,-0.68971990264));
#2133 = CARTESIAN_POINT('',(16.855644892576,5.292032881672));
#2134 = CARTESIAN_POINT('',(7.797043636567,8.346482903088));
#2135 = CARTESIAN_POINT('',(-1.918113019585,7.86050298266));
#2136 = CARTESIAN_POINT('',(-10.77885651305,3.847066789111));
#2137 = CARTESIAN_POINT('',(-17.4357518903,-3.013958322726));
#2138 = CARTESIAN_POINT('',(-20.9541248942,-11.55200704978));
#2139 = ( GEOMETRIC_REPRESENTATION_CONTEXT(2) 
PARAMETRIC_REPRESENTATION_CONTEXT() REPRESENTATION_CONTEXT('2D SPACE',''
  ) );
#2140 = PCURVE('',#565,#2141);
#2141 = DEFINITIONAL_REPRESENTATION('',(#2142),#2146);
#2142 = LINE('',#2143,#2144);
#2143 = CARTESIAN_POINT('',(0.,0.));
#2144 = VECTOR('',#2145,1.);
#2145 = DIRECTION('',(1.,0.));
#2146 = ( GEOMETRIC_REPRESENTATION_CONTEXT(2) 
PARAMETRIC_REPRESENTATION_CONTEXT() REPRESENTATION_CONTEXT('2D SPACE',''
  ) );
#2147 = ORIENTED_EDGE('',*,*,#2024,.T.);
#2148 = ADVANCED_FACE('',(#2149),#677,.F.);
#2149 = FACE_BOUND('',#2150,.F.);
#2150 = EDGE_LOOP('',(#2151,#2152,#2153,#2180));
#2151 = ORIENTED_EDGE('',*,*,#2054,.F.);
#2152 = ORIENTED_EDGE('',*,*,#625,.F.);
#2153 = ORIENTED_EDGE('',*,*,#2154,.T.);
#2154 = EDGE_CURVE('',#544,#2155,#2157,.T.);
#2155 = VERTEX_POINT('',#2156);
#2156 = CARTESIAN_POINT('',(6.283661826921,19.125655448152,
    -6.1770057073E-05));
#2157 = SURFACE_CURVE('',#2158,(#2166,#2173),.PCURVE_S1.);
#2158 = B_SPLINE_CURVE_WITH_KNOTS('',6,(#2159,#2160,#2161,#2162,#2163,
    #2164,#2165),.UNSPECIFIED.,.F.,.F.,(7,7),(0.,1.299888745028),
  .PIECEWISE_BEZIER_KNOTS.);
#2159 = CARTESIAN_POINT('',(-11.97542076235,16.01840496319,
    22.999999999971));
#2160 = CARTESIAN_POINT('',(-9.409340401978,17.92938211691,
    19.166658757551));
#2161 = CARTESIAN_POINT('',(-6.483701613689,19.356224038459,
    15.333316494841));
#2162 = CARTESIAN_POINT('',(-3.311013712668,20.215560572036,
    11.49997338456));
#2163 = CARTESIAN_POINT('',(-2.957915930758E-02,20.458367837828,
    7.666629327366));
#2164 = CARTESIAN_POINT('',(3.213634486737,20.082076123272,
    3.833284216831));
#2165 = CARTESIAN_POINT('',(6.283661826914,19.125655448146,
    -6.177008617847E-05));
#2166 = PCURVE('',#677,#2167);
#2167 = DEFINITIONAL_REPRESENTATION('',(#2168),#2172);
#2168 = LINE('',#2169,#2170);
#2169 = CARTESIAN_POINT('',(0.605941583809,0.));
#2170 = VECTOR('',#2171,1.);
#2171 = DIRECTION('',(0.,1.));
#2172 = ( GEOMETRIC_REPRESENTATION_CONTEXT(2) 
PARAMETRIC_REPRESENTATION_CONTEXT() REPRESENTATION_CONTEXT('2D SPACE',''
  ) );
#2173 = PCURVE('',#565,#2174);
#2174 = DEFINITIONAL_REPRESENTATION('',(#2175),#2179);
#2175 = LINE('',#2176,#2177);
#2176 = CARTESIAN_POINT('',(0.866160108316,0.));
#2177 = VECTOR('',#2178,1.);
#2178 = DIRECTION('',(0.,1.));
#2179 = ( GEOMETRIC_REPRESENTATION_CONTEXT(2) 
PARAMETRIC_REPRESENTATION_CONTEXT() REPRESENTATION_CONTEXT('2D SPACE',''
  ) );
#2180 = ORIENTED_EDGE('',*,*,#2181,.F.);
#2181 = EDGE_CURVE('',#2055,#2155,#2182,.T.);
#2182 = SURFACE_CURVE('',#2183,(#2186,#2193),.PCURVE_S1.);
#2183 = B_SPLINE_CURVE_WITH_KNOTS('',1,(#2184,#2185),.UNSPECIFIED.,.F.,
  .F.,(2,2),(0.,0.605941583809),.PIECEWISE_BEZIER_KNOTS.);
#2184 = CARTESIAN_POINT('',(5.686804267716,19.230184185695,
    -5.508950562216E-05));
#2185 = CARTESIAN_POINT('',(6.283661826914,19.125655448146,
    -6.177008617847E-05));
#2186 = PCURVE('',#677,#2187);
#2187 = DEFINITIONAL_REPRESENTATION('',(#2188),#2192);
#2188 = LINE('',#2189,#2190);
#2189 = CARTESIAN_POINT('',(0.,1.299888745028));
#2190 = VECTOR('',#2191,1.);
#2191 = DIRECTION('',(1.,0.));
#2192 = ( GEOMETRIC_REPRESENTATION_CONTEXT(2) 
PARAMETRIC_REPRESENTATION_CONTEXT() REPRESENTATION_CONTEXT('2D SPACE',''
  ) );
#2193 = PCURVE('',#2099,#2194);
#2194 = DEFINITIONAL_REPRESENTATION('',(#2195),#2198);
#2195 = B_SPLINE_CURVE_WITH_KNOTS('',1,(#2196,#2197),.UNSPECIFIED.,.F.,
  .F.,(2,2),(0.,0.605941583809),.PIECEWISE_BEZIER_KNOTS.);
#2196 = CARTESIAN_POINT('',(23.411215188398,-1.059850292889));
#2197 = CARTESIAN_POINT('',(23.890974187488,-0.689719902644));
#2198 = ( GEOMETRIC_REPRESENTATION_CONTEXT(2) 
PARAMETRIC_REPRESENTATION_CONTEXT() REPRESENTATION_CONTEXT('2D SPACE',''
  ) );
#2199 = ADVANCED_FACE('',(#2200),#565,.F.);
#2200 = FACE_BOUND('',#2201,.F.);
#2201 = EDGE_LOOP('',(#2202,#2203,#2204,#2205,#2234));
#2202 = ORIENTED_EDGE('',*,*,#543,.F.);
#2203 = ORIENTED_EDGE('',*,*,#2119,.T.);
#2204 = ORIENTED_EDGE('',*,*,#1995,.T.);
#2205 = ORIENTED_EDGE('',*,*,#2206,.F.);
#2206 = EDGE_CURVE('',#2155,#1998,#2207,.T.);
#2207 = SURFACE_CURVE('',#2208,(#2216,#2223),.PCURVE_S1.);
#2208 = ( BOUNDED_CURVE() B_SPLINE_CURVE(6,(#2209,#2210,#2211,#2212,
#2213,#2214,#2215),.UNSPECIFIED.,.F.,.F.) B_SPLINE_CURVE_WITH_KNOTS((7,7
),(0.866160108316,2.750714663897),.PIECEWISE_BEZIER_KNOTS.) CURVE() 
GEOMETRIC_REPRESENTATION_ITEM() RATIONAL_B_SPLINE_CURVE((1.045542649213,
    1.014256129069,0.997016338506,0.991367549879,0.997016338506,
1.014256129069,1.045542649213)) REPRESENTATION_ITEM('') );
#2209 = CARTESIAN_POINT('',(6.283661826921,19.125655448152,
    -6.177005707286E-05));
#2210 = CARTESIAN_POINT('',(5.954319408687,28.354347567394,
    -5.334176239558E-05));
#2211 = CARTESIAN_POINT('',(2.09913597352,37.102232016099,
    -6.0168094933E-06));
#2212 = CARTESIAN_POINT('',(-4.812665178411,43.946751733834,
    7.425938383676E-05));
#2213 = CARTESIAN_POINT('',(-13.75233478077,47.781168603047,
    1.754933327902E-04));
#2214 = CARTESIAN_POINT('',(-23.30773889535,48.067828409403,
    2.817288623191E-04));
#2215 = CARTESIAN_POINT('',(-31.98424286904,44.906261796801,
    3.764235880226E-04));
#2216 = PCURVE('',#565,#2217);
#2217 = DEFINITIONAL_REPRESENTATION('',(#2218),#2222);
#2218 = LINE('',#2219,#2220);
#2219 = CARTESIAN_POINT('',(0.,1.299888745028));
#2220 = VECTOR('',#2221,1.);
#2221 = DIRECTION('',(1.,0.));
#2222 = ( GEOMETRIC_REPRESENTATION_CONTEXT(2) 
PARAMETRIC_REPRESENTATION_CONTEXT() REPRESENTATION_CONTEXT('2D SPACE',''
  ) );
#2223 = PCURVE('',#2099,#2224);
#2224 = DEFINITIONAL_REPRESENTATION('',(#2225),#2233);
#2225 = ( BOUNDED_CURVE() B_SPLINE_CURVE(6,(#2226,#2227,#2228,#2229,
#2230,#2231,#2232),.UNSPECIFIED.,.F.,.F.) B_SPLINE_CURVE_WITH_KNOTS((7,7
),(0.866160108316,2.750714663897),.PIECEWISE_BEZIER_KNOTS.) CURVE() 
GEOMETRIC_REPRESENTATION_ITEM() RATIONAL_B_SPLINE_CURVE((1.045542649213,
    1.014256129069,0.997016338506,0.991367549879,0.997016338506,
1.014256129069,1.045542649213)) REPRESENTATION_ITEM('') );
#2226 = CARTESIAN_POINT('',(23.890974187489,-0.689719902636));
#2227 = CARTESIAN_POINT('',(16.855644892586,5.292032881672));
#2228 = CARTESIAN_POINT('',(7.797043636566,8.346482903091));
#2229 = CARTESIAN_POINT('',(-1.918113019592,7.860502982658));
#2230 = CARTESIAN_POINT('',(-10.77885651304,3.847066789104));
#2231 = CARTESIAN_POINT('',(-17.43575189031,-3.013958322708));
#2232 = CARTESIAN_POINT('',(-20.95412489422,-11.55200704977));
#2233 = ( GEOMETRIC_REPRESENTATION_CONTEXT(2) 
PARAMETRIC_REPRESENTATION_CONTEXT() REPRESENTATION_CONTEXT('2D SPACE',''
  ) );
#2234 = ORIENTED_EDGE('',*,*,#2154,.F.);
#2235 = ADVANCED_FACE('',(#2236),#752,.F.);
#2236 = FACE_BOUND('',#2237,.F.);
#2237 = EDGE_LOOP('',(#2238,#2267,#2296,#2297,#2324));
#2238 = ORIENTED_EDGE('',*,*,#2239,.F.);
#2239 = EDGE_CURVE('',#2240,#2242,#2244,.T.);
#2240 = VERTEX_POINT('',#2241);
#2241 = CARTESIAN_POINT('',(-22.46226570876,-52.44619762679,
    23.000000000029));
#2242 = VERTEX_POINT('',#2243);
#2243 = CARTESIAN_POINT('',(-52.59206750305,-16.54202455031,
    3.76423588023E-04));
#2244 = SURFACE_CURVE('',#2245,(#2253,#2260),.PCURVE_S1.);
#2245 = ( BOUNDED_CURVE() B_SPLINE_CURVE(6,(#2246,#2247,#2248,#2249,
#2250,#2251,#2252),.UNSPECIFIED.,.F.,.F.) B_SPLINE_CURVE_WITH_KNOTS((7,7
),(0.,1.299888745028),.PIECEWISE_BEZIER_KNOTS.) CURVE() 
GEOMETRIC_REPRESENTATION_ITEM() RATIONAL_B_SPLINE_CURVE((1.034528697882,
    1.034528697882,1.034528697882,1.034528697882,1.034528697882,
1.034528697882,1.034528697882)) REPRESENTATION_ITEM('') );
#2246 = CARTESIAN_POINT('',(-22.46226570873,-52.4461976268,
    23.000000000058));
#2247 = CARTESIAN_POINT('',(-29.85477752788,-48.92696253444,
    19.166731760342));
#2248 = CARTESIAN_POINT('',(-36.59464696544,-44.15765849313,
    15.333462513867));
#2249 = CARTESIAN_POINT('',(-42.41780250979,-38.28786113901,
    11.500192427862));
#2250 = CARTESIAN_POINT('',(-47.10509326026,-31.54202481381,
    7.666921409196));
#2251 = CARTESIAN_POINT('',(-50.51547316189,-24.19682333866,
    3.833649349108));
#2252 = CARTESIAN_POINT('',(-52.59206750302,-16.54202455032,
    3.764236171264E-04));
#2253 = PCURVE('',#752,#2254);
#2254 = DEFINITIONAL_REPRESENTATION('',(#2255),#2259);
#2255 = LINE('',#2256,#2257);
#2256 = CARTESIAN_POINT('',(3.657195460274,0.));
#2257 = VECTOR('',#2258,1.);
#2258 = DIRECTION('',(0.,1.));
#2259 = ( GEOMETRIC_REPRESENTATION_CONTEXT(2) 
PARAMETRIC_REPRESENTATION_CONTEXT() REPRESENTATION_CONTEXT('2D SPACE',''
  ) );
#2260 = PCURVE('',#871,#2261);
#2261 = DEFINITIONAL_REPRESENTATION('',(#2262),#2266);
#2262 = LINE('',#2263,#2264);
#2263 = CARTESIAN_POINT('',(2.750714663897,0.));
#2264 = VECTOR('',#2265,1.);
#2265 = DIRECTION('',(0.,1.));
#2266 = ( GEOMETRIC_REPRESENTATION_CONTEXT(2) 
PARAMETRIC_REPRESENTATION_CONTEXT() REPRESENTATION_CONTEXT('2D SPACE',''
  ) );
#2267 = ORIENTED_EDGE('',*,*,#2268,.T.);
#2268 = EDGE_CURVE('',#2240,#721,#2269,.T.);
#2269 = SURFACE_CURVE('',#2270,(#2278,#2285),.PCURVE_S1.);
#2270 = ( BOUNDED_CURVE() B_SPLINE_CURVE(6,(#2271,#2272,#2273,#2274,
#2275,#2276,#2277),.UNSPECIFIED.,.F.,.F.) B_SPLINE_CURVE_WITH_KNOTS((7,7
),(3.657195460274,5.303127045127),.PIECEWISE_BEZIER_KNOTS.) CURVE() 
GEOMETRIC_REPRESENTATION_ITEM() RATIONAL_B_SPLINE_CURVE((1.034528697882,
    1.01097830576,0.99772132383,0.993378161011,0.99772132383,
1.01097830576,1.034528697882)) REPRESENTATION_ITEM('') );
#2271 = CARTESIAN_POINT('',(-22.46226570873,-52.4461976268,
    23.000000000058));
#2272 = CARTESIAN_POINT('',(-28.35374591376,-46.00733611029,
    23.000000000058));
#2273 = CARTESIAN_POINT('',(-31.92805628093,-37.788499063,
    23.000000000029));
#2274 = CARTESIAN_POINT('',(-32.67272647693,-28.73647507842,23.));
#2275 = CARTESIAN_POINT('',(-30.46136815328,-19.92718644186,23.));
#2276 = CARTESIAN_POINT('',(-25.59419261885,-12.40152505382,23.));
#2277 = CARTESIAN_POINT('',(-18.73125571567,-7.009997098037,
    23.000000000058));
#2278 = PCURVE('',#752,#2279);
#2279 = DEFINITIONAL_REPRESENTATION('',(#2280),#2284);
#2280 = LINE('',#2281,#2282);
#2281 = CARTESIAN_POINT('',(0.,0.));
#2282 = VECTOR('',#2283,1.);
#2283 = DIRECTION('',(1.,0.));
#2284 = ( GEOMETRIC_REPRESENTATION_CONTEXT(2) 
PARAMETRIC_REPRESENTATION_CONTEXT() REPRESENTATION_CONTEXT('2D SPACE',''
  ) );
#2285 = PCURVE('',#833,#2286);
#2286 = DEFINITIONAL_REPRESENTATION('',(#2287),#2295);
#2287 = ( BOUNDED_CURVE() B_SPLINE_CURVE(6,(#2288,#2289,#2290,#2291,
#2292,#2293,#2294),.UNSPECIFIED.,.F.,.F.) B_SPLINE_CURVE_WITH_KNOTS((7,7
),(3.657195460274,5.303127045127),.PIECEWISE_BEZIER_KNOTS.) CURVE() 
GEOMETRIC_REPRESENTATION_ITEM() RATIONAL_B_SPLINE_CURVE((1.034528697882,
    1.01097830576,0.99772132383,0.993378161011,0.99772132383,
1.01097830576,1.034528697882)) REPRESENTATION_ITEM('') );
#2288 = CARTESIAN_POINT('',(-20.9541248942,-11.55200704981));
#2289 = CARTESIAN_POINT('',(-16.65097119678,-3.959158777169));
#2290 = CARTESIAN_POINT('',(-9.938915313212,1.979972710399));
#2291 = CARTESIAN_POINT('',(-1.560044662785,5.485425397524));
#2292 = CARTESIAN_POINT('',(7.5014340016,6.104518551004));
#2293 = CARTESIAN_POINT('',(16.162803258872,3.801116805846));
#2294 = CARTESIAN_POINT('',(23.411215188413,-1.05985029286));
#2295 = ( GEOMETRIC_REPRESENTATION_CONTEXT(2) 
PARAMETRIC_REPRESENTATION_CONTEXT() REPRESENTATION_CONTEXT('2D SPACE',''
  ) );
#2296 = ORIENTED_EDGE('',*,*,#720,.T.);
#2297 = ORIENTED_EDGE('',*,*,#2298,.T.);
#2298 = EDGE_CURVE('',#723,#2299,#2301,.T.);
#2299 = VERTEX_POINT('',#2300);
#2300 = CARTESIAN_POINT('',(-16.53167281695,11.350925974046,
    -5.5089505622E-05));
#2301 = SURFACE_CURVE('',#2302,(#2310,#2317),.PCURVE_S1.);
#2302 = ( BOUNDED_CURVE() B_SPLINE_CURVE(6,(#2303,#2304,#2305,#2306,
#2307,#2308,#2309),.UNSPECIFIED.,.F.,.F.) B_SPLINE_CURVE_WITH_KNOTS((7,7
),(0.,1.299888745028),.PIECEWISE_BEZIER_KNOTS.) CURVE() 
GEOMETRIC_REPRESENTATION_ITEM() RATIONAL_B_SPLINE_CURVE((1.034528697882,
    1.034528697882,1.034528697882,1.034528697882,1.034528697882,
1.034528697882,1.034528697882)) REPRESENTATION_ITEM('') );
#2303 = CARTESIAN_POINT('',(-18.73125571567,-7.009997098037,
    23.000000000058));
#2304 = CARTESIAN_POINT('',(-19.83472754546,-4.007188792519,
    19.166659870563));
#2305 = CARTESIAN_POINT('',(-20.37133429097,-0.798906557902,
    15.333318721299));
#2306 = CARTESIAN_POINT('',(-20.29383041001,2.483056728512,
    11.499976723571));
#2307 = CARTESIAN_POINT('',(-19.59533147934,5.692236965074,
    7.666633780696));
#2308 = CARTESIAN_POINT('',(-18.31587403594,8.687417426477,
    3.833289783564));
#2309 = CARTESIAN_POINT('',(-16.53167281697,11.350925974077,
    -5.50894474145E-05));
#2310 = PCURVE('',#752,#2311);
#2311 = DEFINITIONAL_REPRESENTATION('',(#2312),#2316);
#2312 = LINE('',#2313,#2314);
#2313 = CARTESIAN_POINT('',(5.303127045127,0.));
#2314 = VECTOR('',#2315,1.);
#2315 = DIRECTION('',(0.,1.));
#2316 = ( GEOMETRIC_REPRESENTATION_CONTEXT(2) 
PARAMETRIC_REPRESENTATION_CONTEXT() REPRESENTATION_CONTEXT('2D SPACE',''
  ) );
#2317 = PCURVE('',#983,#2318);
#2318 = DEFINITIONAL_REPRESENTATION('',(#2319),#2323);
#2319 = LINE('',#2320,#2321);
#2320 = CARTESIAN_POINT('',(0.,0.));
#2321 = VECTOR('',#2322,1.);
#2322 = DIRECTION('',(0.,1.));
#2323 = ( GEOMETRIC_REPRESENTATION_CONTEXT(2) 
PARAMETRIC_REPRESENTATION_CONTEXT() REPRESENTATION_CONTEXT('2D SPACE',''
  ) );
#2324 = ORIENTED_EDGE('',*,*,#2325,.F.);
#2325 = EDGE_CURVE('',#2242,#2299,#2326,.T.);
#2326 = SURFACE_CURVE('',#2327,(#2335,#2342),.PCURVE_S1.);
#2327 = ( BOUNDED_CURVE() B_SPLINE_CURVE(6,(#2328,#2329,#2330,#2331,
#2332,#2333,#2334),.UNSPECIFIED.,.F.,.F.) B_SPLINE_CURVE_WITH_KNOTS((7,7
),(3.657195460274,5.303127045127),.PIECEWISE_BEZIER_KNOTS.) CURVE() 
GEOMETRIC_REPRESENTATION_ITEM() RATIONAL_B_SPLINE_CURVE((1.034528697882,
    1.01097830576,0.99772132383,0.993378161011,0.99772132383,
1.01097830576,1.034528697882)) REPRESENTATION_ITEM('') );
#2328 = CARTESIAN_POINT('',(-52.59206750302,-16.54202455032,
    3.764236171264E-04));
#2329 = CARTESIAN_POINT('',(-51.81240076774,-7.849464719766,
    2.829699369613E-04));
#2330 = CARTESIAN_POINT('',(-48.15568128843,0.333039765442,
    1.835348957684E-04));
#2331 = CARTESIAN_POINT('',(-41.97521704469,6.988528751381,
    9.00799932424E-05));
#2332 = CARTESIAN_POINT('',(-33.98006855592,11.297968686522,
    1.390383113176E-05));
#2333 = CARTESIAN_POINT('',(-25.14118274473,12.780896406872,
    -3.618854680099E-05));
#2334 = CARTESIAN_POINT('',(-16.53167281697,11.350925974077,
    -5.50894474145E-05));
#2335 = PCURVE('',#752,#2336);
#2336 = DEFINITIONAL_REPRESENTATION('',(#2337),#2341);
#2337 = LINE('',#2338,#2339);
#2338 = CARTESIAN_POINT('',(0.,1.299888745028));
#2339 = VECTOR('',#2340,1.);
#2340 = DIRECTION('',(1.,0.));
#2341 = ( GEOMETRIC_REPRESENTATION_CONTEXT(2) 
PARAMETRIC_REPRESENTATION_CONTEXT() REPRESENTATION_CONTEXT('2D SPACE',''
  ) );
#2342 = PCURVE('',#2343,#2348);
#2343 = PLANE('',#2344);
#2344 = AXIS2_PLACEMENT_3D('',#2345,#2346,#2347);
#2345 = CARTESIAN_POINT('',(-38.28720221261,2.638565793,
    1.208494843965E-04));
#2346 = DIRECTION('',(3.922575465593E-06,1.039916799965E-05,
    0.999999999938));
#2347 = DIRECTION('',(0.91056453741,0.413366935241,-7.870430319835E-06)
  );
#2348 = DEFINITIONAL_REPRESENTATION('',(#2349),#2357);
#2349 = ( BOUNDED_CURVE() B_SPLINE_CURVE(6,(#2350,#2351,#2352,#2353,
#2354,#2355,#2356),.UNSPECIFIED.,.F.,.F.) B_SPLINE_CURVE_WITH_KNOTS((7,7
),(3.657195460274,5.303127045127),.PIECEWISE_BEZIER_KNOTS.) CURVE() 
GEOMETRIC_REPRESENTATION_ITEM() RATIONAL_B_SPLINE_CURVE((1.034528697882,
    1.01097830576,0.99772132383,0.993378161011,0.99772132383,
1.01097830576,1.034528697882)) REPRESENTATION_ITEM('') );
#2350 = CARTESIAN_POINT('',(-20.9541248942,-11.55200704979));
#2351 = CARTESIAN_POINT('',(-16.65097119677,-3.959158777183));
#2352 = CARTESIAN_POINT('',(-9.938915313226,1.979972710409));
#2353 = CARTESIAN_POINT('',(-1.560044662772,5.485425397544));
#2354 = CARTESIAN_POINT('',(7.501434001622,6.10451855102));
#2355 = CARTESIAN_POINT('',(16.16280325884,3.801116805857));
#2356 = CARTESIAN_POINT('',(23.41121518839,-1.059850292851));
#2357 = ( GEOMETRIC_REPRESENTATION_CONTEXT(2) 
PARAMETRIC_REPRESENTATION_CONTEXT() REPRESENTATION_CONTEXT('2D SPACE',''
  ) );
#2358 = ADVANCED_FACE('',(#2359),#983,.F.);
#2359 = FACE_BOUND('',#2360,.F.);
#2360 = EDGE_LOOP('',(#2361,#2362,#2363,#2390));
#2361 = ORIENTED_EDGE('',*,*,#2298,.F.);
#2362 = ORIENTED_EDGE('',*,*,#931,.F.);
#2363 = ORIENTED_EDGE('',*,*,#2364,.T.);
#2364 = EDGE_CURVE('',#850,#2365,#2367,.T.);
#2365 = VERTEX_POINT('',#2366);
#2366 = CARTESIAN_POINT('',(-16.24782095095,11.886270088727,
    -6.1770057073E-05));
#2367 = SURFACE_CURVE('',#2368,(#2376,#2383),.PCURVE_S1.);
#2368 = B_SPLINE_CURVE_WITH_KNOTS('',6,(#2369,#2370,#2371,#2372,#2373,
    #2374,#2375),.UNSPECIFIED.,.F.,.F.,(7,7),(0.,1.299888745028),
  .PIECEWISE_BEZIER_KNOTS.);
#2369 = CARTESIAN_POINT('',(-18.93501695125,-6.439342595005,
    22.999999999971));
#2370 = CARTESIAN_POINT('',(-19.9595017855,-3.408330730573,
    19.166658757551));
#2371 = CARTESIAN_POINT('',(-20.41243698773,-0.1849644946,
    15.333316494841));
#2372 = CARTESIAN_POINT('',(-20.24930011841,3.0979906006,11.49997338456)
  );
#2373 = CARTESIAN_POINT('',(-19.46620450783,6.293851886857,
    7.666629327366));
#2374 = CARTESIAN_POINT('',(-18.10612168766,9.262050824024,
    3.833284216831));
#2375 = CARTESIAN_POINT('',(-16.24782095095,11.886270088718,
    -6.177008617847E-05));
#2376 = PCURVE('',#983,#2377);
#2377 = DEFINITIONAL_REPRESENTATION('',(#2378),#2382);
#2378 = LINE('',#2379,#2380);
#2379 = CARTESIAN_POINT('',(0.605941583809,0.));
#2380 = VECTOR('',#2381,1.);
#2381 = DIRECTION('',(0.,1.));
#2382 = ( GEOMETRIC_REPRESENTATION_CONTEXT(2) 
PARAMETRIC_REPRESENTATION_CONTEXT() REPRESENTATION_CONTEXT('2D SPACE',''
  ) );
#2383 = PCURVE('',#871,#2384);
#2384 = DEFINITIONAL_REPRESENTATION('',(#2385),#2389);
#2385 = LINE('',#2386,#2387);
#2386 = CARTESIAN_POINT('',(0.866160108316,0.));
#2387 = VECTOR('',#2388,1.);
#2388 = DIRECTION('',(0.,1.));
#2389 = ( GEOMETRIC_REPRESENTATION_CONTEXT(2) 
PARAMETRIC_REPRESENTATION_CONTEXT() REPRESENTATION_CONTEXT('2D SPACE',''
  ) );
#2390 = ORIENTED_EDGE('',*,*,#2391,.F.);
#2391 = EDGE_CURVE('',#2299,#2365,#2392,.T.);
#2392 = SURFACE_CURVE('',#2393,(#2396,#2403),.PCURVE_S1.);
#2393 = B_SPLINE_CURVE_WITH_KNOTS('',1,(#2394,#2395),.UNSPECIFIED.,.F.,
  .F.,(2,2),(0.,0.605941583809),.PIECEWISE_BEZIER_KNOTS.);
#2394 = CARTESIAN_POINT('',(-16.53167281695,11.350925974046,
    -5.508950562216E-05));
#2395 = CARTESIAN_POINT('',(-16.24782095095,11.886270088718,
    -6.177008617847E-05));
#2396 = PCURVE('',#983,#2397);
#2397 = DEFINITIONAL_REPRESENTATION('',(#2398),#2402);
#2398 = LINE('',#2399,#2400);
#2399 = CARTESIAN_POINT('',(0.,1.299888745028));
#2400 = VECTOR('',#2401,1.);
#2401 = DIRECTION('',(1.,0.));
#2402 = ( GEOMETRIC_REPRESENTATION_CONTEXT(2) 
PARAMETRIC_REPRESENTATION_CONTEXT() REPRESENTATION_CONTEXT('2D SPACE',''
  ) );
#2403 = PCURVE('',#2343,#2404);
#2404 = DEFINITIONAL_REPRESENTATION('',(#2405),#2408);
#2405 = B_SPLINE_CURVE_WITH_KNOTS('',1,(#2406,#2407),.UNSPECIFIED.,.F.,
  .F.,(2,2),(0.,0.605941583809),.PIECEWISE_BEZIER_KNOTS.);
#2406 = CARTESIAN_POINT('',(23.411215188398,-1.059850292889));
#2407 = CARTESIAN_POINT('',(23.890974187488,-0.689719902644));
#2408 = ( GEOMETRIC_REPRESENTATION_CONTEXT(2) 
PARAMETRIC_REPRESENTATION_CONTEXT() REPRESENTATION_CONTEXT('2D SPACE',''
  ) );
#2409 = ADVANCED_FACE('',(#2410),#871,.F.);
#2410 = FACE_BOUND('',#2411,.F.);
#2411 = EDGE_LOOP('',(#2412,#2413,#2442,#2443,#2472));
#2412 = ORIENTED_EDGE('',*,*,#849,.F.);
#2413 = ORIENTED_EDGE('',*,*,#2414,.T.);
#2414 = EDGE_CURVE('',#817,#2240,#2415,.T.);
#2415 = SURFACE_CURVE('',#2416,(#2424,#2431),.PCURVE_S1.);
#2416 = ( BOUNDED_CURVE() B_SPLINE_CURVE(6,(#2417,#2418,#2419,#2420,
#2421,#2422,#2423),.UNSPECIFIED.,.F.,.F.) B_SPLINE_CURVE_WITH_KNOTS((7,7
),(0.866160108316,2.750714663897),.PIECEWISE_BEZIER_KNOTS.) CURVE() 
GEOMETRIC_REPRESENTATION_ITEM() RATIONAL_B_SPLINE_CURVE((1.045542649213,
    1.014256129069,0.997016338506,0.991367549879,0.997016338506,
1.014256129069,1.045542649213)) REPRESENTATION_ITEM('') );
#2417 = CARTESIAN_POINT('',(-18.93501695125,-6.439342595001,23.));
#2418 = CARTESIAN_POINT('',(-26.79803822879,-11.28187509871,
    22.999999999971));
#2419 = CARTESIAN_POINT('',(-32.50225455873,-18.95323988667,
    23.000000000087));
#2420 = CARTESIAN_POINT('',(-35.04220869838,-28.34307898566,23.));
#2421 = CARTESIAN_POINT('',(-33.96332437605,-38.01036681399,
    23.000000000058));
#2422 = CARTESIAN_POINT('',(-29.49519553632,-46.46162389921,
    23.000000000029));
#2423 = CARTESIAN_POINT('',(-22.46226570876,-52.44619762679,
    23.000000000029));
#2424 = PCURVE('',#871,#2425);
#2425 = DEFINITIONAL_REPRESENTATION('',(#2426),#2430);
#2426 = LINE('',#2427,#2428);
#2427 = CARTESIAN_POINT('',(0.,0.));
#2428 = VECTOR('',#2429,1.);
#2429 = DIRECTION('',(1.,0.));
#2430 = ( GEOMETRIC_REPRESENTATION_CONTEXT(2) 
PARAMETRIC_REPRESENTATION_CONTEXT() REPRESENTATION_CONTEXT('2D SPACE',''
  ) );
#2431 = PCURVE('',#833,#2432);
#2432 = DEFINITIONAL_REPRESENTATION('',(#2433),#2441);
#2433 = ( BOUNDED_CURVE() B_SPLINE_CURVE(6,(#2434,#2435,#2436,#2437,
#2438,#2439,#2440),.UNSPECIFIED.,.F.,.F.) B_SPLINE_CURVE_WITH_KNOTS((7,7
),(0.866160108316,2.750714663897),.PIECEWISE_BEZIER_KNOTS.) CURVE() 
GEOMETRIC_REPRESENTATION_ITEM() RATIONAL_B_SPLINE_CURVE((1.045542649213,
    1.014256129069,0.997016338506,0.991367549879,0.997016338506,
1.014256129069,1.045542649213)) REPRESENTATION_ITEM('') );
#2434 = CARTESIAN_POINT('',(23.89097418749,-0.68971990264));
#2435 = CARTESIAN_POINT('',(16.855644892576,5.292032881672));
#2436 = CARTESIAN_POINT('',(7.797043636567,8.346482903088));
#2437 = CARTESIAN_POINT('',(-1.918113019585,7.86050298266));
#2438 = CARTESIAN_POINT('',(-10.77885651305,3.847066789111));
#2439 = CARTESIAN_POINT('',(-17.4357518903,-3.013958322726));
#2440 = CARTESIAN_POINT('',(-20.9541248942,-11.55200704978));
#2441 = ( GEOMETRIC_REPRESENTATION_CONTEXT(2) 
PARAMETRIC_REPRESENTATION_CONTEXT() REPRESENTATION_CONTEXT('2D SPACE',''
  ) );
#2442 = ORIENTED_EDGE('',*,*,#2239,.T.);
#2443 = ORIENTED_EDGE('',*,*,#2444,.F.);
#2444 = EDGE_CURVE('',#2365,#2242,#2445,.T.);
#2445 = SURFACE_CURVE('',#2446,(#2454,#2461),.PCURVE_S1.);
#2446 = ( BOUNDED_CURVE() B_SPLINE_CURVE(6,(#2447,#2448,#2449,#2450,
#2451,#2452,#2453),.UNSPECIFIED.,.F.,.F.) B_SPLINE_CURVE_WITH_KNOTS((7,7
),(0.866160108316,2.750714663897),.PIECEWISE_BEZIER_KNOTS.) CURVE() 
GEOMETRIC_REPRESENTATION_ITEM() RATIONAL_B_SPLINE_CURVE((1.045542649213,
    1.014256129069,0.997016338506,0.991367549879,0.997016338506,
1.014256129069,1.045542649213)) REPRESENTATION_ITEM('') );
#2447 = CARTESIAN_POINT('',(-16.24782095095,11.886270088727,
    -6.177005707286E-05));
#2448 = CARTESIAN_POINT('',(-25.12660113204,14.424869536473,
    -5.334176239558E-05));
#2449 = CARTESIAN_POINT('',(-34.63765083868,13.461617168423,
    -6.0168094933E-06));
#2450 = CARTESIAN_POINT('',(-43.28303993483,9.003176554657,
    7.425938383676E-05));
#2451 = CARTESIAN_POINT('',(-49.69229691571,1.68594550191,
    1.754933327902E-04));
#2452 = CARTESIAN_POINT('',(-52.91770885203,-7.313201095327,
    2.817288623191E-04));
#2453 = CARTESIAN_POINT('',(-52.59206750305,-16.54202455031,
    3.764235880226E-04));
#2454 = PCURVE('',#871,#2455);
#2455 = DEFINITIONAL_REPRESENTATION('',(#2456),#2460);
#2456 = LINE('',#2457,#2458);
#2457 = CARTESIAN_POINT('',(0.,1.299888745028));
#2458 = VECTOR('',#2459,1.);
#2459 = DIRECTION('',(1.,0.));
#2460 = ( GEOMETRIC_REPRESENTATION_CONTEXT(2) 
PARAMETRIC_REPRESENTATION_CONTEXT() REPRESENTATION_CONTEXT('2D SPACE',''
  ) );
#2461 = PCURVE('',#2343,#2462);
#2462 = DEFINITIONAL_REPRESENTATION('',(#2463),#2471);
#2463 = ( BOUNDED_CURVE() B_SPLINE_CURVE(6,(#2464,#2465,#2466,#2467,
#2468,#2469,#2470),.UNSPECIFIED.,.F.,.F.) B_SPLINE_CURVE_WITH_KNOTS((7,7
),(0.866160108316,2.750714663897),.PIECEWISE_BEZIER_KNOTS.) CURVE() 
GEOMETRIC_REPRESENTATION_ITEM() RATIONAL_B_SPLINE_CURVE((1.045542649213,
    1.014256129069,0.997016338506,0.991367549879,0.997016338506,
1.014256129069,1.045542649213)) REPRESENTATION_ITEM('') );
#2464 = CARTESIAN_POINT('',(23.890974187489,-0.689719902636));
#2465 = CARTESIAN_POINT('',(16.855644892586,5.292032881672));
#2466 = CARTESIAN_POINT('',(7.797043636566,8.346482903091));
#2467 = CARTESIAN_POINT('',(-1.918113019592,7.860502982658));
#2468 = CARTESIAN_POINT('',(-10.77885651304,3.847066789104));
#2469 = CARTESIAN_POINT('',(-17.43575189031,-3.013958322708));
#2470 = CARTESIAN_POINT('',(-20.95412489422,-11.55200704977));
#2471 = ( GEOMETRIC_REPRESENTATION_CONTEXT(2) 
PARAMETRIC_REPRESENTATION_CONTEXT() REPRESENTATION_CONTEXT('2D SPACE',''
  ) );
#2472 = ORIENTED_EDGE('',*,*,#2364,.F.);
#2473 = ADVANCED_FACE('',(#2474),#833,.T.);
#2474 = FACE_BOUND('',#2475,.T.);
#2475 = EDGE_LOOP('',(#2476,#2477,#2478));
#2476 = ORIENTED_EDGE('',*,*,#816,.T.);
#2477 = ORIENTED_EDGE('',*,*,#2414,.T.);
#2478 = ORIENTED_EDGE('',*,*,#2268,.T.);
#2479 = ADVANCED_FACE('',(#2480),#1058,.F.);
#2480 = FACE_BOUND('',#2481,.F.);
#2481 = EDGE_LOOP('',(#2482,#2511,#2540,#2541,#2568));
#2482 = ORIENTED_EDGE('',*,*,#2483,.F.);
#2483 = EDGE_CURVE('',#2484,#2486,#2488,.T.);
#2484 = VERTEX_POINT('',#2485);
#2485 = CARTESIAN_POINT('',(42.938076171692,-37.5696505301,
    23.000000000029));
#2486 = VERTEX_POINT('',#2487);
#2487 = CARTESIAN_POINT('',(-0.51944238647,-55.12979521162,
    3.76423588023E-04));
#2488 = SURFACE_CURVE('',#2489,(#2497,#2504),.PCURVE_S1.);
#2489 = ( BOUNDED_CURVE() B_SPLINE_CURVE(6,(#2490,#2491,#2492,#2493,
#2494,#2495,#2496),.UNSPECIFIED.,.F.,.F.) B_SPLINE_CURVE_WITH_KNOTS((7,7
),(0.,1.299888745028),.PIECEWISE_BEZIER_KNOTS.) CURVE() 
GEOMETRIC_REPRESENTATION_ITEM() RATIONAL_B_SPLINE_CURVE((1.034528697882,
    1.034528697882,1.034528697882,1.034528697882,1.034528697882,
1.034528697882,1.034528697882)) REPRESENTATION_ITEM('') );
#2490 = CARTESIAN_POINT('',(42.93807617171,-37.56965053007,
    23.000000000058));
#2491 = CARTESIAN_POINT('',(37.306672921518,-43.51284361672,
    19.166731760342));
#2492 = CARTESIAN_POINT('',(30.688061038755,-48.44904436419,
    15.333462513867));
#2493 = CARTESIAN_POINT('',(23.306097991696,-52.17332725409,
    11.500192427862));
#2494 = CARTESIAN_POINT('',(15.441973897279,-54.54662760033,
    7.666921409196));
#2495 = CARTESIAN_POINT('',(7.402406823962,-55.52029954589,
    3.833649349108));
#2496 = CARTESIAN_POINT('',(-0.519442386453,-55.1297952116,
    3.764236171264E-04));
#2497 = PCURVE('',#1058,#2498);
#2498 = DEFINITIONAL_REPRESENTATION('',(#2499),#2503);
#2499 = LINE('',#2500,#2501);
#2500 = CARTESIAN_POINT('',(3.657195460274,0.));
#2501 = VECTOR('',#2502,1.);
#2502 = DIRECTION('',(0.,1.));
#2503 = ( GEOMETRIC_REPRESENTATION_CONTEXT(2) 
PARAMETRIC_REPRESENTATION_CONTEXT() REPRESENTATION_CONTEXT('2D SPACE',''
  ) );
#2504 = PCURVE('',#1177,#2505);
#2505 = DEFINITIONAL_REPRESENTATION('',(#2506),#2510);
#2506 = LINE('',#2507,#2508);
#2507 = CARTESIAN_POINT('',(2.750714663897,0.));
#2508 = VECTOR('',#2509,1.);
#2509 = DIRECTION('',(0.,1.));
#2510 = ( GEOMETRIC_REPRESENTATION_CONTEXT(2) 
PARAMETRIC_REPRESENTATION_CONTEXT() REPRESENTATION_CONTEXT('2D SPACE',''
  ) );
#2511 = ORIENTED_EDGE('',*,*,#2512,.T.);
#2512 = EDGE_CURVE('',#2484,#1027,#2513,.T.);
#2513 = SURFACE_CURVE('',#2514,(#2522,#2529),.PCURVE_S1.);
#2514 = ( BOUNDED_CURVE() B_SPLINE_CURVE(6,(#2515,#2516,#2517,#2518,
#2519,#2520,#2521),.UNSPECIFIED.,.F.,.F.) B_SPLINE_CURVE_WITH_KNOTS((7,7
),(3.657195460274,5.303127045127),.PIECEWISE_BEZIER_KNOTS.) CURVE() 
GEOMETRIC_REPRESENTATION_ITEM() RATIONAL_B_SPLINE_CURVE((1.034528697882,
    1.01097830576,0.99772132383,0.993378161011,0.99772132383,
1.01097830576,1.034528697882)) REPRESENTATION_ITEM('') );
#2515 = CARTESIAN_POINT('',(42.93807617171,-37.56965053007,
    23.000000000058));
#2516 = CARTESIAN_POINT('',(34.993787463538,-41.18306353666,
    23.000000000058));
#2517 = CARTESIAN_POINT('',(26.072686286713,-42.04267438101,
    23.000000000029));
#2518 = CARTESIAN_POINT('',(17.233584144747,-39.95366857868,23.));
#2519 = CARTESIAN_POINT('',(9.538800085683,-35.12832193806,23.));
#2520 = CARTESIAN_POINT('',(3.885510737901,-28.17380566727,23.));
#2521 = CARTESIAN_POINT('',(0.878627077171,-19.98069104059,
    23.000000000058));
#2522 = PCURVE('',#1058,#2523);
#2523 = DEFINITIONAL_REPRESENTATION('',(#2524),#2528);
#2524 = LINE('',#2525,#2526);
#2525 = CARTESIAN_POINT('',(0.,0.));
#2526 = VECTOR('',#2527,1.);
#2527 = DIRECTION('',(1.,0.));
#2528 = ( GEOMETRIC_REPRESENTATION_CONTEXT(2) 
PARAMETRIC_REPRESENTATION_CONTEXT() REPRESENTATION_CONTEXT('2D SPACE',''
  ) );
#2529 = PCURVE('',#1139,#2530);
#2530 = DEFINITIONAL_REPRESENTATION('',(#2531),#2539);
#2531 = ( BOUNDED_CURVE() B_SPLINE_CURVE(6,(#2532,#2533,#2534,#2535,
#2536,#2537,#2538),.UNSPECIFIED.,.F.,.F.) B_SPLINE_CURVE_WITH_KNOTS((7,7
),(3.657195460274,5.303127045127),.PIECEWISE_BEZIER_KNOTS.) CURVE() 
GEOMETRIC_REPRESENTATION_ITEM() RATIONAL_B_SPLINE_CURVE((1.034528697882,
    1.01097830576,0.99772132383,0.993378161011,0.99772132383,
1.01097830576,1.034528697882)) REPRESENTATION_ITEM('') );
#2532 = CARTESIAN_POINT('',(-20.9541248942,-11.55200704981));
#2533 = CARTESIAN_POINT('',(-16.65097119678,-3.959158777169));
#2534 = CARTESIAN_POINT('',(-9.938915313212,1.979972710399));
#2535 = CARTESIAN_POINT('',(-1.560044662785,5.485425397524));
#2536 = CARTESIAN_POINT('',(7.5014340016,6.104518551004));
#2537 = CARTESIAN_POINT('',(16.162803258872,3.801116805846));
#2538 = CARTESIAN_POINT('',(23.411215188413,-1.05985029286));
#2539 = ( GEOMETRIC_REPRESENTATION_CONTEXT(2) 
PARAMETRIC_REPRESENTATION_CONTEXT() REPRESENTATION_CONTEXT('2D SPACE',''
  ) );
#2540 = ORIENTED_EDGE('',*,*,#1026,.T.);
#2541 = ORIENTED_EDGE('',*,*,#2542,.T.);
#2542 = EDGE_CURVE('',#1029,#2543,#2545,.T.);
#2543 = VERTEX_POINT('',#2544);
#2544 = CARTESIAN_POINT('',(-15.90393995948,-12.21492612995,
    -5.5089505622E-05));
#2545 = SURFACE_CURVE('',#2546,(#2554,#2561),.PCURVE_S1.);
#2546 = ( BOUNDED_CURVE() B_SPLINE_CURVE(6,(#2547,#2548,#2549,#2550,
#2551,#2552,#2553),.UNSPECIFIED.,.F.,.F.) B_SPLINE_CURVE_WITH_KNOTS((7,7
),(0.,1.299888745028),.PIECEWISE_BEZIER_KNOTS.) CURVE() 
GEOMETRIC_REPRESENTATION_ITEM() RATIONAL_B_SPLINE_CURVE((1.034528697882,
    1.034528697882,1.034528697882,1.034528697882,1.034528697882,
1.034528697882,1.034528697882)) REPRESENTATION_ITEM('') );
#2547 = CARTESIAN_POINT('',(0.878627077171,-19.98069104059,
    23.000000000058));
#2548 = CARTESIAN_POINT('',(-2.318204877196,-20.10223631761,
    19.166659870563));
#2549 = CARTESIAN_POINT('',(-5.535283206202,-19.62116592637,
    15.333318721299));
#2550 = CARTESIAN_POINT('',(-8.63266575964,-18.53327292492,
    11.499976723571));
#2551 = CARTESIAN_POINT('',(-11.46892949545,-16.87726973418,
    7.666633780696));
#2552 = CARTESIAN_POINT('',(-13.92214129716,-14.73487173151,
    3.833289783564));
#2553 = CARTESIAN_POINT('',(-15.90393995952,-12.21492612996,
    -5.50894474145E-05));
#2554 = PCURVE('',#1058,#2555);
#2555 = DEFINITIONAL_REPRESENTATION('',(#2556),#2560);
#2556 = LINE('',#2557,#2558);
#2557 = CARTESIAN_POINT('',(5.303127045127,0.));
#2558 = VECTOR('',#2559,1.);
#2559 = DIRECTION('',(0.,1.));
#2560 = ( GEOMETRIC_REPRESENTATION_CONTEXT(2) 
PARAMETRIC_REPRESENTATION_CONTEXT() REPRESENTATION_CONTEXT('2D SPACE',''
  ) );
#2561 = PCURVE('',#1289,#2562);
#2562 = DEFINITIONAL_REPRESENTATION('',(#2563),#2567);
#2563 = LINE('',#2564,#2565);
#2564 = CARTESIAN_POINT('',(0.,0.));
#2565 = VECTOR('',#2566,1.);
#2566 = DIRECTION('',(0.,1.));
#2567 = ( GEOMETRIC_REPRESENTATION_CONTEXT(2) 
PARAMETRIC_REPRESENTATION_CONTEXT() REPRESENTATION_CONTEXT('2D SPACE',''
  ) );
#2568 = ORIENTED_EDGE('',*,*,#2569,.F.);
#2569 = EDGE_CURVE('',#2486,#2543,#2570,.T.);
#2570 = SURFACE_CURVE('',#2571,(#2579,#2586),.PCURVE_S1.);
#2571 = ( BOUNDED_CURVE() B_SPLINE_CURVE(6,(#2572,#2573,#2574,#2575,
#2576,#2577,#2578),.UNSPECIFIED.,.F.,.F.) B_SPLINE_CURVE_WITH_KNOTS((7,7
),(3.657195460274,5.303127045127),.PIECEWISE_BEZIER_KNOTS.) CURVE() 
GEOMETRIC_REPRESENTATION_ITEM() RATIONAL_B_SPLINE_CURVE((1.034528697882,
    1.01097830576,0.99772132383,0.993378161011,0.99772132383,
1.01097830576,1.034528697882)) REPRESENTATION_ITEM('') );
#2572 = CARTESIAN_POINT('',(-0.519442386453,-55.1297952116,
    3.764236171264E-04));
#2573 = CARTESIAN_POINT('',(-8.545627785437,-51.70213937021,
    2.829699369613E-04));
#2574 = CARTESIAN_POINT('',(-15.19766353293,-45.69585953867,
    1.835348957684E-04));
#2575 = CARTESIAN_POINT('',(-19.6175412177,-37.7612295434,
    9.00799932424E-05));
#2576 = CARTESIAN_POINT('',(-21.24542539402,-28.82570129821,
    1.390383113176E-05));
#2577 = CARTESIAN_POINT('',(-19.92440753865,-19.96117148367,
    -3.618854680099E-05));
#2578 = CARTESIAN_POINT('',(-15.90393995952,-12.21492612996,
    -5.50894474145E-05));
#2579 = PCURVE('',#1058,#2580);
#2580 = DEFINITIONAL_REPRESENTATION('',(#2581),#2585);
#2581 = LINE('',#2582,#2583);
#2582 = CARTESIAN_POINT('',(0.,1.299888745028));
#2583 = VECTOR('',#2584,1.);
#2584 = DIRECTION('',(1.,0.));
#2585 = ( GEOMETRIC_REPRESENTATION_CONTEXT(2) 
PARAMETRIC_REPRESENTATION_CONTEXT() REPRESENTATION_CONTEXT('2D SPACE',''
  ) );
#2586 = PCURVE('',#2587,#2592);
#2587 = PLANE('',#2588);
#2588 = AXIS2_PLACEMENT_3D('',#2589,#2590,#2591);
#2589 = CARTESIAN_POINT('',(-14.34082134187,-35.5979314842,
    1.208494843965E-04));
#2590 = DIRECTION('',(-8.678054009527E-06,6.944110596463E-06,
    0.999999999938));
#2591 = DIRECTION('',(-0.111755400847,0.993735744713,-7.870430319835E-06
    ));
#2592 = DEFINITIONAL_REPRESENTATION('',(#2593),#2601);
#2593 = ( BOUNDED_CURVE() B_SPLINE_CURVE(6,(#2594,#2595,#2596,#2597,
#2598,#2599,#2600),.UNSPECIFIED.,.F.,.F.) B_SPLINE_CURVE_WITH_KNOTS((7,7
),(3.657195460274,5.303127045127),.PIECEWISE_BEZIER_KNOTS.) CURVE() 
GEOMETRIC_REPRESENTATION_ITEM() RATIONAL_B_SPLINE_CURVE((1.034528697882,
    1.01097830576,0.99772132383,0.993378161011,0.99772132383,
1.01097830576,1.034528697882)) REPRESENTATION_ITEM('') );
#2594 = CARTESIAN_POINT('',(-20.9541248942,-11.55200704979));
#2595 = CARTESIAN_POINT('',(-16.65097119677,-3.959158777183));
#2596 = CARTESIAN_POINT('',(-9.938915313226,1.979972710409));
#2597 = CARTESIAN_POINT('',(-1.560044662772,5.485425397544));
#2598 = CARTESIAN_POINT('',(7.501434001622,6.10451855102));
#2599 = CARTESIAN_POINT('',(16.16280325884,3.801116805857));
#2600 = CARTESIAN_POINT('',(23.41121518839,-1.059850292851));
#2601 = ( GEOMETRIC_REPRESENTATION_CONTEXT(2) 
PARAMETRIC_REPRESENTATION_CONTEXT() REPRESENTATION_CONTEXT('2D SPACE',''
  ) );
#2602 = ADVANCED_FACE('',(#2603),#1289,.F.);
#2603 = FACE_BOUND('',#2604,.F.);
#2604 = EDGE_LOOP('',(#2605,#2606,#2607,#2634));
#2605 = ORIENTED_EDGE('',*,*,#2542,.F.);
#2606 = ORIENTED_EDGE('',*,*,#1237,.F.);
#2607 = ORIENTED_EDGE('',*,*,#2608,.T.);
#2608 = EDGE_CURVE('',#1156,#2609,#2611,.T.);
#2609 = VERTEX_POINT('',#2610);
#2610 = CARTESIAN_POINT('',(-16.32536741773,-11.77953653385,
    -6.1770057073E-05));
#2611 = SURFACE_CURVE('',#2612,(#2620,#2627),.PCURVE_S1.);
#2612 = B_SPLINE_CURVE_WITH_KNOTS('',6,(#2613,#2614,#2615,#2616,#2617,
    #2618,#2619),.UNSPECIFIED.,.F.,.F.,(7,7),(0.,1.299888745028),
  .PIECEWISE_BEZIER_KNOTS.);
#2613 = CARTESIAN_POINT('',(0.272936708922,-19.9981375521,
    22.999999999971));
#2614 = CARTESIAN_POINT('',(-2.926310099977,-20.0358463533,
    19.166658757551));
#2615 = CARTESIAN_POINT('',(-6.131878237944,-19.47053838283,
    15.333316494841));
#2616 = CARTESIAN_POINT('',(-9.203742008911,-18.30089708403,
    11.49997338456));
#2617 = CARTESIAN_POINT('',(-12.00119685849,-16.56855345159,
    7.666629327366));
#2618 = CARTESIAN_POINT('',(-14.40383309415,-14.35781390849,
    3.833284216831));
#2619 = CARTESIAN_POINT('',(-16.32536741772,-11.77953653385,
    -6.177008617847E-05));
#2620 = PCURVE('',#1289,#2621);
#2621 = DEFINITIONAL_REPRESENTATION('',(#2622),#2626);
#2622 = LINE('',#2623,#2624);
#2623 = CARTESIAN_POINT('',(0.605941583809,0.));
#2624 = VECTOR('',#2625,1.);
#2625 = DIRECTION('',(0.,1.));
#2626 = ( GEOMETRIC_REPRESENTATION_CONTEXT(2) 
PARAMETRIC_REPRESENTATION_CONTEXT() REPRESENTATION_CONTEXT('2D SPACE',''
  ) );
#2627 = PCURVE('',#1177,#2628);
#2628 = DEFINITIONAL_REPRESENTATION('',(#2629),#2633);
#2629 = LINE('',#2630,#2631);
#2630 = CARTESIAN_POINT('',(0.866160108316,0.));
#2631 = VECTOR('',#2632,1.);
#2632 = DIRECTION('',(0.,1.));
#2633 = ( GEOMETRIC_REPRESENTATION_CONTEXT(2) 
PARAMETRIC_REPRESENTATION_CONTEXT() REPRESENTATION_CONTEXT('2D SPACE',''
  ) );
#2634 = ORIENTED_EDGE('',*,*,#2635,.F.);
#2635 = EDGE_CURVE('',#2543,#2609,#2636,.T.);
#2636 = SURFACE_CURVE('',#2637,(#2640,#2647),.PCURVE_S1.);
#2637 = B_SPLINE_CURVE_WITH_KNOTS('',1,(#2638,#2639),.UNSPECIFIED.,.F.,
  .F.,(2,2),(0.,0.605941583809),.PIECEWISE_BEZIER_KNOTS.);
#2638 = CARTESIAN_POINT('',(-15.90393995948,-12.21492612995,
    -5.508950562216E-05));
#2639 = CARTESIAN_POINT('',(-16.32536741772,-11.77953653385,
    -6.177008617847E-05));
#2640 = PCURVE('',#1289,#2641);
#2641 = DEFINITIONAL_REPRESENTATION('',(#2642),#2646);
#2642 = LINE('',#2643,#2644);
#2643 = CARTESIAN_POINT('',(0.,1.299888745028));
#2644 = VECTOR('',#2645,1.);
#2645 = DIRECTION('',(1.,0.));
#2646 = ( GEOMETRIC_REPRESENTATION_CONTEXT(2) 
PARAMETRIC_REPRESENTATION_CONTEXT() REPRESENTATION_CONTEXT('2D SPACE',''
  ) );
#2647 = PCURVE('',#2587,#2648);
#2648 = DEFINITIONAL_REPRESENTATION('',(#2649),#2652);
#2649 = B_SPLINE_CURVE_WITH_KNOTS('',1,(#2650,#2651),.UNSPECIFIED.,.F.,
  .F.,(2,2),(0.,0.605941583809),.PIECEWISE_BEZIER_KNOTS.);
#2650 = CARTESIAN_POINT('',(23.411215188398,-1.059850292889));
#2651 = CARTESIAN_POINT('',(23.890974187488,-0.689719902644));
#2652 = ( GEOMETRIC_REPRESENTATION_CONTEXT(2) 
PARAMETRIC_REPRESENTATION_CONTEXT() REPRESENTATION_CONTEXT('2D SPACE',''
  ) );
#2653 = ADVANCED_FACE('',(#2654),#1177,.F.);
#2654 = FACE_BOUND('',#2655,.F.);
#2655 = EDGE_LOOP('',(#2656,#2657,#2686,#2687,#2716));
#2656 = ORIENTED_EDGE('',*,*,#1155,.F.);
#2657 = ORIENTED_EDGE('',*,*,#2658,.T.);
#2658 = EDGE_CURVE('',#1123,#2484,#2659,.T.);
#2659 = SURFACE_CURVE('',#2660,(#2668,#2675),.PCURVE_S1.);
#2660 = ( BOUNDED_CURVE() B_SPLINE_CURVE(6,(#2661,#2662,#2663,#2664,
#2665,#2666,#2667),.UNSPECIFIED.,.F.,.F.) B_SPLINE_CURVE_WITH_KNOTS((7,7
),(0.866160108316,2.750714663897),.PIECEWISE_BEZIER_KNOTS.) CURVE() 
GEOMETRIC_REPRESENTATION_ITEM() RATIONAL_B_SPLINE_CURVE((1.045542649213,
    1.014256129069,0.997016338506,0.991367549879,0.997016338506,
1.014256129069,1.045542649213)) REPRESENTATION_ITEM('') );
#2661 = CARTESIAN_POINT('',(0.272936708917,-19.9981375521,23.));
#2662 = CARTESIAN_POINT('',(2.448651600049,-28.97274001533,
    22.999999999971));
#2663 = CARTESIAN_POINT('',(7.981853284973,-36.76835421581,
    23.000000000087));
#2664 = CARTESIAN_POINT('',(16.127231952952,-42.08561400745,23.));
#2665 = CARTESIAN_POINT('',(25.65476262755,-44.04689027084,
    23.000000000058));
#2666 = CARTESIAN_POINT('',(35.073113493868,-42.40902928533,
    23.000000000029));
#2667 = CARTESIAN_POINT('',(42.938076171692,-37.5696505301,
    23.000000000029));
#2668 = PCURVE('',#1177,#2669);
#2669 = DEFINITIONAL_REPRESENTATION('',(#2670),#2674);
#2670 = LINE('',#2671,#2672);
#2671 = CARTESIAN_POINT('',(0.,0.));
#2672 = VECTOR('',#2673,1.);
#2673 = DIRECTION('',(1.,0.));
#2674 = ( GEOMETRIC_REPRESENTATION_CONTEXT(2) 
PARAMETRIC_REPRESENTATION_CONTEXT() REPRESENTATION_CONTEXT('2D SPACE',''
  ) );
#2675 = PCURVE('',#1139,#2676);
#2676 = DEFINITIONAL_REPRESENTATION('',(#2677),#2685);
#2677 = ( BOUNDED_CURVE() B_SPLINE_CURVE(6,(#2678,#2679,#2680,#2681,
#2682,#2683,#2684),.UNSPECIFIED.,.F.,.F.) B_SPLINE_CURVE_WITH_KNOTS((7,7
),(0.866160108316,2.750714663897),.PIECEWISE_BEZIER_KNOTS.) CURVE() 
GEOMETRIC_REPRESENTATION_ITEM() RATIONAL_B_SPLINE_CURVE((1.045542649213,
    1.014256129069,0.997016338506,0.991367549879,0.997016338506,
1.014256129069,1.045542649213)) REPRESENTATION_ITEM('') );
#2678 = CARTESIAN_POINT('',(23.89097418749,-0.68971990264));
#2679 = CARTESIAN_POINT('',(16.855644892576,5.292032881672));
#2680 = CARTESIAN_POINT('',(7.797043636567,8.346482903088));
#2681 = CARTESIAN_POINT('',(-1.918113019585,7.86050298266));
#2682 = CARTESIAN_POINT('',(-10.77885651305,3.847066789111));
#2683 = CARTESIAN_POINT('',(-17.4357518903,-3.013958322726));
#2684 = CARTESIAN_POINT('',(-20.9541248942,-11.55200704978));
#2685 = ( GEOMETRIC_REPRESENTATION_CONTEXT(2) 
PARAMETRIC_REPRESENTATION_CONTEXT() REPRESENTATION_CONTEXT('2D SPACE',''
  ) );
#2686 = ORIENTED_EDGE('',*,*,#2483,.T.);
#2687 = ORIENTED_EDGE('',*,*,#2688,.F.);
#2688 = EDGE_CURVE('',#2609,#2486,#2689,.T.);
#2689 = SURFACE_CURVE('',#2690,(#2698,#2705),.PCURVE_S1.);
#2690 = ( BOUNDED_CURVE() B_SPLINE_CURVE(6,(#2691,#2692,#2693,#2694,
#2695,#2696,#2697),.UNSPECIFIED.,.F.,.F.) B_SPLINE_CURVE_WITH_KNOTS((7,7
),(0.866160108316,2.750714663897),.PIECEWISE_BEZIER_KNOTS.) CURVE() 
GEOMETRIC_REPRESENTATION_ITEM() RATIONAL_B_SPLINE_CURVE((1.045542649213,
    1.014256129069,0.997016338506,0.991367549879,0.997016338506,
1.014256129069,1.045542649213)) REPRESENTATION_ITEM('') );
#2691 = CARTESIAN_POINT('',(-16.32536741773,-11.77953653385,
    -6.177005707286E-05));
#2692 = CARTESIAN_POINT('',(-21.48341293005,-19.43928791057,
    -5.334176239558E-05));
#2693 = CARTESIAN_POINT('',(-23.50638148227,-28.78249506247,
    -6.0168094933E-06));
#2694 = CARTESIAN_POINT('',(-21.93772463773,-38.38248261634,
    7.425938383676E-05));
#2695 = CARTESIAN_POINT('',(-16.95919369219,-46.73919697968,
    1.754933327902E-04));
#2696 = CARTESIAN_POINT('',(-9.397203781977,-52.58763525287,
    2.817288623191E-04));
#2697 = CARTESIAN_POINT('',(-0.51944238647,-55.12979521162,
    3.764235880226E-04));
#2698 = PCURVE('',#1177,#2699);
#2699 = DEFINITIONAL_REPRESENTATION('',(#2700),#2704);
#2700 = LINE('',#2701,#2702);
#2701 = CARTESIAN_POINT('',(0.,1.299888745028));
#2702 = VECTOR('',#2703,1.);
#2703 = DIRECTION('',(1.,0.));
#2704 = ( GEOMETRIC_REPRESENTATION_CONTEXT(2) 
PARAMETRIC_REPRESENTATION_CONTEXT() REPRESENTATION_CONTEXT('2D SPACE',''
  ) );
#2705 = PCURVE('',#2587,#2706);
#2706 = DEFINITIONAL_REPRESENTATION('',(#2707),#2715);
#2707 = ( BOUNDED_CURVE() B_SPLINE_CURVE(6,(#2708,#2709,#2710,#2711,
#2712,#2713,#2714),.UNSPECIFIED.,.F.,.F.) B_SPLINE_CURVE_WITH_KNOTS((7,7
),(0.866160108316,2.750714663897),.PIECEWISE_BEZIER_KNOTS.) CURVE() 
GEOMETRIC_REPRESENTATION_ITEM() RATIONAL_B_SPLINE_CURVE((1.045542649213,
    1.014256129069,0.997016338506,0.991367549879,0.997016338506,
1.014256129069,1.045542649213)) REPRESENTATION_ITEM('') );
#2708 = CARTESIAN_POINT('',(23.890974187489,-0.689719902636));
#2709 = CARTESIAN_POINT('',(16.855644892586,5.292032881672));
#2710 = CARTESIAN_POINT('',(7.797043636566,8.346482903091));
#2711 = CARTESIAN_POINT('',(-1.918113019592,7.860502982658));
#2712 = CARTESIAN_POINT('',(-10.77885651304,3.847066789104));
#2713 = CARTESIAN_POINT('',(-17.43575189031,-3.013958322708));
#2714 = CARTESIAN_POINT('',(-20.95412489422,-11.55200704977));
#2715 = ( GEOMETRIC_REPRESENTATION_CONTEXT(2) 
PARAMETRIC_REPRESENTATION_CONTEXT() REPRESENTATION_CONTEXT('2D SPACE',''
  ) );
#2716 = ORIENTED_EDGE('',*,*,#2608,.F.);
#2717 = ADVANCED_FACE('',(#2718),#1139,.T.);
#2718 = FACE_BOUND('',#2719,.T.);
#2719 = EDGE_LOOP('',(#2720,#2721,#2722));
#2720 = ORIENTED_EDGE('',*,*,#1122,.T.);
#2721 = ORIENTED_EDGE('',*,*,#2658,.T.);
#2722 = ORIENTED_EDGE('',*,*,#2512,.T.);
#2723 = ADVANCED_FACE('',(#2724),#1364,.F.);
#2724 = FACE_BOUND('',#2725,.F.);
#2725 = EDGE_LOOP('',(#2726,#2755,#2784,#2785,#2812));
#2726 = ORIENTED_EDGE('',*,*,#2727,.F.);
#2727 = EDGE_CURVE('',#2728,#2730,#2732,.T.);
#2728 = VERTEX_POINT('',#2729);
#2729 = CARTESIAN_POINT('',(48.999456194404,29.226876653737,
    23.000000000029));
#2730 = VERTEX_POINT('',#2731);
#2731 = CARTESIAN_POINT('',(52.271034453019,-17.53006268329,
    3.76423588023E-04));
#2732 = SURFACE_CURVE('',#2733,(#2741,#2748),.PCURVE_S1.);
#2733 = ( BOUNDED_CURVE() B_SPLINE_CURVE(6,(#2734,#2735,#2736,#2737,
#2738,#2739,#2740),.UNSPECIFIED.,.F.,.F.) B_SPLINE_CURVE_WITH_KNOTS((7,7
),(0.,1.299888745028),.PIECEWISE_BEZIER_KNOTS.) CURVE() 
GEOMETRIC_REPRESENTATION_ITEM() RATIONAL_B_SPLINE_CURVE((1.034528697882,
    1.034528697882,1.034528697882,1.034528697882,1.034528697882,
1.034528697882,1.034528697882)) REPRESENTATION_ITEM('') );
#2734 = CARTESIAN_POINT('',(48.999456194387,29.22687665376,
    23.000000000058));
#2735 = CARTESIAN_POINT('',(52.911569400554,22.034546232154,
    19.166731760342));
#2736 = CARTESIAN_POINT('',(55.56091173623,14.214502353609,
    15.333462513867));
#2737 = CARTESIAN_POINT('',(56.821763213803,6.042971589817,
    11.500192427862));
#2738 = CARTESIAN_POINT('',(56.648757982177,-2.169645014878,
    7.666921409196));
#2739 = CARTESIAN_POINT('',(55.090412177661,-10.11660884627,
    3.833649349108));
#2740 = CARTESIAN_POINT('',(52.271034453002,-17.53006268327,
    3.764236171264E-04));
#2741 = PCURVE('',#1364,#2742);
#2742 = DEFINITIONAL_REPRESENTATION('',(#2743),#2747);
#2743 = LINE('',#2744,#2745);
#2744 = CARTESIAN_POINT('',(3.657195460274,0.));
#2745 = VECTOR('',#2746,1.);
#2746 = DIRECTION('',(0.,1.));
#2747 = ( GEOMETRIC_REPRESENTATION_CONTEXT(2) 
PARAMETRIC_REPRESENTATION_CONTEXT() REPRESENTATION_CONTEXT('2D SPACE',''
  ) );
#2748 = PCURVE('',#1483,#2749);
#2749 = DEFINITIONAL_REPRESENTATION('',(#2750),#2754);
#2750 = LINE('',#2751,#2752);
#2751 = CARTESIAN_POINT('',(2.750714663897,0.));
#2752 = VECTOR('',#2753,1.);
#2753 = DIRECTION('',(0.,1.));
#2754 = ( GEOMETRIC_REPRESENTATION_CONTEXT(2) 
PARAMETRIC_REPRESENTATION_CONTEXT() REPRESENTATION_CONTEXT('2D SPACE',''
  ) );
#2755 = ORIENTED_EDGE('',*,*,#2756,.T.);
#2756 = EDGE_CURVE('',#2728,#1333,#2757,.T.);
#2757 = SURFACE_CURVE('',#2758,(#2766,#2773),.PCURVE_S1.);
#2758 = ( BOUNDED_CURVE() B_SPLINE_CURVE(6,(#2759,#2760,#2761,#2762,
#2763,#2764,#2765),.UNSPECIFIED.,.F.,.F.) B_SPLINE_CURVE_WITH_KNOTS((7,7
),(3.657195460274,5.303127045127),.PIECEWISE_BEZIER_KNOTS.) CURVE() 
GEOMETRIC_REPRESENTATION_ITEM() RATIONAL_B_SPLINE_CURVE((1.034528697882,
    1.01097830576,0.99772132383,0.993378161011,0.99772132383,
1.01097830576,1.034528697882)) REPRESENTATION_ITEM('') );
#2759 = CARTESIAN_POINT('',(48.999456194387,29.22687665376,
    23.000000000058));
#2760 = CARTESIAN_POINT('',(49.981095961325,20.554803083791,
    23.000000000058));
#2761 = CARTESIAN_POINT('',(48.041862584138,11.804697317593,
    23.000000000029));
#2762 = CARTESIAN_POINT('',(43.323667226373,4.043749921545,23.));
#2763 = CARTESIAN_POINT('',(36.35667081813,-1.783310483611,23.));
#2764 = CARTESIAN_POINT('',(27.995570318532,-5.010844440989,23.));
#2765 = CARTESIAN_POINT('',(19.274277112806,-5.338749083763,
    23.000000000058));
#2766 = PCURVE('',#1364,#2767);
#2767 = DEFINITIONAL_REPRESENTATION('',(#2768),#2772);
#2768 = LINE('',#2769,#2770);
#2769 = CARTESIAN_POINT('',(0.,0.));
#2770 = VECTOR('',#2771,1.);
#2771 = DIRECTION('',(1.,0.));
#2772 = ( GEOMETRIC_REPRESENTATION_CONTEXT(2) 
PARAMETRIC_REPRESENTATION_CONTEXT() REPRESENTATION_CONTEXT('2D SPACE',''
  ) );
#2773 = PCURVE('',#1445,#2774);
#2774 = DEFINITIONAL_REPRESENTATION('',(#2775),#2783);
#2775 = ( BOUNDED_CURVE() B_SPLINE_CURVE(6,(#2776,#2777,#2778,#2779,
#2780,#2781,#2782),.UNSPECIFIED.,.F.,.F.) B_SPLINE_CURVE_WITH_KNOTS((7,7
),(3.657195460274,5.303127045127),.PIECEWISE_BEZIER_KNOTS.) CURVE() 
GEOMETRIC_REPRESENTATION_ITEM() RATIONAL_B_SPLINE_CURVE((1.034528697882,
    1.01097830576,0.99772132383,0.993378161011,0.99772132383,
1.01097830576,1.034528697882)) REPRESENTATION_ITEM('') );
#2776 = CARTESIAN_POINT('',(-20.9541248942,-11.55200704981));
#2777 = CARTESIAN_POINT('',(-16.65097119678,-3.959158777169));
#2778 = CARTESIAN_POINT('',(-9.938915313212,1.979972710399));
#2779 = CARTESIAN_POINT('',(-1.560044662785,5.485425397524));
#2780 = CARTESIAN_POINT('',(7.5014340016,6.104518551004));
#2781 = CARTESIAN_POINT('',(16.162803258872,3.801116805846));
#2782 = CARTESIAN_POINT('',(23.411215188413,-1.05985029286));
#2783 = ( GEOMETRIC_REPRESENTATION_CONTEXT(2) 
PARAMETRIC_REPRESENTATION_CONTEXT() REPRESENTATION_CONTEXT('2D SPACE',''
  ) );
#2784 = ORIENTED_EDGE('',*,*,#1332,.T.);
#2785 = ORIENTED_EDGE('',*,*,#2786,.T.);
#2786 = EDGE_CURVE('',#1335,#2787,#2789,.T.);
#2787 = VERTEX_POINT('',#2788);
#2788 = CARTESIAN_POINT('',(6.702497366953,-18.90016549242,
    -5.5089505622E-05));
#2789 = SURFACE_CURVE('',#2790,(#2798,#2805),.PCURVE_S1.);
#2790 = ( BOUNDED_CURVE() B_SPLINE_CURVE(6,(#2791,#2792,#2793,#2794,
#2795,#2796,#2797),.UNSPECIFIED.,.F.,.F.) B_SPLINE_CURVE_WITH_KNOTS((7,7
),(0.,1.299888745028),.PIECEWISE_BEZIER_KNOTS.) CURVE() 
GEOMETRIC_REPRESENTATION_ITEM() RATIONAL_B_SPLINE_CURVE((1.034528697882,
    1.034528697882,1.034528697882,1.034528697882,1.034528697882,
1.034528697882,1.034528697882)) REPRESENTATION_ITEM('') );
#2791 = CARTESIAN_POINT('',(19.274277112806,-5.338749083763,
    23.000000000058));
#2792 = CARTESIAN_POINT('',(18.401998138475,-8.416676501649,
    19.166659870563));
#2793 = CARTESIAN_POINT('',(16.95034113219,-11.32764088349,
    15.333318721299));
#2794 = CARTESIAN_POINT('',(14.958549557039,-13.93724931889,
    11.499976723571));
#2795 = CARTESIAN_POINT('',(12.507143236579,-16.12296329809,
    7.666633780696));
#2796 = CARTESIAN_POINT('',(9.711517518116,-17.79406897642,
    3.833289783564));
#2797 = CARTESIAN_POINT('',(6.702497366954,-18.90016549246,
    -5.50894474145E-05));
#2798 = PCURVE('',#1364,#2799);
#2799 = DEFINITIONAL_REPRESENTATION('',(#2800),#2804);
#2800 = LINE('',#2801,#2802);
#2801 = CARTESIAN_POINT('',(5.303127045127,0.));
#2802 = VECTOR('',#2803,1.);
#2803 = DIRECTION('',(0.,1.));
#2804 = ( GEOMETRIC_REPRESENTATION_CONTEXT(2) 
PARAMETRIC_REPRESENTATION_CONTEXT() REPRESENTATION_CONTEXT('2D SPACE',''
  ) );
#2805 = PCURVE('',#1595,#2806);
#2806 = DEFINITIONAL_REPRESENTATION('',(#2807),#2811);
#2807 = LINE('',#2808,#2809);
#2808 = CARTESIAN_POINT('',(0.,0.));
#2809 = VECTOR('',#2810,1.);
#2810 = DIRECTION('',(0.,1.));
#2811 = ( GEOMETRIC_REPRESENTATION_CONTEXT(2) 
PARAMETRIC_REPRESENTATION_CONTEXT() REPRESENTATION_CONTEXT('2D SPACE',''
  ) );
#2812 = ORIENTED_EDGE('',*,*,#2813,.F.);
#2813 = EDGE_CURVE('',#2730,#2787,#2814,.T.);
#2814 = SURFACE_CURVE('',#2815,(#2823,#2830),.PCURVE_S1.);
#2815 = ( BOUNDED_CURVE() B_SPLINE_CURVE(6,(#2816,#2817,#2818,#2819,
#2820,#2821,#2822),.UNSPECIFIED.,.F.,.F.) B_SPLINE_CURVE_WITH_KNOTS((7,7
),(3.657195460274,5.303127045127),.PIECEWISE_BEZIER_KNOTS.) CURVE() 
GEOMETRIC_REPRESENTATION_ITEM() RATIONAL_B_SPLINE_CURVE((1.034528697882,
    1.01097830576,0.99772132383,0.993378161011,0.99772132383,
1.01097830576,1.034528697882)) REPRESENTATION_ITEM('') );
#2816 = CARTESIAN_POINT('',(52.271034453002,-17.53006268327,
    3.764236171264E-04));
#2817 = CARTESIAN_POINT('',(46.530912341139,-24.10421470211,
    2.829699369613E-04));
#2818 = CARTESIAN_POINT('',(38.76300867549,-28.57463410548,
    1.835348957684E-04));
#2819 = CARTESIAN_POINT('',(29.850909796451,-30.32625206619,
    9.00799932424E-05));
#2820 = CARTESIAN_POINT('',(20.849673556965,-29.11323183836,
    1.390383113176E-05));
#2821 = CARTESIAN_POINT('',(12.827221680137,-25.11757883904,
    -3.618854680099E-05));
#2822 = CARTESIAN_POINT('',(6.702497366954,-18.90016549246,
    -5.50894474145E-05));
#2823 = PCURVE('',#1364,#2824);
#2824 = DEFINITIONAL_REPRESENTATION('',(#2825),#2829);
#2825 = LINE('',#2826,#2827);
#2826 = CARTESIAN_POINT('',(0.,1.299888745028));
#2827 = VECTOR('',#2828,1.);
#2828 = DIRECTION('',(1.,0.));
#2829 = ( GEOMETRIC_REPRESENTATION_CONTEXT(2) 
PARAMETRIC_REPRESENTATION_CONTEXT() REPRESENTATION_CONTEXT('2D SPACE',''
  ) );
#2830 = PCURVE('',#2831,#2836);
#2831 = PLANE('',#2832);
#2832 = AXIS2_PLACEMENT_3D('',#2833,#2834,#2835);
#2833 = CARTESIAN_POINT('',(29.424087196748,-24.63929737942,
    1.208494843965E-04));
#2834 = DIRECTION('',(-9.285907799688E-06,-6.107471629396E-06,
    0.999999999938));
#2835 = DIRECTION('',(-0.979633173559,0.200795530827,-7.870430319835E-06
    ));
#2836 = DEFINITIONAL_REPRESENTATION('',(#2837),#2845);
#2837 = ( BOUNDED_CURVE() B_SPLINE_CURVE(6,(#2838,#2839,#2840,#2841,
#2842,#2843,#2844),.UNSPECIFIED.,.F.,.F.) B_SPLINE_CURVE_WITH_KNOTS((7,7
),(3.657195460274,5.303127045127),.PIECEWISE_BEZIER_KNOTS.) CURVE() 
GEOMETRIC_REPRESENTATION_ITEM() RATIONAL_B_SPLINE_CURVE((1.034528697882,
    1.01097830576,0.99772132383,0.993378161011,0.99772132383,
1.01097830576,1.034528697882)) REPRESENTATION_ITEM('') );
#2838 = CARTESIAN_POINT('',(-20.9541248942,-11.55200704979));
#2839 = CARTESIAN_POINT('',(-16.65097119677,-3.959158777183));
#2840 = CARTESIAN_POINT('',(-9.938915313226,1.979972710409));
#2841 = CARTESIAN_POINT('',(-1.560044662772,5.485425397544));
#2842 = CARTESIAN_POINT('',(7.501434001622,6.10451855102));
#2843 = CARTESIAN_POINT('',(16.16280325884,3.801116805857));
#2844 = CARTESIAN_POINT('',(23.41121518839,-1.059850292851));
#2845 = ( GEOMETRIC_REPRESENTATION_CONTEXT(2) 
PARAMETRIC_REPRESENTATION_CONTEXT() REPRESENTATION_CONTEXT('2D SPACE',''
  ) );
#2846 = ADVANCED_FACE('',(#2847),#1595,.F.);
#2847 = FACE_BOUND('',#2848,.F.);
#2848 = EDGE_LOOP('',(#2849,#2850,#2851,#2878));
#2849 = ORIENTED_EDGE('',*,*,#2786,.F.);
#2850 = ORIENTED_EDGE('',*,*,#1543,.F.);
#2851 = ORIENTED_EDGE('',*,*,#2852,.T.);
#2852 = EDGE_CURVE('',#1462,#2853,#2855,.T.);
#2853 = VERTEX_POINT('',#2854);
#2854 = CARTESIAN_POINT('',(6.158189007966,-19.16642403837,
    -6.1770057073E-05));
#2855 = SURFACE_CURVE('',#2856,(#2864,#2871),.PCURVE_S1.);
#2856 = B_SPLINE_CURVE_WITH_KNOTS('',6,(#2857,#2858,#2859,#2860,#2861,
    #2862,#2863),.UNSPECIFIED.,.F.,.F.,(7,7),(0.,1.299888745028),
  .PIECEWISE_BEZIER_KNOTS.);
#2857 = CARTESIAN_POINT('',(19.103701114145,-5.920186123893,
    22.999999999971));
#2858 = CARTESIAN_POINT('',(18.150942682095,-8.97450330914,
    19.166658757551));
#2859 = CARTESIAN_POINT('',(16.622727821806,-11.84849000525,
    15.333316494841));
#2860 = CARTESIAN_POINT('',(14.561074733225,-14.40856702314,
    11.49997338456));
#2861 = CARTESIAN_POINT('',(12.049056943609,-16.53378106436,
    7.666629327366));
#2862 = CARTESIAN_POINT('',(9.204063267195,-18.13566782362,
    3.833284216831));
#2863 = CARTESIAN_POINT('',(6.158189007969,-19.16642403836,
    -6.177008617847E-05));
#2864 = PCURVE('',#1595,#2865);
#2865 = DEFINITIONAL_REPRESENTATION('',(#2866),#2870);
#2866 = LINE('',#2867,#2868);
#2867 = CARTESIAN_POINT('',(0.605941583809,0.));
#2868 = VECTOR('',#2869,1.);
#2869 = DIRECTION('',(0.,1.));
#2870 = ( GEOMETRIC_REPRESENTATION_CONTEXT(2) 
PARAMETRIC_REPRESENTATION_CONTEXT() REPRESENTATION_CONTEXT('2D SPACE',''
  ) );
#2871 = PCURVE('',#1483,#2872);
#2872 = DEFINITIONAL_REPRESENTATION('',(#2873),#2877);
#2873 = LINE('',#2874,#2875);
#2874 = CARTESIAN_POINT('',(0.866160108316,0.));
#2875 = VECTOR('',#2876,1.);
#2876 = DIRECTION('',(0.,1.));
#2877 = ( GEOMETRIC_REPRESENTATION_CONTEXT(2) 
PARAMETRIC_REPRESENTATION_CONTEXT() REPRESENTATION_CONTEXT('2D SPACE',''
  ) );
#2878 = ORIENTED_EDGE('',*,*,#2879,.F.);
#2879 = EDGE_CURVE('',#2787,#2853,#2880,.T.);
#2880 = SURFACE_CURVE('',#2881,(#2884,#2891),.PCURVE_S1.);
#2881 = B_SPLINE_CURVE_WITH_KNOTS('',1,(#2882,#2883),.UNSPECIFIED.,.F.,
  .F.,(2,2),(0.,0.605941583809),.PIECEWISE_BEZIER_KNOTS.);
#2882 = CARTESIAN_POINT('',(6.702497366953,-18.90016549242,
    -5.508950562216E-05));
#2883 = CARTESIAN_POINT('',(6.158189007969,-19.16642403836,
    -6.177008617847E-05));
#2884 = PCURVE('',#1595,#2885);
#2885 = DEFINITIONAL_REPRESENTATION('',(#2886),#2890);
#2886 = LINE('',#2887,#2888);
#2887 = CARTESIAN_POINT('',(0.,1.299888745028));
#2888 = VECTOR('',#2889,1.);
#2889 = DIRECTION('',(1.,0.));
#2890 = ( GEOMETRIC_REPRESENTATION_CONTEXT(2) 
PARAMETRIC_REPRESENTATION_CONTEXT() REPRESENTATION_CONTEXT('2D SPACE',''
  ) );
#2891 = PCURVE('',#2831,#2892);
#2892 = DEFINITIONAL_REPRESENTATION('',(#2893),#2896);
#2893 = B_SPLINE_CURVE_WITH_KNOTS('',1,(#2894,#2895),.UNSPECIFIED.,.F.,
  .F.,(2,2),(0.,0.605941583809),.PIECEWISE_BEZIER_KNOTS.);
#2894 = CARTESIAN_POINT('',(23.411215188398,-1.059850292889));
#2895 = CARTESIAN_POINT('',(23.890974187488,-0.689719902644));
#2896 = ( GEOMETRIC_REPRESENTATION_CONTEXT(2) 
PARAMETRIC_REPRESENTATION_CONTEXT() REPRESENTATION_CONTEXT('2D SPACE',''
  ) );
#2897 = ADVANCED_FACE('',(#2898),#1483,.F.);
#2898 = FACE_BOUND('',#2899,.F.);
#2899 = EDGE_LOOP('',(#2900,#2901,#2930,#2931,#2960));
#2900 = ORIENTED_EDGE('',*,*,#1461,.F.);
#2901 = ORIENTED_EDGE('',*,*,#2902,.T.);
#2902 = EDGE_CURVE('',#1429,#2728,#2903,.T.);
#2903 = SURFACE_CURVE('',#2904,(#2912,#2919),.PCURVE_S1.);
#2904 = ( BOUNDED_CURVE() B_SPLINE_CURVE(6,(#2905,#2906,#2907,#2908,
#2909,#2910,#2911),.UNSPECIFIED.,.F.,.F.) B_SPLINE_CURVE_WITH_KNOTS((7,7
),(0.866160108316,2.750714663897),.PIECEWISE_BEZIER_KNOTS.) CURVE() 
GEOMETRIC_REPRESENTATION_ITEM() RATIONAL_B_SPLINE_CURVE((1.045542649213,
    1.014256129069,0.997016338506,0.991367549879,0.997016338506,
1.014256129069,1.045542649213)) REPRESENTATION_ITEM('') );
#2905 = CARTESIAN_POINT('',(19.103701114144,-5.920186123898,23.));
#2906 = CARTESIAN_POINT('',(28.311388144232,-6.624262977984,
    22.999999999971));
#2907 = CARTESIAN_POINT('',(37.435311182062,-3.770852729098,
    23.000000000087));
#2908 = CARTESIAN_POINT('',(45.009386189766,2.33273909165,23.));
#2909 = CARTESIAN_POINT('',(49.818839653193,10.787891527877,
    23.000000000058));
#2910 = CARTESIAN_POINT('',(51.17157176682,20.251402370988,
    23.000000000029));
#2911 = CARTESIAN_POINT('',(48.999456194404,29.226876653737,
    23.000000000029));
#2912 = PCURVE('',#1483,#2913);
#2913 = DEFINITIONAL_REPRESENTATION('',(#2914),#2918);
#2914 = LINE('',#2915,#2916);
#2915 = CARTESIAN_POINT('',(0.,0.));
#2916 = VECTOR('',#2917,1.);
#2917 = DIRECTION('',(1.,0.));
#2918 = ( GEOMETRIC_REPRESENTATION_CONTEXT(2) 
PARAMETRIC_REPRESENTATION_CONTEXT() REPRESENTATION_CONTEXT('2D SPACE',''
  ) );
#2919 = PCURVE('',#1445,#2920);
#2920 = DEFINITIONAL_REPRESENTATION('',(#2921),#2929);
#2921 = ( BOUNDED_CURVE() B_SPLINE_CURVE(6,(#2922,#2923,#2924,#2925,
#2926,#2927,#2928),.UNSPECIFIED.,.F.,.F.) B_SPLINE_CURVE_WITH_KNOTS((7,7
),(0.866160108316,2.750714663897),.PIECEWISE_BEZIER_KNOTS.) CURVE() 
GEOMETRIC_REPRESENTATION_ITEM() RATIONAL_B_SPLINE_CURVE((1.045542649213,
    1.014256129069,0.997016338506,0.991367549879,0.997016338506,
1.014256129069,1.045542649213)) REPRESENTATION_ITEM('') );
#2922 = CARTESIAN_POINT('',(23.89097418749,-0.68971990264));
#2923 = CARTESIAN_POINT('',(16.855644892576,5.292032881672));
#2924 = CARTESIAN_POINT('',(7.797043636567,8.346482903088));
#2925 = CARTESIAN_POINT('',(-1.918113019585,7.86050298266));
#2926 = CARTESIAN_POINT('',(-10.77885651305,3.847066789111));
#2927 = CARTESIAN_POINT('',(-17.4357518903,-3.013958322726));
#2928 = CARTESIAN_POINT('',(-20.9541248942,-11.55200704978));
#2929 = ( GEOMETRIC_REPRESENTATION_CONTEXT(2) 
PARAMETRIC_REPRESENTATION_CONTEXT() REPRESENTATION_CONTEXT('2D SPACE',''
  ) );
#2930 = ORIENTED_EDGE('',*,*,#2727,.T.);
#2931 = ORIENTED_EDGE('',*,*,#2932,.F.);
#2932 = EDGE_CURVE('',#2853,#2730,#2933,.T.);
#2933 = SURFACE_CURVE('',#2934,(#2942,#2949),.PCURVE_S1.);
#2934 = ( BOUNDED_CURVE() B_SPLINE_CURVE(6,(#2935,#2936,#2937,#2938,
#2939,#2940,#2941),.UNSPECIFIED.,.F.,.F.) B_SPLINE_CURVE_WITH_KNOTS((7,7
),(0.866160108316,2.750714663897),.PIECEWISE_BEZIER_KNOTS.) CURVE() 
GEOMETRIC_REPRESENTATION_ITEM() RATIONAL_B_SPLINE_CURVE((1.045542649213,
    1.014256129069,0.997016338506,0.991367549879,0.997016338506,
1.014256129069,1.045542649213)) REPRESENTATION_ITEM('') );
#2935 = CARTESIAN_POINT('',(6.158189007966,-19.16642403837,
    -6.177005707286E-05));
#2936 = CARTESIAN_POINT('',(11.849121746925,-26.4390101823,
    -5.334176239558E-05));
#2937 = CARTESIAN_POINT('',(20.109908130115,-31.25017739805,
    -6.0168094933E-06));
#2938 = CARTESIAN_POINT('',(29.724780472878,-32.72485538415,
    7.425938383676E-05));
#2939 = CARTESIAN_POINT('',(39.21093879215,-30.57235784223,
    1.754933327902E-04));
#2940 = CARTESIAN_POINT('',(47.109917515567,-25.18774487893,
    2.817288623191E-04));
#2941 = CARTESIAN_POINT('',(52.271034453019,-17.53006268329,
    3.764235880226E-04));
#2942 = PCURVE('',#1483,#2943);
#2943 = DEFINITIONAL_REPRESENTATION('',(#2944),#2948);
#2944 = LINE('',#2945,#2946);
#2945 = CARTESIAN_POINT('',(0.,1.299888745028));
#2946 = VECTOR('',#2947,1.);
#2947 = DIRECTION('',(1.,0.));
#2948 = ( GEOMETRIC_REPRESENTATION_CONTEXT(2) 
PARAMETRIC_REPRESENTATION_CONTEXT() REPRESENTATION_CONTEXT('2D SPACE',''
  ) );
#2949 = PCURVE('',#2831,#2950);
#2950 = DEFINITIONAL_REPRESENTATION('',(#2951),#2959);
#2951 = ( BOUNDED_CURVE() B_SPLINE_CURVE(6,(#2952,#2953,#2954,#2955,
#2956,#2957,#2958),.UNSPECIFIED.,.F.,.F.) B_SPLINE_CURVE_WITH_KNOTS((7,7
),(0.866160108316,2.750714663897),.PIECEWISE_BEZIER_KNOTS.) CURVE() 
GEOMETRIC_REPRESENTATION_ITEM() RATIONAL_B_SPLINE_CURVE((1.045542649213,
    1.014256129069,0.997016338506,0.991367549879,0.997016338506,
1.014256129069,1.045542649213)) REPRESENTATION_ITEM('') );
#2952 = CARTESIAN_POINT('',(23.890974187489,-0.689719902636));
#2953 = CARTESIAN_POINT('',(16.855644892586,5.292032881672));
#2954 = CARTESIAN_POINT('',(7.797043636566,8.346482903091));
#2955 = CARTESIAN_POINT('',(-1.918113019592,7.860502982658));
#2956 = CARTESIAN_POINT('',(-10.77885651304,3.847066789104));
#2957 = CARTESIAN_POINT('',(-17.43575189031,-3.013958322708));
#2958 = CARTESIAN_POINT('',(-20.95412489422,-11.55200704977));
#2959 = ( GEOMETRIC_REPRESENTATION_CONTEXT(2) 
PARAMETRIC_REPRESENTATION_CONTEXT() REPRESENTATION_CONTEXT('2D SPACE',''
  ) );
#2960 = ORIENTED_EDGE('',*,*,#2852,.F.);
#2961 = ADVANCED_FACE('',(#2962),#1445,.T.);
#2962 = FACE_BOUND('',#2963,.T.);
#2963 = EDGE_LOOP('',(#2964,#2965,#2966));
#2964 = ORIENTED_EDGE('',*,*,#1428,.T.);
#2965 = ORIENTED_EDGE('',*,*,#2902,.T.);
#2966 = ORIENTED_EDGE('',*,*,#2756,.T.);
#2967 = ADVANCED_FACE('',(#2968,#2971),#1680,.F.);
#2968 = FACE_BOUND('',#2969,.F.);
#2969 = EDGE_LOOP('',(#2970));
#2970 = ORIENTED_EDGE('',*,*,#1665,.T.);
#2971 = FACE_BOUND('',#2972,.F.);
#2972 = EDGE_LOOP('',(#2973,#3008,#3041,#3250,#3349));
#2973 = ORIENTED_EDGE('',*,*,#2974,.T.);
#2974 = EDGE_CURVE('',#2975,#2977,#2979,.T.);
#2975 = VERTEX_POINT('',#2976);
#2976 = CARTESIAN_POINT('',(-5.207697119473,-7.05764349566,0.));
#2977 = VERTEX_POINT('',#2978);
#2978 = CARTESIAN_POINT('',(-8.771,0.,0.));
#2979 = SURFACE_CURVE('',#2980,(#2985,#2996),.PCURVE_S1.);
#2980 = CIRCLE('',#2981,8.771);
#2981 = AXIS2_PLACEMENT_3D('',#2982,#2983,#2984);
#2982 = CARTESIAN_POINT('',(0.,0.,0.));
#2983 = DIRECTION('',(0.,0.,-1.));
#2984 = DIRECTION('',(-1.,0.,0.));
#2985 = PCURVE('',#1680,#2986);
#2986 = DEFINITIONAL_REPRESENTATION('',(#2987),#2995);
#2987 = ( BOUNDED_CURVE() B_SPLINE_CURVE(2,(#2988,#2989,#2990,#2991,
#2992,#2993,#2994),.UNSPECIFIED.,.T.,.F.) B_SPLINE_CURVE_WITH_KNOTS((1,2
    ,2,2,2,1),(-2.094395102393,0.,2.094395102393,4.188790204786,
6.28318530718,8.377580409573),.UNSPECIFIED.) CURVE() 
GEOMETRIC_REPRESENTATION_ITEM() RATIONAL_B_SPLINE_CURVE((1.,0.5,1.,0.5,
1.,0.5,1.)) REPRESENTATION_ITEM('') );
#2988 = CARTESIAN_POINT('',(-8.771,-2.8E-16));
#2989 = CARTESIAN_POINT('',(-8.771,15.191817633187));
#2990 = CARTESIAN_POINT('',(4.3855,7.595908816593));
#2991 = CARTESIAN_POINT('',(17.542,1.868275415064E-15));
#2992 = CARTESIAN_POINT('',(4.3855,-7.595908816593));
#2993 = CARTESIAN_POINT('',(-8.771,-15.19181763318));
#2994 = CARTESIAN_POINT('',(-8.771,-2.8E-16));
#2995 = ( GEOMETRIC_REPRESENTATION_CONTEXT(2) 
PARAMETRIC_REPRESENTATION_CONTEXT() REPRESENTATION_CONTEXT('2D SPACE',''
  ) );
#2996 = PCURVE('',#2997,#3002);
#2997 = CYLINDRICAL_SURFACE('',#2998,8.771);
#2998 = AXIS2_PLACEMENT_3D('',#2999,#3000,#3001);
#2999 = CARTESIAN_POINT('',(0.,0.,0.));
#3000 = DIRECTION('',(0.,0.,1.));
#3001 = DIRECTION('',(-1.,0.,0.));
#3002 = DEFINITIONAL_REPRESENTATION('',(#3003),#3007);
#3003 = LINE('',#3004,#3005);
#3004 = CARTESIAN_POINT('',(-0.,0.));
#3005 = VECTOR('',#3006,1.);
#3006 = DIRECTION('',(-1.,0.));
#3007 = ( GEOMETRIC_REPRESENTATION_CONTEXT(2) 
PARAMETRIC_REPRESENTATION_CONTEXT() REPRESENTATION_CONTEXT('2D SPACE',''
  ) );
#3008 = ORIENTED_EDGE('',*,*,#3009,.T.);
#3009 = EDGE_CURVE('',#2977,#3010,#3012,.T.);
#3010 = VERTEX_POINT('',#3011);
#3011 = CARTESIAN_POINT('',(-5.207785955584,7.057577944368,0.));
#3012 = SURFACE_CURVE('',#3013,(#3018,#3029),.PCURVE_S1.);
#3013 = CIRCLE('',#3014,8.771);
#3014 = AXIS2_PLACEMENT_3D('',#3015,#3016,#3017);
#3015 = CARTESIAN_POINT('',(0.,0.,0.));
#3016 = DIRECTION('',(0.,0.,-1.));
#3017 = DIRECTION('',(-1.,0.,0.));
#3018 = PCURVE('',#1680,#3019);
#3019 = DEFINITIONAL_REPRESENTATION('',(#3020),#3028);
#3020 = ( BOUNDED_CURVE() B_SPLINE_CURVE(2,(#3021,#3022,#3023,#3024,
#3025,#3026,#3027),.UNSPECIFIED.,.T.,.F.) B_SPLINE_CURVE_WITH_KNOTS((1,2
    ,2,2,2,1),(-2.094395102393,0.,2.094395102393,4.188790204786,
6.28318530718,8.377580409573),.UNSPECIFIED.) CURVE() 
GEOMETRIC_REPRESENTATION_ITEM() RATIONAL_B_SPLINE_CURVE((1.,0.5,1.,0.5,
1.,0.5,1.)) REPRESENTATION_ITEM('') );
#3021 = CARTESIAN_POINT('',(-8.771,-2.8E-16));
#3022 = CARTESIAN_POINT('',(-8.771,15.191817633187));
#3023 = CARTESIAN_POINT('',(4.3855,7.595908816593));
#3024 = CARTESIAN_POINT('',(17.542,1.868275415064E-15));
#3025 = CARTESIAN_POINT('',(4.3855,-7.595908816593));
#3026 = CARTESIAN_POINT('',(-8.771,-15.19181763318));
#3027 = CARTESIAN_POINT('',(-8.771,-2.8E-16));
#3028 = ( GEOMETRIC_REPRESENTATION_CONTEXT(2) 
PARAMETRIC_REPRESENTATION_CONTEXT() REPRESENTATION_CONTEXT('2D SPACE',''
  ) );
#3029 = PCURVE('',#3030,#3035);
#3030 = CYLINDRICAL_SURFACE('',#3031,8.771);
#3031 = AXIS2_PLACEMENT_3D('',#3032,#3033,#3034);
#3032 = CARTESIAN_POINT('',(0.,0.,0.));
#3033 = DIRECTION('',(0.,0.,1.));
#3034 = DIRECTION('',(-1.,0.,0.));
#3035 = DEFINITIONAL_REPRESENTATION('',(#3036),#3040);
#3036 = LINE('',#3037,#3038);
#3037 = CARTESIAN_POINT('',(-0.,0.));
#3038 = VECTOR('',#3039,1.);
#3039 = DIRECTION('',(-1.,0.));
#3040 = ( GEOMETRIC_REPRESENTATION_CONTEXT(2) 
PARAMETRIC_REPRESENTATION_CONTEXT() REPRESENTATION_CONTEXT('2D SPACE',''
  ) );
#3041 = ORIENTED_EDGE('',*,*,#3042,.T.);
#3042 = EDGE_CURVE('',#3010,#3043,#3045,.T.);
#3043 = VERTEX_POINT('',#3044);
#3044 = CARTESIAN_POINT('',(9.258199112698,3.834869499676,
    -9.71445146547E-17));
#3045 = SURFACE_CURVE('',#3046,(#3091,#3139),.PCURVE_S1.);
#3046 = B_SPLINE_CURVE_WITH_KNOTS('',7,(#3047,#3048,#3049,#3050,#3051,
    #3052,#3053,#3054,#3055,#3056,#3057,#3058,#3059,#3060,#3061,#3062,
    #3063,#3064,#3065,#3066,#3067,#3068,#3069,#3070,#3071,#3072,#3073,
    #3074,#3075,#3076,#3077,#3078,#3079,#3080,#3081,#3082,#3083,#3084,
    #3085,#3086,#3087,#3088,#3089,#3090),.UNSPECIFIED.,.F.,.F.,(8,6,6,6,
    6,6,6,8),(0.,0.198809150614,0.308521767954,0.425863778744,
    0.553233655145,0.690132432248,0.838120155376,1.),.UNSPECIFIED.);
#3047 = CARTESIAN_POINT('',(-8.128283092274,2.03210804747E-02,0.));
#3048 = CARTESIAN_POINT('',(-8.18632927349,0.726041554472,0.));
#3049 = CARTESIAN_POINT('',(-8.172429348925,1.437962347638,0.));
#3050 = CARTESIAN_POINT('',(-8.086474626313,2.146955429175,0.));
#3051 = CARTESIAN_POINT('',(-7.929890197498,2.844460809709,0.));
#3052 = CARTESIAN_POINT('',(-7.70516517254,3.52243821725,0.));
#3053 = CARTESIAN_POINT('',(-7.415813173795,4.173354990475,0.));
#3054 = CARTESIAN_POINT('',(-6.873787005675,5.130706887403,0.));
#3055 = CARTESIAN_POINT('',(-6.662756052626,5.460850377471,0.));
#3056 = CARTESIAN_POINT('',(-6.434201588988,5.779558810619,0.));
#3057 = CARTESIAN_POINT('',(-6.188958728514,6.085784723869,0.));
#3058 = CARTESIAN_POINT('',(-5.927928437378,6.378562881832,0.));
#3059 = CARTESIAN_POINT('',(-5.652073497228,6.65700769565,0.));
#3060 = CARTESIAN_POINT('',(-5.052625619658,7.201933714124,0.));
#3061 = CARTESIAN_POINT('',(-4.727033906798,7.466248302317,0.));
#3062 = CARTESIAN_POINT('',(-4.386898646778,7.712274349428,0.));
#3063 = CARTESIAN_POINT('',(-4.033526875976,7.939159904492,0.));
#3064 = CARTESIAN_POINT('',(-3.668270090071,8.14617265764,0.));
#3065 = CARTESIAN_POINT('',(-3.292520519285,8.332695363416,0.));
#3066 = CARTESIAN_POINT('',(-2.49002090003,8.677911028934,0.));
#3067 = CARTESIAN_POINT('',(-2.061634961525,8.832872751939,0.));
#3068 = CARTESIAN_POINT('',(-1.624387720712,8.962474292076,0.));
#3069 = CARTESIAN_POINT('',(-1.18012112928,9.066260356774,0.));
#3070 = CARTESIAN_POINT('',(-0.730680419779,9.143939238642,0.));
#3071 = CARTESIAN_POINT('',(-0.277911432075,9.195375516983,0.));
#3072 = CARTESIAN_POINT('',(0.664571891384,9.247706387568,0.));
#3073 = CARTESIAN_POINT('',(1.154547100775,9.244533589104,0.));
#3074 = CARTESIAN_POINT('',(1.643972706512,9.211107618807,0.));
#3075 = CARTESIAN_POINT('',(2.130625655101,9.147677327823,0.));
#3076 = CARTESIAN_POINT('',(2.612348812932,9.054681804996,0.));
#3077 = CARTESIAN_POINT('',(3.087050967425,8.93274062178,0.));
#3078 = CARTESIAN_POINT('',(4.056086140712,8.620431866113,0.));
#3079 = CARTESIAN_POINT('',(4.548933682708,8.425309097627,0.));
#3080 = CARTESIAN_POINT('',(5.028696055063,8.198310402918,0.));
#3081 = CARTESIAN_POINT('',(5.492999346698,7.940679600873,0.));
#3082 = CARTESIAN_POINT('',(5.939633477668,7.653853007808,0.));
#3083 = CARTESIAN_POINT('',(6.366547705609,7.339447713147,0.));
#3084 = CARTESIAN_POINT('',(7.21521956775,6.627169415218,0.));
#3085 = CARTESIAN_POINT('',(7.632774388966,6.224195085959,0.));
#3086 = CARTESIAN_POINT('',(8.02205361386,5.792710834439,0.));
#3087 = CARTESIAN_POINT('',(8.380926831274,5.33526562938,0.));
#3088 = CARTESIAN_POINT('',(8.70755891442,4.854559321457,0.));
#3089 = CARTESIAN_POINT('',(9.000398414768,4.353430190613,0.));
#3090 = CARTESIAN_POINT('',(9.258199122377,3.834869459185,0.));
#3091 = PCURVE('',#1680,#3092);
#3092 = DEFINITIONAL_REPRESENTATION('',(#3093),#3138);
#3093 = B_SPLINE_CURVE_WITH_KNOTS('',7,(#3094,#3095,#3096,#3097,#3098,
    #3099,#3100,#3101,#3102,#3103,#3104,#3105,#3106,#3107,#3108,#3109,
    #3110,#3111,#3112,#3113,#3114,#3115,#3116,#3117,#3118,#3119,#3120,
    #3121,#3122,#3123,#3124,#3125,#3126,#3127,#3128,#3129,#3130,#3131,
    #3132,#3133,#3134,#3135,#3136,#3137),.UNSPECIFIED.,.F.,.F.,(8,6,6,6,
    6,6,6,8),(0.,0.198809150614,0.308521767954,0.425863778744,
    0.553233655145,0.690132432248,0.838120155376,1.),.UNSPECIFIED.);
#3094 = CARTESIAN_POINT('',(-8.128283092274,2.03210804747E-02));
#3095 = CARTESIAN_POINT('',(-8.18632927349,0.726041554472));
#3096 = CARTESIAN_POINT('',(-8.172429348925,1.437962347638));
#3097 = CARTESIAN_POINT('',(-8.086474626313,2.146955429175));
#3098 = CARTESIAN_POINT('',(-7.929890197498,2.844460809709));
#3099 = CARTESIAN_POINT('',(-7.70516517254,3.52243821725));
#3100 = CARTESIAN_POINT('',(-7.415813173795,4.173354990475));
#3101 = CARTESIAN_POINT('',(-6.873787005675,5.130706887403));
#3102 = CARTESIAN_POINT('',(-6.662756052626,5.460850377471));
#3103 = CARTESIAN_POINT('',(-6.434201588988,5.779558810619));
#3104 = CARTESIAN_POINT('',(-6.188958728514,6.085784723869));
#3105 = CARTESIAN_POINT('',(-5.927928437378,6.378562881832));
#3106 = CARTESIAN_POINT('',(-5.652073497228,6.65700769565));
#3107 = CARTESIAN_POINT('',(-5.052625619658,7.201933714124));
#3108 = CARTESIAN_POINT('',(-4.727033906798,7.466248302317));
#3109 = CARTESIAN_POINT('',(-4.386898646778,7.712274349428));
#3110 = CARTESIAN_POINT('',(-4.033526875976,7.939159904492));
#3111 = CARTESIAN_POINT('',(-3.668270090071,8.14617265764));
#3112 = CARTESIAN_POINT('',(-3.292520519285,8.332695363416));
#3113 = CARTESIAN_POINT('',(-2.49002090003,8.677911028934));
#3114 = CARTESIAN_POINT('',(-2.061634961525,8.832872751939));
#3115 = CARTESIAN_POINT('',(-1.624387720712,8.962474292076));
#3116 = CARTESIAN_POINT('',(-1.18012112928,9.066260356774));
#3117 = CARTESIAN_POINT('',(-0.730680419779,9.143939238642));
#3118 = CARTESIAN_POINT('',(-0.277911432075,9.195375516983));
#3119 = CARTESIAN_POINT('',(0.664571891384,9.247706387568));
#3120 = CARTESIAN_POINT('',(1.154547100775,9.244533589104));
#3121 = CARTESIAN_POINT('',(1.643972706512,9.211107618807));
#3122 = CARTESIAN_POINT('',(2.130625655101,9.147677327823));
#3123 = CARTESIAN_POINT('',(2.612348812932,9.054681804996));
#3124 = CARTESIAN_POINT('',(3.087050967425,8.93274062178));
#3125 = CARTESIAN_POINT('',(4.056086140712,8.620431866113));
#3126 = CARTESIAN_POINT('',(4.548933682708,8.425309097627));
#3127 = CARTESIAN_POINT('',(5.028696055063,8.198310402918));
#3128 = CARTESIAN_POINT('',(5.492999346698,7.940679600873));
#3129 = CARTESIAN_POINT('',(5.939633477668,7.653853007808));
#3130 = CARTESIAN_POINT('',(6.366547705609,7.339447713147));
#3131 = CARTESIAN_POINT('',(7.21521956775,6.627169415218));
#3132 = CARTESIAN_POINT('',(7.632774388966,6.224195085959));
#3133 = CARTESIAN_POINT('',(8.02205361386,5.792710834439));
#3134 = CARTESIAN_POINT('',(8.380926831274,5.33526562938));
#3135 = CARTESIAN_POINT('',(8.70755891442,4.854559321457));
#3136 = CARTESIAN_POINT('',(9.000398414768,4.353430190613));
#3137 = CARTESIAN_POINT('',(9.258199122377,3.834869459185));
#3138 = ( GEOMETRIC_REPRESENTATION_CONTEXT(2) 
PARAMETRIC_REPRESENTATION_CONTEXT() REPRESENTATION_CONTEXT('2D SPACE',''
  ) );
#3139 = PCURVE('',#3140,#3203);
#3140 = B_SPLINE_SURFACE_WITH_KNOTS('',1,9,(
    (#3141,#3142,#3143,#3144,#3145,#3146,#3147,#3148,#3149,#3150,#3151
      ,#3152,#3153,#3154,#3155,#3156,#3157,#3158,#3159,#3160,#3161,#3162
      ,#3163,#3164,#3165,#3166,#3167,#3168,#3169,#3170,#3171)
    ,(#3172,#3173,#3174,#3175,#3176,#3177,#3178,#3179,#3180,#3181,#3182
      ,#3183,#3184,#3185,#3186,#3187,#3188,#3189,#3190,#3191,#3192,#3193
      ,#3194,#3195,#3196,#3197,#3198,#3199,#3200,#3201,#3202
  )),.UNSPECIFIED.,.F.,.F.,.F.,(2,2),(10,7,7,7,10),(0.,2.1855),(0.,
    1.69056975611,3.381139512219,5.071709268329,6.762279024438),
  .UNSPECIFIED.);
#3141 = CARTESIAN_POINT('',(-10.021,0.,-1.40625));
#3142 = CARTESIAN_POINT('',(-10.0210058425,-1.748994811734,
    -1.336805468307));
#3143 = CARTESIAN_POINT('',(-9.677585184325,-3.497978393301,
    -1.267361089201));
#3144 = CARTESIAN_POINT('',(-8.990759290925,-5.169928884101,
    -1.197916662926));
#3145 = CARTESIAN_POINT('',(-7.980691990398,-6.68773539934,
    -1.128472189941));
#3146 = CARTESIAN_POINT('',(-6.687731319814,-7.980693776943,
    -1.059027746262));
#3147 = CARTESIAN_POINT('',(-5.169921953029,-8.990757429059,
    -0.989583300035));
#3148 = CARTESIAN_POINT('',(-3.497989371393,-9.677585511251,
    -0.92013885798));
#3149 = CARTESIAN_POINT('',(-1.754794441162E-07,-10.36441531286,
    -0.781249971113));
#3150 = CARTESIAN_POINT('',(3.497989366301,-9.677589494163,
    -0.642361080585));
#3151 = CARTESIAN_POINT('',(5.169920916433,-8.990763011123,
    -0.572916634211));
#3152 = CARTESIAN_POINT('',(6.687735460543,-7.980689126671,
    -0.503472189741));
#3153 = CARTESIAN_POINT('',(7.980688122311,-6.687734143918,
    -0.434027748007));
#3154 = CARTESIAN_POINT('',(8.990760260306,-5.169918782363,
    -0.364583306104));
#3155 = CARTESIAN_POINT('',(9.677587487899,-3.497987750804,
    -0.295138861296));
#3156 = CARTESIAN_POINT('',(10.364416112471,1.210219429664E-08,
    -0.156249969909));
#3157 = CARTESIAN_POINT('',(9.677587803181,3.497987836913,
    -1.736107852223E-02));
#3158 = CARTESIAN_POINT('',(8.990760624441,5.169918962743,
    5.208336628546E-02));
#3159 = CARTESIAN_POINT('',(7.980688087478,6.687734223692,0.121527808188
    ));
#3160 = CARTESIAN_POINT('',(6.687735225662,7.980688901896,0.190972249922
    ));
#3161 = CARTESIAN_POINT('',(5.169920861921,8.990762674159,0.260416694392
    ));
#3162 = CARTESIAN_POINT('',(3.497989364511,9.677589438796,0.329861140767
    ));
#3163 = CARTESIAN_POINT('',(-1.826088787394E-07,10.364415472714,
    0.468750031294));
#3164 = CARTESIAN_POINT('',(-3.497989373182,9.677585401495,
    0.607638918162));
#3165 = CARTESIAN_POINT('',(-5.169921742783,8.990757167427,
    0.677083360236));
#3166 = CARTESIAN_POINT('',(-6.687731763088,7.980692966336,
    0.746527806374));
#3167 = CARTESIAN_POINT('',(-7.980690234709,6.687736302027,
    0.815972250237));
#3168 = CARTESIAN_POINT('',(-8.990763176006,5.169931445091,
    0.885416723003));
#3169 = CARTESIAN_POINT('',(-9.67758642073,3.497976101255,0.954861149436
    ));
#3170 = CARTESIAN_POINT('',(-10.02099818689,1.748994814128,
    1.024305528475));
#3171 = CARTESIAN_POINT('',(-10.02100402982,2.394647147241E-09,
    1.093750060184));
#3172 = CARTESIAN_POINT('',(-8.128301480029,0.,-2.499));
#3173 = CARTESIAN_POINT('',(-8.128311862555,-1.418655376013,
    -2.429563331849));
#3174 = CARTESIAN_POINT('',(-7.849750040412,-2.837301947536,
    -2.36011306141));
#3175 = CARTESIAN_POINT('',(-7.292645504161,-4.1934808483,
    -2.290667004899));
#3176 = CARTESIAN_POINT('',(-6.473348365688,-5.424596004097,
    -2.221225094044));
#3177 = CARTESIAN_POINT('',(-5.424606124727,-6.473355654538,
    -2.151780589771));
#3178 = CARTESIAN_POINT('',(-4.193464608084,-7.292645197426,
    -2.082336300099));
#3179 = CARTESIAN_POINT('',(-2.837313850033,-7.849750590649,
    -2.012891643591));
#3180 = CARTESIAN_POINT('',(1.915191034668E-06,-8.406856721841,
    -1.874002574556));
#3181 = CARTESIAN_POINT('',(2.837314441322,-7.849753719769,
    -1.73511383169));
#3182 = CARTESIAN_POINT('',(4.193461452086,-7.292650601356,
    -1.665669559262));
#3183 = CARTESIAN_POINT('',(5.424601478716,-6.473353676156,
    -1.596225117103));
#3184 = CARTESIAN_POINT('',(6.473351135065,-5.424602579444,
    -1.526780431112));
#3185 = CARTESIAN_POINT('',(7.292648351329,-4.193459956801,
    -1.457335760146));
#3186 = CARTESIAN_POINT('',(7.849752181488,-2.837311586052,
    -1.387891348073));
#3187 = CARTESIAN_POINT('',(8.406857425876,1.340696388398E-07,
    -1.249002681814));
#3188 = CARTESIAN_POINT('',(7.849752665785,2.837311949282,
    -1.110114015556));
#3189 = CARTESIAN_POINT('',(7.292648886125,4.193460472637,
    -1.040669603483));
#3190 = CARTESIAN_POINT('',(6.4733509279,5.424602894559,-0.971224932517)
  );
#3191 = CARTESIAN_POINT('',(5.424600887966,6.473353421979,
    -0.901780246526));
#3192 = CARTESIAN_POINT('',(4.193461159926,7.292650114844,
    -0.832335804367));
#3193 = CARTESIAN_POINT('',(2.837314227934,7.849753697357,
    -0.762891531939));
#3194 = CARTESIAN_POINT('',(1.677394977445E-06,8.406857005899,
    -0.624002789072));
#3195 = CARTESIAN_POINT('',(-2.837314063421,7.849750319624,
    -0.485113720038));
#3196 = CARTESIAN_POINT('',(-4.193464429751,7.292644620192,
    -0.415669063496));
#3197 = CARTESIAN_POINT('',(-5.424607085806,6.47335406877,
    -0.346224773982));
#3198 = CARTESIAN_POINT('',(-6.473345390973,5.424597434883,
    -0.276780269381));
#3199 = CARTESIAN_POINT('',(-7.292652520511,4.193485204066,
    -0.207338358915));
#3200 = CARTESIAN_POINT('',(-7.84975231357,2.837297664206,
    -0.137892302124));
#3201 = CARTESIAN_POINT('',(-8.128298295997,1.4186551626,
    -6.84420318039E-02));
#3202 = CARTESIAN_POINT('',(-8.128308641298,-2.134117362829E-07,
    9.946363758071E-04));
#3203 = DEFINITIONAL_REPRESENTATION('',(#3204),#3249);
#3204 = B_SPLINE_CURVE_WITH_KNOTS('',7,(#3205,#3206,#3207,#3208,#3209,
    #3210,#3211,#3212,#3213,#3214,#3215,#3216,#3217,#3218,#3219,#3220,
    #3221,#3222,#3223,#3224,#3225,#3226,#3227,#3228,#3229,#3230,#3231,
    #3232,#3233,#3234,#3235,#3236,#3237,#3238,#3239,#3240,#3241,#3242,
    #3243,#3244,#3245,#3246,#3247,#3248),.UNSPECIFIED.,.F.,.F.,(8,6,6,6,
    6,6,6,8),(0.,0.198809150614,0.308521767954,0.425863778744,
    0.553233655145,0.690132432248,0.838120155376,1.),.UNSPECIFIED.);
#3205 = CARTESIAN_POINT('',(2.1855,6.759588322997));
#3206 = CARTESIAN_POINT('',(2.116431025686,6.666164903535));
#3207 = CARTESIAN_POINT('',(2.047915741399,6.573500477721));
#3208 = CARTESIAN_POINT('',(1.979969898124,6.481608162537));
#3209 = CARTESIAN_POINT('',(1.912566536167,6.390449310358));
#3210 = CARTESIAN_POINT('',(1.845682265412,6.299991946928));
#3211 = CARTESIAN_POINT('',(1.779298774643,6.210211381141));
#3212 = CARTESIAN_POINT('',(1.677083366426,6.071969359181));
#3213 = CARTESIAN_POINT('',(1.640885928404,6.023013761054));
#3214 = CARTESIAN_POINT('',(1.604838445227,5.974260908706));
#3215 = CARTESIAN_POINT('',(1.568938428485,5.925707472449));
#3216 = CARTESIAN_POINT('',(1.533183120486,5.877349748904));
#3217 = CARTESIAN_POINT('',(1.497570383833,5.829184860345));
#3218 = CARTESIAN_POINT('',(1.424161816637,5.72990257146));
#3219 = CARTESIAN_POINT('',(1.386384803938,5.678810624253));
#3220 = CARTESIAN_POINT('',(1.348767315565,5.627934458246));
#3221 = CARTESIAN_POINT('',(1.311306634262,5.577270395939));
#3222 = CARTESIAN_POINT('',(1.273999693726,5.526814283169));
#3223 = CARTESIAN_POINT('',(1.236844177983,5.476562979976));
#3224 = CARTESIAN_POINT('',(1.159672293612,5.372191203489));
#3225 = CARTESIAN_POINT('',(1.119680731065,5.318104280705));
#3226 = CARTESIAN_POINT('',(1.079863803424,5.264253544833));
#3227 = CARTESIAN_POINT('',(1.040218364709,5.2106347346));
#3228 = CARTESIAN_POINT('',(1.000740794861,5.157242950265));
#3229 = CARTESIAN_POINT('',(0.961428464338,5.104074634967));
#3230 = CARTESIAN_POINT('',(0.880204638428,4.994222725193));
#3231 = CARTESIAN_POINT('',(0.838316070962,4.937570138355));
#3232 = CARTESIAN_POINT('',(0.796614504055,4.881170455351));
#3233 = CARTESIAN_POINT('',(0.755096416394,4.825018918625));
#3234 = CARTESIAN_POINT('',(0.713757676517,4.769109944656));
#3235 = CARTESIAN_POINT('',(0.672595393404,4.713439625458));
#3236 = CARTESIAN_POINT('',(0.587303540766,4.598085862708));
#3237 = CARTESIAN_POINT('',(0.543200286261,4.538438009957));
#3238 = CARTESIAN_POINT('',(0.499299290423,4.479063710509));
#3239 = CARTESIAN_POINT('',(0.45559653222,4.419957524792));
#3240 = CARTESIAN_POINT('',(0.412087192737,4.361112932897));
#3241 = CARTESIAN_POINT('',(0.36876805118,4.302525576104));
#3242 = CARTESIAN_POINT('',(0.27846215541,4.180390563917));
#3243 = CARTESIAN_POINT('',(0.231508275872,4.116887369845));
#3244 = CARTESIAN_POINT('',(0.184778017885,4.053686610291));
#3245 = CARTESIAN_POINT('',(0.138266600055,3.990781817195));
#3246 = CARTESIAN_POINT('',(9.19681348957E-02,3.928165028621));
#3247 = CARTESIAN_POINT('',(4.587890442633E-02,3.865831218535));
#3248 = CARTESIAN_POINT('',(0.,3.803781865463));
#3249 = ( GEOMETRIC_REPRESENTATION_CONTEXT(2) 
PARAMETRIC_REPRESENTATION_CONTEXT() REPRESENTATION_CONTEXT('2D SPACE',''
  ) );
#3250 = ORIENTED_EDGE('',*,*,#3251,.T.);
#3251 = EDGE_CURVE('',#3043,#3252,#3254,.T.);
#3252 = VERTEX_POINT('',#3253);
#3253 = CARTESIAN_POINT('',(9.258197949392,-3.834870615379,
    -4.683753385137E-17));
#3254 = SURFACE_CURVE('',#3255,(#3270,#3288),.PCURVE_S1.);
#3255 = B_SPLINE_CURVE_WITH_KNOTS('',4,(#3256,#3257,#3258,#3259,#3260,
    #3261,#3262,#3263,#3264,#3265,#3266,#3267,#3268,#3269),
  .UNSPECIFIED.,.F.,.F.,(5,3,3,3,5),(0.,0.250000039042,0.500000005384,
    0.749999969504,1.),.UNSPECIFIED.);
#3256 = CARTESIAN_POINT('',(9.258199112698,3.834869499676,0.));
#3257 = CARTESIAN_POINT('',(9.446442612142,3.380409253891,0.));
#3258 = CARTESIAN_POINT('',(9.604942829601,2.913625658639,0.));
#3259 = CARTESIAN_POINT('',(9.732485652165,2.437451244394,0.));
#3260 = CARTESIAN_POINT('',(9.924416964042,1.472546585097,0.));
#3261 = CARTESIAN_POINT('',(9.988806655188,0.983810390397,0.));
#3262 = CARTESIAN_POINT('',(10.021001740027,0.491903307615,0.));
#3263 = CARTESIAN_POINT('',(10.021001570226,-0.491904770307,0.));
#3264 = CARTESIAN_POINT('',(9.988806313774,-0.983811836798,0.));
#3265 = CARTESIAN_POINT('',(9.924416444469,-1.472548003833,0.));
#3266 = CARTESIAN_POINT('',(9.732484809556,-2.437452575663,0.));
#3267 = CARTESIAN_POINT('',(9.604941841759,-2.913626931576,0.));
#3268 = CARTESIAN_POINT('',(9.446441505165,-3.38041046609,0.));
#3269 = CARTESIAN_POINT('',(9.258197905123,-3.834870650952,0.));
#3270 = PCURVE('',#1680,#3271);
#3271 = DEFINITIONAL_REPRESENTATION('',(#3272),#3287);
#3272 = B_SPLINE_CURVE_WITH_KNOTS('',4,(#3273,#3274,#3275,#3276,#3277,
    #3278,#3279,#3280,#3281,#3282,#3283,#3284,#3285,#3286),
  .UNSPECIFIED.,.F.,.F.,(5,3,3,3,5),(0.,0.250000039042,0.500000005384,
    0.749999969504,1.),.UNSPECIFIED.);
#3273 = CARTESIAN_POINT('',(9.258199112698,3.834869499676));
#3274 = CARTESIAN_POINT('',(9.446442612142,3.380409253891));
#3275 = CARTESIAN_POINT('',(9.604942829601,2.913625658639));
#3276 = CARTESIAN_POINT('',(9.732485652165,2.437451244394));
#3277 = CARTESIAN_POINT('',(9.924416964042,1.472546585097));
#3278 = CARTESIAN_POINT('',(9.988806655188,0.983810390397));
#3279 = CARTESIAN_POINT('',(10.021001740027,0.491903307615));
#3280 = CARTESIAN_POINT('',(10.021001570226,-0.491904770307));
#3281 = CARTESIAN_POINT('',(9.988806313774,-0.983811836798));
#3282 = CARTESIAN_POINT('',(9.924416444469,-1.472548003833));
#3283 = CARTESIAN_POINT('',(9.732484809556,-2.437452575663));
#3284 = CARTESIAN_POINT('',(9.604941841759,-2.913626931576));
#3285 = CARTESIAN_POINT('',(9.446441505165,-3.38041046609));
#3286 = CARTESIAN_POINT('',(9.258197905123,-3.834870650952));
#3287 = ( GEOMETRIC_REPRESENTATION_CONTEXT(2) 
PARAMETRIC_REPRESENTATION_CONTEXT() REPRESENTATION_CONTEXT('2D SPACE',''
  ) );
#3288 = PCURVE('',#3289,#3332);
#3289 = B_SPLINE_SURFACE_WITH_KNOTS('',1,11,(
    (#3290,#3291,#3292,#3293,#3294,#3295,#3296,#3297,#3298,#3299,#3300
      ,#3301,#3302,#3303,#3304,#3305,#3306,#3307,#3308,#3309,#3310)
    ,(#3311,#3312,#3313,#3314,#3315,#3316,#3317,#3318,#3319,#3320,#3321
      ,#3322,#3323,#3324,#3325,#3326,#3327,#3328,#3329,#3330,#3331
  )),.UNSPECIFIED.,.F.,.F.,.F.,(2,2),(12,9,12),(0.,0.3125),(0.,
    3.381139512219,6.762279024438),.UNSPECIFIED.);
#3290 = CARTESIAN_POINT('',(-10.021,1.7763568394E-15,-1.09375));
#3291 = CARTESIAN_POINT('',(-10.02100743591,-2.861991382231,
    -0.980113493594));
#3292 = CARTESIAN_POINT('',(-9.121867878192,-5.72395269439,
    -0.866477386703));
#3293 = CARTESIAN_POINT('',(-7.323657090568,-8.272199356067,
    -0.752840861753));
#3294 = CARTESIAN_POINT('',(-4.749506965605,-10.19248262725,
    -0.639204352989));
#3295 = CARTESIAN_POINT('',(-1.646045375726,-11.22676991153,
    -0.525568363745));
#3296 = CARTESIAN_POINT('',(1.646035358093,-11.22676593607,
    -0.411931666264));
#3297 = CARTESIAN_POINT('',(4.749528047346,-10.19255875877,
    -0.298295452832));
#3298 = CARTESIAN_POINT('',(7.323638216643,-8.272119945487,
    -0.184659055774));
#3299 = CARTESIAN_POINT('',(9.121880368472,-5.723979717832,
    -7.102270127001E-02));
#3300 = CARTESIAN_POINT('',(10.920122293237,-1.035536637788E-08,
    0.15625003009));
#3301 = CARTESIAN_POINT('',(9.121880770044,5.723979823279,0.383522761451
    ));
#3302 = CARTESIAN_POINT('',(7.323640651509,8.272120028228,0.497159116007
    ));
#3303 = CARTESIAN_POINT('',(4.749515531065,10.192560671961,
    0.610795512762));
#3304 = CARTESIAN_POINT('',(1.646061127662,11.226754179265,
    0.724431727017));
#3305 = CARTESIAN_POINT('',(-1.646075848542,11.226794929495,
    0.838068423136));
#3306 = CARTESIAN_POINT('',(-4.749488574613,10.192454153954,
    0.951704413872));
#3307 = CARTESIAN_POINT('',(-7.323654314794,8.272217058715,
    1.065340921536));
#3308 = CARTESIAN_POINT('',(-9.121883170625,5.723948024423,
    1.178977447015));
#3309 = CARTESIAN_POINT('',(-10.0209956977,2.861991384625,1.292613553756
    ));
#3310 = CARTESIAN_POINT('',(-10.0210031343,2.39458586293E-09,
    1.406250060183));
#3311 = CARTESIAN_POINT('',(-10.021,0.,-1.40625));
#3312 = CARTESIAN_POINT('',(-10.02100956046,-2.861991510111,
    -1.292613493594));
#3313 = CARTESIAN_POINT('',(-9.121866100946,-5.723953617599,
    -1.178977386687));
#3314 = CARTESIAN_POINT('',(-7.323657814064,-8.272197196968,
    -1.065340861809));
#3315 = CARTESIAN_POINT('',(-4.749509804751,-10.19248715048,
    -0.951704352886));
#3316 = CARTESIAN_POINT('',(-1.646041095636,-11.22676683917,
    -0.838068363862));
#3317 = CARTESIAN_POINT('',(1.646031750652,-11.22676811723,
    -0.724431666179));
#3318 = CARTESIAN_POINT('',(4.749530047958,-10.1925589407,
    -0.610795452868));
#3319 = CARTESIAN_POINT('',(7.32363819632,-8.272120303034,
    -0.497159055766));
#3320 = CARTESIAN_POINT('',(9.121880718884,-5.723979958216,
    -0.38352270127));
#3321 = CARTESIAN_POINT('',(10.92012278117,-1.294141153385E-08,
    -0.156249969909));
#3322 = CARTESIAN_POINT('',(9.121881234799,5.723980094413,
    7.102276145132E-02));
#3323 = CARTESIAN_POINT('',(7.323641326297,8.272120409915,0.184659116015
    ));
#3324 = CARTESIAN_POINT('',(4.749513954901,10.192561400844,
    0.298295512727));
#3325 = CARTESIAN_POINT('',(1.646064882189,11.226753001444,
    0.411931727096));
#3326 = CARTESIAN_POINT('',(-1.646080275738,11.226799005024,
    0.525568423028));
#3327 = CARTESIAN_POINT('',(-4.749486159884,10.192450541634,
    0.639204413969));
#3328 = CARTESIAN_POINT('',(-7.323654245777,8.272219957017,0.75284092148
    ));
#3329 = CARTESIAN_POINT('',(-9.121885763038,5.723947612733,
    0.866477447037));
#3330 = CARTESIAN_POINT('',(-10.02099446867,2.861991512504,
    0.980113553751));
#3331 = CARTESIAN_POINT('',(-10.02100402982,2.394646259063E-09,
    1.093750060184));
#3332 = DEFINITIONAL_REPRESENTATION('',(#3333),#3348);
#3333 = B_SPLINE_CURVE_WITH_KNOTS('',4,(#3334,#3335,#3336,#3337,#3338,
    #3339,#3340,#3341,#3342,#3343,#3344,#3345,#3346,#3347),
  .UNSPECIFIED.,.F.,.F.,(5,3,3,3,5),(0.,0.250000039042,0.500000005384,
    0.749999969504,1.),.UNSPECIFIED.);
#3334 = CARTESIAN_POINT('',(0.3125,3.803781865684));
#3335 = CARTESIAN_POINT('',(0.292968773823,3.750951625182));
#3336 = CARTESIAN_POINT('',(0.273437505101,3.698121269825));
#3337 = CARTESIAN_POINT('',(0.253906233609,3.645290907179));
#3338 = CARTESIAN_POINT('',(0.214843772067,3.539630402546));
#3339 = CARTESIAN_POINT('',(0.19531250228,3.486800044865));
#3340 = CARTESIAN_POINT('',(0.17578123122,3.433969683956));
#3341 = CARTESIAN_POINT('',(0.136718768949,3.328309178153));
#3342 = CARTESIAN_POINT('',(0.117187497961,3.275478817438));
#3343 = CARTESIAN_POINT('',(9.76562281101E-02,3.222648459586));
#3344 = CARTESIAN_POINT('',(5.859376670113E-02,3.116987955311));
#3345 = CARTESIAN_POINT('',(3.906249535943E-02,3.064157593072));
#3346 = CARTESIAN_POINT('',(1.953122652362E-02,3.011327237405));
#3347 = CARTESIAN_POINT('',(0.,2.958496995966));
#3348 = ( GEOMETRIC_REPRESENTATION_CONTEXT(2) 
PARAMETRIC_REPRESENTATION_CONTEXT() REPRESENTATION_CONTEXT('2D SPACE',''
  ) );
#3349 = ORIENTED_EDGE('',*,*,#3350,.T.);
#3350 = EDGE_CURVE('',#3252,#2975,#3351,.T.);
#3351 = SURFACE_CURVE('',#3352,(#3397,#3445),.PCURVE_S1.);
#3352 = B_SPLINE_CURVE_WITH_KNOTS('',7,(#3353,#3354,#3355,#3356,#3357,
    #3358,#3359,#3360,#3361,#3362,#3363,#3364,#3365,#3366,#3367,#3368,
    #3369,#3370,#3371,#3372,#3373,#3374,#3375,#3376,#3377,#3378,#3379,
    #3380,#3381,#3382,#3383,#3384,#3385,#3386,#3387,#3388,#3389,#3390,
    #3391,#3392,#3393,#3394,#3395,#3396),.UNSPECIFIED.,.F.,.F.,(8,6,6,6,
    6,6,6,8),(0.,0.161879893593,0.309867618079,0.446766391275,
    0.574136258027,0.691478253471,0.801190855558,1.),.UNSPECIFIED.);
#3353 = CARTESIAN_POINT('',(9.258197949392,-3.834870615379,0.));
#3354 = CARTESIAN_POINT('',(9.000398162504,-4.353428720716,0.));
#3355 = CARTESIAN_POINT('',(8.707559937065,-4.854555374533,0.));
#3356 = CARTESIAN_POINT('',(8.380929463443,-5.335259399386,0.));
#3357 = CARTESIAN_POINT('',(8.022058162904,-5.792702553791,0.));
#3358 = CARTESIAN_POINT('',(7.632781129451,-6.224185020701,0.));
#3359 = CARTESIAN_POINT('',(7.21522873705,-6.627157860933,0.));
#3360 = CARTESIAN_POINT('',(6.366562017822,-7.339433823111,0.));
#3361 = CARTESIAN_POINT('',(5.939650485265,-7.653838232874,0.));
#3362 = CARTESIAN_POINT('',(5.493019194666,-7.940664243997,0.));
#3363 = CARTESIAN_POINT('',(5.028718854293,-8.198294783908,0.));
#3364 = CARTESIAN_POINT('',(4.548959508455,-8.425293550537,0.));
#3365 = CARTESIAN_POINT('',(4.056115031143,-8.620416736689,0.));
#3366 = CARTESIAN_POINT('',(3.087085774008,-8.932726972668,0.));
#3367 = CARTESIAN_POINT('',(2.612386472549,-9.054669169381,0.));
#3368 = CARTESIAN_POINT('',(2.130666136732,-9.1476660183,0.));
#3369 = CARTESIAN_POINT('',(1.644015946207,-9.211097952264,0.));
#3370 = CARTESIAN_POINT('',(1.154593000693,-9.244525884348,0.));
#3371 = CARTESIAN_POINT('',(0.664620318725,-9.247700960817,0.));
#3372 = CARTESIAN_POINT('',(-0.277858430622,-9.195375075702,0.));
#3373 = CARTESIAN_POINT('',(-0.730625347701,-9.143941466816,0.));
#3374 = CARTESIAN_POINT('',(-1.180064162204,-9.06626550888,0.));
#3375 = CARTESIAN_POINT('',(-1.624329062442,-8.962482610209,0.));
#3376 = CARTESIAN_POINT('',(-2.061574841045,-8.832884458903,0.));
#3377 = CARTESIAN_POINT('',(-2.489959568592,-8.677926320891,0.));
#3378 = CARTESIAN_POINT('',(-3.29245736152,-8.332717873638,0.));
#3379 = CARTESIAN_POINT('',(-3.668206277077,-8.146198778141,0.));
#3380 = CARTESIAN_POINT('',(-4.033462652733,-7.939189757662,0.));
#3381 = CARTESIAN_POINT('',(-4.386834270073,-7.7123080345,0.));
#3382 = CARTESIAN_POINT('',(-4.726969644466,-7.46628589551,0.));
#3383 = CARTESIAN_POINT('',(-5.052561750837,-7.201975270397,0.));
#3384 = CARTESIAN_POINT('',(-5.652010952163,-6.657056994698,0.));
#3385 = CARTESIAN_POINT('',(-5.927866786581,-6.378615955768,0.));
#3386 = CARTESIAN_POINT('',(-6.188898238577,-6.085841590576,0.));
#3387 = CARTESIAN_POINT('',(-6.434142540477,-5.779619473125,0.));
#3388 = CARTESIAN_POINT('',(-6.662698744699,-5.46091482441,0.));
#3389 = CARTESIAN_POINT('',(-6.873731757693,-5.130775091311,0.));
#3390 = CARTESIAN_POINT('',(-7.415764694892,-4.173433551221,0.));
#3391 = CARTESIAN_POINT('',(-7.705121894086,-3.522523718632,0.));
#3392 = CARTESIAN_POINT('',(-7.929853533285,-2.844552862923,0.));
#3393 = CARTESIAN_POINT('',(-8.086445925087,-2.147053174936,0.));
#3394 = CARTESIAN_POINT('',(-8.172409325627,-1.438064796359,0.));
#3395 = CARTESIAN_POINT('',(-8.186317577962,-0.726147910678,0.));
#3396 = CARTESIAN_POINT('',(-8.128275802899,-2.043086825887E-02,0.));
#3397 = PCURVE('',#1680,#3398);
#3398 = DEFINITIONAL_REPRESENTATION('',(#3399),#3444);
#3399 = B_SPLINE_CURVE_WITH_KNOTS('',7,(#3400,#3401,#3402,#3403,#3404,
    #3405,#3406,#3407,#3408,#3409,#3410,#3411,#3412,#3413,#3414,#3415,
    #3416,#3417,#3418,#3419,#3420,#3421,#3422,#3423,#3424,#3425,#3426,
    #3427,#3428,#3429,#3430,#3431,#3432,#3433,#3434,#3435,#3436,#3437,
    #3438,#3439,#3440,#3441,#3442,#3443),.UNSPECIFIED.,.F.,.F.,(8,6,6,6,
    6,6,6,8),(0.,0.161879893593,0.309867618079,0.446766391275,
    0.574136258027,0.691478253471,0.801190855558,1.),.UNSPECIFIED.);
#3400 = CARTESIAN_POINT('',(9.258197949392,-3.834870615379));
#3401 = CARTESIAN_POINT('',(9.000398162504,-4.353428720716));
#3402 = CARTESIAN_POINT('',(8.707559937065,-4.854555374533));
#3403 = CARTESIAN_POINT('',(8.380929463443,-5.335259399386));
#3404 = CARTESIAN_POINT('',(8.022058162904,-5.792702553791));
#3405 = CARTESIAN_POINT('',(7.632781129451,-6.224185020701));
#3406 = CARTESIAN_POINT('',(7.21522873705,-6.627157860933));
#3407 = CARTESIAN_POINT('',(6.366562017822,-7.339433823111));
#3408 = CARTESIAN_POINT('',(5.939650485265,-7.653838232874));
#3409 = CARTESIAN_POINT('',(5.493019194666,-7.940664243997));
#3410 = CARTESIAN_POINT('',(5.028718854293,-8.198294783908));
#3411 = CARTESIAN_POINT('',(4.548959508455,-8.425293550537));
#3412 = CARTESIAN_POINT('',(4.056115031143,-8.620416736689));
#3413 = CARTESIAN_POINT('',(3.087085774008,-8.932726972668));
#3414 = CARTESIAN_POINT('',(2.612386472549,-9.054669169381));
#3415 = CARTESIAN_POINT('',(2.130666136732,-9.1476660183));
#3416 = CARTESIAN_POINT('',(1.644015946207,-9.211097952264));
#3417 = CARTESIAN_POINT('',(1.154593000693,-9.244525884348));
#3418 = CARTESIAN_POINT('',(0.664620318725,-9.247700960817));
#3419 = CARTESIAN_POINT('',(-0.277858430622,-9.195375075702));
#3420 = CARTESIAN_POINT('',(-0.730625347701,-9.143941466816));
#3421 = CARTESIAN_POINT('',(-1.180064162204,-9.06626550888));
#3422 = CARTESIAN_POINT('',(-1.624329062442,-8.962482610209));
#3423 = CARTESIAN_POINT('',(-2.061574841045,-8.832884458903));
#3424 = CARTESIAN_POINT('',(-2.489959568592,-8.677926320891));
#3425 = CARTESIAN_POINT('',(-3.29245736152,-8.332717873638));
#3426 = CARTESIAN_POINT('',(-3.668206277077,-8.146198778141));
#3427 = CARTESIAN_POINT('',(-4.033462652733,-7.939189757662));
#3428 = CARTESIAN_POINT('',(-4.386834270073,-7.7123080345));
#3429 = CARTESIAN_POINT('',(-4.726969644466,-7.46628589551));
#3430 = CARTESIAN_POINT('',(-5.052561750837,-7.201975270397));
#3431 = CARTESIAN_POINT('',(-5.652010952163,-6.657056994698));
#3432 = CARTESIAN_POINT('',(-5.927866786581,-6.378615955768));
#3433 = CARTESIAN_POINT('',(-6.188898238577,-6.085841590576));
#3434 = CARTESIAN_POINT('',(-6.434142540477,-5.779619473125));
#3435 = CARTESIAN_POINT('',(-6.662698744699,-5.46091482441));
#3436 = CARTESIAN_POINT('',(-6.873731757693,-5.130775091311));
#3437 = CARTESIAN_POINT('',(-7.415764694892,-4.173433551221));
#3438 = CARTESIAN_POINT('',(-7.705121894086,-3.522523718632));
#3439 = CARTESIAN_POINT('',(-7.929853533285,-2.844552862923));
#3440 = CARTESIAN_POINT('',(-8.086445925087,-2.147053174936));
#3441 = CARTESIAN_POINT('',(-8.172409325627,-1.438064796359));
#3442 = CARTESIAN_POINT('',(-8.186317577962,-0.726147910678));
#3443 = CARTESIAN_POINT('',(-8.128275802899,-2.043086825887E-02));
#3444 = ( GEOMETRIC_REPRESENTATION_CONTEXT(2) 
PARAMETRIC_REPRESENTATION_CONTEXT() REPRESENTATION_CONTEXT('2D SPACE',''
  ) );
#3445 = PCURVE('',#3446,#3509);
#3446 = B_SPLINE_SURFACE_WITH_KNOTS('',1,9,(
    (#3447,#3448,#3449,#3450,#3451,#3452,#3453,#3454,#3455,#3456,#3457
      ,#3458,#3459,#3460,#3461,#3462,#3463,#3464,#3465,#3466,#3467,#3468
      ,#3469,#3470,#3471,#3472,#3473,#3474,#3475,#3476,#3477)
    ,(#3478,#3479,#3480,#3481,#3482,#3483,#3484,#3485,#3486,#3487,#3488
      ,#3489,#3490,#3491,#3492,#3493,#3494,#3495,#3496,#3497,#3498,#3499
      ,#3500,#3501,#3502,#3503,#3504,#3505,#3506,#3507,#3508
  )),.UNSPECIFIED.,.F.,.F.,.F.,(2,2),(10,7,7,7,10),(0.,2.1855),(0.,
    1.69056975611,3.381139512219,5.071709268329,6.762279024438),
  .UNSPECIFIED.);
#3447 = CARTESIAN_POINT('',(-8.128301480029,-8.881784197001E-16,-1.E-03)
  );
#3448 = CARTESIAN_POINT('',(-8.128301484184,-1.418654751322,
    6.843666815065E-02));
#3449 = CARTESIAN_POINT('',(-7.849747682763,-2.837298660359,
    0.137886938542));
#3450 = CARTESIAN_POINT('',(-7.292645744674,-4.193481274489,
    0.207332995196));
#3451 = CARTESIAN_POINT('',(-6.473343957268,-5.424594415482,
    0.276774905851));
#3452 = CARTESIAN_POINT('',(-5.424604131487,-6.473352082693,
    0.346219410288));
#3453 = CARTESIAN_POINT('',(-4.193462576719,-7.292641752727,
    0.415663699881));
#3454 = CARTESIAN_POINT('',(-2.837312604301,-7.849747035883,
    0.485108356407));
#3455 = CARTESIAN_POINT('',(1.906662987401E-06,-8.406853161959,
    0.623997425441));
#3456 = CARTESIAN_POINT('',(2.837313188305,-7.849750214794,
    0.762886168308));
#3457 = CARTESIAN_POINT('',(4.193459555221,-7.292647091942,
    0.832330440735));
#3458 = CARTESIAN_POINT('',(5.424598879748,-6.473350627476,
    0.901774882894));
#3459 = CARTESIAN_POINT('',(6.473348252247,-5.424600263339,
    0.971219568886));
#3460 = CARTESIAN_POINT('',(7.292645462422,-4.193458272379,
    1.040664239852));
#3461 = CARTESIAN_POINT('',(7.849749004232,-2.83731041521,1.110108651925
    ));
#3462 = CARTESIAN_POINT('',(8.406853724021,1.103724007869E-07,
    1.248997318183));
#3463 = CARTESIAN_POINT('',(7.849748929961,2.837310621372,1.387885984441
    ));
#3464 = CARTESIAN_POINT('',(7.29264535258,4.193458463981,1.457330396514)
  );
#3465 = CARTESIAN_POINT('',(6.473348109796,5.424600433357,1.52677506748)
  );
#3466 = CARTESIAN_POINT('',(5.424598709618,6.473350769743,1.596219753472
    ));
#3467 = CARTESIAN_POINT('',(4.193459363709,7.292647201804,1.665664195631
    ));
#3468 = CARTESIAN_POINT('',(2.837312982203,7.84975028925,1.735108468058)
  );
#3469 = CARTESIAN_POINT('',(1.685930484803E-06,8.406853162072,
    1.873997210925));
#3470 = CARTESIAN_POINT('',(-2.837312810403,7.849746961309,
    2.012886279959));
#3471 = CARTESIAN_POINT('',(-4.193462768043,7.292641642438,
    2.082330936485));
#3472 = CARTESIAN_POINT('',(-5.424604301764,6.473351939689,
    2.151775226077));
#3473 = CARTESIAN_POINT('',(-6.473344098445,5.424594246163,
    2.221219730515));
#3474 = CARTESIAN_POINT('',(-7.292645857544,4.193481084842,2.29066164117
    ));
#3475 = CARTESIAN_POINT('',(-7.84974775814,2.837298452625,2.360107697824
    ));
#3476 = CARTESIAN_POINT('',(-8.128301515973,1.418654537909,
    2.429557968216));
#3477 = CARTESIAN_POINT('',(-8.128301482903,-2.134122079056E-07,
    2.498994636366));
#3478 = CARTESIAN_POINT('',(-10.021,8.881784197001E-16,-1.09375));
#3479 = CARTESIAN_POINT('',(-10.02100454417,-1.748994733585,
    -1.024305468307));
#3480 = CARTESIAN_POINT('',(-9.677584889383,-3.497977982075,
    -0.954861089207));
#3481 = CARTESIAN_POINT('',(-8.990759321013,-5.169928937418,
    -0.885416662914));
#3482 = CARTESIAN_POINT('',(-7.980691438905,-6.687735200604,
    -0.815972189954));
#3483 = CARTESIAN_POINT('',(-6.687731070459,-7.980693330106,
    -0.746527746255));
#3484 = CARTESIAN_POINT('',(-5.169921698906,-8.990756998126,
    -0.677083300038));
#3485 = CARTESIAN_POINT('',(-3.497989215552,-9.67758506655,
    -0.607638857981));
#3486 = CARTESIAN_POINT('',(-1.765463607377E-07,-10.36441486752,
    -0.468749971113));
#3487 = CARTESIAN_POINT('',(3.497989209548,-9.677589055691,
    -0.329861080586));
#3488 = CARTESIAN_POINT('',(5.169920679135,-8.990762572095,
    -0.260416634211));
#3489 = CARTESIAN_POINT('',(6.687735135412,-7.980688745282,
    -0.190972189741));
#3490 = CARTESIAN_POINT('',(7.98068776167,-6.687733854172,
    -0.121527748007));
#3491 = CARTESIAN_POINT('',(8.990759898904,-5.169918571642,
    -5.208330610415E-02));
#3492 = CARTESIAN_POINT('',(9.677587090424,-3.497987604331,
    1.736113870352E-02));
#3493 = CARTESIAN_POINT('',(10.364415649369,9.13758662836E-09,
    0.15625003009));
#3494 = CARTESIAN_POINT('',(9.677587335829,3.497987670792,0.295138921477
    ));
#3495 = CARTESIAN_POINT('',(8.990760182394,5.16991871146,0.364583366285)
  );
#3496 = CARTESIAN_POINT('',(7.980687734933,6.687733915796,0.434027808188
    ));
#3497 = CARTESIAN_POINT('',(6.68773495315,7.980688570101,0.503472249922)
  );
#3498 = CARTESIAN_POINT('',(5.169920637214,8.990762309737,0.572916694392
    ));
#3499 = CARTESIAN_POINT('',(3.49798920867,9.677589012441,0.642361140767)
  );
#3500 = CARTESIAN_POINT('',(-1.815410897824E-07,10.364414991851,
    0.781250031294));
#3501 = CARTESIAN_POINT('',(-3.49798921643,9.67758498137,0.920138918161)
  );
#3502 = CARTESIAN_POINT('',(-5.169921534903,8.99075679491,0.989583360234
    ));
#3503 = CARTESIAN_POINT('',(-6.687731414804,7.980692699988,
    1.059027806381));
#3504 = CARTESIAN_POINT('',(-7.980690073014,6.687735903118,
    1.128472250224));
#3505 = CARTESIAN_POINT('',(-8.990762342468,5.169930929776,
    1.197916723014));
#3506 = CARTESIAN_POINT('',(-9.677585850846,3.497976199886,1.26736114943
    ));
#3507 = CARTESIAN_POINT('',(-10.02099858971,1.748994735979,
    1.336805528478));
#3508 = CARTESIAN_POINT('',(-10.0210031343,2.394586751109E-09,
    1.406250060183));
#3509 = DEFINITIONAL_REPRESENTATION('',(#3510),#3555);
#3510 = B_SPLINE_CURVE_WITH_KNOTS('',7,(#3511,#3512,#3513,#3514,#3515,
    #3516,#3517,#3518,#3519,#3520,#3521,#3522,#3523,#3524,#3525,#3526,
    #3527,#3528,#3529,#3530,#3531,#3532,#3533,#3534,#3535,#3536,#3537,
    #3538,#3539,#3540,#3541,#3542,#3543,#3544,#3545,#3546,#3547,#3548,
    #3549,#3550,#3551,#3552,#3553,#3554),.UNSPECIFIED.,.F.,.F.,(8,6,6,6,
    6,6,6,8),(0.,0.161879893593,0.309867618079,0.446766391275,
    0.574136258027,0.691478253471,0.801190855558,1.),.UNSPECIFIED.);
#3511 = CARTESIAN_POINT('',(2.1855,2.958496996191));
#3512 = CARTESIAN_POINT('',(2.139621085651,2.896447937676));
#3513 = CARTESIAN_POINT('',(2.093531844838,2.834114422992));
#3514 = CARTESIAN_POINT('',(2.04723336876,2.771497930444));
#3515 = CARTESIAN_POINT('',(2.000721939484,2.708593434093));
#3516 = CARTESIAN_POINT('',(1.953991669602,2.645392972144));
#3517 = CARTESIAN_POINT('',(1.907037777719,2.58189007657));
#3518 = CARTESIAN_POINT('',(1.816731869911,2.459755654313));
#3519 = CARTESIAN_POINT('',(1.773412728922,2.401168589083));
#3520 = CARTESIAN_POINT('',(1.729903389759,2.342324289692));
#3521 = CARTESIAN_POINT('',(1.686200631643,2.283218397463));
#3522 = CARTESIAN_POINT('',(1.642299635639,2.223844392492));
#3523 = CARTESIAN_POINT('',(1.598196380676,2.164196835181));
#3524 = CARTESIAN_POINT('',(1.512904528143,2.048843645126));
#3525 = CARTESIAN_POINT('',(1.471742245701,1.99317360315));
#3526 = CARTESIAN_POINT('',(1.430403506217,1.937264907215));
#3527 = CARTESIAN_POINT('',(1.388885418588,1.881113649235));
#3528 = CARTESIAN_POINT('',(1.347183851338,1.824714245705));
#3529 = CARTESIAN_POINT('',(1.305295283193,1.76806193914));
#3530 = CARTESIAN_POINT('',(1.224071457039,1.658210574276));
#3531 = CARTESIAN_POINT('',(1.184759127079,1.605042523637));
#3532 = CARTESIAN_POINT('',(1.145281557684,1.551651004919));
#3533 = CARTESIAN_POINT('',(1.105636119003,1.498032460865));
#3534 = CARTESIAN_POINT('',(1.065819190875,1.444181991619));
#3535 = CARTESIAN_POINT('',(1.025827627502,1.390095336176));
#3536 = CARTESIAN_POINT('',(0.948655742817,1.285724077311));
#3537 = CARTESIAN_POINT('',(0.911500227645,1.235473024312));
#3538 = CARTESIAN_POINT('',(0.874193287559,1.18501716259));
#3539 = CARTESIAN_POINT('',(0.83673260676,1.134353352436));
#3540 = CARTESIAN_POINT('',(0.799115118897,1.083477439645));
#3541 = CARTESIAN_POINT('',(0.761338106533,1.032385746484));
#3542 = CARTESIAN_POINT('',(0.687929539975,0.933103951249));
#3543 = CARTESIAN_POINT('',(0.652316803581,0.884939302104));
#3544 = CARTESIAN_POINT('',(0.616561495655,0.836581818679));
#3545 = CARTESIAN_POINT('',(0.580661478549,0.788028622917));
#3546 = CARTESIAN_POINT('',(0.544613994384,0.739276011208));
#3547 = CARTESIAN_POINT('',(0.508416554756,0.690320653886));
#3548 = CARTESIAN_POINT('',(0.40620113341,0.552079300277));
#3549 = CARTESIAN_POINT('',(0.339817679245,0.46229922957));
#3550 = CARTESIAN_POINT('',(0.272933425044,0.371842337448));
#3551 = CARTESIAN_POINT('',(0.205530053901,0.280683925272));
#3552 = CARTESIAN_POINT('',(0.137584182126,0.18879202769));
#3553 = CARTESIAN_POINT('',(6.906893539958E-02,9.612811303509E-02));
#3554 = CARTESIAN_POINT('',(0.,2.705211160582E-03));
#3555 = ( GEOMETRIC_REPRESENTATION_CONTEXT(2) 
PARAMETRIC_REPRESENTATION_CONTEXT() REPRESENTATION_CONTEXT('2D SPACE',''
  ) );
#3556 = ADVANCED_FACE('',(#3557),#1736,.T.);
#3557 = FACE_BOUND('',#3558,.T.);
#3558 = EDGE_LOOP('',(#3559));
#3559 = ORIENTED_EDGE('',*,*,#1721,.T.);
#3560 = ADVANCED_FACE('',(#3561),#1855,.F.);
#3561 = FACE_BOUND('',#3562,.T.);
#3562 = EDGE_LOOP('',(#3563,#3564,#3565));
#3563 = ORIENTED_EDGE('',*,*,#1956,.F.);
#3564 = ORIENTED_EDGE('',*,*,#1903,.F.);
#3565 = ORIENTED_EDGE('',*,*,#1837,.F.);
#3566 = ADVANCED_FACE('',(#3567),#2099,.F.);
#3567 = FACE_BOUND('',#3568,.T.);
#3568 = EDGE_LOOP('',(#3569,#3570,#3571));
#3569 = ORIENTED_EDGE('',*,*,#2206,.F.);
#3570 = ORIENTED_EDGE('',*,*,#2181,.F.);
#3571 = ORIENTED_EDGE('',*,*,#2081,.F.);
#3572 = ADVANCED_FACE('',(#3573),#2343,.F.);
#3573 = FACE_BOUND('',#3574,.T.);
#3574 = EDGE_LOOP('',(#3575,#3576,#3577));
#3575 = ORIENTED_EDGE('',*,*,#2444,.F.);
#3576 = ORIENTED_EDGE('',*,*,#2391,.F.);
#3577 = ORIENTED_EDGE('',*,*,#2325,.F.);
#3578 = ADVANCED_FACE('',(#3579),#2587,.F.);
#3579 = FACE_BOUND('',#3580,.T.);
#3580 = EDGE_LOOP('',(#3581,#3582,#3583));
#3581 = ORIENTED_EDGE('',*,*,#2688,.F.);
#3582 = ORIENTED_EDGE('',*,*,#2635,.F.);
#3583 = ORIENTED_EDGE('',*,*,#2569,.F.);
#3584 = ADVANCED_FACE('',(#3585),#2831,.F.);
#3585 = FACE_BOUND('',#3586,.T.);
#3586 = EDGE_LOOP('',(#3587,#3588,#3589));
#3587 = ORIENTED_EDGE('',*,*,#2932,.F.);
#3588 = ORIENTED_EDGE('',*,*,#2879,.F.);
#3589 = ORIENTED_EDGE('',*,*,#2813,.F.);
#3590 = ADVANCED_FACE('',(#3591),#2997,.F.);
#3591 = FACE_BOUND('',#3592,.T.);
#3592 = EDGE_LOOP('',(#3593,#3594,#3617,#3952,#3980));
#3593 = ORIENTED_EDGE('',*,*,#2974,.T.);
#3594 = ORIENTED_EDGE('',*,*,#3595,.T.);
#3595 = EDGE_CURVE('',#2977,#3596,#3598,.T.);
#3596 = VERTEX_POINT('',#3597);
#3597 = CARTESIAN_POINT('',(-8.771,-7.006582066623E-08,0.372055120971));
#3598 = SURFACE_CURVE('',#3599,(#3603,#3610),.PCURVE_S1.);
#3599 = LINE('',#3600,#3601);
#3600 = CARTESIAN_POINT('',(-8.771,0.,0.));
#3601 = VECTOR('',#3602,1.);
#3602 = DIRECTION('',(0.,0.,1.));
#3603 = PCURVE('',#2997,#3604);
#3604 = DEFINITIONAL_REPRESENTATION('',(#3605),#3609);
#3605 = LINE('',#3606,#3607);
#3606 = CARTESIAN_POINT('',(-6.28318530718,0.));
#3607 = VECTOR('',#3608,1.);
#3608 = DIRECTION('',(-0.,1.));
#3609 = ( GEOMETRIC_REPRESENTATION_CONTEXT(2) 
PARAMETRIC_REPRESENTATION_CONTEXT() REPRESENTATION_CONTEXT('2D SPACE',''
  ) );
#3610 = PCURVE('',#3030,#3611);
#3611 = DEFINITIONAL_REPRESENTATION('',(#3612),#3616);
#3612 = LINE('',#3613,#3614);
#3613 = CARTESIAN_POINT('',(-0.,0.));
#3614 = VECTOR('',#3615,1.);
#3615 = DIRECTION('',(-0.,1.));
#3616 = ( GEOMETRIC_REPRESENTATION_CONTEXT(2) 
PARAMETRIC_REPRESENTATION_CONTEXT() REPRESENTATION_CONTEXT('2D SPACE',''
  ) );
#3617 = ORIENTED_EDGE('',*,*,#3618,.T.);
#3618 = EDGE_CURVE('',#3596,#3619,#3621,.T.);
#3619 = VERTEX_POINT('',#3620);
#3620 = CARTESIAN_POINT('',(-8.771,-1.401318790268E-07,2.872048078395));
#3621 = SURFACE_CURVE('',#3622,(#3709,#3799),.PCURVE_S1.);
#3622 = B_SPLINE_CURVE_WITH_KNOTS('',8,(#3623,#3624,#3625,#3626,#3627,
    #3628,#3629,#3630,#3631,#3632,#3633,#3634,#3635,#3636,#3637,#3638,
    #3639,#3640,#3641,#3642,#3643,#3644,#3645,#3646,#3647,#3648,#3649,
    #3650,#3651,#3652,#3653,#3654,#3655,#3656,#3657,#3658,#3659,#3660,
    #3661,#3662,#3663,#3664,#3665,#3666,#3667,#3668,#3669,#3670,#3671,
    #3672,#3673,#3674,#3675,#3676,#3677,#3678,#3679,#3680,#3681,#3682,
    #3683,#3684,#3685,#3686,#3687,#3688,#3689,#3690,#3691,#3692,#3693,
    #3694,#3695,#3696,#3697,#3698,#3699,#3700,#3701,#3702,#3703,#3704,
    #3705,#3706,#3707,#3708),.UNSPECIFIED.,.F.,.F.,(9,7,7,7,7,7,7,7,7,7,
    7,7,9),(0.,2.881724172703E-02,6.559664936596E-02,0.126316329693,
    0.215226005564,0.318292493053,0.427772925666,0.576881573049,
    0.687777764444,0.79062249754,0.884481111399,0.962825303963,1.),
  .UNSPECIFIED.);
#3623 = CARTESIAN_POINT('',(-8.771,-2.802637570909E-07,0.372055127327));
#3624 = CARTESIAN_POINT('',(-8.771,-0.198486490747,0.381057931683));
#3625 = CARTESIAN_POINT('',(-8.765866603051,-0.396973031795,
    0.390061074179));
#3626 = CARTESIAN_POINT('',(-8.75559983152,-0.595304485627,
    0.399064493564));
#3627 = CARTESIAN_POINT('',(-8.740205297028,-0.79332593412,
    0.408068134601));
#3628 = CARTESIAN_POINT('',(-8.719694200448,-0.990882958806,
    0.417071948062));
#3629 = CARTESIAN_POINT('',(-8.694083331904,-1.187821640874,
    0.426075890729));
#3630 = CARTESIAN_POINT('',(-8.663395070777,-1.383988561167,
    0.435079925396));
#3631 = CARTESIAN_POINT('',(-8.582045425324,-1.828418212544,
    0.455575936049));
#3632 = CARTESIAN_POINT('',(-8.528207874574,-2.076101272467,
    0.467067977926));
#3633 = CARTESIAN_POINT('',(-8.466203135178,-2.32196142773,
    0.478560089018));
#3634 = CARTESIAN_POINT('',(-8.396103857366,-2.565684473107,
    0.49005222315));
#3635 = CARTESIAN_POINT('',(-8.317996939876,-2.806960550372,
    0.501544345454));
#3636 = CARTESIAN_POINT('',(-8.231983529942,-3.045484148302,
    0.51303643237));
#3637 = CARTESIAN_POINT('',(-8.138179023306,-3.280954102675,
    0.524528471644));
#3638 = CARTESIAN_POINT('',(-7.869201377747,-3.896283178841,
    0.554992763556));
#3639 = CARTESIAN_POINT('',(-7.68080095322,-4.270378183906,
    0.573965657434));
#3640 = CARTESIAN_POINT('',(-7.472098478046,-4.634009486167,
    0.592938163587));
#3641 = CARTESIAN_POINT('',(-7.243779389248,-4.985894205681,
    0.611910244412));
#3642 = CARTESIAN_POINT('',(-6.99661975574,-5.324810980723,
    0.630882321375));
#3643 = CARTESIAN_POINT('',(-6.731483306225,-5.649598781315,
    0.649854804148));
#3644 = CARTESIAN_POINT('',(-6.449323602718,-5.959159263411,
    0.668827632559));
#3645 = CARTESIAN_POINT('',(-5.714646882596,-6.681936437554,
    0.715580149668));
#3646 = CARTESIAN_POINT('',(-5.243761272225,-7.07664687567,
    0.743365047152));
#3647 = CARTESIAN_POINT('',(-4.741866393121,-7.433279110732,
    0.771148082205));
#3648 = CARTESIAN_POINT('',(-4.212587680195,-7.749028085313,
    0.798928710437));
#3649 = CARTESIAN_POINT('',(-3.659795015204,-8.021523296817,
    0.826709340622));
#3650 = CARTESIAN_POINT('',(-3.087582125218,-8.248806009043,
    0.854492384907));
#3651 = CARTESIAN_POINT('',(-2.500274503056,-8.429358930388,
    0.882277303315));
#3652 = CARTESIAN_POINT('',(-1.209469980716,-8.716167804462,
    0.942261358861));
#3653 = CARTESIAN_POINT('',(-0.502028174111,-8.806090108591,
    0.974474342545));
#3654 = CARTESIAN_POINT('',(0.212649045037,-8.830288549428,
    1.006682405913));
#3655 = CARTESIAN_POINT('',(0.927421664436,-8.788202591128,
    1.038886051961));
#3656 = CARTESIAN_POINT('',(1.635234107604,-8.680162700316,
    1.071089690681));
#3657 = CARTESIAN_POINT('',(2.329117404892,-8.507318509289,
    1.103297765796));
#3658 = CARTESIAN_POINT('',(3.002205974812,-8.271708269113,
    1.135510819799));
#3659 = CARTESIAN_POINT('',(4.333560546328,-7.662853635008,
    1.201922303926));
#3660 = CARTESIAN_POINT('',(4.988767521472,-7.281742395867,
    1.236142966403));
#3661 = CARTESIAN_POINT('',(5.605259963254,-6.836757743561,1.27035699783
    ));
#3662 = CARTESIAN_POINT('',(6.175863105452,-6.332618091992,
    1.304565529214));
#3663 = CARTESIAN_POINT('',(6.694143652541,-5.774827780327,
    1.338774079921));
#3664 = CARTESIAN_POINT('',(7.154437776981,-5.169680157588,
    1.372988082855));
#3665 = CARTESIAN_POINT('',(7.55184871605,-4.524229427576,1.407208711179
    ));
#3666 = CARTESIAN_POINT('',(8.332952148222,-2.923547095802,
    1.488006319267));
#3667 = CARTESIAN_POINT('',(8.660414563739,-1.939102654332,1.53465539116
    ));
#3668 = CARTESIAN_POINT('',(8.854056426085,-0.914115515771,
    1.581269298957));
#3669 = CARTESIAN_POINT('',(8.908998173206,0.130132816006,1.62786327876)
  );
#3670 = CARTESIAN_POINT('',(8.823579842617,1.172330956249,1.674456662167
    ));
#3671 = CARTESIAN_POINT('',(8.600083167682,2.191224940503,1.721071075388
    ));
#3672 = CARTESIAN_POINT('',(8.244007167138,3.165684997306,1.767720372087
    ));
#3673 = CARTESIAN_POINT('',(7.411954236318,4.751505209121,1.848960357131
    ));
#3674 = CARTESIAN_POINT('',(6.989613712807,5.392828399011,1.883624063089
    ));
#3675 = CARTESIAN_POINT('',(6.504039298263,5.990824577756,1.918280496933
    ));
#3676 = CARTESIAN_POINT('',(5.960550672176,6.538325118601,1.952930997714
    ));
#3677 = CARTESIAN_POINT('',(5.365245384459,7.028986240191,1.987581507352
    ));
#3678 = CARTESIAN_POINT('',(4.72500271439,7.457321659062,2.022237891125)
  );
#3679 = CARTESIAN_POINT('',(4.047451382229,7.818695732308,2.056901551236
    ));
#3680 = CARTESIAN_POINT('',(2.686260650806,8.379512301702,2.123686134128
    ));
#3681 = CARTESIAN_POINT('',(2.006204404028,8.588983135415,2.155829802885
    ));
#3682 = CARTESIAN_POINT('',(1.307827255011,8.735220412333,2.187969548434
    ));
#3683 = CARTESIAN_POINT('',(0.598016444345,8.816458548328,2.220104284771
    ));
#3684 = CARTESIAN_POINT('',(-0.116263035793,8.831815815969,2.25223901368
    ));
#3685 = CARTESIAN_POINT('',(-0.82799092256,8.781225332734,2.284378771965
    ));
#3686 = CARTESIAN_POINT('',(-1.530104644667,8.665506469528,2.31652251491
    ));
#3687 = CARTESIAN_POINT('',(-2.841013821852,8.323280985492,
    2.377983592982));
#3688 = CARTESIAN_POINT('',(-3.452896565152,8.107261582836,
    2.407315957899));
#3689 = CARTESIAN_POINT('',(-4.045772000509,7.839885312177,
    2.436645585807));
#3690 = CARTESIAN_POINT('',(-4.614631240049,7.523161447932,
    2.465971858026));
#3691 = CARTESIAN_POINT('',(-5.154779874156,7.159631154994,
    2.495298092947));
#3692 = CARTESIAN_POINT('',(-5.661825146881,6.752327163501,
    2.524627636297));
#3693 = CARTESIAN_POINT('',(-6.131705935883,6.304803661723,
    2.553959930804));
#3694 = CARTESIAN_POINT('',(-6.918903449057,5.417600719703,
    2.607765634403));
#3695 = CARTESIAN_POINT('',(-7.248696615142,4.988743596357,
    2.632247235238));
#3696 = CARTESIAN_POINT('',(-7.548016994664,4.537044449545,
    2.656727936276));
#3697 = CARTESIAN_POINT('',(-7.815038886687,4.065047486589,
    2.681207468622));
#3698 = CARTESIAN_POINT('',(-8.048202827072,3.575439096806,
    2.705687124068));
#3699 = CARTESIAN_POINT('',(-8.246204567541,3.071038362175,
    2.730168142719));
#3700 = CARTESIAN_POINT('',(-8.40800913659,2.554800691463,2.754650090152
    ));
#3701 = CARTESIAN_POINT('',(-8.592146543906,1.780735632915,
    2.790744690874));
#3702 = CARTESIAN_POINT('',(-8.643092604133,1.529658358584,
    2.802360076614));
#3703 = CARTESIAN_POINT('',(-8.685650853487,1.276928166825,
    2.813975357623));
#3704 = CARTESIAN_POINT('',(-8.71975942386,1.022872281838,2.825590491854
    ));
#3705 = CARTESIAN_POINT('',(-8.745371888479,0.767819739997,
    2.837205418928));
#3706 = CARTESIAN_POINT('',(-8.762457261898,0.512101389852,2.84882006013
    ));
#3707 = CARTESIAN_POINT('',(-8.771,0.256049892132,2.860434318413));
#3708 = CARTESIAN_POINT('',(-8.771,-2.802637588672E-07,2.872048078395));
#3709 = PCURVE('',#2997,#3710);
#3710 = DEFINITIONAL_REPRESENTATION('',(#3711),#3798);
#3711 = B_SPLINE_CURVE_WITH_KNOTS('',8,(#3712,#3713,#3714,#3715,#3716,
    #3717,#3718,#3719,#3720,#3721,#3722,#3723,#3724,#3725,#3726,#3727,
    #3728,#3729,#3730,#3731,#3732,#3733,#3734,#3735,#3736,#3737,#3738,
    #3739,#3740,#3741,#3742,#3743,#3744,#3745,#3746,#3747,#3748,#3749,
    #3750,#3751,#3752,#3753,#3754,#3755,#3756,#3757,#3758,#3759,#3760,
    #3761,#3762,#3763,#3764,#3765,#3766,#3767,#3768,#3769,#3770,#3771,
    #3772,#3773,#3774,#3775,#3776,#3777,#3778,#3779,#3780,#3781,#3782,
    #3783,#3784,#3785,#3786,#3787,#3788,#3789,#3790,#3791,#3792,#3793,
    #3794,#3795,#3796,#3797),.UNSPECIFIED.,.F.,.F.,(9,7,7,7,7,7,7,7,7,7,
    7,7,9),(0.,2.881724172703E-02,6.559664936596E-02,0.126316329693,
    0.215226005564,0.318292493053,0.427772925666,0.576881573049,
    0.687777764444,0.79062249754,0.884481111399,0.962825303963,1.),
  .UNSPECIFIED.);
#3712 = CARTESIAN_POINT('',(-6.28318530718,0.372055127327));
#3713 = CARTESIAN_POINT('',(-6.260555480423,0.381057931683));
#3714 = CARTESIAN_POINT('',(-6.237925644922,0.390061074179));
#3715 = CARTESIAN_POINT('',(-6.215295802956,0.399064493564));
#3716 = CARTESIAN_POINT('',(-6.192665957694,0.408068134601));
#3717 = CARTESIAN_POINT('',(-6.170036113189,0.417071948062));
#3718 = CARTESIAN_POINT('',(-6.147406274384,0.426075890729));
#3719 = CARTESIAN_POINT('',(-6.124776447108,0.435079925396));
#3720 = CARTESIAN_POINT('',(-6.073264242635,0.455575936049));
#3721 = CARTESIAN_POINT('',(-6.044381801362,0.467067977926));
#3722 = CARTESIAN_POINT('',(-6.015499328428,0.478560089018));
#3723 = CARTESIAN_POINT('',(-5.986616838775,0.49005222315));
#3724 = CARTESIAN_POINT('',(-5.957734348124,0.501544345454));
#3725 = CARTESIAN_POINT('',(-5.928851872971,0.51303643237));
#3726 = CARTESIAN_POINT('',(-5.899969430589,0.524528471644));
#3727 = CARTESIAN_POINT('',(-5.823404661977,0.554992763556));
#3728 = CARTESIAN_POINT('',(-5.77572057858,0.573965657434));
#3729 = CARTESIAN_POINT('',(-5.728037252821,0.592938163587));
#3730 = CARTESIAN_POINT('',(-5.680354874266,0.611910244412));
#3731 = CARTESIAN_POINT('',(-5.632672495359,0.630882321375));
#3732 = CARTESIAN_POINT('',(-5.584989168919,0.649854804148));
#3733 = CARTESIAN_POINT('',(-5.537305085826,0.668827632559));
#3734 = CARTESIAN_POINT('',(-5.419803104196,0.715580149668));
#3735 = CARTESIAN_POINT('',(-5.349972257233,0.743365047152));
#3736 = CARTESIAN_POINT('',(-5.280146413884,0.771148082205));
#3737 = CARTESIAN_POINT('',(-5.210326821085,0.798928710437));
#3738 = CARTESIAN_POINT('',(-5.140507228285,0.826709340622));
#3739 = CARTESIAN_POINT('',(-5.070681384744,0.854492384907));
#3740 = CARTESIAN_POINT('',(-5.000850536671,0.882277303315));
#3741 = CARTESIAN_POINT('',(-4.850094151677,0.942261358861));
#3742 = CARTESIAN_POINT('',(-4.769133678742,0.974474342545));
#3743 = CARTESIAN_POINT('',(-4.688185373777,1.006682405913));
#3744 = CARTESIAN_POINT('',(-4.607247829674,1.038886051961));
#3745 = CARTESIAN_POINT('',(-4.526310291056,1.071089690681));
#3746 = CARTESIAN_POINT('',(-4.445361981891,1.103297765796));
#3747 = CARTESIAN_POINT('',(-4.364401470952,1.135510819799));
#3748 = CARTESIAN_POINT('',(-4.197491167324,1.201922303926));
#3749 = CARTESIAN_POINT('',(-4.111485538363,1.236142966403));
#3750 = CARTESIAN_POINT('',(-4.025496819052,1.27035699783));
#3751 = CARTESIAN_POINT('',(-3.93952203514,1.304565529214));
#3752 = CARTESIAN_POINT('',(-3.853547248742,1.338774079921));
#3753 = CARTESIAN_POINT('',(-3.767558526212,1.372988082855));
#3754 = CARTESIAN_POINT('',(-3.68155288628,1.407208711179));
#3755 = CARTESIAN_POINT('',(-3.478486304003,1.488006319267));
#3756 = CARTESIAN_POINT('',(-3.361244010011,1.53465539116));
#3757 = CARTESIAN_POINT('',(-3.244089780823,1.581269298957));
#3758 = CARTESIAN_POINT('',(-3.126986764449,1.62786327876));
#3759 = CARTESIAN_POINT('',(-3.009883742723,1.674456662167));
#3760 = CARTESIAN_POINT('',(-2.89272951889,1.721071075388));
#3761 = CARTESIAN_POINT('',(-2.775487223193,1.767720372087));
#3762 = CARTESIAN_POINT('',(-2.571308868031,1.848960357131));
#3763 = CARTESIAN_POINT('',(-2.484189349621,1.883624063089));
#3764 = CARTESIAN_POINT('',(-2.397087918335,1.918280496933));
#3765 = CARTESIAN_POINT('',(-2.310001239932,1.952930997714));
#3766 = CARTESIAN_POINT('',(-2.222914561221,1.987581507352));
#3767 = CARTESIAN_POINT('',(-2.135813132876,2.022237891125));
#3768 = CARTESIAN_POINT('',(-2.048693608745,2.056901551236));
#3769 = CARTESIAN_POINT('',(-1.880845690869,2.123686134128));
#3770 = CARTESIAN_POINT('',(-1.800060068272,2.155829802885));
#3771 = CARTESIAN_POINT('',(-1.71928470056,2.187969548434));
#3772 = CARTESIAN_POINT('',(-1.638522139616,2.220104284771));
#3773 = CARTESIAN_POINT('',(-1.557759578647,2.25223901368));
#3774 = CARTESIAN_POINT('',(-1.476984211012,2.284378771965));
#3775 = CARTESIAN_POINT('',(-1.396198588093,2.31652251491));
#3776 = CARTESIAN_POINT('',(-1.241730045193,2.377983592982));
#3777 = CARTESIAN_POINT('',(-1.168009447581,2.407315957899));
#3778 = CARTESIAN_POINT('',(-1.094295373198,2.436645585807));
#3779 = CARTESIAN_POINT('',(-1.020589460334,2.465971858026));
#3780 = CARTESIAN_POINT('',(-0.946883549868,2.495298092947));
#3781 = CARTESIAN_POINT('',(-0.873169468007,2.524627636297));
#3782 = CARTESIAN_POINT('',(-0.79944883766,2.553959930804));
#3783 = CARTESIAN_POINT('',(-0.664220267606,2.607765634403));
#3784 = CARTESIAN_POINT('',(-0.602691589221,2.632247235238));
#3785 = CARTESIAN_POINT('',(-0.54116558379,2.656727936276));
#3786 = CARTESIAN_POINT('',(-0.479642926037,2.681207468622));
#3787 = CARTESIAN_POINT('',(-0.418120270961,2.705687124068));
#3788 = CARTESIAN_POINT('',(-0.356594267543,2.730168142719));
#3789 = CARTESIAN_POINT('',(-0.295065580091,2.754650090152));
#3790 = CARTESIAN_POINT('',(-0.204350117902,2.790744690874));
#3791 = CARTESIAN_POINT('',(-0.175157266979,2.802360076614));
#3792 = CARTESIAN_POINT('',(-0.145964380834,2.813975357623));
#3793 = CARTESIAN_POINT('',(-0.116771475917,2.825590491854));
#3794 = CARTESIAN_POINT('',(-8.757856874745E-02,2.837205418928));
#3795 = CARTESIAN_POINT('',(-5.838567591823E-02,2.84882006013));
#3796 = CARTESIAN_POINT('',(-2.919281409136E-02,2.860434318413));
#3797 = CARTESIAN_POINT('',(0.,2.872048078395));
#3798 = ( GEOMETRIC_REPRESENTATION_CONTEXT(2) 
PARAMETRIC_REPRESENTATION_CONTEXT() REPRESENTATION_CONTEXT('2D SPACE',''
  ) );
#3799 = PCURVE('',#3800,#3863);
#3800 = B_SPLINE_SURFACE_WITH_KNOTS('',1,9,(
    (#3801,#3802,#3803,#3804,#3805,#3806,#3807,#3808,#3809,#3810,#3811
      ,#3812,#3813,#3814,#3815,#3816,#3817,#3818,#3819,#3820,#3821,#3822
      ,#3823,#3824,#3825,#3826,#3827,#3828,#3829,#3830,#3831)
    ,(#3832,#3833,#3834,#3835,#3836,#3837,#3838,#3839,#3840,#3841,#3842
      ,#3843,#3844,#3845,#3846,#3847,#3848,#3849,#3850,#3851,#3852,#3853
      ,#3854,#3855,#3856,#3857,#3858,#3859,#3860,#3861,#3862
  )),.UNSPECIFIED.,.F.,.F.,.F.,(2,2),(10,7,7,7,10),(0.,2.1855),(0.,
    1.69056975611,3.381139512219,5.071709268329,6.762279024438),
  .UNSPECIFIED.);
#3801 = CARTESIAN_POINT('',(-10.02100402982,2.394703102482E-09,
    1.093750060184));
#3802 = CARTESIAN_POINT('',(-10.02100987274,-1.748995512679,
    1.163194591894));
#3803 = CARTESIAN_POINT('',(-9.677589076881,-3.497979797664,
    1.232638970987));
#3804 = CARTESIAN_POINT('',(-8.990762907683,-5.169930960948,
    1.302083397259));
#3805 = CARTESIAN_POINT('',(-7.980695201347,-6.687738086835,
    1.37152787025));
#3806 = CARTESIAN_POINT('',(-6.687734011094,-7.980696984684,
    1.440972313928));
#3807 = CARTESIAN_POINT('',(-5.169924034195,-8.990761043345,
    1.510416760156));
#3808 = CARTESIAN_POINT('',(-3.497990780377,-9.677589402136,
    1.57986120221));
#3809 = CARTESIAN_POINT('',(-1.779606735886E-07,-10.36441948078,
    1.718750089077));
#3810 = CARTESIAN_POINT('',(3.497990770659,-9.677593386722,
    1.857638979605));
#3811 = CARTESIAN_POINT('',(5.169922993305,-8.990766627882,1.92708342598
    ));
#3812 = CARTESIAN_POINT('',(6.687738148028,-7.980692337601,1.99652787045
    ));
#3813 = CARTESIAN_POINT('',(7.980691330048,-6.687736835211,
    2.065972312184));
#3814 = CARTESIAN_POINT('',(8.990763874592,-5.169920863531,
    2.135416754086));
#3815 = CARTESIAN_POINT('',(9.677591378784,-3.49798915979,2.204861198894
    ));
#3816 = CARTESIAN_POINT('',(10.364420280392,9.625100519492E-09,
    2.343750090281));
#3817 = CARTESIAN_POINT('',(9.677591695738,3.497989241274,2.482638981668
    ));
#3818 = CARTESIAN_POINT('',(8.990764241198,5.169921039613,2.552083426476
    ));
#3819 = CARTESIAN_POINT('',(7.980691298411,6.687736911172,2.621527868378
    ));
#3820 = CARTESIAN_POINT('',(6.687737916961,7.980692109629,2.690972310112
    ));
#3821 = CARTESIAN_POINT('',(5.169922943091,8.990766288446,2.760416754582
    ));
#3822 = CARTESIAN_POINT('',(3.497990773495,9.677593329682,2.829861200957
    ));
#3823 = CARTESIAN_POINT('',(-1.801360752036E-07,10.364419640635,
    2.968750091485));
#3824 = CARTESIAN_POINT('',(-3.497990777541,9.677589294052,
    3.107638978352));
#3825 = CARTESIAN_POINT('',(-5.16992381965,8.990760784186,3.177083420426
    ));
#3826 = CARTESIAN_POINT('',(-6.687734450555,7.98069617727,3.246527866563
    ));
#3827 = CARTESIAN_POINT('',(-7.980693442459,6.68773899334,3.315972310427
    ));
#3828 = CARTESIAN_POINT('',(-8.990766790294,5.169933526233,
    3.385416783199));
#3829 = CARTESIAN_POINT('',(-9.677590311615,3.497977510245,
    3.454861209628));
#3830 = CARTESIAN_POINT('',(-10.02100221629,1.748995519863,
    3.524305588654));
#3831 = CARTESIAN_POINT('',(-10.02100805964,4.789966645546E-09,
    3.59375012038));
#3832 = CARTESIAN_POINT('',(-8.128308641298,-2.134116812158E-07,
    9.946363758067E-04));
#3833 = CARTESIAN_POINT('',(-8.128318986598,-1.418656839309,
    7.043130455674E-02));
#3834 = CARTESIAN_POINT('',(-7.849756881776,-2.837304653401,
    0.139881574974));
#3835 = CARTESIAN_POINT('',(-7.292651819092,-4.193484734286,
    0.209327631479));
#3836 = CARTESIAN_POINT('',(-6.473353926508,-5.424600953315,
    0.278769542343));
#3837 = CARTESIAN_POINT('',(-5.424610733971,-6.473361500183,
    0.348214046616));
#3838 = CARTESIAN_POINT('',(-4.193468111173,-7.292651732567,
    0.417658336289));
#3839 = CARTESIAN_POINT('',(-2.83731614369,-7.849757581006,
    0.487102992796));
#3840 = CARTESIAN_POINT('',(2.135908229321E-06,-8.406864128529,
    0.62599206183));
#3841 = CARTESIAN_POINT('',(2.837317147174,-7.84976056114,0.764880804697
    ));
#3842 = CARTESIAN_POINT('',(4.193465338124,-7.292656916295,
    0.834325077125));
#3843 = CARTESIAN_POINT('',(5.424606427916,-6.47335923694,0.903769519284
    ));
#3844 = CARTESIAN_POINT('',(6.473356980704,-5.424607188713,
    0.973214205274));
#3845 = CARTESIAN_POINT('',(7.292654886466,-4.193463459894,1.04265887624
    ));
#3846 = CARTESIAN_POINT('',(7.849759171845,-2.837313879711,
    1.112103288313));
#3847 = CARTESIAN_POINT('',(8.406864832566,3.547944027438E-07,
    1.250991954572));
#3848 = CARTESIAN_POINT('',(7.849759507154,2.837314655138,1.389880620832
    ));
#3849 = CARTESIAN_POINT('',(7.292655201062,4.193464358673,1.459325032904
    ));
#3850 = CARTESIAN_POINT('',(6.47335648869,5.424607843748,1.52876970387)
  );
#3851 = CARTESIAN_POINT('',(5.424605497246,6.473359267612,1.59821438986)
  );
#3852 = CARTESIAN_POINT('',(4.193464663023,7.292656649984,1.667658832019
    ));
#3853 = CARTESIAN_POINT('',(2.83731652159,7.849760687716,1.737103104447)
  );
#3854 = CARTESIAN_POINT('',(1.456662841846E-06,8.406864412588,
    1.875991847314));
#3855 = CARTESIAN_POINT('',(-2.837316769274,7.849757160992,
    2.014880916348));
#3856 = CARTESIAN_POINT('',(-4.193468315779,7.292650935131,
    2.084325572889));
#3857 = CARTESIAN_POINT('',(-5.424612034974,6.473359629563,
    2.153769862404));
#3858 = CARTESIAN_POINT('',(-6.473351236634,5.424602044185,
    2.223214367005));
#3859 = CARTESIAN_POINT('',(-7.292659055658,4.193488707119,2.29265627748
    ));
#3860 = CARTESIAN_POINT('',(-7.849759303928,2.837299957867,
    2.362102334265));
#3861 = CARTESIAN_POINT('',(-8.128305494506,1.418656199074,
    2.431552604563));
#3862 = CARTESIAN_POINT('',(-8.128315802582,-4.268224325088E-07,
    2.500989272773));
#3863 = DEFINITIONAL_REPRESENTATION('',(#3864),#3951);
#3864 = B_SPLINE_CURVE_WITH_KNOTS('',8,(#3865,#3866,#3867,#3868,#3869,
    #3870,#3871,#3872,#3873,#3874,#3875,#3876,#3877,#3878,#3879,#3880,
    #3881,#3882,#3883,#3884,#3885,#3886,#3887,#3888,#3889,#3890,#3891,
    #3892,#3893,#3894,#3895,#3896,#3897,#3898,#3899,#3900,#3901,#3902,
    #3903,#3904,#3905,#3906,#3907,#3908,#3909,#3910,#3911,#3912,#3913,
    #3914,#3915,#3916,#3917,#3918,#3919,#3920,#3921,#3922,#3923,#3924,
    #3925,#3926,#3927,#3928,#3929,#3930,#3931,#3932,#3933,#3934,#3935,
    #3936,#3937,#3938,#3939,#3940,#3941,#3942,#3943,#3944,#3945,#3946,
    #3947,#3948,#3949,#3950),.UNSPECIFIED.,.F.,.F.,(9,7,7,7,7,7,7,7,7,7,
    7,7,9),(0.,2.881724172703E-02,6.559664936596E-02,0.126316329693,
    0.215226005564,0.318292493053,0.427772925666,0.576881573049,
    0.687777764444,0.79062249754,0.884481111399,0.962825303963,1.),
  .UNSPECIFIED.);
#3865 = CARTESIAN_POINT('',(1.443382714272,1.7194996385E-08));
#3866 = CARTESIAN_POINT('',(1.443384030592,2.435537828628E-02));
#3867 = CARTESIAN_POINT('',(1.443385001401,4.871077507734E-02));
#3868 = CARTESIAN_POINT('',(1.443385684921,7.306619140798E-02));
#3869 = CARTESIAN_POINT('',(1.443386135014,9.742161327116E-02));
#3870 = CARTESIAN_POINT('',(1.44338640118,0.121777028813));
#3871 = CARTESIAN_POINT('',(1.443386528556,0.146132428333));
#3872 = CARTESIAN_POINT('',(1.443386557918,0.170487804283));
#3873 = CARTESIAN_POINT('',(1.443386484531,0.225927848529));
#3874 = CARTESIAN_POINT('',(1.443386342606,0.257012577089));
#3875 = CARTESIAN_POINT('',(1.443386160807,0.288097324047));
#3876 = CARTESIAN_POINT('',(1.443385985316,0.319182076122));
#3877 = CARTESIAN_POINT('',(1.443385847601,0.350266819656));
#3878 = CARTESIAN_POINT('',(1.443385764409,0.381351540608));
#3879 = CARTESIAN_POINT('',(1.44338573777,0.412436224559));
#3880 = CARTESIAN_POINT('',(1.44338578343,0.494838946064));
#3881 = CARTESIAN_POINT('',(1.443385942289,0.546158877253));
#3882 = CARTESIAN_POINT('',(1.443386209106,0.597478012667));
#3883 = CARTESIAN_POINT('',(1.443386513964,0.648796154745));
#3884 = CARTESIAN_POINT('',(1.443386784504,0.700114322795));
#3885 = CARTESIAN_POINT('',(1.443386971606,0.751433530579));
#3886 = CARTESIAN_POINT('',(1.443387055746,0.802753564669));
#3887 = CARTESIAN_POINT('',(1.443387002222,0.929215183431));
#3888 = CARTESIAN_POINT('',(1.443386745385,1.004370709982));
#3889 = CARTESIAN_POINT('',(1.443386253437,1.079520840319));
#3890 = CARTESIAN_POINT('',(1.443385628495,1.154664213242));
#3891 = CARTESIAN_POINT('',(1.443385020663,1.229807550303));
#3892 = CARTESIAN_POINT('',(1.443384570883,1.304957588408));
#3893 = CARTESIAN_POINT('',(1.443384360848,1.380113003985));
#3894 = CARTESIAN_POINT('',(1.44338438058,1.542364491723));
#3895 = CARTESIAN_POINT('',(1.443384722547,1.62949816922));
#3896 = CARTESIAN_POINT('',(1.44338520077,1.71661875299));
#3897 = CARTESIAN_POINT('',(1.443385946603,1.803727799075));
#3898 = CARTESIAN_POINT('',(1.443386707456,1.890836881846));
#3899 = CARTESIAN_POINT('',(1.443387165567,1.977957563654));
#3900 = CARTESIAN_POINT('',(1.443387372242,2.065091360325));
#3901 = CARTESIAN_POINT('',(1.44338739618,2.244728649295));
#3902 = CARTESIAN_POINT('',(1.443387181135,2.337292231378));
#3903 = CARTESIAN_POINT('',(1.443386786225,2.429837594014));
#3904 = CARTESIAN_POINT('',(1.443386321144,2.522367943388));
#3905 = CARTESIAN_POINT('',(1.443385822225,2.614898274273));
#3906 = CARTESIAN_POINT('',(1.443385492721,2.70744358391));
#3907 = CARTESIAN_POINT('',(1.443385360351,2.800007105904));
#3908 = CARTESIAN_POINT('',(1.443385393846,3.018557449435));
#3909 = CARTESIAN_POINT('',(1.443385670047,3.144739451019));
#3910 = CARTESIAN_POINT('',(1.443386240936,3.270826843597));
#3911 = CARTESIAN_POINT('',(1.443385800286,3.396859021425));
#3912 = CARTESIAN_POINT('',(1.443386618902,3.522891295135));
#3913 = CARTESIAN_POINT('',(1.443386154956,3.648978629388));
#3914 = CARTESIAN_POINT('',(1.443385996846,3.775160633026));
#3915 = CARTESIAN_POINT('',(1.443386015956,3.994907523012));
#3916 = CARTESIAN_POINT('',(1.443386133549,4.088669860397));
#3917 = CARTESIAN_POINT('',(1.443386416003,4.182412730814));
#3918 = CARTESIAN_POINT('',(1.44338683741,4.276139746132));
#3919 = CARTESIAN_POINT('',(1.443387231365,4.369866780309));
#3920 = CARTESIAN_POINT('',(1.443387593027,4.463609705102));
#3921 = CARTESIAN_POINT('',(1.44338778952,4.557372127468));
#3922 = CARTESIAN_POINT('',(1.443387745315,4.738018541928));
#3923 = CARTESIAN_POINT('',(1.443387554365,4.824964123205));
#3924 = CARTESIAN_POINT('',(1.443387053687,4.91189868211));
#3925 = CARTESIAN_POINT('',(1.443386378949,4.998819435905));
#3926 = CARTESIAN_POINT('',(1.443385718139,5.085740145656));
#3927 = CARTESIAN_POINT('',(1.443385199077,5.172674606053));
#3928 = CARTESIAN_POINT('',(1.443384887844,5.259620101508));
#3929 = CARTESIAN_POINT('',(1.4433849075,5.425866805832));
#3930 = CARTESIAN_POINT('',(1.443385166674,5.505208570114));
#3931 = CARTESIAN_POINT('',(1.443385700898,5.584543329661));
#3932 = CARTESIAN_POINT('',(1.44338643357,5.663869342205));
#3933 = CARTESIAN_POINT('',(1.443387210591,5.743195395383));
#3934 = CARTESIAN_POINT('',(1.443387844193,5.822530270517));
#3935 = CARTESIAN_POINT('',(1.443388176227,5.901872189758));
#3936 = CARTESIAN_POINT('',(1.443388148151,6.047412050698));
#3937 = CARTESIAN_POINT('',(1.443387894273,6.113632320427));
#3938 = CARTESIAN_POINT('',(1.443387368021,6.179849681423));
#3939 = CARTESIAN_POINT('',(1.443386597086,6.246063388752));
#3940 = CARTESIAN_POINT('',(1.443385693891,6.312277043576));
#3941 = CARTESIAN_POINT('',(1.443384852939,6.378494282372));
#3942 = CARTESIAN_POINT('',(1.443384319736,6.444714438693));
#3943 = CARTESIAN_POINT('',(1.44338433678,6.542346914868));
#3944 = CARTESIAN_POINT('',(1.443384475646,6.573765719481));
#3945 = CARTESIAN_POINT('',(1.443384757029,6.605184582712));
#3946 = CARTESIAN_POINT('',(1.443385206266,6.636603489496));
#3947 = CARTESIAN_POINT('',(1.443385864898,6.668022418296));
#3948 = CARTESIAN_POINT('',(1.443386790667,6.699441341111));
#3949 = CARTESIAN_POINT('',(1.443388057519,6.730860223471));
#3950 = CARTESIAN_POINT('',(1.443389755602,6.762279024438));
#3951 = ( GEOMETRIC_REPRESENTATION_CONTEXT(2) 
PARAMETRIC_REPRESENTATION_CONTEXT() REPRESENTATION_CONTEXT('2D SPACE',''
  ) );
#3952 = ORIENTED_EDGE('',*,*,#3953,.F.);
#3953 = EDGE_CURVE('',#3954,#3619,#3956,.T.);
#3954 = VERTEX_POINT('',#3955);
#3955 = CARTESIAN_POINT('',(-8.771,-7.006569979756E-08,2.127934930174));
#3956 = SURFACE_CURVE('',#3957,(#3961,#3968),.PCURVE_S1.);
#3957 = LINE('',#3958,#3959);
#3958 = CARTESIAN_POINT('',(-8.771,0.,0.));
#3959 = VECTOR('',#3960,1.);
#3960 = DIRECTION('',(0.,0.,1.));
#3961 = PCURVE('',#2997,#3962);
#3962 = DEFINITIONAL_REPRESENTATION('',(#3963),#3967);
#3963 = LINE('',#3964,#3965);
#3964 = CARTESIAN_POINT('',(-0.,0.));
#3965 = VECTOR('',#3966,1.);
#3966 = DIRECTION('',(-0.,1.));
#3967 = ( GEOMETRIC_REPRESENTATION_CONTEXT(2) 
PARAMETRIC_REPRESENTATION_CONTEXT() REPRESENTATION_CONTEXT('2D SPACE',''
  ) );
#3968 = PCURVE('',#3969,#3974);
#3969 = CYLINDRICAL_SURFACE('',#3970,8.771);
#3970 = AXIS2_PLACEMENT_3D('',#3971,#3972,#3973);
#3971 = CARTESIAN_POINT('',(0.,0.,0.));
#3972 = DIRECTION('',(0.,0.,1.));
#3973 = DIRECTION('',(-1.,0.,0.));
#3974 = DEFINITIONAL_REPRESENTATION('',(#3975),#3979);
#3975 = LINE('',#3976,#3977);
#3976 = CARTESIAN_POINT('',(-6.28318530718,0.));
#3977 = VECTOR('',#3978,1.);
#3978 = DIRECTION('',(-0.,1.));
#3979 = ( GEOMETRIC_REPRESENTATION_CONTEXT(2) 
PARAMETRIC_REPRESENTATION_CONTEXT() REPRESENTATION_CONTEXT('2D SPACE',''
  ) );
#3980 = ORIENTED_EDGE('',*,*,#3981,.F.);
#3981 = EDGE_CURVE('',#2975,#3954,#3982,.T.);
#3982 = SURFACE_CURVE('',#3983,(#4049,#4118),.PCURVE_S1.);
#3983 = B_SPLINE_CURVE_WITH_KNOTS('',8,(#3984,#3985,#3986,#3987,#3988,
    #3989,#3990,#3991,#3992,#3993,#3994,#3995,#3996,#3997,#3998,#3999,
    #4000,#4001,#4002,#4003,#4004,#4005,#4006,#4007,#4008,#4009,#4010,
    #4011,#4012,#4013,#4014,#4015,#4016,#4017,#4018,#4019,#4020,#4021,
    #4022,#4023,#4024,#4025,#4026,#4027,#4028,#4029,#4030,#4031,#4032,
    #4033,#4034,#4035,#4036,#4037,#4038,#4039,#4040,#4041,#4042,#4043,
    #4044,#4045,#4046,#4047,#4048),.UNSPECIFIED.,.F.,.F.,(9,7,7,7,7,7,7,
    7,7,9),(0.,7.722934559681E-02,0.198183704284,0.326498586711,
    0.475467087799,0.629806168507,0.752313147813,0.861295564045,
    0.950921183718,1.),.UNSPECIFIED.);
#3984 = CARTESIAN_POINT('',(-5.208999611661,-7.056682226494,
    -7.343465670158E-05));
#3985 = CARTESIAN_POINT('',(-4.844710725358,-7.325587727169,
    2.046661291933E-02));
#3986 = CARTESIAN_POINT('',(-4.464538905773,-7.573014200857,
    4.100763607149E-02));
#3987 = CARTESIAN_POINT('',(-4.069987456076,-7.797846400969,
    6.154820394287E-02));
#3988 = CARTESIAN_POINT('',(-3.662630558612,-7.999118399214,
    8.208823088418E-02));
#3989 = CARTESIAN_POINT('',(-3.244105989741,-8.176000411042,
    0.102628299866));
#3990 = CARTESIAN_POINT('',(-2.816112001173,-8.327794721353,
    0.123168986956));
#3991 = CARTESIAN_POINT('',(-2.380408367816,-8.453940710452,
    0.143710186848));
#3992 = CARTESIAN_POINT('',(-1.247221231319,-8.710784322338,
    0.19641998673));
#3993 = CARTESIAN_POINT('',(-0.540934738389,-8.80368017597,
    0.228599083357));
#3994 = CARTESIAN_POINT('',(0.172857885333,-8.831024864296,0.26077341825
    ));
#3995 = CARTESIAN_POINT('',(0.887042068648,-8.792228318918,0.2929436));
#3996 = CARTESIAN_POINT('',(1.594583303661,-8.687587930687,
    0.325113782362));
#3997 = CARTESIAN_POINT('',(2.288529449907,-8.51821741782,0.357288084052
    ));
#3998 = CARTESIAN_POINT('',(2.962027189273,-8.286116053182,
    0.389467074096));
#3999 = CARTESIAN_POINT('',(4.294063979116,-7.684881637057,
    0.455763749171));
#4000 = CARTESIAN_POINT('',(4.94966287228,-7.308059355141,0.489903363449
    ));
#4001 = CARTESIAN_POINT('',(5.567069562319,-6.86747057348,0.524036365089
    ));
#4002 = CARTESIAN_POINT('',(6.139117563873,-6.367749139975,
    0.558163765571));
#4003 = CARTESIAN_POINT('',(6.65941271752,-5.81434755275,0.592291173085)
  );
#4004 = CARTESIAN_POINT('',(7.122272683494,-5.213456360354,
    0.626424211768));
#4005 = CARTESIAN_POINT('',(7.522804665247,-4.572067469645,
    0.660563902086));
#4006 = CARTESIAN_POINT('',(8.245317476636,-3.115763882425,
    0.734311335092));
#4007 = CARTESIAN_POINT('',(8.544704567744,-2.288677943837,
    0.773958155494));
#4008 = CARTESIAN_POINT('',(8.748836454763,-1.429430185975,
    0.813590424994));
#4009 = CARTESIAN_POINT('',(8.854055244961,-0.550891773789,
    0.853211966311));
#4010 = CARTESIAN_POINT('',(8.858550122522,0.333913651224,0.892833577086
    ));
#4011 = CARTESIAN_POINT('',(8.762503832408,1.211838070661,0.932465679448
    ));
#4012 = CARTESIAN_POINT('',(8.567949796542,2.069657140256,0.972112350293
    ));
#4013 = CARTESIAN_POINT('',(7.981185494444,3.748321594642,1.052781111159
    ));
#4014 = CARTESIAN_POINT('',(7.581665031748,4.567969745573,1.093861270004
    ));
#4015 = CARTESIAN_POINT('',(7.086134891055,5.338091513169,1.134923843601
    ));
#4016 = CARTESIAN_POINT('',(6.502105259218,6.045828096569,1.175974469465
    ));
#4017 = CARTESIAN_POINT('',(5.838655518788,6.679717892551,1.217025093288
    ));
#4018 = CARTESIAN_POINT('',(5.106557563149,7.229872927769,1.258087887954
    ));
#4019 = CARTESIAN_POINT('',(4.318090941735,7.687868808841,1.299168246055
    ));
#4020 = CARTESIAN_POINT('',(2.828823908472,8.333310990828,1.372799293418
    ));
#4021 = CARTESIAN_POINT('',(2.142877089827,8.557336943539,1.405391627228
    ));
#4022 = CARTESIAN_POINT('',(1.437011049839,8.716661598415,1.43797866666)
  );
#4023 = CARTESIAN_POINT('',(0.718382773523,8.809329154147,1.470561076548
    ));
#4024 = CARTESIAN_POINT('',(-5.764630851529E-03,8.834316999785,
    1.503143494911));
#4025 = CARTESIAN_POINT('',(-0.728118098677,8.791460737898,
    1.535730533198));
#4026 = CARTESIAN_POINT('',(-1.441298385218,8.681530732155,
    1.568322825225));
#4027 = CARTESIAN_POINT('',(-2.757561685402,8.35072177573,1.6298906922)
  );
#4028 = CARTESIAN_POINT('',(-3.364396506555,8.143358693675,
    1.658881732719));
#4029 = CARTESIAN_POINT('',(-3.953184536303,7.885645645882,
    1.687870445163));
#4030 = CARTESIAN_POINT('',(-4.519069945043,7.57946997723,1.716856168697
    ));
#4031 = CARTESIAN_POINT('',(-5.057490937752,7.227230492123,
    1.745841886436));
#4032 = CARTESIAN_POINT('',(-5.564168170676,6.83179970348,1.774830577549
    ));
#4033 = CARTESIAN_POINT('',(-6.035132442226,6.396551967709,
    1.803821575857));
#4034 = CARTESIAN_POINT('',(-6.821782178959,5.538035988061,
    1.856644090153));
#4035 = CARTESIAN_POINT('',(-7.150278489989,5.126274292124,
    1.880483262285));
#4036 = CARTESIAN_POINT('',(-7.450283933484,4.692335539991,
    1.904321424001));
#4037 = CARTESIAN_POINT('',(-7.720068993907,4.238535965943,
    1.928158373291));
#4038 = CARTESIAN_POINT('',(-7.958140869489,3.767324967548,
    1.951995351298));
#4039 = CARTESIAN_POINT('',(-8.163234230734,3.281276810411,
    1.975833616758));
#4040 = CARTESIAN_POINT('',(-8.334323165783,2.783093986486,
    1.999672977049));
#4041 = CARTESIAN_POINT('',(-8.545308985462,1.997731669765,
    2.036563534676));
#4042 = CARTESIAN_POINT('',(-8.609545205991,1.717039797479,
    2.049616911086));
#4043 = CARTESIAN_POINT('',(-8.663239841442,1.43400558723,2.062670239843
    ));
#4044 = CARTESIAN_POINT('',(-8.706294327183,1.14909148853,2.075723472927
    ));
#4045 = CARTESIAN_POINT('',(-8.738634678068,0.862763302679,
    2.088776614059));
#4046 = CARTESIAN_POINT('',(-8.760211499752,0.575490063142,
    2.101829653213));
#4047 = CARTESIAN_POINT('',(-8.771,0.287743915933,2.114882501128));
#4048 = CARTESIAN_POINT('',(-8.771,1.7763568394E-15,2.127934923817));
#4049 = PCURVE('',#2997,#4050);
#4050 = DEFINITIONAL_REPRESENTATION('',(#4051),#4117);
#4051 = B_SPLINE_CURVE_WITH_KNOTS('',8,(#4052,#4053,#4054,#4055,#4056,
    #4057,#4058,#4059,#4060,#4061,#4062,#4063,#4064,#4065,#4066,#4067,
    #4068,#4069,#4070,#4071,#4072,#4073,#4074,#4075,#4076,#4077,#4078,
    #4079,#4080,#4081,#4082,#4083,#4084,#4085,#4086,#4087,#4088,#4089,
    #4090,#4091,#4092,#4093,#4094,#4095,#4096,#4097,#4098,#4099,#4100,
    #4101,#4102,#4103,#4104,#4105,#4106,#4107,#4108,#4109,#4110,#4111,
    #4112,#4113,#4114,#4115,#4116),.UNSPECIFIED.,.F.,.F.,(9,7,7,7,7,7,7,
    7,7,9),(0.,7.722934559681E-02,0.198183704284,0.326498586711,
    0.475467087799,0.629806168507,0.752313147813,0.861295564045,
    0.950921183718,1.),.UNSPECIFIED.);
#4052 = CARTESIAN_POINT('',(-5.348272908396,-7.34346567016E-05));
#4053 = CARTESIAN_POINT('',(-5.296649656193,2.046661291933E-02));
#4054 = CARTESIAN_POINT('',(-5.245023874852,4.100763607149E-02));
#4055 = CARTESIAN_POINT('',(-5.193399217234,6.154820394287E-02));
#4056 = CARTESIAN_POINT('',(-5.141775964284,8.208823088418E-02));
#4057 = CARTESIAN_POINT('',(-5.090152711136,0.102628299866));
#4058 = CARTESIAN_POINT('',(-5.038528053249,0.123168986956));
#4059 = CARTESIAN_POINT('',(-4.98690227259,0.143710186848));
#4060 = CARTESIAN_POINT('',(-4.854428190598,0.19641998673));
#4061 = CARTESIAN_POINT('',(-4.773553773782,0.228599083357));
#4062 = CARTESIAN_POINT('',(-4.692691466721,0.26077341825));
#4063 = CARTESIAN_POINT('',(-4.611839875906,0.2929436));
#4064 = CARTESIAN_POINT('',(-4.53098828584,0.325113782362));
#4065 = CARTESIAN_POINT('',(-4.450125980094,0.357288084052));
#4066 = CARTESIAN_POINT('',(-4.369251563401,0.389467074096));
#4067 = CARTESIAN_POINT('',(-4.2026298211,0.455763749171));
#4068 = CARTESIAN_POINT('',(-4.116827335982,0.489903363449));
#4069 = CARTESIAN_POINT('',(-4.031041301163,0.524036365089));
#4070 = CARTESIAN_POINT('',(-3.945269264301,0.558163765571));
#4071 = CARTESIAN_POINT('',(-3.859497234053,0.592291173085));
#4072 = CARTESIAN_POINT('',(-3.773711193416,0.626424211768));
#4073 = CARTESIAN_POINT('',(-3.687908660526,0.660563902086));
#4074 = CARTESIAN_POINT('',(-3.502561162761,0.734311335092));
#4075 = CARTESIAN_POINT('',(-3.402918026939,0.773958155494));
#4076 = CARTESIAN_POINT('',(-3.303311649889,0.813590424994));
#4077 = CARTESIAN_POINT('',(-3.203731702856,0.853211966311));
#4078 = CARTESIAN_POINT('',(-3.10415173641,0.892833577086));
#4079 = CARTESIAN_POINT('',(-3.004545390097,0.932465679448));
#4080 = CARTESIAN_POINT('',(-2.90490218495,0.972112350293));
#4081 = CARTESIAN_POINT('',(-2.70215911608,1.052781111159));
#4082 = CARTESIAN_POINT('',(-2.5989133001,1.093861270004));
#4083 = CARTESIAN_POINT('',(-2.495711935137,1.134923843601));
#4084 = CARTESIAN_POINT('',(-2.392541209613,1.175974469465));
#4085 = CARTESIAN_POINT('',(-2.289370475779,1.217025093288));
#4086 = CARTESIAN_POINT('',(-2.186169092384,1.258087887954));
#4087 = CARTESIAN_POINT('',(-2.082923266166,1.299168246055));
#4088 = CARTESIAN_POINT('',(-1.897868203079,1.372799293418));
#4089 = CARTESIAN_POINT('',(-1.815954472822,1.405391627228));
#4090 = CARTESIAN_POINT('',(-1.734053675935,1.43797866666));
#4091 = CARTESIAN_POINT('',(-1.652164232691,1.470561076548));
#4092 = CARTESIAN_POINT('',(-1.570274791015,1.503143494911));
#4093 = CARTESIAN_POINT('',(-1.488373995607,1.535730533198));
#4094 = CARTESIAN_POINT('',(-1.406460260662,1.568322825225));
#4095 = CARTESIAN_POINT('',(-1.251723402896,1.6298906922));
#4096 = CARTESIAN_POINT('',(-1.178861300795,1.658881732719));
#4097 = CARTESIAN_POINT('',(-1.106005367319,1.687870445163));
#4098 = CARTESIAN_POINT('',(-1.03315714065,1.716856168697));
#4099 = CARTESIAN_POINT('',(-0.960308915298,1.745841886436));
#4100 = CARTESIAN_POINT('',(-0.887452984568,1.774830577549));
#4101 = CARTESIAN_POINT('',(-0.814590883534,1.803821575857));
#4102 = CARTESIAN_POINT('',(-0.68183324651,1.856644090153));
#4103 = CARTESIAN_POINT('',(-0.621918570881,1.880483262285));
#4104 = CARTESIAN_POINT('',(-0.562006238267,1.904321424001));
#4105 = CARTESIAN_POINT('',(-0.502096839182,1.928158373291));
#4106 = CARTESIAN_POINT('',(-0.442187441081,1.951995351298));
#4107 = CARTESIAN_POINT('',(-0.382275109419,1.975833616758));
#4108 = CARTESIAN_POINT('',(-0.322360430687,1.999672977049));
#4109 = CARTESIAN_POINT('',(-0.22964476933,2.036563534676));
#4110 = CARTESIAN_POINT('',(-0.196838233436,2.049616911086));
#4111 = CARTESIAN_POINT('',(-0.164031808831,2.062670239843));
#4112 = CARTESIAN_POINT('',(-0.131225527466,2.075723472927));
#4113 = CARTESIAN_POINT('',(-9.841924694308E-02,2.088776614059));
#4114 = CARTESIAN_POINT('',(-6.561282331449E-02,2.101829653213));
#4115 = CARTESIAN_POINT('',(-3.280628388249E-02,2.114882501128));
#4116 = CARTESIAN_POINT('',(0.,2.127934923817));
#4117 = ( GEOMETRIC_REPRESENTATION_CONTEXT(2) 
PARAMETRIC_REPRESENTATION_CONTEXT() REPRESENTATION_CONTEXT('2D SPACE',''
  ) );
#4118 = PCURVE('',#3446,#4119);
#4119 = DEFINITIONAL_REPRESENTATION('',(#4120),#4186);
#4120 = B_SPLINE_CURVE_WITH_KNOTS('',8,(#4121,#4122,#4123,#4124,#4125,
    #4126,#4127,#4128,#4129,#4130,#4131,#4132,#4133,#4134,#4135,#4136,
    #4137,#4138,#4139,#4140,#4141,#4142,#4143,#4144,#4145,#4146,#4147,
    #4148,#4149,#4150,#4151,#4152,#4153,#4154,#4155,#4156,#4157,#4158,
    #4159,#4160,#4161,#4162,#4163,#4164,#4165,#4166,#4167,#4168,#4169,
    #4170,#4171,#4172,#4173,#4174,#4175,#4176,#4177,#4178,#4179,#4180,
    #4181,#4182,#4183,#4184,#4185),.UNSPECIFIED.,.F.,.F.,(9,7,7,7,7,7,7,
    7,7,9),(0.,7.722934559681E-02,0.198183704284,0.326498586711,
    0.475467087799,0.629806168507,0.752313147813,0.861295564045,
    0.950921183718,1.),.UNSPECIFIED.);
#4121 = CARTESIAN_POINT('',(0.742123064022,1.006199625871));
#4122 = CARTESIAN_POINT('',(0.742123403007,1.061759196644));
#4123 = CARTESIAN_POINT('',(0.742123812652,1.117321479857));
#4124 = CARTESIAN_POINT('',(0.742124251174,1.172882538868));
#4125 = CARTESIAN_POINT('',(0.742124664583,1.228442069219));
#4126 = CARTESIAN_POINT('',(0.742125001739,1.28400158476));
#4127 = CARTESIAN_POINT('',(0.742125225599,1.339562602303));
#4128 = CARTESIAN_POINT('',(0.742125320638,1.395124824829));
#4129 = CARTESIAN_POINT('',(0.742125258592,1.537699996429));
#4130 = CARTESIAN_POINT('',(0.74212489584,1.624741058308));
#4131 = CARTESIAN_POINT('',(0.742124399962,1.711769089947));
#4132 = CARTESIAN_POINT('',(0.742123676718,1.798785629114));
#4133 = CARTESIAN_POINT('',(0.742122956077,1.885802210458));
#4134 = CARTESIAN_POINT('',(0.742122524693,1.972830334816));
#4135 = CARTESIAN_POINT('',(0.742122348795,2.059871474726));
#4136 = CARTESIAN_POINT('',(0.742122362962,2.239198204573));
#4137 = CARTESIAN_POINT('',(0.742122588051,2.331543155633));
#4138 = CARTESIAN_POINT('',(0.742122961475,2.423870381368));
#4139 = CARTESIAN_POINT('',(0.742123417682,2.516182526824));
#4140 = CARTESIAN_POINT('',(0.742123858249,2.608494644438));
#4141 = CARTESIAN_POINT('',(0.742124170824,2.700821821097));
#4142 = CARTESIAN_POINT('',(0.742124289888,2.793166751554));
#4143 = CARTESIAN_POINT('',(0.74212428025,2.992646939069));
#4144 = CARTESIAN_POINT('',(0.742124116092,3.099887862648));
#4145 = CARTESIAN_POINT('',(0.742123773847,3.207089246965));
#4146 = CARTESIAN_POINT('',(0.742123925238,3.314262362033));
#4147 = CARTESIAN_POINT('',(0.74212379763,3.421435272054));
#4148 = CARTESIAN_POINT('',(0.742123817014,3.528636763888));
#4149 = CARTESIAN_POINT('',(0.742123990077,3.635877803105));
#4150 = CARTESIAN_POINT('',(0.742124253153,3.854080048915));
#4151 = CARTESIAN_POINT('',(0.742124344703,3.965198322796));
#4152 = CARTESIAN_POINT('',(0.742124248431,4.076268715549));
#4153 = CARTESIAN_POINT('',(0.742123700867,4.187306150155));
#4154 = CARTESIAN_POINT('',(0.742123177216,4.298343637349));
#4155 = CARTESIAN_POINT('',(0.742122664765,4.409414123983));
#4156 = CARTESIAN_POINT('',(0.742122372273,4.520532476204));
#4157 = CARTESIAN_POINT('',(0.742122408851,4.719698080425));
#4158 = CARTESIAN_POINT('',(0.742122602959,4.807857782147));
#4159 = CARTESIAN_POINT('',(0.742123105874,4.896003588999));
#4160 = CARTESIAN_POINT('',(0.742123823473,4.984137150808));
#4161 = CARTESIAN_POINT('',(0.742124520235,5.072270665306));
#4162 = CARTESIAN_POINT('',(0.742125028718,5.160416370029));
#4163 = CARTESIAN_POINT('',(0.742125338227,5.248575992193));
#4164 = CARTESIAN_POINT('',(0.742125296184,5.415111465735));
#4165 = CARTESIAN_POINT('',(0.742125035283,5.49352927167));
#4166 = CARTESIAN_POINT('',(0.742124514407,5.57194045272));
#4167 = CARTESIAN_POINT('',(0.74212382176,5.650343373509));
#4168 = CARTESIAN_POINT('',(0.742123112821,5.728746334344));
#4169 = CARTESIAN_POINT('',(0.74212255936,5.807157616518));
#4170 = CARTESIAN_POINT('',(0.742122287289,5.885575539746));
#4171 = CARTESIAN_POINT('',(0.742122316504,6.028456059232));
#4172 = CARTESIAN_POINT('',(0.742122524869,6.092939261998));
#4173 = CARTESIAN_POINT('',(0.742122934951,6.157419914925));
#4174 = CARTESIAN_POINT('',(0.742123506066,6.221897365139));
#4175 = CARTESIAN_POINT('',(0.742124123508,6.286374767));
#4176 = CARTESIAN_POINT('',(0.742124621841,6.35085530085));
#4177 = CARTESIAN_POINT('',(0.742124858293,6.415338375498));
#4178 = CARTESIAN_POINT('',(0.742124824164,6.51512353551));
#4179 = CARTESIAN_POINT('',(0.742124737646,6.5504315609));
#4180 = CARTESIAN_POINT('',(0.742124564843,6.585739486348));
#4181 = CARTESIAN_POINT('',(0.742124321744,6.621047282851));
#4182 = CARTESIAN_POINT('',(0.742124037092,6.656355105128));
#4183 = CARTESIAN_POINT('',(0.742123737303,6.691663100076));
#4184 = CARTESIAN_POINT('',(0.742123431389,6.726971215234));
#4185 = CARTESIAN_POINT('',(0.74212309588,6.762279007243));
#4186 = ( GEOMETRIC_REPRESENTATION_CONTEXT(2) 
PARAMETRIC_REPRESENTATION_CONTEXT() REPRESENTATION_CONTEXT('2D SPACE',''
  ) );
#4187 = ADVANCED_FACE('',(#4188),#3446,.F.);
#4188 = FACE_BOUND('',#4189,.F.);
#4189 = EDGE_LOOP('',(#4190,#4191,#4192,#4243));
#4190 = ORIENTED_EDGE('',*,*,#3981,.F.);
#4191 = ORIENTED_EDGE('',*,*,#3350,.F.);
#4192 = ORIENTED_EDGE('',*,*,#4193,.T.);
#4193 = EDGE_CURVE('',#3252,#4194,#4196,.T.);
#4194 = VERTEX_POINT('',#4195);
#4195 = CARTESIAN_POINT('',(-10.0210031343,2.394647971722E-09,
    1.406250060183));
#4196 = SURFACE_CURVE('',#4197,(#4229,#4236),.PCURVE_S1.);
#4197 = B_SPLINE_CURVE_WITH_KNOTS('',9,(#4198,#4199,#4200,#4201,#4202,
    #4203,#4204,#4205,#4206,#4207,#4208,#4209,#4210,#4211,#4212,#4213,
    #4214,#4215,#4216,#4217,#4218,#4219,#4220,#4221,#4222,#4223,#4224,
    #4225,#4226,#4227,#4228),.UNSPECIFIED.,.F.,.F.,(10,7,7,7,10),(0.,
    1.69056975611,3.381139512219,5.071709268329,6.762279024438),
  .UNSPECIFIED.);
#4198 = CARTESIAN_POINT('',(-10.021,8.881784197001E-16,-1.09375));
#4199 = CARTESIAN_POINT('',(-10.02100454417,-1.748994733585,
    -1.024305468307));
#4200 = CARTESIAN_POINT('',(-9.677584889383,-3.497977982075,
    -0.954861089207));
#4201 = CARTESIAN_POINT('',(-8.990759321013,-5.169928937418,
    -0.885416662914));
#4202 = CARTESIAN_POINT('',(-7.980691438905,-6.687735200604,
    -0.815972189954));
#4203 = CARTESIAN_POINT('',(-6.687731070459,-7.980693330106,
    -0.746527746255));
#4204 = CARTESIAN_POINT('',(-5.169921698906,-8.990756998126,
    -0.677083300038));
#4205 = CARTESIAN_POINT('',(-3.497989215552,-9.67758506655,
    -0.607638857981));
#4206 = CARTESIAN_POINT('',(-1.765463607377E-07,-10.36441486752,
    -0.468749971113));
#4207 = CARTESIAN_POINT('',(3.497989209548,-9.677589055691,
    -0.329861080586));
#4208 = CARTESIAN_POINT('',(5.169920679135,-8.990762572095,
    -0.260416634211));
#4209 = CARTESIAN_POINT('',(6.687735135412,-7.980688745282,
    -0.190972189741));
#4210 = CARTESIAN_POINT('',(7.98068776167,-6.687733854172,
    -0.121527748007));
#4211 = CARTESIAN_POINT('',(8.990759898904,-5.169918571642,
    -5.208330610415E-02));
#4212 = CARTESIAN_POINT('',(9.677587090424,-3.497987604331,
    1.736113870352E-02));
#4213 = CARTESIAN_POINT('',(10.364415649369,9.13758662836E-09,
    0.15625003009));
#4214 = CARTESIAN_POINT('',(9.677587335829,3.497987670792,0.295138921477
    ));
#4215 = CARTESIAN_POINT('',(8.990760182394,5.16991871146,0.364583366285)
  );
#4216 = CARTESIAN_POINT('',(7.980687734933,6.687733915796,0.434027808188
    ));
#4217 = CARTESIAN_POINT('',(6.68773495315,7.980688570101,0.503472249922)
  );
#4218 = CARTESIAN_POINT('',(5.169920637214,8.990762309737,0.572916694392
    ));
#4219 = CARTESIAN_POINT('',(3.49798920867,9.677589012441,0.642361140767)
  );
#4220 = CARTESIAN_POINT('',(-1.815410897824E-07,10.364414991851,
    0.781250031294));
#4221 = CARTESIAN_POINT('',(-3.49798921643,9.67758498137,0.920138918161)
  );
#4222 = CARTESIAN_POINT('',(-5.169921534903,8.99075679491,0.989583360234
    ));
#4223 = CARTESIAN_POINT('',(-6.687731414804,7.980692699988,
    1.059027806381));
#4224 = CARTESIAN_POINT('',(-7.980690073014,6.687735903118,
    1.128472250224));
#4225 = CARTESIAN_POINT('',(-8.990762342468,5.169930929776,
    1.197916723014));
#4226 = CARTESIAN_POINT('',(-9.677585850846,3.497976199886,1.26736114943
    ));
#4227 = CARTESIAN_POINT('',(-10.02099858971,1.748994735979,
    1.336805528478));
#4228 = CARTESIAN_POINT('',(-10.0210031343,2.394586751109E-09,
    1.406250060183));
#4229 = PCURVE('',#3446,#4230);
#4230 = DEFINITIONAL_REPRESENTATION('',(#4231),#4235);
#4231 = LINE('',#4232,#4233);
#4232 = CARTESIAN_POINT('',(2.1855,0.));
#4233 = VECTOR('',#4234,1.);
#4234 = DIRECTION('',(0.,1.));
#4235 = ( GEOMETRIC_REPRESENTATION_CONTEXT(2) 
PARAMETRIC_REPRESENTATION_CONTEXT() REPRESENTATION_CONTEXT('2D SPACE',''
  ) );
#4236 = PCURVE('',#3289,#4237);
#4237 = DEFINITIONAL_REPRESENTATION('',(#4238),#4242);
#4238 = LINE('',#4239,#4240);
#4239 = CARTESIAN_POINT('',(0.,0.));
#4240 = VECTOR('',#4241,1.);
#4241 = DIRECTION('',(0.,1.));
#4242 = ( GEOMETRIC_REPRESENTATION_CONTEXT(2) 
PARAMETRIC_REPRESENTATION_CONTEXT() REPRESENTATION_CONTEXT('2D SPACE',''
  ) );
#4243 = ORIENTED_EDGE('',*,*,#4244,.F.);
#4244 = EDGE_CURVE('',#3954,#4194,#4245,.T.);
#4245 = SURFACE_CURVE('',#4246,(#4249,#4256),.PCURVE_S1.);
#4246 = B_SPLINE_CURVE_WITH_KNOTS('',1,(#4247,#4248),.UNSPECIFIED.,.F.,
  .F.,(2,2),(0.,2.1855),.PIECEWISE_BEZIER_KNOTS.);
#4247 = CARTESIAN_POINT('',(-8.128301482903,-2.134122079056E-07,
    2.498994636366));
#4248 = CARTESIAN_POINT('',(-10.0210031343,2.394586751109E-09,
    1.406250060183));
#4249 = PCURVE('',#3446,#4250);
#4250 = DEFINITIONAL_REPRESENTATION('',(#4251),#4255);
#4251 = LINE('',#4252,#4253);
#4252 = CARTESIAN_POINT('',(0.,6.762279024438));
#4253 = VECTOR('',#4254,1.);
#4254 = DIRECTION('',(1.,0.));
#4255 = ( GEOMETRIC_REPRESENTATION_CONTEXT(2) 
PARAMETRIC_REPRESENTATION_CONTEXT() REPRESENTATION_CONTEXT('2D SPACE',''
  ) );
#4256 = PCURVE('',#4257,#4320);
#4257 = B_SPLINE_SURFACE_WITH_KNOTS('',1,9,(
    (#4258,#4259,#4260,#4261,#4262,#4263,#4264,#4265,#4266,#4267,#4268
      ,#4269,#4270,#4271,#4272,#4273,#4274,#4275,#4276,#4277,#4278,#4279
      ,#4280,#4281,#4282,#4283,#4284,#4285,#4286,#4287,#4288)
    ,(#4289,#4290,#4291,#4292,#4293,#4294,#4295,#4296,#4297,#4298,#4299
      ,#4300,#4301,#4302,#4303,#4304,#4305,#4306,#4307,#4308,#4309,#4310
      ,#4311,#4312,#4313,#4314,#4315,#4316,#4317,#4318,#4319
  )),.UNSPECIFIED.,.F.,.F.,.F.,(2,2),(10,7,7,7,10),(0.,2.1855),(0.,
    1.69056975611,3.381139512219,5.071709268329,6.762279024438),
  .UNSPECIFIED.);
#4258 = CARTESIAN_POINT('',(-8.128301482902,-2.134121519504E-07,
    2.498994636366));
#4259 = CARTESIAN_POINT('',(-8.128301449832,-1.418654965237,
    2.568431304517));
#4260 = CARTESIAN_POINT('',(-7.849747611048,-2.837298867468,
    2.637881574908));
#4261 = CARTESIAN_POINT('',(-7.292645637151,-4.193481467443,
    2.707327631562));
#4262 = CARTESIAN_POINT('',(-6.47334381714,-5.424594587364,
    2.776769542217));
#4263 = CARTESIAN_POINT('',(-5.424603963448,-6.473352227414,
    2.846214046654));
#4264 = CARTESIAN_POINT('',(-4.193462386735,-7.292641865413,
    2.915658336247));
#4265 = CARTESIAN_POINT('',(-2.837312399208,-7.849747113161,
    2.985102992773));
#4266 = CARTESIAN_POINT('',(2.127388655007E-06,-8.406853164938,
    3.123992061807));
#4267 = CARTESIAN_POINT('',(2.837313395409,-7.849750143081,
    3.262880804674));
#4268 = CARTESIAN_POINT('',(4.19345974818,-7.292646984426,3.332325077101
    ));
#4269 = CARTESIAN_POINT('',(5.424599051631,-6.473350487346,3.40176951926
    ));
#4270 = CARTESIAN_POINT('',(6.473348396967,-5.4246000953,3.471214205252)
  );
#4271 = CARTESIAN_POINT('',(7.292645575107,-4.193458082394,
    3.540658876218));
#4272 = CARTESIAN_POINT('',(7.849749081508,-2.837310210117,
    3.610103288291));
#4273 = CARTESIAN_POINT('',(8.406853727001,3.310980913873E-07,
    3.748991954549));
#4274 = CARTESIAN_POINT('',(7.849748858249,2.837310828476,3.887880620807
    ));
#4275 = CARTESIAN_POINT('',(7.292645245064,4.19345865694,3.95732503288)
  );
#4276 = CARTESIAN_POINT('',(6.473347969666,5.424600605241,4.026769703846
    ));
#4277 = CARTESIAN_POINT('',(5.42459854158,6.473350914463,4.096214389838)
  );
#4278 = CARTESIAN_POINT('',(4.193459173724,7.292647314489,4.165658831997
    ));
#4279 = CARTESIAN_POINT('',(2.83731277711,7.849750366527,4.235103104424)
  );
#4280 = CARTESIAN_POINT('',(1.465204815839E-06,8.406853165052,
    4.373991847291));
#4281 = CARTESIAN_POINT('',(-2.837313017507,7.849746889597,
    4.512880916325));
#4282 = CARTESIAN_POINT('',(-4.193462961,7.292641534922,4.582325572851)
  );
#4283 = CARTESIAN_POINT('',(-5.424604473651,6.473351799555,
    4.651769862444));
#4284 = CARTESIAN_POINT('',(-6.47334424316,5.424594078129,4.721214366881
    ));
#4285 = CARTESIAN_POINT('',(-7.292645970238,4.19348089486,4.790656277536
    ));
#4286 = CARTESIAN_POINT('',(-7.84974783542,2.837298247528,4.86010233419)
  );
#4287 = CARTESIAN_POINT('',(-8.128301556087,1.418654325,4.929552604582)
  );
#4288 = CARTESIAN_POINT('',(-8.128301485791,-4.268242177474E-07,
    4.998989272732));
#4289 = CARTESIAN_POINT('',(-10.0210031343,2.394642706349E-09,
    1.406250060183));
#4290 = CARTESIAN_POINT('',(-10.02100767889,-1.748995278233,
    1.475694591889));
#4291 = CARTESIAN_POINT('',(-9.677587917112,-3.497979073843,
    1.545138970979));
#4292 = CARTESIAN_POINT('',(-8.990762134322,-5.169930552266,
    1.614583397269));
#4293 = CARTESIAN_POINT('',(-7.980693936664,-6.687737290454,
    1.684027870234));
#4294 = CARTESIAN_POINT('',(-6.687733164101,-7.98069582466,
    1.753472313933));
#4295 = CARTESIAN_POINT('',(-5.169923318067,-8.990759808964,
    1.82291676015));
#4296 = CARTESIAN_POINT('',(-3.497990311942,-9.677588092608,
    1.892361202207));
#4297 = CARTESIAN_POINT('',(-1.790265131808E-07,-10.36441810924,
    2.031250089074));
#4298 = CARTESIAN_POINT('',(3.497990301313,-9.677592083422,
    2.170138979602));
#4299 = CARTESIAN_POINT('',(5.169922294003,-8.990765385404,
    2.239583425977));
#4300 = CARTESIAN_POINT('',(6.687737225254,-7.980691243026,
    2.309027870447));
#4301 = CARTESIAN_POINT('',(7.980690256221,-6.687735947824,
    2.378472312181));
#4302 = CARTESIAN_POINT('',(8.99076270974,-5.169920190805,2.447916754083
    ));
#4303 = CARTESIAN_POINT('',(9.677590116482,-3.497988700723,
    2.517361198891));
#4304 = CARTESIAN_POINT('',(10.364418891085,6.660677437088E-09,
    2.656250090278));
#4305 = CARTESIAN_POINT('',(9.677590363559,3.497988762558,2.795138981665
    ));
#4306 = CARTESIAN_POINT('',(8.990762995702,5.169920326326,2.864583426473
    ));
#4307 = CARTESIAN_POINT('',(7.980690232681,6.687736005634,2.934027868375
    ));
#4308 = CARTESIAN_POINT('',(6.687737046807,7.980691064649,3.003472310109
    ));
#4309 = CARTESIAN_POINT('',(5.16992225638,8.990765120575,3.072916754579)
  );
#4310 = CARTESIAN_POINT('',(3.49799030506,9.6775920385,3.142361200954));
#4311 = CARTESIAN_POINT('',(-1.79067535921E-07,10.364418233567,
    3.281250091482));
#4312 = CARTESIAN_POINT('',(-3.497990308195,9.677588009099,
    3.420138978349));
#4313 = CARTESIAN_POINT('',(-5.169923149767,8.990759608219,
    3.489583420421));
#4314 = CARTESIAN_POINT('',(-6.687733504632,7.980695197736,
    3.559027866568));
#4315 = CARTESIAN_POINT('',(-7.980692567575,6.687737996786,
    3.628472310412));
#4316 = CARTESIAN_POINT('',(-8.990765153306,5.169932548919,
    3.697916783206));
#4317 = CARTESIAN_POINT('',(-9.677588876904,3.497977296281,
    3.767361209619));
#4318 = CARTESIAN_POINT('',(-10.0210017236,1.748995285416,3.836805588657
    ));
#4319 = CARTESIAN_POINT('',(-10.02100626861,4.789744600942E-09,
    3.906250120375));
#4320 = DEFINITIONAL_REPRESENTATION('',(#4321),#4325);
#4321 = LINE('',#4322,#4323);
#4322 = CARTESIAN_POINT('',(0.,0.));
#4323 = VECTOR('',#4324,1.);
#4324 = DIRECTION('',(1.,0.));
#4325 = ( GEOMETRIC_REPRESENTATION_CONTEXT(2) 
PARAMETRIC_REPRESENTATION_CONTEXT() REPRESENTATION_CONTEXT('2D SPACE',''
  ) );
#4326 = ADVANCED_FACE('',(#4327),#3289,.F.);
#4327 = FACE_BOUND('',#4328,.F.);
#4328 = EDGE_LOOP('',(#4329,#4330,#4331,#4372));
#4329 = ORIENTED_EDGE('',*,*,#4193,.F.);
#4330 = ORIENTED_EDGE('',*,*,#3251,.F.);
#4331 = ORIENTED_EDGE('',*,*,#4332,.T.);
#4332 = EDGE_CURVE('',#3043,#4333,#4335,.T.);
#4333 = VERTEX_POINT('',#4334);
#4334 = CARTESIAN_POINT('',(-10.02100402982,2.39470695232E-09,
    1.093750060184));
#4335 = SURFACE_CURVE('',#4336,(#4358,#4365),.PCURVE_S1.);
#4336 = B_SPLINE_CURVE_WITH_KNOTS('',11,(#4337,#4338,#4339,#4340,#4341,
    #4342,#4343,#4344,#4345,#4346,#4347,#4348,#4349,#4350,#4351,#4352,
    #4353,#4354,#4355,#4356,#4357),.UNSPECIFIED.,.F.,.F.,(12,9,12),(0.,
    3.381139512219,6.762279024438),.UNSPECIFIED.);
#4337 = CARTESIAN_POINT('',(-10.021,0.,-1.40625));
#4338 = CARTESIAN_POINT('',(-10.02100956046,-2.861991510111,
    -1.292613493594));
#4339 = CARTESIAN_POINT('',(-9.121866100946,-5.723953617599,
    -1.178977386687));
#4340 = CARTESIAN_POINT('',(-7.323657814064,-8.272197196968,
    -1.065340861809));
#4341 = CARTESIAN_POINT('',(-4.749509804751,-10.19248715048,
    -0.951704352886));
#4342 = CARTESIAN_POINT('',(-1.646041095636,-11.22676683917,
    -0.838068363862));
#4343 = CARTESIAN_POINT('',(1.646031750652,-11.22676811723,
    -0.724431666179));
#4344 = CARTESIAN_POINT('',(4.749530047958,-10.1925589407,
    -0.610795452868));
#4345 = CARTESIAN_POINT('',(7.32363819632,-8.272120303034,
    -0.497159055766));
#4346 = CARTESIAN_POINT('',(9.121880718884,-5.723979958216,
    -0.38352270127));
#4347 = CARTESIAN_POINT('',(10.92012278117,-1.294141153385E-08,
    -0.156249969909));
#4348 = CARTESIAN_POINT('',(9.121881234799,5.723980094413,
    7.102276145132E-02));
#4349 = CARTESIAN_POINT('',(7.323641326297,8.272120409915,0.184659116015
    ));
#4350 = CARTESIAN_POINT('',(4.749513954901,10.192561400844,
    0.298295512727));
#4351 = CARTESIAN_POINT('',(1.646064882189,11.226753001444,
    0.411931727096));
#4352 = CARTESIAN_POINT('',(-1.646080275738,11.226799005024,
    0.525568423028));
#4353 = CARTESIAN_POINT('',(-4.749486159884,10.192450541634,
    0.639204413969));
#4354 = CARTESIAN_POINT('',(-7.323654245777,8.272219957017,0.75284092148
    ));
#4355 = CARTESIAN_POINT('',(-9.121885763038,5.723947612733,
    0.866477447037));
#4356 = CARTESIAN_POINT('',(-10.02099446867,2.861991512504,
    0.980113553751));
#4357 = CARTESIAN_POINT('',(-10.02100402982,2.394646259063E-09,
    1.093750060184));
#4358 = PCURVE('',#3289,#4359);
#4359 = DEFINITIONAL_REPRESENTATION('',(#4360),#4364);
#4360 = LINE('',#4361,#4362);
#4361 = CARTESIAN_POINT('',(0.3125,0.));
#4362 = VECTOR('',#4363,1.);
#4363 = DIRECTION('',(0.,1.));
#4364 = ( GEOMETRIC_REPRESENTATION_CONTEXT(2) 
PARAMETRIC_REPRESENTATION_CONTEXT() REPRESENTATION_CONTEXT('2D SPACE',''
  ) );
#4365 = PCURVE('',#3140,#4366);
#4366 = DEFINITIONAL_REPRESENTATION('',(#4367),#4371);
#4367 = LINE('',#4368,#4369);
#4368 = CARTESIAN_POINT('',(0.,0.));
#4369 = VECTOR('',#4370,1.);
#4370 = DIRECTION('',(0.,1.));
#4371 = ( GEOMETRIC_REPRESENTATION_CONTEXT(2) 
PARAMETRIC_REPRESENTATION_CONTEXT() REPRESENTATION_CONTEXT('2D SPACE',''
  ) );
#4372 = ORIENTED_EDGE('',*,*,#4373,.F.);
#4373 = EDGE_CURVE('',#4194,#4333,#4374,.T.);
#4374 = SURFACE_CURVE('',#4375,(#4378,#4385),.PCURVE_S1.);
#4375 = B_SPLINE_CURVE_WITH_KNOTS('',1,(#4376,#4377),.UNSPECIFIED.,.F.,
  .F.,(2,2),(0.,0.3125),.PIECEWISE_BEZIER_KNOTS.);
#4376 = CARTESIAN_POINT('',(-10.0210031343,2.39458586293E-09,
    1.406250060183));
#4377 = CARTESIAN_POINT('',(-10.02100402982,2.394646259063E-09,
    1.093750060184));
#4378 = PCURVE('',#3289,#4379);
#4379 = DEFINITIONAL_REPRESENTATION('',(#4380),#4384);
#4380 = LINE('',#4381,#4382);
#4381 = CARTESIAN_POINT('',(0.,6.762279024438));
#4382 = VECTOR('',#4383,1.);
#4383 = DIRECTION('',(1.,0.));
#4384 = ( GEOMETRIC_REPRESENTATION_CONTEXT(2) 
PARAMETRIC_REPRESENTATION_CONTEXT() REPRESENTATION_CONTEXT('2D SPACE',''
  ) );
#4385 = PCURVE('',#4386,#4429);
#4386 = B_SPLINE_SURFACE_WITH_KNOTS('',1,11,(
    (#4387,#4388,#4389,#4390,#4391,#4392,#4393,#4394,#4395,#4396,#4397
      ,#4398,#4399,#4400,#4401,#4402,#4403,#4404,#4405,#4406,#4407)
    ,(#4408,#4409,#4410,#4411,#4412,#4413,#4414,#4415,#4416,#4417,#4418
      ,#4419,#4420,#4421,#4422,#4423,#4424,#4425,#4426,#4427,#4428
  )),.UNSPECIFIED.,.F.,.F.,.F.,(2,2),(12,9,12),(0.,0.3125),(0.,
    3.381139512219,6.762279024438),.UNSPECIFIED.);
#4387 = CARTESIAN_POINT('',(-10.0210031343,2.394642706349E-09,
    1.406250060183));
#4388 = CARTESIAN_POINT('',(-10.0210105709,-2.861992274995,
    1.519886566611));
#4389 = CARTESIAN_POINT('',(-9.121870732642,-5.723954482523,
    1.633522673463));
#4390 = CARTESIAN_POINT('',(-7.323659383219,-8.272201941537,
    1.747159198438));
#4391 = CARTESIAN_POINT('',(-4.749508453496,-10.1924858143,
    1.860795707221));
#4392 = CARTESIAN_POINT('',(-1.646045893282,-11.22677342226,
    1.974431696413));
#4393 = CARTESIAN_POINT('',(1.64603587021,-11.22676944814,2.08806839394)
  );
#4394 = CARTESIAN_POINT('',(4.749529530478,-10.19256194776,
    2.201704607353));
#4395 = CARTESIAN_POINT('',(7.323640505296,-8.272122534556,
    2.315341004414));
#4396 = CARTESIAN_POINT('',(9.121883220188,-5.723981510324,
    2.428977358917));
#4397 = CARTESIAN_POINT('',(10.920125708764,-1.29651740842E-08,
    2.656250090278));
#4398 = CARTESIAN_POINT('',(9.121883624495,5.72398161141,2.883522821639)
  );
#4399 = CARTESIAN_POINT('',(7.323642944116,8.272122613797,2.997159176194
    ));
#4400 = CARTESIAN_POINT('',(4.749517019069,10.192563858681,
    3.110795572955));
#4401 = CARTESIAN_POINT('',(1.646061645146,11.226757690549,
    3.224431787185));
#4402 = CARTESIAN_POINT('',(-1.646076360734,11.226798441014,
    3.338068483356));
#4403 = CARTESIAN_POINT('',(-4.74949005763,10.192457343279,
    3.451704474034));
#4404 = CARTESIAN_POINT('',(-7.323656603492,8.272219647685,
    3.565340981722));
#4405 = CARTESIAN_POINT('',(-9.121886022339,5.723949816916,
    3.678977507224));
#4406 = CARTESIAN_POINT('',(-10.02099883132,2.861992282179,
    3.792613613927));
#4407 = CARTESIAN_POINT('',(-10.02100626861,4.789741936406E-09,
    3.906250120375));
#4408 = CARTESIAN_POINT('',(-10.02100402982,2.394699549768E-09,
    1.093750060184));
#4409 = CARTESIAN_POINT('',(-10.02101359097,-2.861992658635,
    1.207386566618));
#4410 = CARTESIAN_POINT('',(-9.121869770562,-5.723955917248,
    1.321022673475));
#4411 = CARTESIAN_POINT('',(-7.323660761194,-8.272200521647,
    1.434659198385));
#4412 = CARTESIAN_POINT('',(-4.749511717058,-10.19249124844,
    1.548295707335));
#4413 = CARTESIAN_POINT('',(-1.646041760297,-11.22677135309,
    1.661931696289));
#4414 = CARTESIAN_POINT('',(1.646032409853,-11.22677263263,
    1.775568394034));
#4415 = CARTESIAN_POINT('',(4.749531955539,-10.19256304051,
    1.889204607318));
#4416 = CARTESIAN_POINT('',(7.323641139439,-8.272123631336,
    2.002841004425));
#4417 = CARTESIAN_POINT('',(9.121884385766,-5.723982262225,2.11647735892
    ));
#4418 = CARTESIAN_POINT('',(10.920127172561,-1.555106807152E-08,
    2.343750090281));
#4419 = CARTESIAN_POINT('',(9.121884904418,5.723982394061,2.571022821642
    ));
#4420 = CARTESIAN_POINT('',(7.323644273371,8.272123734718,2.684659176204
    ));
#4421 = CARTESIAN_POINT('',(4.749515867353,10.192565498381,
    2.798295572923));
#4422 = CARTESIAN_POINT('',(1.64606554676,11.226757516063,2.911931787262
    ));
#4423 = CARTESIAN_POINT('',(-1.646080935037,11.226803519724,
    3.02556848326));
#4424 = CARTESIAN_POINT('',(-4.749488067316,10.192454641869,
    3.139204474127));
#4425 = CARTESIAN_POINT('',(-7.323657188954,8.272223285193,
    3.252840981667));
#4426 = CARTESIAN_POINT('',(-9.121889429917,5.723949916744,
    3.366477507254));
#4427 = CARTESIAN_POINT('',(-10.0209984978,2.861992665819,3.48011361392)
  );
#4428 = CARTESIAN_POINT('',(-10.02100805964,4.789971086439E-09,
    3.59375012038));
#4429 = DEFINITIONAL_REPRESENTATION('',(#4430),#4434);
#4430 = LINE('',#4431,#4432);
#4431 = CARTESIAN_POINT('',(0.,0.));
#4432 = VECTOR('',#4433,1.);
#4433 = DIRECTION('',(1.,0.));
#4434 = ( GEOMETRIC_REPRESENTATION_CONTEXT(2) 
PARAMETRIC_REPRESENTATION_CONTEXT() REPRESENTATION_CONTEXT('2D SPACE',''
  ) );
#4435 = ADVANCED_FACE('',(#4436),#3140,.F.);
#4436 = FACE_BOUND('',#4437,.F.);
#4437 = EDGE_LOOP('',(#4438,#4439,#4440,#4503));
#4438 = ORIENTED_EDGE('',*,*,#4332,.F.);
#4439 = ORIENTED_EDGE('',*,*,#3042,.F.);
#4440 = ORIENTED_EDGE('',*,*,#4441,.T.);
#4441 = EDGE_CURVE('',#3010,#3596,#4442,.T.);
#4442 = SURFACE_CURVE('',#4443,(#4461,#4482),.PCURVE_S1.);
#4443 = B_SPLINE_CURVE_WITH_KNOTS('',6,(#4444,#4445,#4446,#4447,#4448,
    #4449,#4450,#4451,#4452,#4453,#4454,#4455,#4456,#4457,#4458,#4459,
    #4460),.UNSPECIFIED.,.F.,.F.,(7,5,5,7),(0.,0.228608510551,
    0.754467385272,1.),.UNSPECIFIED.);
#4444 = CARTESIAN_POINT('',(-5.206483295348,7.058538991552,
    -7.343465670162E-05));
#4445 = CARTESIAN_POINT('',(-5.458009585446,6.873009460683,
    1.41048513254E-02));
#4446 = CARTESIAN_POINT('',(-5.701603663661,6.676723331356,
    2.828317175372E-02));
#4447 = CARTESIAN_POINT('',(-5.936687880486,6.470106891403,
    4.246152605292E-02));
#4448 = CARTESIAN_POINT('',(-6.162719040903,6.253623973707,
    5.663991230482E-02));
#4449 = CARTESIAN_POINT('',(-6.379188404387,6.027775956199,
    7.081832724841E-02));
#4450 = CARTESIAN_POINT('',(-7.060471778355,5.253290241015,
    0.117610853902));
#4451 = CARTESIAN_POINT('',(-7.482290751866,4.66669659504,0.150229650978
    ));
#4452 = CARTESIAN_POINT('',(-7.8451624122,4.039993244178,0.182843584867)
  );
#4453 = CARTESIAN_POINT('',(-8.144580111844,3.380613390003,
    0.215457779609));
#4454 = CARTESIAN_POINT('',(-8.377110447115,2.696542371582,
    0.248077168358));
#4455 = CARTESIAN_POINT('',(-8.617167370581,1.669596736701,
    0.295919395023));
#4456 = CARTESIAN_POINT('',(-8.678565164691,1.339209978024,
    0.311147348069));
#4457 = CARTESIAN_POINT('',(-8.724748644568,1.006178450094,
    0.326375083565));
#4458 = CARTESIAN_POINT('',(-8.75558279928,0.671376776087,0.341602453417
    ));
#4459 = CARTESIAN_POINT('',(-8.771,0.335687282668,0.356829231692));
#4460 = CARTESIAN_POINT('',(-8.771,1.451080563867E-16,0.372055114615));
#4461 = PCURVE('',#3140,#4462);
#4462 = DEFINITIONAL_REPRESENTATION('',(#4463),#4481);
#4463 = B_SPLINE_CURVE_WITH_KNOTS('',6,(#4464,#4465,#4466,#4467,#4468,
    #4469,#4470,#4471,#4472,#4473,#4474,#4475,#4476,#4477,#4478,#4479,
    #4480),.UNSPECIFIED.,.F.,.F.,(7,5,5,7),(0.,0.228608510551,
    0.754467385272,1.),.UNSPECIFIED.);
#4464 = CARTESIAN_POINT('',(1.443379890081,5.755695651057));
#4465 = CARTESIAN_POINT('',(1.443380184391,5.794047127813));
#4466 = CARTESIAN_POINT('',(1.443380453756,5.832398675192));
#4467 = CARTESIAN_POINT('',(1.44338067578,5.87075025747));
#4468 = CARTESIAN_POINT('',(1.443380832776,5.909101838873));
#4469 = CARTESIAN_POINT('',(1.44338091176,5.94745338358));
#4470 = CARTESIAN_POINT('',(1.44338088766,6.074023189906));
#4471 = CARTESIAN_POINT('',(1.443380420898,6.162253544376));
#4472 = CARTESIAN_POINT('',(1.443379421396,6.250469773217));
#4473 = CARTESIAN_POINT('',(1.4433780917,6.33868584962));
#4474 = CARTESIAN_POINT('',(1.443377135788,6.426916035899));
#4475 = CARTESIAN_POINT('',(1.443377256435,6.556324910893));
#4476 = CARTESIAN_POINT('',(1.443377540106,6.597515671708));
#4477 = CARTESIAN_POINT('',(1.443378094249,6.638706528768));
#4478 = CARTESIAN_POINT('',(1.443379016248,6.679897425019));
#4479 = CARTESIAN_POINT('',(1.443380475673,6.721088283478));
#4480 = CARTESIAN_POINT('',(1.44338271427,6.762279007243));
#4481 = ( GEOMETRIC_REPRESENTATION_CONTEXT(2) 
PARAMETRIC_REPRESENTATION_CONTEXT() REPRESENTATION_CONTEXT('2D SPACE',''
  ) );
#4482 = PCURVE('',#3030,#4483);
#4483 = DEFINITIONAL_REPRESENTATION('',(#4484),#4502);
#4484 = B_SPLINE_CURVE_WITH_KNOTS('',6,(#4485,#4486,#4487,#4488,#4489,
    #4490,#4491,#4492,#4493,#4494,#4495,#4496,#4497,#4498,#4499,#4500,
    #4501),.UNSPECIFIED.,.F.,.F.,(7,5,5,7),(0.,0.228608510551,
    0.754467385272,1.),.UNSPECIFIED.);
#4485 = CARTESIAN_POINT('',(-0.935268938188,-7.34346567016E-05));
#4486 = CARTESIAN_POINT('',(-0.899634610688,1.41048513254E-02));
#4487 = CARTESIAN_POINT('',(-0.864000222398,2.828317175372E-02));
#4488 = CARTESIAN_POINT('',(-0.828365804196,4.246152605292E-02));
#4489 = CARTESIAN_POINT('',(-0.792731386562,5.663991230482E-02));
#4490 = CARTESIAN_POINT('',(-0.757096999577,7.081832724841E-02));
#4491 = CARTESIAN_POINT('',(-0.639494478169,0.117610853902));
#4492 = CARTESIAN_POINT('',(-0.55751507629,0.150229650978));
#4493 = CARTESIAN_POINT('',(-0.475548734284,0.182843584867));
#4494 = CARTESIAN_POINT('',(-0.393582406768,0.215457779609));
#4495 = CARTESIAN_POINT('',(-0.311602992097,0.248077168358));
#4496 = CARTESIAN_POINT('',(-0.191362414348,0.295919395023));
#4497 = CARTESIAN_POINT('',(-0.153089936982,0.311147348069));
#4498 = CARTESIAN_POINT('',(-0.114817412325,0.326375083565));
#4499 = CARTESIAN_POINT('',(-7.654488881805E-02,0.341602453417));
#4500 = CARTESIAN_POINT('',(-3.827240709934E-02,0.356829231692));
#4501 = CARTESIAN_POINT('',(0.,0.372055114615));
#4502 = ( GEOMETRIC_REPRESENTATION_CONTEXT(2) 
PARAMETRIC_REPRESENTATION_CONTEXT() REPRESENTATION_CONTEXT('2D SPACE',''
  ) );
#4503 = ORIENTED_EDGE('',*,*,#4504,.F.);
#4504 = EDGE_CURVE('',#4333,#3596,#4505,.T.);
#4505 = SURFACE_CURVE('',#4506,(#4509,#4516),.PCURVE_S1.);
#4506 = B_SPLINE_CURVE_WITH_KNOTS('',1,(#4507,#4508),.UNSPECIFIED.,.F.,
  .F.,(2,2),(0.,2.1855),.PIECEWISE_BEZIER_KNOTS.);
#4507 = CARTESIAN_POINT('',(-10.02100402982,2.394647147241E-09,
    1.093750060184));
#4508 = CARTESIAN_POINT('',(-8.128308641298,-2.134117362829E-07,
    9.946363758071E-04));
#4509 = PCURVE('',#3140,#4510);
#4510 = DEFINITIONAL_REPRESENTATION('',(#4511),#4515);
#4511 = LINE('',#4512,#4513);
#4512 = CARTESIAN_POINT('',(0.,6.762279024438));
#4513 = VECTOR('',#4514,1.);
#4514 = DIRECTION('',(1.,0.));
#4515 = ( GEOMETRIC_REPRESENTATION_CONTEXT(2) 
PARAMETRIC_REPRESENTATION_CONTEXT() REPRESENTATION_CONTEXT('2D SPACE',''
  ) );
#4516 = PCURVE('',#3800,#4517);
#4517 = DEFINITIONAL_REPRESENTATION('',(#4518),#4522);
#4518 = LINE('',#4519,#4520);
#4519 = CARTESIAN_POINT('',(0.,0.));
#4520 = VECTOR('',#4521,1.);
#4521 = DIRECTION('',(1.,0.));
#4522 = ( GEOMETRIC_REPRESENTATION_CONTEXT(2) 
PARAMETRIC_REPRESENTATION_CONTEXT() REPRESENTATION_CONTEXT('2D SPACE',''
  ) );
#4523 = ADVANCED_FACE('',(#4524),#3030,.F.);
#4524 = FACE_BOUND('',#4525,.T.);
#4525 = EDGE_LOOP('',(#4526,#4527,#4528));
#4526 = ORIENTED_EDGE('',*,*,#3595,.F.);
#4527 = ORIENTED_EDGE('',*,*,#3009,.T.);
#4528 = ORIENTED_EDGE('',*,*,#4441,.T.);
#4529 = ADVANCED_FACE('',(#4530),#3969,.F.);
#4530 = FACE_BOUND('',#4531,.T.);
#4531 = EDGE_LOOP('',(#4532,#4783,#4784,#5140));
#4532 = ORIENTED_EDGE('',*,*,#4533,.F.);
#4533 = EDGE_CURVE('',#3954,#4534,#4536,.T.);
#4534 = VERTEX_POINT('',#4535);
#4535 = CARTESIAN_POINT('',(-8.771,-1.401313587982E-07,4.627932023861));
#4536 = SURFACE_CURVE('',#4537,(#4617,#4700),.PCURVE_S1.);
#4537 = B_SPLINE_CURVE_WITH_KNOTS('',8,(#4538,#4539,#4540,#4541,#4542,
    #4543,#4544,#4545,#4546,#4547,#4548,#4549,#4550,#4551,#4552,#4553,
    #4554,#4555,#4556,#4557,#4558,#4559,#4560,#4561,#4562,#4563,#4564,
    #4565,#4566,#4567,#4568,#4569,#4570,#4571,#4572,#4573,#4574,#4575,
    #4576,#4577,#4578,#4579,#4580,#4581,#4582,#4583,#4584,#4585,#4586,
    #4587,#4588,#4589,#4590,#4591,#4592,#4593,#4594,#4595,#4596,#4597,
    #4598,#4599,#4600,#4601,#4602,#4603,#4604,#4605,#4606,#4607,#4608,
    #4609,#4610,#4611,#4612,#4613,#4614,#4615,#4616),.UNSPECIFIED.,.F.,
  .F.,(9,7,7,7,7,7,7,7,7,7,7,9),(0.,1.663248679624E-02,0.12051984452,
    0.21408419956,0.318835015583,0.425202447631,0.555169777869,
    0.685032473752,0.789987476025,0.88121884284,0.959560463324,1.),
  .UNSPECIFIED.);
#4538 = CARTESIAN_POINT('',(-8.771,-2.802627179221E-07,2.12793493653));
#4539 = CARTESIAN_POINT('',(-8.771,-0.114561176678,2.133131558842));
#4540 = CARTESIAN_POINT('',(-8.769289921647,-0.22912212142,
    2.138328221127));
#4541 = CARTESIAN_POINT('',(-8.76586976607,-0.343653277428,
    2.143524917158));
#4542 = CARTESIAN_POINT('',(-8.760740156195,-0.45812484624,
    2.148721641724));
#4543 = CARTESIAN_POINT('',(-8.753902336746,-0.572507067997,
    2.153918390634));
#4544 = CARTESIAN_POINT('',(-8.74535817424,-0.68677022144,2.159115160711
    ));
#4545 = CARTESIAN_POINT('',(-8.735110156993,-0.800884623914,
    2.164311949796));
#4546 = CARTESIAN_POINT('',(-8.648528821233,-1.626470723667,
    2.201968277038));
#4547 = CARTESIAN_POINT('',(-8.507521438261,-2.331377262272,
    2.234438319549));
#4548 = CARTESIAN_POINT('',(-8.300864543603,-3.021990643111,
    2.26690363154));
#4549 = CARTESIAN_POINT('',(-8.030345184161,-3.691196161233,
    2.299364799599));
#4550 = CARTESIAN_POINT('',(-7.698593370385,-4.332255827905,
    2.331826000558));
#4551 = CARTESIAN_POINT('',(-7.309010429701,-4.938786189487,
    2.364291407939));
#4552 = CARTESIAN_POINT('',(-6.865832506195,-5.504798259724,
    2.396761678588));
#4553 = CARTESIAN_POINT('',(-5.931642451439,-6.493179391866,
    2.458456721902));
#4554 = CARTESIAN_POINT('',(-5.449550099108,-6.924454787705,
    2.487697102154));
#4555 = CARTESIAN_POINT('',(-4.931790085887,-7.31463270114,
    2.516934796527));
#4556 = CARTESIAN_POINT('',(-4.382492675248,-7.660318852391,
    2.546169235027));
#4557 = CARTESIAN_POINT('',(-3.806099743161,-7.958643738862,
    2.575403700526));
#4558 = CARTESIAN_POINT('',(-3.207336148373,-8.207232540422,
    2.604641465443));
#4559 = CARTESIAN_POINT('',(-2.591221194529,-8.404245036432,
    2.633881930628));
#4560 = CARTESIAN_POINT('',(-1.259924043281,-8.709971282771,
    2.695846890097));
#4561 = CARTESIAN_POINT('',(-0.541326761844,-8.805398431874,
    2.728587410252));
#4562 = CARTESIAN_POINT('',(0.185104147884,-8.832957967249,
    2.761322720886));
#4563 = CARTESIAN_POINT('',(0.911872989619,-8.792027904051,2.79405353927
    ));
#4564 = CARTESIAN_POINT('',(1.631572369661,-8.682936219478,
    2.826784354733));
#4565 = CARTESIAN_POINT('',(2.336885293339,-8.506882113236,
    2.859519625671));
#4566 = CARTESIAN_POINT('',(3.020603310434,-8.26601256722,2.892260038157
    ));
#4567 = CARTESIAN_POINT('',(4.340888936847,-7.656623449755,
    2.958225363338));
#4568 = CARTESIAN_POINT('',(4.97699748466,-7.285992011193,2.991471519632
    ));
#4569 = CARTESIAN_POINT('',(5.576578371841,-6.855106578759,
    3.024711910102));
#4570 = CARTESIAN_POINT('',(6.13303322423,-6.368270505404,3.057947329452
    ));
#4571 = CARTESIAN_POINT('',(6.640458863246,-5.830524676717,
    3.091182758388));
#4572 = CARTESIAN_POINT('',(7.093595906433,-5.247578447697,
    3.124423183507));
#4573 = CARTESIAN_POINT('',(7.487895816565,-4.625863595423,
    3.157669398594));
#4574 = CARTESIAN_POINT('',(8.225191823936,-3.174589745006,
    3.231513837413));
#4575 = CARTESIAN_POINT('',(8.537859436242,-2.328609220787,
    3.272153043174));
#4576 = CARTESIAN_POINT('',(8.750590480219,-1.448215617064,
    3.312775646315));
#4577 = CARTESIAN_POINT('',(8.859395700025,-0.547260915981,
    3.353386347819));
#4578 = CARTESIAN_POINT('',(8.862301715654,0.360235384784,3.393997134972
    ));
#4579 = CARTESIAN_POINT('',(8.75954146607,1.260117443174,3.434619562843)
  );
#4580 = CARTESIAN_POINT('',(8.553369058967,2.138147647571,3.475258586843
    ));
#4581 = CARTESIAN_POINT('',(7.945308096862,3.821333029992,3.556444155217
    ));
#4582 = CARTESIAN_POINT('',(7.543129647979,4.627785310424,3.597050417179
    ));
#4583 = CARTESIAN_POINT('',(7.047596515279,5.385044364084,3.63764015468)
  );
#4584 = CARTESIAN_POINT('',(6.466053878998,6.080747915698,3.678218504547
    ));
#4585 = CARTESIAN_POINT('',(5.807345308353,6.703883978477,3.718796849859
    ));
#4586 = CARTESIAN_POINT('',(5.081919376625,7.244949728178,3.759386791588
    ));
#4587 = CARTESIAN_POINT('',(4.301664641267,7.6958550738,3.799993237265)
  );
#4588 = CARTESIAN_POINT('',(2.817096331049,8.337685414203,3.873363595915
    ));
#4589 = CARTESIAN_POINT('',(2.126317126613,8.562147322852,3.90616771024)
  );
#4590 = CARTESIAN_POINT('',(1.41546365805,8.721025753317,3.938966349411)
  );
#4591 = CARTESIAN_POINT('',(0.691838021528,8.812340497598,3.97176022906)
  );
#4592 = CARTESIAN_POINT('',(-3.717214546388E-02,8.835069073115,
    4.004554117576));
#4593 = CARTESIAN_POINT('',(-0.764110273252,8.789068639082,
    4.037352761191));
#4594 = CARTESIAN_POINT('',(-1.481454861803,8.6751553857,4.070156847522)
  );
#4595 = CARTESIAN_POINT('',(-2.790273630776,8.339045025725,
    4.131456628717));
#4596 = CARTESIAN_POINT('',(-3.386218758157,8.13288351753,4.15996768794)
  );
#4597 = CARTESIAN_POINT('',(-3.964542513409,7.87809542295,4.18847660572)
  );
#4598 = CARTESIAN_POINT('',(-4.520632329708,7.576488678143,
    4.216982771549));
#4599 = CARTESIAN_POINT('',(-5.050151293298,7.230349722348,
    4.245488930924));
#4600 = CARTESIAN_POINT('',(-5.549027600537,6.84240931123,4.273997825486
    ));
#4601 = CARTESIAN_POINT('',(-6.013479634292,6.415868033246,
    4.302508839014));
#4602 = CARTESIAN_POINT('',(-6.80640135074,5.558282637474,4.355492977837
    ));
#4603 = CARTESIAN_POINT('',(-7.144905834642,5.136288170044,
    4.379973611804));
#4604 = CARTESIAN_POINT('',(-7.45341393886,4.690833229986,4.404453098007
    ));
#4605 = CARTESIAN_POINT('',(-7.730048357343,4.224423821218,
    4.428931203487));
#4606 = CARTESIAN_POINT('',(-7.973195013393,3.739713565246,
    4.453409340431));
#4607 = CARTESIAN_POINT('',(-8.181492237822,3.239494001831,
    4.477888940715));
#4608 = CARTESIAN_POINT('',(-8.353844762373,2.726698473408,4.50236978006
    ));
#4609 = CARTESIAN_POINT('',(-8.559467713251,1.934821954142,4.53948391149
    ));
#4610 = CARTESIAN_POINT('',(-8.619688654508,1.662681657395,4.55211966735
    ));
#4611 = CARTESIAN_POINT('',(-8.670017203784,1.388415751043,
    4.564755376475));
#4612 = CARTESIAN_POINT('',(-8.710366791604,1.11244423266,4.577390994699
    ));
#4613 = CARTESIAN_POINT('',(-8.740672438111,0.835189951081,
    4.590026521106));
#4614 = CARTESIAN_POINT('',(-8.760890763757,0.55707850808,4.602661942548
    ));
#4615 = CARTESIAN_POINT('',(-8.771,0.278538160059,4.615297178159));
#4616 = CARTESIAN_POINT('',(-8.771,-2.802627179221E-07,4.627932023861));
#4617 = PCURVE('',#3969,#4618);
#4618 = DEFINITIONAL_REPRESENTATION('',(#4619),#4699);
#4619 = B_SPLINE_CURVE_WITH_KNOTS('',8,(#4620,#4621,#4622,#4623,#4624,
    #4625,#4626,#4627,#4628,#4629,#4630,#4631,#4632,#4633,#4634,#4635,
    #4636,#4637,#4638,#4639,#4640,#4641,#4642,#4643,#4644,#4645,#4646,
    #4647,#4648,#4649,#4650,#4651,#4652,#4653,#4654,#4655,#4656,#4657,
    #4658,#4659,#4660,#4661,#4662,#4663,#4664,#4665,#4666,#4667,#4668,
    #4669,#4670,#4671,#4672,#4673,#4674,#4675,#4676,#4677,#4678,#4679,
    #4680,#4681,#4682,#4683,#4684,#4685,#4686,#4687,#4688,#4689,#4690,
    #4691,#4692,#4693,#4694,#4695,#4696,#4697,#4698),.UNSPECIFIED.,.F.,
  .F.,(9,7,7,7,7,7,7,7,7,7,7,9),(0.,1.663248679624E-02,0.12051984452,
    0.21408419956,0.318835015583,0.425202447631,0.555169777869,
    0.685032473752,0.789987476025,0.88121884284,0.959560463324,1.),
  .UNSPECIFIED.);
#4620 = CARTESIAN_POINT('',(-6.28318530718,2.12793493653));
#4621 = CARTESIAN_POINT('',(-6.270123980488,2.133131558842));
#4622 = CARTESIAN_POINT('',(-6.257062650167,2.138328221127));
#4623 = CARTESIAN_POINT('',(-6.244001318852,2.143524917158));
#4624 = CARTESIAN_POINT('',(-6.230939988498,2.148721641724));
#4625 = CARTESIAN_POINT('',(-6.217878660377,2.153918390634));
#4626 = CARTESIAN_POINT('',(-6.204817335084,2.159115160711));
#4627 = CARTESIAN_POINT('',(-6.191756012531,2.164311949796));
#4628 = CARTESIAN_POINT('',(-6.097113019887,2.201968277038));
#4629 = CARTESIAN_POINT('',(-6.01550669014,2.234438319549));
#4630 = CARTESIAN_POINT('',(-5.933913049122,2.26690363154));
#4631 = CARTESIAN_POINT('',(-5.852330573374,2.299364799599));
#4632 = CARTESIAN_POINT('',(-5.770748096743,2.331826000558));
#4633 = CARTESIAN_POINT('',(-5.689154453256,2.364291407939));
#4634 = CARTESIAN_POINT('',(-5.607548121392,2.396761678588));
#4635 = CARTESIAN_POINT('',(-5.452491336634,2.458456721902));
#4636 = CARTESIAN_POINT('',(-5.379001760932,2.487697102154));
#4637 = CARTESIAN_POINT('',(-5.305518614246,2.516934796527));
#4638 = CARTESIAN_POINT('',(-5.232043503827,2.546169235027));
#4639 = CARTESIAN_POINT('',(-5.158568394361,2.575403700526));
#4640 = CARTESIAN_POINT('',(-5.085085247828,2.604641465443));
#4641 = CARTESIAN_POINT('',(-5.011595667142,2.633881930628));
#4642 = CARTESIAN_POINT('',(-4.855860807497,2.695846890097));
#4643 = CARTESIAN_POINT('',(-4.773575378872,2.728587410252));
#4644 = CARTESIAN_POINT('',(-4.691303192013,2.761322720886));
#4645 = CARTESIAN_POINT('',(-4.609042596269,2.79405353927));
#4646 = CARTESIAN_POINT('',(-4.526782002708,2.826784354733));
#4647 = CARTESIAN_POINT('',(-4.444509817757,2.859519625671));
#4648 = CARTESIAN_POINT('',(-4.362224383629,2.892260038157));
#4649 = CARTESIAN_POINT('',(-4.196435395161,2.958225363338));
#4650 = CARTESIAN_POINT('',(-4.112878427958,2.991471519632));
#4651 = CARTESIAN_POINT('',(-4.029335799188,3.024711910102));
#4652 = CARTESIAN_POINT('',(-3.94580559446,3.057947329452));
#4653 = CARTESIAN_POINT('',(-3.862275390492,3.091182758387));
#4654 = CARTESIAN_POINT('',(-3.778732762453,3.124423183507));
#4655 = CARTESIAN_POINT('',(-3.695175793108,3.157669398594));
#4656 = CARTESIAN_POINT('',(-3.509584527017,3.231513837413));
#4657 = CARTESIAN_POINT('',(-3.407447288532,3.272153043174));
#4658 = CARTESIAN_POINT('',(-3.30535201716,3.312775646315));
#4659 = CARTESIAN_POINT('',(-3.203286043659,3.353386347819));
#4660 = CARTESIAN_POINT('',(-3.101220068135,3.393997134972));
#4661 = CARTESIAN_POINT('',(-2.999124797254,3.434619562843));
#4662 = CARTESIAN_POINT('',(-2.896987557625,3.475258586843));
#4663 = CARTESIAN_POINT('',(-2.692945700428,3.556444155217));
#4664 = CARTESIAN_POINT('',(-2.590890978274,3.597050417179));
#4665 = CARTESIAN_POINT('',(-2.488878050801,3.637640154679));
#4666 = CARTESIAN_POINT('',(-2.386894314173,3.678218504547));
#4667 = CARTESIAN_POINT('',(-2.284910563681,3.718796849859));
#4668 = CARTESIAN_POINT('',(-2.182897602487,3.759386791588));
#4669 = CARTESIAN_POINT('',(-2.080842860293,3.799993237265));
#4670 = CARTESIAN_POINT('',(-1.896443009268,3.873363595915));
#4671 = CARTESIAN_POINT('',(-1.813997025126,3.90616771024));
#4672 = CARTESIAN_POINT('',(-1.731564412146,3.938966349411));
#4673 = CARTESIAN_POINT('',(-1.649143486822,3.97176022906));
#4674 = CARTESIAN_POINT('',(-1.566722565209,4.004554117576));
#4675 = CARTESIAN_POINT('',(-1.484289946673,4.037352761191));
#4676 = CARTESIAN_POINT('',(-1.40184392891,4.070156847522));
#4677 = CARTESIAN_POINT('',(-1.247780872307,4.131456628717));
#4678 = CARTESIAN_POINT('',(-1.176125095839,4.15996768794));
#4679 = CARTESIAN_POINT('',(-1.104475000987,4.18847660572));
#4680 = CARTESIAN_POINT('',(-1.032832003683,4.216982771549));
#4681 = CARTESIAN_POINT('',(-0.961189006632,4.245488930924));
#4682 = CARTESIAN_POINT('',(-0.889538912366,4.273997825486));
#4683 = CARTESIAN_POINT('',(-0.817883136668,4.302508839014));
#4684 = CARTESIAN_POINT('',(-0.684719287681,4.355492977837));
#4685 = CARTESIAN_POINT('',(-0.62319242385,4.379973611803));
#4686 = CARTESIAN_POINT('',(-0.561668232328,4.404453098007));
#4687 = CARTESIAN_POINT('',(-0.500147385696,4.428931203487));
#4688 = CARTESIAN_POINT('',(-0.438626540046,4.453409340431));
#4689 = CARTESIAN_POINT('',(-0.377102349436,4.477888940715));
#4690 = CARTESIAN_POINT('',(-0.315575482438,4.50236978006));
#4691 = CARTESIAN_POINT('',(-0.222297902542,4.53948391149));
#4692 = CARTESIAN_POINT('',(-0.190540939654,4.55211966735));
#4693 = CARTESIAN_POINT('',(-0.158784072881,4.564755376475));
#4694 = CARTESIAN_POINT('',(-0.127027328018,4.577390994699));
#4695 = CARTESIAN_POINT('',(-9.527058303656E-02,4.590026521106));
#4696 = CARTESIAN_POINT('',(-6.35137152374E-02,4.602661942548));
#4697 = CARTESIAN_POINT('',(-3.175674841201E-02,4.615297178159));
#4698 = CARTESIAN_POINT('',(0.,4.627932023861));
#4699 = ( GEOMETRIC_REPRESENTATION_CONTEXT(2) 
PARAMETRIC_REPRESENTATION_CONTEXT() REPRESENTATION_CONTEXT('2D SPACE',''
  ) );
#4700 = PCURVE('',#4257,#4701);
#4701 = DEFINITIONAL_REPRESENTATION('',(#4702),#4782);
#4702 = B_SPLINE_CURVE_WITH_KNOTS('',8,(#4703,#4704,#4705,#4706,#4707,
    #4708,#4709,#4710,#4711,#4712,#4713,#4714,#4715,#4716,#4717,#4718,
    #4719,#4720,#4721,#4722,#4723,#4724,#4725,#4726,#4727,#4728,#4729,
    #4730,#4731,#4732,#4733,#4734,#4735,#4736,#4737,#4738,#4739,#4740,
    #4741,#4742,#4743,#4744,#4745,#4746,#4747,#4748,#4749,#4750,#4751,
    #4752,#4753,#4754,#4755,#4756,#4757,#4758,#4759,#4760,#4761,#4762,
    #4763,#4764,#4765,#4766,#4767,#4768,#4769,#4770,#4771,#4772,#4773,
    #4774,#4775,#4776,#4777,#4778,#4779,#4780,#4781),.UNSPECIFIED.,.F.,
  .F.,(9,7,7,7,7,7,7,7,7,7,7,9),(0.,1.663248679624E-02,0.12051984452,
    0.21408419956,0.318835015583,0.425202447631,0.555169777869,
    0.685032473752,0.789987476025,0.88121884284,0.959560463324,1.),
  .UNSPECIFIED.);
#4703 = CARTESIAN_POINT('',(0.74212309588,1.719490323312E-08));
#4704 = CARTESIAN_POINT('',(0.742122966529,1.405727987663E-02));
#4705 = CARTESIAN_POINT('',(0.742122867659,2.811455451799E-02));
#4706 = CARTESIAN_POINT('',(0.742122797336,4.217183551132E-02));
#4707 = CARTESIAN_POINT('',(0.742122753196,5.622911841733E-02));
#4708 = CARTESIAN_POINT('',(0.742122732445,7.028639996502E-02));
#4709 = CARTESIAN_POINT('',(0.742122731855,8.434367805176E-02));
#4710 = CARTESIAN_POINT('',(0.74212274777,9.840095174324E-02));
#4711 = CARTESIAN_POINT('',(0.742122953065,0.200260641092));
#4712 = CARTESIAN_POINT('',(0.74212364297,0.288089515339));
#4713 = CARTESIAN_POINT('',(0.742123882816,0.375904474403));
#4714 = CARTESIAN_POINT('',(0.742123274261,0.463707404324));
#4715 = CARTESIAN_POINT('',(0.742122349421,0.55151044148));
#4716 = CARTESIAN_POINT('',(0.742121728666,0.639325578487));
#4717 = CARTESIAN_POINT('',(0.742121395575,0.727154438836));
#4718 = CARTESIAN_POINT('',(0.74212143095,0.894034438561));
#4719 = CARTESIAN_POINT('',(0.742121721926,0.973127680127));
#4720 = CARTESIAN_POINT('',(0.742122287673,1.052213997604));
#4721 = CARTESIAN_POINT('',(0.742123000878,1.131291634261));
#4722 = CARTESIAN_POINT('',(0.742123684912,1.210369227558));
#4723 = CARTESIAN_POINT('',(0.742124180828,1.289455438299));
#4724 = CARTESIAN_POINT('',(0.74212440278,1.36854856299));
#4725 = CARTESIAN_POINT('',(0.742124358499,1.536158130812));
#4726 = CARTESIAN_POINT('',(0.742123994762,1.624717790586));
#4727 = CARTESIAN_POINT('',(0.742123491441,1.713263201021));
#4728 = CARTESIAN_POINT('',(0.742122743223,1.801796180636));
#4729 = CARTESIAN_POINT('',(0.742122003679,1.890329202283));
#4730 = CARTESIAN_POINT('',(0.742121577363,1.97887470748));
#4731 = CARTESIAN_POINT('',(0.742121406534,2.067434452445));
#4732 = CARTESIAN_POINT('',(0.742121433624,2.245864922927));
#4733 = CARTESIAN_POINT('',(0.742121647226,2.335793130901));
#4734 = CARTESIAN_POINT('',(0.742121995683,2.425705887979));
#4735 = CARTESIAN_POINT('',(0.742122417605,2.515605259306));
#4736 = CARTESIAN_POINT('',(0.742122823382,2.605504610616));
#4737 = CARTESIAN_POINT('',(0.742123110615,2.695417315338));
#4738 = CARTESIAN_POINT('',(0.742123216989,2.785345457649));
#4739 = CARTESIAN_POINT('',(0.742123180718,2.985087993955));
#4740 = CARTESIAN_POINT('',(0.742122989052,3.095013190833));
#4741 = CARTESIAN_POINT('',(0.742122576514,3.204893244343));
#4742 = CARTESIAN_POINT('',(0.742122726941,3.314741954404));
#4743 = CARTESIAN_POINT('',(0.742122543171,3.424590427977));
#4744 = CARTESIAN_POINT('',(0.742122538224,3.534470633131));
#4745 = CARTESIAN_POINT('',(0.742122694175,3.644395874442));
#4746 = CARTESIAN_POINT('',(0.742122888702,3.863995935873));
#4747 = CARTESIAN_POINT('',(0.742122934101,3.973832294207));
#4748 = CARTESIAN_POINT('',(0.742122784734,4.083623634633));
#4749 = CARTESIAN_POINT('',(0.742122215598,4.193383578076));
#4750 = CARTESIAN_POINT('',(0.742121677194,4.303143577483));
#4751 = CARTESIAN_POINT('',(0.742121155547,4.412935028704));
#4752 = CARTESIAN_POINT('',(0.742120855253,4.522771479853));
#4753 = CARTESIAN_POINT('',(0.74212087226,4.721231917861));
#4754 = CARTESIAN_POINT('',(0.742121061183,4.809964460786));
#4755 = CARTESIAN_POINT('',(0.742121573262,4.898682638982));
#4756 = CARTESIAN_POINT('',(0.742122292608,4.987388210048));
#4757 = CARTESIAN_POINT('',(0.742122989067,5.07609373076));
#4758 = CARTESIAN_POINT('',(0.742123502006,5.164811812684));
#4759 = CARTESIAN_POINT('',(0.742123802183,5.253544305675));
#4760 = CARTESIAN_POINT('',(0.742123740995,5.419354606347));
#4761 = CARTESIAN_POINT('',(0.742123480533,5.49647410794));
#4762 = CARTESIAN_POINT('',(0.742122974222,5.573587508987));
#4763 = CARTESIAN_POINT('',(0.742122307404,5.650693304217));
#4764 = CARTESIAN_POINT('',(0.742121627429,5.727799138688));
#4765 = CARTESIAN_POINT('',(0.742121096496,5.804912638832));
#4766 = CARTESIAN_POINT('',(0.742120834512,5.882032254559));
#4767 = CARTESIAN_POINT('',(0.742120866952,6.02534996554));
#4768 = CARTESIAN_POINT('',(0.742121088173,6.091568289407));
#4769 = CARTESIAN_POINT('',(0.742121525432,6.157783708145));
#4770 = CARTESIAN_POINT('',(0.742122136181,6.223995478115));
#4771 = CARTESIAN_POINT('',(0.742122794672,6.290207196122));
#4772 = CARTESIAN_POINT('',(0.742123318794,6.356422488362));
#4773 = CARTESIAN_POINT('',(0.742123554585,6.422640680163));
#4774 = CARTESIAN_POINT('',(0.742123499763,6.523030615603));
#4775 = CARTESIAN_POINT('',(0.742123411104,6.557209042454));
#4776 = CARTESIAN_POINT('',(0.742123243772,6.591387385113));
#4777 = CARTESIAN_POINT('',(0.742123013321,6.625565620165));
#4778 = CARTESIAN_POINT('',(0.74212274606,6.659743879501));
#4779 = CARTESIAN_POINT('',(0.742122465569,6.693922287118));
#4780 = CARTESIAN_POINT('',(0.742122179227,6.728100795906));
#4781 = CARTESIAN_POINT('',(0.742121864727,6.762279024438));
#4782 = ( GEOMETRIC_REPRESENTATION_CONTEXT(2) 
PARAMETRIC_REPRESENTATION_CONTEXT() REPRESENTATION_CONTEXT('2D SPACE',''
  ) );
#4783 = ORIENTED_EDGE('',*,*,#3953,.T.);
#4784 = ORIENTED_EDGE('',*,*,#4785,.T.);
#4785 = EDGE_CURVE('',#3619,#4786,#4788,.T.);
#4786 = VERTEX_POINT('',#4787);
#4787 = CARTESIAN_POINT('',(-8.771,-2.101986255233E-07,5.372041035785));
#4788 = SURFACE_CURVE('',#4789,(#4883,#4980),.PCURVE_S1.);
#4789 = B_SPLINE_CURVE_WITH_KNOTS('',8,(#4790,#4791,#4792,#4793,#4794,
    #4795,#4796,#4797,#4798,#4799,#4800,#4801,#4802,#4803,#4804,#4805,
    #4806,#4807,#4808,#4809,#4810,#4811,#4812,#4813,#4814,#4815,#4816,
    #4817,#4818,#4819,#4820,#4821,#4822,#4823,#4824,#4825,#4826,#4827,
    #4828,#4829,#4830,#4831,#4832,#4833,#4834,#4835,#4836,#4837,#4838,
    #4839,#4840,#4841,#4842,#4843,#4844,#4845,#4846,#4847,#4848,#4849,
    #4850,#4851,#4852,#4853,#4854,#4855,#4856,#4857,#4858,#4859,#4860,
    #4861,#4862,#4863,#4864,#4865,#4866,#4867,#4868,#4869,#4870,#4871,
    #4872,#4873,#4874,#4875,#4876,#4877,#4878,#4879,#4880,#4881,#4882),
  .UNSPECIFIED.,.F.,.F.,(9,7,7,7,7,7,7,7,7,7,7,7,7,9),(0.,
    2.881551318736E-02,6.559264649994E-02,0.126308497107,0.215212720556,
    0.321046058155,0.427012468383,0.529691364299,0.577311100135,
    0.687837626647,0.790697404709,0.885712655299,0.962631484703,1.),
  .UNSPECIFIED.);
#4790 = CARTESIAN_POINT('',(-8.771,-2.802638459087E-07,2.872048078395));
#4791 = CARTESIAN_POINT('',(-8.771,-0.198486371335,2.881050877327));
#4792 = CARTESIAN_POINT('',(-8.765866609228,-0.396972792968,
    2.890054014401));
#4793 = CARTESIAN_POINT('',(-8.75559985005,-0.595304127666,
    2.899057428365));
#4794 = CARTESIAN_POINT('',(-8.740205334075,-0.793325457584,
    2.908061063982));
#4795 = CARTESIAN_POINT('',(-8.719694262147,-0.990882364534,
    2.917064872024));
#4796 = CARTESIAN_POINT('',(-8.694083424352,-1.18782092998,
    2.926068809273));
#4797 = CARTESIAN_POINT('',(-8.663395200015,-1.383987735041,
    2.935072838521));
#4798 = CARTESIAN_POINT('',(-8.582045736486,-1.828416665843,
    2.955568815533));
#4799 = CARTESIAN_POINT('',(-8.528208365134,-2.076099127042,
    2.967060829187));
#4800 = CARTESIAN_POINT('',(-8.466203844907,-2.321958694207,
    2.978552912056));
#4801 = CARTESIAN_POINT('',(-8.396104825433,-2.565681164414,
    2.990045017965));
#4802 = CARTESIAN_POINT('',(-8.317998204702,-2.806956681688,
    3.001537112047));
#4803 = CARTESIAN_POINT('',(-8.231985129069,-3.04547973701,
    3.013029170741));
#4804 = CARTESIAN_POINT('',(-8.138180993254,-3.280949168312,
    3.024521181793));
#4805 = CARTESIAN_POINT('',(-7.86920463138,-3.896276441872,
    3.054985375456));
#4806 = CARTESIAN_POINT('',(-7.680805232455,-4.27037022703,
    3.073958199293));
#4807 = CARTESIAN_POINT('',(-7.47210392354,-4.634000405358,
    3.092930635413));
#4808 = CARTESIAN_POINT('',(-7.243786132789,-4.985884110474,
    3.111902646209));
#4809 = CARTESIAN_POINT('',(-6.996627918996,-5.324799993191,
    3.130874653144));
#4810 = CARTESIAN_POINT('',(-6.731492999563,-5.649587035077,
    3.14984706588));
#4811 = CARTESIAN_POINT('',(-6.449334923968,-5.959146902579,
    3.168819824249));
#4812 = CARTESIAN_POINT('',(-5.714661659671,-6.681923690484,
    3.215572217312));
#4813 = CARTESIAN_POINT('',(-5.243777854771,-7.076634409915,
    3.243357060738));
#4814 = CARTESIAN_POINT('',(-4.741884815948,-7.433267145568,
    3.271140041753));
#4815 = CARTESIAN_POINT('',(-4.212607950315,-7.749016847952,
    3.298920615973));
#4816 = CARTESIAN_POINT('',(-3.65981711106,-8.021513018446,
    3.326701192148));
#4817 = CARTESIAN_POINT('',(-3.087605996087,-8.248796921156,
    3.354484182402));
#4818 = CARTESIAN_POINT('',(-2.50030006845,-8.429351260767,
    3.382269046759));
#4819 = CARTESIAN_POINT('',(-1.190851695224,-8.720307041504,
    3.443119530272));
#4820 = CARTESIAN_POINT('',(-0.463959000273,-8.810884963736,
    3.476200309576));
#4821 = CARTESIAN_POINT('',(0.270359563069,-8.832101871138,
    3.509275453252));
#4822 = CARTESIAN_POINT('',(1.004365166889,-8.783383988678,
    3.542345616323));
#4823 = CARTESIAN_POINT('',(1.730421254309,-8.665146254729,3.57541578401
    ));
#4824 = CARTESIAN_POINT('',(2.440994904792,-8.478708427855,3.60849096726
    ));
#4825 = CARTESIAN_POINT('',(3.128676727512,-8.22637611879,3.641571843075
    ));
#4826 = CARTESIAN_POINT('',(4.444654136449,-7.5965958588,3.70775383378)
  );
#4827 = CARTESIAN_POINT('',(5.073303811684,-7.218785278199,
    3.740876552949));
#4828 = CARTESIAN_POINT('',(5.66489490065,-6.781666283536,3.77399375451)
  );
#4829 = CARTESIAN_POINT('',(6.212960035228,-6.289580541128,
    3.807106147037));
#4830 = CARTESIAN_POINT('',(6.711726060345,-5.747587714704,
    3.840218533454));
#4831 = CARTESIAN_POINT('',(7.156062935367,-5.161398511817,
    3.873335708975));
#4832 = CARTESIAN_POINT('',(7.541550053312,-4.537426598576,
    3.906458378411));
#4833 = CARTESIAN_POINT('',(8.177792861746,-3.248749859745,
    3.971654657173));
#4834 = CARTESIAN_POINT('',(8.432547408208,-2.58552438995,4.003748175038
    ));
#4835 = CARTESIAN_POINT('',(8.625652185693,-1.899796203543,
    4.035837620394));
#4836 = CARTESIAN_POINT('',(8.754887834272,-1.198285022695,
    4.067922018495));
#4837 = CARTESIAN_POINT('',(8.818906128001,-0.487847536498,4.10000643721
    ));
#4838 = CARTESIAN_POINT('',(8.817163268742,0.224549501813,4.132095929958
    ));
#4839 = CARTESIAN_POINT('',(8.749991362717,0.931837209602,4.164189486949
    ));
#4840 = CARTESIAN_POINT('',(8.557968768813,1.949154320701,4.21115393447)
  );
#4841 = CARTESIAN_POINT('',(8.48335267837,2.268879256318,4.22603408479)
  );
#4842 = CARTESIAN_POINT('',(8.395090035141,2.585314856268,4.24091415274)
  );
#4843 = CARTESIAN_POINT('',(8.293352521931,2.897781750256,4.255794113195
    ));
#4844 = CARTESIAN_POINT('',(8.178351140992,3.205614121564,4.270674074799
    ));
#4845 = CARTESIAN_POINT('',(8.050335466165,3.508159624228,4.285554145712
    ));
#4846 = CARTESIAN_POINT('',(7.909594283855,3.804779785661,4.300434299166
    ));
#4847 = CARTESIAN_POINT('',(7.401023832046,4.768112758979,4.34985092858)
  );
#4848 = CARTESIAN_POINT('',(6.97866438164,5.406376745315,4.384400960328)
  );
#4849 = CARTESIAN_POINT('',(6.493581027163,6.001464985089,4.418943842017
    ));
#4850 = CARTESIAN_POINT('',(5.951054660581,6.546289641021,4.453480877517
    ));
#4851 = CARTESIAN_POINT('',(5.357133358939,7.03457874462,4.488017921594)
  );
#4852 = CARTESIAN_POINT('',(4.718635518595,7.460907702798,4.522560756304
    ));
#4853 = CARTESIAN_POINT('',(4.043118803265,7.82069316946,4.557110742097)
  );
#4854 = CARTESIAN_POINT('',(2.683961153781,8.380261430888,4.623788481185
    ));
#4855 = CARTESIAN_POINT('',(2.003705663428,8.589587248848,4.655938768629
    ));
#4856 = CARTESIAN_POINT('',(1.305139465255,8.735648140029,4.688085128635
    ));
#4857 = CARTESIAN_POINT('',(0.595154586177,8.816679431699,4.720226474131
    ));
#4858 = CARTESIAN_POINT('',(-0.119279410746,8.831801050537,
    4.752367812027));
#4859 = CARTESIAN_POINT('',(-0.831137913037,8.780948420546,
    4.784514184239));
#4860 = CARTESIAN_POINT('',(-1.533354261139,8.664943954217,4.81666454498
    ));
#4861 = CARTESIAN_POINT('',(-2.852015467673,8.320143534873,
    4.878495391058));
#4862 = CARTESIAN_POINT('',(-3.471223494509,8.100544504911,
    4.908191280236));
#4863 = CARTESIAN_POINT('',(-4.070861094388,7.828332547378,
    4.937884265693));
#4864 = CARTESIAN_POINT('',(-4.645734545697,7.505604012816,
    4.967573690702));
#4865 = CARTESIAN_POINT('',(-5.190982314127,7.135012539732,
    4.997263080521));
#4866 = CARTESIAN_POINT('',(-5.70206109775,6.719725739438,5.026955986902
    ));
#4867 = CARTESIAN_POINT('',(-6.174778260726,6.263457127943,
    5.056651814583));
#4868 = CARTESIAN_POINT('',(-6.953953254319,5.371563183205,
    5.110376780062));
#4869 = CARTESIAN_POINT('',(-7.275021718301,4.948451243222,
    5.134414249947));
#4870 = CARTESIAN_POINT('',(-7.566581381293,4.503503558458,
    5.158450903724));
#4871 = CARTESIAN_POINT('',(-7.826918101852,4.039137630608,
    5.182486495519));
#4872 = CARTESIAN_POINT('',(-8.054565777245,3.557902292513,
    5.206522202577));
#4873 = CARTESIAN_POINT('',(-8.248296418691,3.062469252128,
    5.230559151702));
#4874 = CARTESIAN_POINT('',(-8.407132787976,2.555636277545,
    5.254596938829));
#4875 = CARTESIAN_POINT('',(-8.590260997629,1.790003043866,
    5.290308864518));
#4876 = CARTESIAN_POINT('',(-8.641742494525,1.537654433428,
    5.301985507508));
#4877 = CARTESIAN_POINT('',(-8.684749133665,1.28362671161,5.313662046385
    ));
#4878 = CARTESIAN_POINT('',(-8.719217732205,1.028252256756,
    5.325338438277));
#4879 = CARTESIAN_POINT('',(-8.745100876913,0.771865305664,
    5.337014621767));
#4880 = CARTESIAN_POINT('',(-8.762366924177,0.514801953585,
    5.348690516889));
#4881 = CARTESIAN_POINT('',(-8.771,0.257400154224,5.360366025129));
#4882 = CARTESIAN_POINT('',(-8.771,-2.802637588672E-07,5.372041029429));
#4883 = PCURVE('',#3969,#4884);
#4884 = DEFINITIONAL_REPRESENTATION('',(#4885),#4979);
#4885 = B_SPLINE_CURVE_WITH_KNOTS('',8,(#4886,#4887,#4888,#4889,#4890,
    #4891,#4892,#4893,#4894,#4895,#4896,#4897,#4898,#4899,#4900,#4901,
    #4902,#4903,#4904,#4905,#4906,#4907,#4908,#4909,#4910,#4911,#4912,
    #4913,#4914,#4915,#4916,#4917,#4918,#4919,#4920,#4921,#4922,#4923,
    #4924,#4925,#4926,#4927,#4928,#4929,#4930,#4931,#4932,#4933,#4934,
    #4935,#4936,#4937,#4938,#4939,#4940,#4941,#4942,#4943,#4944,#4945,
    #4946,#4947,#4948,#4949,#4950,#4951,#4952,#4953,#4954,#4955,#4956,
    #4957,#4958,#4959,#4960,#4961,#4962,#4963,#4964,#4965,#4966,#4967,
    #4968,#4969,#4970,#4971,#4972,#4973,#4974,#4975,#4976,#4977,#4978),
  .UNSPECIFIED.,.F.,.F.,(9,7,7,7,7,7,7,7,7,7,7,7,7,9),(0.,
    2.881551318736E-02,6.559264649994E-02,0.126308497107,0.215212720556,
    0.321046058155,0.427012468383,0.529691364299,0.577311100135,
    0.687837626647,0.790697404709,0.885712655299,0.962631484703,1.),
  .UNSPECIFIED.);
#4886 = CARTESIAN_POINT('',(-6.28318530718,2.872048078395));
#4887 = CARTESIAN_POINT('',(-6.260555494037,2.881050877327));
#4888 = CARTESIAN_POINT('',(-6.237925672151,2.890054014401));
#4889 = CARTESIAN_POINT('',(-6.2152958438,2.899057428365));
#4890 = CARTESIAN_POINT('',(-6.192666012152,2.908061063982));
#4891 = CARTESIAN_POINT('',(-6.170036181262,2.917064872024));
#4892 = CARTESIAN_POINT('',(-6.147406356071,2.926068809273));
#4893 = CARTESIAN_POINT('',(-6.12477654241,2.935072838521));
#4894 = CARTESIAN_POINT('',(-6.073264422483,2.955568815533));
#4895 = CARTESIAN_POINT('',(-6.044382052142,2.967060829187));
#4896 = CARTESIAN_POINT('',(-6.015499650139,2.978552912056));
#4897 = CARTESIAN_POINT('',(-5.986617231418,2.990045017965));
#4898 = CARTESIAN_POINT('',(-5.957734811699,3.001537112047));
#4899 = CARTESIAN_POINT('',(-5.928852407478,3.013029170741));
#4900 = CARTESIAN_POINT('',(-5.899970036027,3.024521181793));
#4901 = CARTESIAN_POINT('',(-5.823405514348,3.054985375456));
#4902 = CARTESIAN_POINT('',(-5.775721606983,3.073958199293));
#4903 = CARTESIAN_POINT('',(-5.728038457242,3.092930635413));
#4904 = CARTESIAN_POINT('',(-5.680356254687,3.111902646209));
#4905 = CARTESIAN_POINT('',(-5.63267405178,3.130874653144));
#4906 = CARTESIAN_POINT('',(-5.584990901358,3.14984706588));
#4907 = CARTESIAN_POINT('',(-5.537306994297,3.168819824249));
#4908 = CARTESIAN_POINT('',(-5.41980532442,3.215572217312));
#4909 = CARTESIAN_POINT('',(-5.349974613312,3.243357060738));
#4910 = CARTESIAN_POINT('',(-5.280148905769,3.271140041753));
#4911 = CARTESIAN_POINT('',(-5.210329448716,3.298920615973));
#4912 = CARTESIAN_POINT('',(-5.140509991662,3.326701192148));
#4913 = CARTESIAN_POINT('',(-5.070684283928,3.354484182402));
#4914 = CARTESIAN_POINT('',(-5.00085357171,3.382269046759));
#4915 = CARTESIAN_POINT('',(-4.847919615602,3.443119530272));
#4916 = CARTESIAN_POINT('',(-4.764778110444,3.476200309576));
#4917 = CARTESIAN_POINT('',(-4.681650572287,3.509275453252));
#4918 = CARTESIAN_POINT('',(-4.598535174955,3.542345616323));
#4919 = CARTESIAN_POINT('',(-4.515419783426,3.57541578401));
#4920 = CARTESIAN_POINT('',(-4.432292240148,3.60849096726));
#4921 = CARTESIAN_POINT('',(-4.349150693595,3.641571843075));
#4922 = CARTESIAN_POINT('',(-4.182817270343,3.70775383378));
#4923 = CARTESIAN_POINT('',(-4.099571100442,3.740876552949));
#4924 = CARTESIAN_POINT('',(-4.016338997832,3.77399375451));
#4925 = CARTESIAN_POINT('',(-3.933119112882,3.807106147037));
#4926 = CARTESIAN_POINT('',(-3.849899227782,3.840218533454));
#4927 = CARTESIAN_POINT('',(-3.766667124566,3.873335708975));
#4928 = CARTESIAN_POINT('',(-3.683420953326,3.906458378411));
#4929 = CARTESIAN_POINT('',(-3.519564814866,3.971654657173));
#4930 = CARTESIAN_POINT('',(-3.43890479876,4.003748175038));
#4931 = CARTESIAN_POINT('',(-3.358254953664,4.035837620394));
#4932 = CARTESIAN_POINT('',(-3.277617817252,4.067922018495));
#4933 = CARTESIAN_POINT('',(-3.196980682974,4.10000643721));
#4934 = CARTESIAN_POINT('',(-3.116330839847,4.132095929958));
#4935 = CARTESIAN_POINT('',(-3.035670818572,4.164189486949));
#4936 = CARTESIAN_POINT('',(-2.91763627114,4.21115393447));
#4937 = CARTESIAN_POINT('',(-2.88023838823,4.22603408479));
#4938 = CARTESIAN_POINT('',(-2.842840731717,4.24091415274));
#4939 = CARTESIAN_POINT('',(-2.805443357876,4.255794113195));
#4940 = CARTESIAN_POINT('',(-2.768045983181,4.270674074799));
#4941 = CARTESIAN_POINT('',(-2.730648324767,4.285554145712));
#4942 = CARTESIAN_POINT('',(-2.693250440947,4.300434299166));
#4943 = CARTESIAN_POINT('',(-2.569052898697,4.34985092858));
#4944 = CARTESIAN_POINT('',(-2.482219070992,4.384400960328));
#4945 = CARTESIAN_POINT('',(-2.395403025358,4.418943842017));
#4946 = CARTESIAN_POINT('',(-2.308601518087,4.453480877517));
#4947 = CARTESIAN_POINT('',(-2.22180001101,4.488017921594));
#4948 = CARTESIAN_POINT('',(-2.134983965484,4.522560756304));
#4949 = CARTESIAN_POINT('',(-2.048150138257,4.557110742097));
#4950 = CARTESIAN_POINT('',(-1.880570749417,4.623788481185));
#4951 = CARTESIAN_POINT('',(-1.799768493314,4.655938768629));
#4952 = CARTESIAN_POINT('',(-1.71897650259,4.688085128635));
#4953 = CARTESIAN_POINT('',(-1.638197331593,4.720226474131));
#4954 = CARTESIAN_POINT('',(-1.557418160511,4.752367812027));
#4955 = CARTESIAN_POINT('',(-1.476626169732,4.784514184239));
#4956 = CARTESIAN_POINT('',(-1.395823913267,4.81666454498));
#4957 = CARTESIAN_POINT('',(-1.240426038828,4.878495391058));
#4958 = CARTESIAN_POINT('',(-1.165791795329,4.908191280236));
#4959 = CARTESIAN_POINT('',(-1.09116448522,4.937884265693));
#4960 = CARTESIAN_POINT('',(-1.01654584712,4.967573690702));
#4961 = CARTESIAN_POINT('',(-0.941927211439,4.997263080521));
#4962 = CARTESIAN_POINT('',(-0.867299897852,5.026955986902));
#4963 = CARTESIAN_POINT('',(-0.792665632546,5.056651814583));
#4964 = CARTESIAN_POINT('',(-0.657640061502,5.110376780062));
#4965 = CARTESIAN_POINT('',(-0.597227637142,5.134414249947));
#4966 = CARTESIAN_POINT('',(-0.536817660758,5.158450903724));
#4967 = CARTESIAN_POINT('',(-0.47641074321,5.182486495519));
#4968 = CARTESIAN_POINT('',(-0.416003826504,5.206522202577));
#4969 = CARTESIAN_POINT('',(-0.355593852233,5.230559151702));
#4970 = CARTESIAN_POINT('',(-0.295181429621,5.254596938829));
#4971 = CARTESIAN_POINT('',(-0.205427759682,5.290308864518));
#4972 = CARTESIAN_POINT('',(-0.176080961083,5.301985507508));
#4973 = CARTESIAN_POINT('',(-0.146734125221,5.313662046385));
#4974 = CARTESIAN_POINT('',(-0.117387269778,5.325338438277));
#4975 = CARTESIAN_POINT('',(-8.804041227156E-02,5.337014621767));
#4976 = CARTESIAN_POINT('',(-5.86935700487E-02,5.348690516889));
#4977 = CARTESIAN_POINT('',(-2.934676028815E-02,5.360366025129));
#4978 = CARTESIAN_POINT('',(0.,5.372041029429));
#4979 = ( GEOMETRIC_REPRESENTATION_CONTEXT(2) 
PARAMETRIC_REPRESENTATION_CONTEXT() REPRESENTATION_CONTEXT('2D SPACE',''
  ) );
#4980 = PCURVE('',#4981,#5044);
#4981 = B_SPLINE_SURFACE_WITH_KNOTS('',1,9,(
    (#4982,#4983,#4984,#4985,#4986,#4987,#4988,#4989,#4990,#4991,#4992
      ,#4993,#4994,#4995,#4996,#4997,#4998,#4999,#5000,#5001,#5002,#5003
      ,#5004,#5005,#5006,#5007,#5008,#5009,#5010,#5011,#5012)
    ,(#5013,#5014,#5015,#5016,#5017,#5018,#5019,#5020,#5021,#5022,#5023
      ,#5024,#5025,#5026,#5027,#5028,#5029,#5030,#5031,#5032,#5033,#5034
      ,#5035,#5036,#5037,#5038,#5039,#5040,#5041,#5042,#5043
  )),.UNSPECIFIED.,.F.,.F.,.F.,(2,2),(10,7,7,7,10),(0.,2.1855),(0.,
    1.69056975611,3.381139512219,5.071709268329,6.762279024438),
  .UNSPECIFIED.);
#4982 = CARTESIAN_POINT('',(-10.02100805964,4.789879604061E-09,
    3.59375012038));
#4983 = CARTESIAN_POINT('',(-10.02101390298,-1.748996213624,
    3.663194652106));
#4984 = CARTESIAN_POINT('',(-9.677592969438,-3.497981202027,
    3.732639031187));
#4985 = CARTESIAN_POINT('',(-8.990766524444,-5.169933037795,
    3.802083457456));
#4986 = CARTESIAN_POINT('',(-7.980698412295,-6.687740774331,
    3.871527930451));
#4987 = CARTESIAN_POINT('',(-6.687736702376,-7.980700192425,
    3.940972374131));
#4988 = CARTESIAN_POINT('',(-5.16992611536,-8.990764657634,
    4.010416820358));
#4989 = CARTESIAN_POINT('',(-3.497992189363,-9.677593293022,
    4.079861262412));
#4990 = CARTESIAN_POINT('',(-1.804420105228E-07,-10.36442364871,
    4.218750149279));
#4991 = CARTESIAN_POINT('',(3.497992175017,-9.677597279281,
    4.357639039807));
#4992 = CARTESIAN_POINT('',(5.169925070179,-8.990770244642,
    4.427083486182));
#4993 = CARTESIAN_POINT('',(6.687740835513,-7.980695548532,
    4.496527930652));
#4994 = CARTESIAN_POINT('',(7.980694537786,-6.687739526506,
    4.565972372386));
#4995 = CARTESIAN_POINT('',(8.990767488878,-5.1699229447,4.635416814287)
  );
#4996 = CARTESIAN_POINT('',(9.677595269671,-3.497990568777,
    4.704861259095));
#4997 = CARTESIAN_POINT('',(10.364424448314,7.147704692738E-09,
    4.843750150483));
#4998 = CARTESIAN_POINT('',(9.677595588297,3.497990645634,4.982639041871
    ));
#4999 = CARTESIAN_POINT('',(8.990767857956,5.169923116484,5.052083486678
    ));
#5000 = CARTESIAN_POINT('',(7.980694509347,6.687739598652,5.121527928581
    ));
#5001 = CARTESIAN_POINT('',(6.687740608261,7.980695317362,5.190972370313
    ));
#5002 = CARTESIAN_POINT('',(5.169925024263,8.990769902735,5.260416814784
    ));
#5003 = CARTESIAN_POINT('',(3.49799218248,9.677597220569,5.329861261159)
  );
#5004 = CARTESIAN_POINT('',(-1.776628168835E-07,10.364423808557,
    5.468750151687));
#5005 = CARTESIAN_POINT('',(-3.497992181901,9.67759318661,5.607639038553
    ));
#5006 = CARTESIAN_POINT('',(-5.169925896519,8.990764400945,
    5.677083480627));
#5007 = CARTESIAN_POINT('',(-6.687737138018,7.98069938821,5.746527926765
    ));
#5008 = CARTESIAN_POINT('',(-7.980696650215,6.687741684647,
    5.815972370628));
#5009 = CARTESIAN_POINT('',(-8.990770404579,5.169935607381,
    5.885416843406));
#5010 = CARTESIAN_POINT('',(-9.6775942025,3.497978919235,5.954861269832)
  );
#5011 = CARTESIAN_POINT('',(-10.0210062457,1.748996225598,6.024305648845
    ));
#5012 = CARTESIAN_POINT('',(-10.02101208946,7.184841166463E-09,
    6.093750180588));
#5013 = CARTESIAN_POINT('',(-8.128315802582,-4.268225213266E-07,
    2.500989272773));
#5014 = CARTESIAN_POINT('',(-8.128326110661,-1.418658302607,
    2.570425940981));
#5015 = CARTESIAN_POINT('',(-7.849763723158,-2.837307359271,
    2.639876211376));
#5016 = CARTESIAN_POINT('',(-7.292658134042,-4.193488620282,
    2.709322267875));
#5017 = CARTESIAN_POINT('',(-6.473359487341,-5.424605902543,
    2.778764178749));
#5018 = CARTESIAN_POINT('',(-5.424615343229,-6.473367345844,
    2.848208683022));
#5019 = CARTESIAN_POINT('',(-4.193471614271,-7.292658267722,
    2.917652972695));
#5020 = CARTESIAN_POINT('',(-2.837318437355,-7.84976457138,
    2.987097629202));
#5021 = CARTESIAN_POINT('',(2.356624879432E-06,-8.406871535237,
    3.125986698234));
#5022 = CARTESIAN_POINT('',(2.837319853031,-7.849767402529,
    3.264875441102));
#5023 = CARTESIAN_POINT('',(4.193469224172,-7.292663231251,
    3.334319713531));
#5024 = CARTESIAN_POINT('',(5.424611377128,-6.473364797739,3.40376415569
    ));
#5025 = CARTESIAN_POINT('',(6.473362826358,-5.424611797996,
    3.473208841679));
#5026 = CARTESIAN_POINT('',(7.292661421619,-4.193466962997,
    3.542653512644));
#5027 = CARTESIAN_POINT('',(7.84976616222,-2.837316173378,3.612097924717
    ));
#5028 = CARTESIAN_POINT('',(8.406872239274,5.755184152909E-07,
    3.750986590977));
#5029 = CARTESIAN_POINT('',(7.849766348541,2.837317360999,3.889875257237
    ));
#5030 = CARTESIAN_POINT('',(7.292661516016,4.193468244716,3.95931966931)
  );
#5031 = CARTESIAN_POINT('',(6.473362049495,5.42461279295,4.028764340275)
  );
#5032 = CARTESIAN_POINT('',(5.424610106538,6.473365113258,4.098209026264
    ));
#5033 = CARTESIAN_POINT('',(4.19346816613,7.29266318514,4.167653468423)
  );
#5034 = CARTESIAN_POINT('',(2.837318815253,7.849767678093,4.237097740852
    ));
#5035 = CARTESIAN_POINT('',(1.235931392534E-06,8.406871819296,
    4.37598648372));
#5036 = CARTESIAN_POINT('',(-2.837319475133,7.849764002377,
    4.514875552753));
#5037 = CARTESIAN_POINT('',(-4.193472201819,7.292657250085,
    4.584320209294));
#5038 = CARTESIAN_POINT('',(-5.424616984148,6.473365190375,
    4.653764498808));
#5039 = CARTESIAN_POINT('',(-6.473357082317,5.424606653493,4.72320900341
    ));
#5040 = CARTESIAN_POINT('',(-7.292665590816,4.193492210187,
    4.792650913894));
#5041 = CARTESIAN_POINT('',(-7.849766294304,2.837302251535,
    4.862096970672));
#5042 = CARTESIAN_POINT('',(-8.128312693034,1.418657235549,
    4.931547240948));
#5043 = CARTESIAN_POINT('',(-8.12832296388,-6.402328782684E-07,
    5.000983909191));
#5044 = DEFINITIONAL_REPRESENTATION('',(#5045),#5139);
#5045 = B_SPLINE_CURVE_WITH_KNOTS('',8,(#5046,#5047,#5048,#5049,#5050,
    #5051,#5052,#5053,#5054,#5055,#5056,#5057,#5058,#5059,#5060,#5061,
    #5062,#5063,#5064,#5065,#5066,#5067,#5068,#5069,#5070,#5071,#5072,
    #5073,#5074,#5075,#5076,#5077,#5078,#5079,#5080,#5081,#5082,#5083,
    #5084,#5085,#5086,#5087,#5088,#5089,#5090,#5091,#5092,#5093,#5094,
    #5095,#5096,#5097,#5098,#5099,#5100,#5101,#5102,#5103,#5104,#5105,
    #5106,#5107,#5108,#5109,#5110,#5111,#5112,#5113,#5114,#5115,#5116,
    #5117,#5118,#5119,#5120,#5121,#5122,#5123,#5124,#5125,#5126,#5127,
    #5128,#5129,#5130,#5131,#5132,#5133,#5134,#5135,#5136,#5137,#5138),
  .UNSPECIFIED.,.F.,.F.,(9,7,7,7,7,7,7,7,7,7,7,7,7,9),(0.,
    2.881551318736E-02,6.559264649994E-02,0.126308497107,0.215212720556,
    0.321046058155,0.427012468383,0.529691364299,0.577311100135,
    0.687837626647,0.790697404709,0.885712655299,0.962631484703,1.),
  .UNSPECIFIED.);
#5046 = CARTESIAN_POINT('',(1.443389755602,0.));
#5047 = CARTESIAN_POINT('',(1.443391071929,2.435534643872E-02));
#5048 = CARTESIAN_POINT('',(1.443392042742,4.871072857696E-02));
#5049 = CARTESIAN_POINT('',(1.443392726267,7.306613025472E-02));
#5050 = CARTESIAN_POINT('',(1.443393176364,9.742153746509E-02));
#5051 = CARTESIAN_POINT('',(1.443393442532,0.121776938354));
#5052 = CARTESIAN_POINT('',(1.44339356991,0.146132323221));
#5053 = CARTESIAN_POINT('',(1.443393599272,0.170487684518));
#5054 = CARTESIAN_POINT('',(1.443393525887,0.225927637772));
#5055 = CARTESIAN_POINT('',(1.443393383963,0.257012289992));
#5056 = CARTESIAN_POINT('',(1.443393202164,0.28809696061));
#5057 = CARTESIAN_POINT('',(1.443393026673,0.319181636345));
#5058 = CARTESIAN_POINT('',(1.443392888957,0.350266303539));
#5059 = CARTESIAN_POINT('',(1.443392805763,0.381350948151));
#5060 = CARTESIAN_POINT('',(1.443392779122,0.412435555762));
#5061 = CARTESIAN_POINT('',(1.443392824779,0.494838011505));
#5062 = CARTESIAN_POINT('',(1.443392983635,0.54615775324));
#5063 = CARTESIAN_POINT('',(1.443393250449,0.597476699214));
#5064 = CARTESIAN_POINT('',(1.443393555306,0.648794651872));
#5065 = CARTESIAN_POINT('',(1.443393825847,0.700112630501));
#5066 = CARTESIAN_POINT('',(1.443394012951,0.751431648845));
#5067 = CARTESIAN_POINT('',(1.443394097094,0.80275149348));
#5068 = CARTESIAN_POINT('',(1.443394043581,0.929212776718));
#5069 = CARTESIAN_POINT('',(1.443393786751,1.004368157055));
#5070 = CARTESIAN_POINT('',(1.443393294809,1.079518141232));
#5071 = CARTESIAN_POINT('',(1.443392669869,1.154661368059));
#5072 = CARTESIAN_POINT('',(1.443392062036,1.229804559024));
#5073 = CARTESIAN_POINT('',(1.443391612248,1.304954450967));
#5074 = CARTESIAN_POINT('',(1.443391402205,1.380109720331));
#5075 = CARTESIAN_POINT('',(1.443391422203,1.544704817946));
#5076 = CARTESIAN_POINT('',(1.44339178406,1.634185831201));
#5077 = CARTESIAN_POINT('',(1.443392277777,1.723651812468));
#5078 = CARTESIAN_POINT('',(1.44339307052,1.81310477867));
#5079 = CARTESIAN_POINT('',(1.443393854486,1.902557782478));
#5080 = CARTESIAN_POINT('',(1.443394273571,1.992023865011));
#5081 = CARTESIAN_POINT('',(1.443394450088,2.081505001393));
#5082 = CARTESIAN_POINT('',(1.443394397196,2.260521417444));
#5083 = CARTESIAN_POINT('',(1.443394162976,2.350115128126));
#5084 = CARTESIAN_POINT('',(1.443393783279,2.439693680195));
#5085 = CARTESIAN_POINT('',(1.443393315728,2.529259068261));
#5086 = CARTESIAN_POINT('',(1.443392861958,2.618824436761));
#5087 = CARTESIAN_POINT('',(1.443392538357,2.708402937424));
#5088 = CARTESIAN_POINT('',(1.443392408295,2.797996583088));
#5089 = CARTESIAN_POINT('',(1.443392422098,2.974346697348));
#5090 = CARTESIAN_POINT('',(1.443392573723,3.061157024176));
#5091 = CARTESIAN_POINT('',(1.443392779833,3.147956452791));
#5092 = CARTESIAN_POINT('',(1.443392959915,3.23474223329));
#5093 = CARTESIAN_POINT('',(1.443393083447,3.32152801716));
#5094 = CARTESIAN_POINT('',(1.443393168095,3.408327477516));
#5095 = CARTESIAN_POINT('',(1.443393235935,3.495137894192));
#5096 = CARTESIAN_POINT('',(1.443393223894,3.622172649515));
#5097 = CARTESIAN_POINT('',(1.443393206165,3.662422140263));
#5098 = CARTESIAN_POINT('',(1.443393174189,3.702671381809));
#5099 = CARTESIAN_POINT('',(1.44339313343,3.742920312739));
#5100 = CARTESIAN_POINT('',(1.443393092433,3.783169238184));
#5101 = CARTESIAN_POINT('',(1.443393060357,3.823418463363));
#5102 = CARTESIAN_POINT('',(1.443393044729,3.863667926818));
#5103 = CARTESIAN_POINT('',(1.443393060362,3.997335491669));
#5104 = CARTESIAN_POINT('',(1.443393181188,4.090790354574));
#5105 = CARTESIAN_POINT('',(1.443393465373,4.184226079209));
#5106 = CARTESIAN_POINT('',(1.443393885108,4.277646179512));
#5107 = CARTESIAN_POINT('',(1.443394277416,4.371066297894));
#5108 = CARTESIAN_POINT('',(1.443394636605,4.464502079598));
#5109 = CARTESIAN_POINT('',(1.443394831298,4.557957020651));
#5110 = CARTESIAN_POINT('',(1.443394786066,4.738314430656));
#5111 = CARTESIAN_POINT('',(1.443394594286,4.825277913803));
#5112 = CARTESIAN_POINT('',(1.443394092846,4.912230363189));
#5113 = CARTESIAN_POINT('',(1.443393417641,4.999168993448));
#5114 = CARTESIAN_POINT('',(1.443392756803,5.086107579718));
#5115 = CARTESIAN_POINT('',(1.443392238226,5.173059930679));
#5116 = CARTESIAN_POINT('',(1.443391927968,5.260023327927));
#5117 = CARTESIAN_POINT('',(1.443391950196,5.427270224947));
#5118 = CARTESIAN_POINT('',(1.443392216963,5.507595300358));
#5119 = CARTESIAN_POINT('',(1.443392765774,5.587912930231));
#5120 = CARTESIAN_POINT('',(1.443393515468,5.66822126519));
#5121 = CARTESIAN_POINT('',(1.443394303951,5.748529642065));
#5122 = CARTESIAN_POINT('',(1.443394935158,5.828847385803));
#5123 = CARTESIAN_POINT('',(1.443395246821,5.909172605379));
#5124 = CARTESIAN_POINT('',(1.443395160322,6.054493983368));
#5125 = CARTESIAN_POINT('',(1.443394886889,6.119512881004));
#5126 = CARTESIAN_POINT('',(1.443394352947,6.184529112116));
#5127 = CARTESIAN_POINT('',(1.443393589754,6.249542002511));
#5128 = CARTESIAN_POINT('',(1.443392707192,6.31455484536));
#5129 = CARTESIAN_POINT('',(1.443391890267,6.379570961017));
#5130 = CARTESIAN_POINT('',(1.443391370543,6.44458973962));
#5131 = CARTESIAN_POINT('',(1.443391373456,6.541187085651));
#5132 = CARTESIAN_POINT('',(1.443391508423,6.572771575818));
#5133 = CARTESIAN_POINT('',(1.44339178658,6.604356126997));
#5134 = CARTESIAN_POINT('',(1.443392233539,6.635940722906));
#5135 = CARTESIAN_POINT('',(1.443392891351,6.667525340951));
#5136 = CARTESIAN_POINT('',(1.443393818503,6.699109952222));
#5137 = CARTESIAN_POINT('',(1.443395089921,6.730694521498));
#5138 = CARTESIAN_POINT('',(1.443396796966,6.762279007243));
#5139 = ( GEOMETRIC_REPRESENTATION_CONTEXT(2) 
PARAMETRIC_REPRESENTATION_CONTEXT() REPRESENTATION_CONTEXT('2D SPACE',''
  ) );
#5140 = ORIENTED_EDGE('',*,*,#5141,.F.);
#5141 = EDGE_CURVE('',#4534,#4786,#5142,.T.);
#5142 = SURFACE_CURVE('',#5143,(#5147,#5154),.PCURVE_S1.);
#5143 = LINE('',#5144,#5145);
#5144 = CARTESIAN_POINT('',(-8.771,0.,0.));
#5145 = VECTOR('',#5146,1.);
#5146 = DIRECTION('',(0.,0.,1.));
#5147 = PCURVE('',#3969,#5148);
#5148 = DEFINITIONAL_REPRESENTATION('',(#5149),#5153);
#5149 = LINE('',#5150,#5151);
#5150 = CARTESIAN_POINT('',(-0.,0.));
#5151 = VECTOR('',#5152,1.);
#5152 = DIRECTION('',(-0.,1.));
#5153 = ( GEOMETRIC_REPRESENTATION_CONTEXT(2) 
PARAMETRIC_REPRESENTATION_CONTEXT() REPRESENTATION_CONTEXT('2D SPACE',''
  ) );
#5154 = PCURVE('',#5155,#5160);
#5155 = CYLINDRICAL_SURFACE('',#5156,8.771);
#5156 = AXIS2_PLACEMENT_3D('',#5157,#5158,#5159);
#5157 = CARTESIAN_POINT('',(0.,0.,0.));
#5158 = DIRECTION('',(0.,0.,1.));
#5159 = DIRECTION('',(-1.,0.,0.));
#5160 = DEFINITIONAL_REPRESENTATION('',(#5161),#5165);
#5161 = LINE('',#5162,#5163);
#5162 = CARTESIAN_POINT('',(-6.28318530718,0.));
#5163 = VECTOR('',#5164,1.);
#5164 = DIRECTION('',(-0.,1.));
#5165 = ( GEOMETRIC_REPRESENTATION_CONTEXT(2) 
PARAMETRIC_REPRESENTATION_CONTEXT() REPRESENTATION_CONTEXT('2D SPACE',''
  ) );
#5166 = ADVANCED_FACE('',(#5167),#3800,.F.);
#5167 = FACE_BOUND('',#5168,.F.);
#5168 = EDGE_LOOP('',(#5169,#5210,#5211,#5212));
#5169 = ORIENTED_EDGE('',*,*,#5170,.F.);
#5170 = EDGE_CURVE('',#4333,#5171,#5173,.T.);
#5171 = VERTEX_POINT('',#5172);
#5172 = CARTESIAN_POINT('',(-10.02100805964,4.789880136432E-09,
    3.59375012038));
#5173 = SURFACE_CURVE('',#5174,(#5196,#5203),.PCURVE_S1.);
#5174 = B_SPLINE_CURVE_WITH_KNOTS('',11,(#5175,#5176,#5177,#5178,#5179,
    #5180,#5181,#5182,#5183,#5184,#5185,#5186,#5187,#5188,#5189,#5190,
    #5191,#5192,#5193,#5194,#5195),.UNSPECIFIED.,.F.,.F.,(12,9,12),(0.,
    3.381139512219,6.762279024438),.UNSPECIFIED.);
#5175 = CARTESIAN_POINT('',(-10.02100402982,2.394699549768E-09,
    1.093750060184));
#5176 = CARTESIAN_POINT('',(-10.02101359097,-2.861992658635,
    1.207386566618));
#5177 = CARTESIAN_POINT('',(-9.121869770562,-5.723955917248,
    1.321022673475));
#5178 = CARTESIAN_POINT('',(-7.323660761194,-8.272200521647,
    1.434659198385));
#5179 = CARTESIAN_POINT('',(-4.749511717058,-10.19249124844,
    1.548295707335));
#5180 = CARTESIAN_POINT('',(-1.646041760297,-11.22677135309,
    1.661931696289));
#5181 = CARTESIAN_POINT('',(1.646032409853,-11.22677263263,
    1.775568394034));
#5182 = CARTESIAN_POINT('',(4.749531955539,-10.19256304051,
    1.889204607318));
#5183 = CARTESIAN_POINT('',(7.323641139439,-8.272123631336,
    2.002841004425));
#5184 = CARTESIAN_POINT('',(9.121884385766,-5.723982262225,2.11647735892
    ));
#5185 = CARTESIAN_POINT('',(10.920127172561,-1.555106807152E-08,
    2.343750090281));
#5186 = CARTESIAN_POINT('',(9.121884904418,5.723982394061,2.571022821642
    ));
#5187 = CARTESIAN_POINT('',(7.323644273371,8.272123734718,2.684659176204
    ));
#5188 = CARTESIAN_POINT('',(4.749515867353,10.192565498381,
    2.798295572923));
#5189 = CARTESIAN_POINT('',(1.64606554676,11.226757516063,2.911931787262
    ));
#5190 = CARTESIAN_POINT('',(-1.646080935037,11.226803519724,
    3.02556848326));
#5191 = CARTESIAN_POINT('',(-4.749488067316,10.192454641869,
    3.139204474127));
#5192 = CARTESIAN_POINT('',(-7.323657188954,8.272223285193,
    3.252840981667));
#5193 = CARTESIAN_POINT('',(-9.121889429917,5.723949916744,
    3.366477507254));
#5194 = CARTESIAN_POINT('',(-10.0209984978,2.861992665819,3.48011361392)
  );
#5195 = CARTESIAN_POINT('',(-10.02100805964,4.789971086439E-09,
    3.59375012038));
#5196 = PCURVE('',#3800,#5197);
#5197 = DEFINITIONAL_REPRESENTATION('',(#5198),#5202);
#5198 = LINE('',#5199,#5200);
#5199 = CARTESIAN_POINT('',(0.,0.));
#5200 = VECTOR('',#5201,1.);
#5201 = DIRECTION('',(0.,1.));
#5202 = ( GEOMETRIC_REPRESENTATION_CONTEXT(2) 
PARAMETRIC_REPRESENTATION_CONTEXT() REPRESENTATION_CONTEXT('2D SPACE',''
  ) );
#5203 = PCURVE('',#4386,#5204);
#5204 = DEFINITIONAL_REPRESENTATION('',(#5205),#5209);
#5205 = LINE('',#5206,#5207);
#5206 = CARTESIAN_POINT('',(0.3125,0.));
#5207 = VECTOR('',#5208,1.);
#5208 = DIRECTION('',(0.,1.));
#5209 = ( GEOMETRIC_REPRESENTATION_CONTEXT(2) 
PARAMETRIC_REPRESENTATION_CONTEXT() REPRESENTATION_CONTEXT('2D SPACE',''
  ) );
#5210 = ORIENTED_EDGE('',*,*,#4504,.T.);
#5211 = ORIENTED_EDGE('',*,*,#3618,.T.);
#5212 = ORIENTED_EDGE('',*,*,#5213,.F.);
#5213 = EDGE_CURVE('',#5171,#3619,#5214,.T.);
#5214 = SURFACE_CURVE('',#5215,(#5218,#5225),.PCURVE_S1.);
#5215 = B_SPLINE_CURVE_WITH_KNOTS('',1,(#5216,#5217),.UNSPECIFIED.,.F.,
  .F.,(2,2),(0.,2.1855),.PIECEWISE_BEZIER_KNOTS.);
#5216 = CARTESIAN_POINT('',(-10.02100805964,4.789966645546E-09,
    3.59375012038));
#5217 = CARTESIAN_POINT('',(-8.128315802582,-4.268224325088E-07,
    2.500989272773));
#5218 = PCURVE('',#3800,#5219);
#5219 = DEFINITIONAL_REPRESENTATION('',(#5220),#5224);
#5220 = LINE('',#5221,#5222);
#5221 = CARTESIAN_POINT('',(0.,6.762279024438));
#5222 = VECTOR('',#5223,1.);
#5223 = DIRECTION('',(1.,0.));
#5224 = ( GEOMETRIC_REPRESENTATION_CONTEXT(2) 
PARAMETRIC_REPRESENTATION_CONTEXT() REPRESENTATION_CONTEXT('2D SPACE',''
  ) );
#5225 = PCURVE('',#4981,#5226);
#5226 = DEFINITIONAL_REPRESENTATION('',(#5227),#5231);
#5227 = LINE('',#5228,#5229);
#5228 = CARTESIAN_POINT('',(0.,0.));
#5229 = VECTOR('',#5230,1.);
#5230 = DIRECTION('',(1.,0.));
#5231 = ( GEOMETRIC_REPRESENTATION_CONTEXT(2) 
PARAMETRIC_REPRESENTATION_CONTEXT() REPRESENTATION_CONTEXT('2D SPACE',''
  ) );
#5232 = ADVANCED_FACE('',(#5233),#4257,.F.);
#5233 = FACE_BOUND('',#5234,.F.);
#5234 = EDGE_LOOP('',(#5235,#5236,#5237,#5288));
#5235 = ORIENTED_EDGE('',*,*,#4533,.F.);
#5236 = ORIENTED_EDGE('',*,*,#4244,.T.);
#5237 = ORIENTED_EDGE('',*,*,#5238,.T.);
#5238 = EDGE_CURVE('',#4194,#5239,#5241,.T.);
#5239 = VERTEX_POINT('',#5240);
#5240 = CARTESIAN_POINT('',(-10.02100626861,4.789656860173E-09,
    3.906250120375));
#5241 = SURFACE_CURVE('',#5242,(#5274,#5281),.PCURVE_S1.);
#5242 = B_SPLINE_CURVE_WITH_KNOTS('',9,(#5243,#5244,#5245,#5246,#5247,
    #5248,#5249,#5250,#5251,#5252,#5253,#5254,#5255,#5256,#5257,#5258,
    #5259,#5260,#5261,#5262,#5263,#5264,#5265,#5266,#5267,#5268,#5269,
    #5270,#5271,#5272,#5273),.UNSPECIFIED.,.F.,.F.,(10,7,7,7,10),(0.,
    1.69056975611,3.381139512219,5.071709268329,6.762279024438),
  .UNSPECIFIED.);
#5243 = CARTESIAN_POINT('',(-10.0210031343,2.394642706349E-09,
    1.406250060183));
#5244 = CARTESIAN_POINT('',(-10.02100767889,-1.748995278233,
    1.475694591889));
#5245 = CARTESIAN_POINT('',(-9.677587917112,-3.497979073843,
    1.545138970979));
#5246 = CARTESIAN_POINT('',(-8.990762134322,-5.169930552266,
    1.614583397269));
#5247 = CARTESIAN_POINT('',(-7.980693936664,-6.687737290454,
    1.684027870234));
#5248 = CARTESIAN_POINT('',(-6.687733164101,-7.98069582466,
    1.753472313933));
#5249 = CARTESIAN_POINT('',(-5.169923318067,-8.990759808964,
    1.82291676015));
#5250 = CARTESIAN_POINT('',(-3.497990311942,-9.677588092608,
    1.892361202207));
#5251 = CARTESIAN_POINT('',(-1.790265131808E-07,-10.36441810924,
    2.031250089074));
#5252 = CARTESIAN_POINT('',(3.497990301313,-9.677592083422,
    2.170138979602));
#5253 = CARTESIAN_POINT('',(5.169922294003,-8.990765385404,
    2.239583425977));
#5254 = CARTESIAN_POINT('',(6.687737225254,-7.980691243026,
    2.309027870447));
#5255 = CARTESIAN_POINT('',(7.980690256221,-6.687735947824,
    2.378472312181));
#5256 = CARTESIAN_POINT('',(8.99076270974,-5.169920190805,2.447916754083
    ));
#5257 = CARTESIAN_POINT('',(9.677590116482,-3.497988700723,
    2.517361198891));
#5258 = CARTESIAN_POINT('',(10.364418891085,6.660677437088E-09,
    2.656250090278));
#5259 = CARTESIAN_POINT('',(9.677590363559,3.497988762558,2.795138981665
    ));
#5260 = CARTESIAN_POINT('',(8.990762995702,5.169920326326,2.864583426473
    ));
#5261 = CARTESIAN_POINT('',(7.980690232681,6.687736005634,2.934027868375
    ));
#5262 = CARTESIAN_POINT('',(6.687737046807,7.980691064649,3.003472310109
    ));
#5263 = CARTESIAN_POINT('',(5.16992225638,8.990765120575,3.072916754579)
  );
#5264 = CARTESIAN_POINT('',(3.49799030506,9.6775920385,3.142361200954));
#5265 = CARTESIAN_POINT('',(-1.79067535921E-07,10.364418233567,
    3.281250091482));
#5266 = CARTESIAN_POINT('',(-3.497990308195,9.677588009099,
    3.420138978349));
#5267 = CARTESIAN_POINT('',(-5.169923149767,8.990759608219,
    3.489583420421));
#5268 = CARTESIAN_POINT('',(-6.687733504632,7.980695197736,
    3.559027866568));
#5269 = CARTESIAN_POINT('',(-7.980692567575,6.687737996786,
    3.628472310412));
#5270 = CARTESIAN_POINT('',(-8.990765153306,5.169932548919,
    3.697916783206));
#5271 = CARTESIAN_POINT('',(-9.677588876904,3.497977296281,
    3.767361209619));
#5272 = CARTESIAN_POINT('',(-10.0210017236,1.748995285416,3.836805588657
    ));
#5273 = CARTESIAN_POINT('',(-10.02100626861,4.789744600942E-09,
    3.906250120375));
#5274 = PCURVE('',#4257,#5275);
#5275 = DEFINITIONAL_REPRESENTATION('',(#5276),#5280);
#5276 = LINE('',#5277,#5278);
#5277 = CARTESIAN_POINT('',(2.1855,0.));
#5278 = VECTOR('',#5279,1.);
#5279 = DIRECTION('',(0.,1.));
#5280 = ( GEOMETRIC_REPRESENTATION_CONTEXT(2) 
PARAMETRIC_REPRESENTATION_CONTEXT() REPRESENTATION_CONTEXT('2D SPACE',''
  ) );
#5281 = PCURVE('',#4386,#5282);
#5282 = DEFINITIONAL_REPRESENTATION('',(#5283),#5287);
#5283 = LINE('',#5284,#5285);
#5284 = CARTESIAN_POINT('',(0.,0.));
#5285 = VECTOR('',#5286,1.);
#5286 = DIRECTION('',(0.,1.));
#5287 = ( GEOMETRIC_REPRESENTATION_CONTEXT(2) 
PARAMETRIC_REPRESENTATION_CONTEXT() REPRESENTATION_CONTEXT('2D SPACE',''
  ) );
#5288 = ORIENTED_EDGE('',*,*,#5289,.F.);
#5289 = EDGE_CURVE('',#4534,#5239,#5290,.T.);
#5290 = SURFACE_CURVE('',#5291,(#5294,#5301),.PCURVE_S1.);
#5291 = B_SPLINE_CURVE_WITH_KNOTS('',1,(#5292,#5293),.UNSPECIFIED.,.F.,
  .F.,(2,2),(0.,2.1855),.PIECEWISE_BEZIER_KNOTS.);
#5292 = CARTESIAN_POINT('',(-8.128301485791,-4.268242177474E-07,
    4.998989272732));
#5293 = CARTESIAN_POINT('',(-10.02100626861,4.789744600942E-09,
    3.906250120375));
#5294 = PCURVE('',#4257,#5295);
#5295 = DEFINITIONAL_REPRESENTATION('',(#5296),#5300);
#5296 = LINE('',#5297,#5298);
#5297 = CARTESIAN_POINT('',(0.,6.762279024438));
#5298 = VECTOR('',#5299,1.);
#5299 = DIRECTION('',(1.,0.));
#5300 = ( GEOMETRIC_REPRESENTATION_CONTEXT(2) 
PARAMETRIC_REPRESENTATION_CONTEXT() REPRESENTATION_CONTEXT('2D SPACE',''
  ) );
#5301 = PCURVE('',#5302,#5365);
#5302 = B_SPLINE_SURFACE_WITH_KNOTS('',1,9,(
    (#5303,#5304,#5305,#5306,#5307,#5308,#5309,#5310,#5311,#5312,#5313
      ,#5314,#5315,#5316,#5317,#5318,#5319,#5320,#5321,#5322,#5323,#5324
      ,#5325,#5326,#5327,#5328,#5329,#5330,#5331,#5332,#5333)
    ,(#5334,#5335,#5336,#5337,#5338,#5339,#5340,#5341,#5342,#5343,#5344
      ,#5345,#5346,#5347,#5348,#5349,#5350,#5351,#5352,#5353,#5354,#5355
      ,#5356,#5357,#5358,#5359,#5360,#5361,#5362,#5363,#5364
  )),.UNSPECIFIED.,.F.,.F.,.F.,(2,2),(10,7,7,7,10),(0.,2.1855),(0.,
    1.69056975611,3.381139512219,5.071709268329,6.762279024438),
  .UNSPECIFIED.);
#5303 = CARTESIAN_POINT('',(-8.128301485791,-4.268243056771E-07,
    4.998989272732));
#5304 = CARTESIAN_POINT('',(-8.128301415496,-1.418655179155,
    5.06842594088));
#5305 = CARTESIAN_POINT('',(-7.849747539348,-2.837299074581,
    5.137876211271));
#5306 = CARTESIAN_POINT('',(-7.292645529644,-4.193481660404,
    5.207322267926));
#5307 = CARTESIAN_POINT('',(-6.473343677023,-5.424594759256,
    5.27676417858));
#5308 = CARTESIAN_POINT('',(-5.424603795421,-6.473352372147,
    5.346208683019));
#5309 = CARTESIAN_POINT('',(-4.193462196757,-7.292641978113,
    5.415652972611));
#5310 = CARTESIAN_POINT('',(-2.837312194121,-7.849747190453,
    5.485097629137));
#5311 = CARTESIAN_POINT('',(2.348114310214E-06,-8.406853167934,
    5.623986698171));
#5312 = CARTESIAN_POINT('',(2.837313602519,-7.849750071384,
    5.762875441038));
#5313 = CARTESIAN_POINT('',(4.193459941146,-7.292646876924,
    5.832319713465));
#5314 = CARTESIAN_POINT('',(5.424599223525,-6.473350347228,
    5.901764155624));
#5315 = CARTESIAN_POINT('',(6.473348541699,-5.424599927273,
    5.971208841616));
#5316 = CARTESIAN_POINT('',(7.292645687807,-4.193457892416,
    6.040653512582));
#5317 = CARTESIAN_POINT('',(7.8497491588,-2.83731000503,6.110097924655)
  );
#5318 = CARTESIAN_POINT('',(8.406853729997,5.518236025388E-07,
    6.248986590913));
#5319 = CARTESIAN_POINT('',(7.849748786552,2.837311035586,6.387875257171
    ));
#5320 = CARTESIAN_POINT('',(7.292645137562,4.193458849905,6.457319669243
    ));
#5321 = CARTESIAN_POINT('',(6.473347829548,5.424600777135,6.526764340211
    ));
#5322 = CARTESIAN_POINT('',(5.424598373551,6.473351059194,6.596209026201
    ));
#5323 = CARTESIAN_POINT('',(4.193458983747,7.292647427189,6.665653468361
    ));
#5324 = CARTESIAN_POINT('',(2.837312572023,7.849750443818,6.735097740788
    ));
#5325 = CARTESIAN_POINT('',(1.244479404747E-06,8.406853168048,
    6.873986483655));
#5326 = CARTESIAN_POINT('',(-2.837313224617,7.849746817899,
    7.012875552689));
#5327 = CARTESIAN_POINT('',(-4.193463153966,7.292641427419,
    7.082320209215));
#5328 = CARTESIAN_POINT('',(-5.424604645542,6.473351659439,
    7.151764498807));
#5329 = CARTESIAN_POINT('',(-6.473344387894,5.424593910097,
    7.221209003246));
#5330 = CARTESIAN_POINT('',(-7.29264608294,4.193480704891,7.2906509139)
  );
#5331 = CARTESIAN_POINT('',(-7.849747912715,2.837298042436,
    7.360096970554));
#5332 = CARTESIAN_POINT('',(-8.128301596217,1.418654112093,
    7.429547240945));
#5333 = CARTESIAN_POINT('',(-8.128301488695,-6.402361352187E-07,
    7.498983909099));
#5334 = CARTESIAN_POINT('',(-10.02100626861,4.789657559456E-09,
    3.906250120375));
#5335 = CARTESIAN_POINT('',(-10.02101081362,-1.74899582288,
    3.975694652094));
#5336 = CARTESIAN_POINT('',(-9.677590944842,-3.497980165612,
    4.045139031174));
#5337 = CARTESIAN_POINT('',(-8.990764947633,-5.169932167114,
    4.114583457462));
#5338 = CARTESIAN_POINT('',(-7.980696434423,-6.687739380304,
    4.18402793043));
#5339 = CARTESIAN_POINT('',(-6.687735257745,-7.980698319214,
    4.25347237413));
#5340 = CARTESIAN_POINT('',(-5.169924937228,-8.990762619802,
    4.322916820347));
#5341 = CARTESIAN_POINT('',(-3.497991408334,-9.677591118667,
    4.392361262404));
#5342 = CARTESIAN_POINT('',(-1.815067407093E-07,-10.36442135095,
    4.531250149271));
#5343 = CARTESIAN_POINT('',(3.497991393077,-9.677595111154,
    4.670139039799));
#5344 = CARTESIAN_POINT('',(5.169923908871,-8.990768198714,
    4.739583486174));
#5345 = CARTESIAN_POINT('',(6.687739315097,-7.980693740772,
    4.809027930644));
#5346 = CARTESIAN_POINT('',(7.980692750774,-6.687738041478,
    4.878472372378));
#5347 = CARTESIAN_POINT('',(8.990765520578,-5.169921809969,
    4.947916814279));
#5348 = CARTESIAN_POINT('',(9.677593142542,-3.497989797116,
    5.017361259087));
#5349 = CARTESIAN_POINT('',(10.364422132802,4.183511743371E-09,
    5.156250150475));
#5350 = CARTESIAN_POINT('',(9.67759339129,3.497989854325,5.295139041863)
  );
#5351 = CARTESIAN_POINT('',(8.990765809011,5.169921941192,5.36458348667)
  );
#5352 = CARTESIAN_POINT('',(7.98069273043,6.687738095472,5.434027928573)
  );
#5353 = CARTESIAN_POINT('',(6.687739140464,7.980693559198,5.503472370305
    ));
#5354 = CARTESIAN_POINT('',(5.169923875546,8.990767931414,5.572916814776
    ));
#5355 = CARTESIAN_POINT('',(3.497991401451,9.67759506456,5.642361261151)
  );
#5356 = CARTESIAN_POINT('',(-1.76593521796E-07,10.364421475284,
    5.781250151679));
#5357 = CARTESIAN_POINT('',(-3.49799139996,9.67759103683,5.920139038545)
  );
#5358 = CARTESIAN_POINT('',(-5.169924764632,8.990762421529,
    5.989583480617));
#5359 = CARTESIAN_POINT('',(-6.687735594457,7.980697695489,
    6.059027926764));
#5360 = CARTESIAN_POINT('',(-7.980695062143,6.687740090447,
    6.128472370608));
#5361 = CARTESIAN_POINT('',(-8.990767964142,5.169934168067,
    6.197916843406));
#5362 = CARTESIAN_POINT('',(-9.677591902962,3.497978392676,
    6.267361269817));
#5363 = CARTESIAN_POINT('',(-10.02100485749,1.748995834853,
    6.336805648845));
#5364 = CARTESIAN_POINT('',(-10.02100940291,7.18443260439E-09,
    6.406250180576));
#5365 = DEFINITIONAL_REPRESENTATION('',(#5366),#5370);
#5366 = LINE('',#5367,#5368);
#5367 = CARTESIAN_POINT('',(0.,0.));
#5368 = VECTOR('',#5369,1.);
#5369 = DIRECTION('',(1.,0.));
#5370 = ( GEOMETRIC_REPRESENTATION_CONTEXT(2) 
PARAMETRIC_REPRESENTATION_CONTEXT() REPRESENTATION_CONTEXT('2D SPACE',''
  ) );
#5371 = ADVANCED_FACE('',(#5372),#4386,.F.);
#5372 = FACE_BOUND('',#5373,.F.);
#5373 = EDGE_LOOP('',(#5374,#5375,#5376,#5377));
#5374 = ORIENTED_EDGE('',*,*,#5238,.F.);
#5375 = ORIENTED_EDGE('',*,*,#4373,.T.);
#5376 = ORIENTED_EDGE('',*,*,#5170,.T.);
#5377 = ORIENTED_EDGE('',*,*,#5378,.F.);
#5378 = EDGE_CURVE('',#5239,#5171,#5379,.T.);
#5379 = SURFACE_CURVE('',#5380,(#5383,#5390),.PCURVE_S1.);
#5380 = B_SPLINE_CURVE_WITH_KNOTS('',1,(#5381,#5382),.UNSPECIFIED.,.F.,
  .F.,(2,2),(0.,0.3125),.PIECEWISE_BEZIER_KNOTS.);
#5381 = CARTESIAN_POINT('',(-10.02100626861,4.789741936406E-09,
    3.906250120375));
#5382 = CARTESIAN_POINT('',(-10.02100805964,4.789971086439E-09,
    3.59375012038));
#5383 = PCURVE('',#4386,#5384);
#5384 = DEFINITIONAL_REPRESENTATION('',(#5385),#5389);
#5385 = LINE('',#5386,#5387);
#5386 = CARTESIAN_POINT('',(0.,6.762279024438));
#5387 = VECTOR('',#5388,1.);
#5388 = DIRECTION('',(1.,0.));
#5389 = ( GEOMETRIC_REPRESENTATION_CONTEXT(2) 
PARAMETRIC_REPRESENTATION_CONTEXT() REPRESENTATION_CONTEXT('2D SPACE',''
  ) );
#5390 = PCURVE('',#5391,#5434);
#5391 = B_SPLINE_SURFACE_WITH_KNOTS('',1,11,(
    (#5392,#5393,#5394,#5395,#5396,#5397,#5398,#5399,#5400,#5401,#5402
      ,#5403,#5404,#5405,#5406,#5407,#5408,#5409,#5410,#5411,#5412)
    ,(#5413,#5414,#5415,#5416,#5417,#5418,#5419,#5420,#5421,#5422,#5423
      ,#5424,#5425,#5426,#5427,#5428,#5429,#5430,#5431,#5432,#5433
  )),.UNSPECIFIED.,.F.,.F.,.F.,(2,2),(12,9,12),(0.,0.3125),(0.,
    3.381139512219,6.762279024438),.UNSPECIFIED.);
#5392 = CARTESIAN_POINT('',(-10.02100626861,4.789658447635E-09,
    3.906250120375));
#5393 = CARTESIAN_POINT('',(-10.02101370589,-2.861993167761,
    4.019886626824));
#5394 = CARTESIAN_POINT('',(-9.121873587091,-5.723956270654,
    4.133522733638));
#5395 = CARTESIAN_POINT('',(-7.323661675871,-8.272204527012,
    4.247159258638));
#5396 = CARTESIAN_POINT('',(-4.749509941389,-10.19248900135,
    4.360795767441));
#5397 = CARTESIAN_POINT('',(-1.646046410836,-11.22677693301,
    4.47443175658));
#5398 = CARTESIAN_POINT('',(1.646036382326,-11.2267729602,4.588068454153
    ));
#5399 = CARTESIAN_POINT('',(4.749531013611,-10.19256513676,
    4.701704667547));
#5400 = CARTESIAN_POINT('',(7.32364279395,-8.272125123624,4.815341064611
    ));
#5401 = CARTESIAN_POINT('',(9.121886071905,-5.723983302816,
    4.928977419113));
#5402 = CARTESIAN_POINT('',(10.920129124292,-1.5574753584E-08,
    5.156250150475));
#5403 = CARTESIAN_POINT('',(9.121886478948,5.723983399542,5.383522881837
    ));
#5404 = CARTESIAN_POINT('',(7.323645236723,8.272125199365,5.49715923639)
  );
#5405 = CARTESIAN_POINT('',(4.74951850708,10.192567045412,5.610795633155
    ));
#5406 = CARTESIAN_POINT('',(1.646062162618,11.226761201815,
    5.724431847364));
#5407 = CARTESIAN_POINT('',(-1.646076872909,11.226801952557,
    5.838068543584));
#5408 = CARTESIAN_POINT('',(-4.749491540661,10.192460532589,
    5.951704534207));
#5409 = CARTESIAN_POINT('',(-7.323658892186,8.27222223666,6.065341041915
    ));
#5410 = CARTESIAN_POINT('',(-9.121888874052,5.723951609412,
    6.178977567442));
#5411 = CARTESIAN_POINT('',(-10.02100196494,2.861993179733,
    6.292613674106));
#5412 = CARTESIAN_POINT('',(-10.02100940291,7.18443260439E-09,
    6.406250180576));
#5413 = CARTESIAN_POINT('',(-10.02100805964,4.78988049224E-09,
    3.59375012038));
#5414 = CARTESIAN_POINT('',(-10.02101762148,-2.861993807161,
    3.707386626841));
#5415 = CARTESIAN_POINT('',(-9.121873440178,-5.723958216898,
    3.82102273365));
#5416 = CARTESIAN_POINT('',(-7.323663708324,-8.272203846329,
    3.934659258591));
#5417 = CARTESIAN_POINT('',(-4.749513629368,-10.1924953464,
    4.048295767566));
#5418 = CARTESIAN_POINT('',(-1.646042424956,-11.22677586702,
    4.161931756453));
#5419 = CARTESIAN_POINT('',(1.646033069053,-11.22677714802,
    4.275568454256));
#5420 = CARTESIAN_POINT('',(4.749533863122,-10.19256714033,
    4.389204667516));
#5421 = CARTESIAN_POINT('',(7.323644082559,-8.272126959637,
    4.502841064627));
#5422 = CARTESIAN_POINT('',(9.12188805265,-5.723984566236,4.616477419121
    ));
#5423 = CARTESIAN_POINT('',(10.920131563954,-1.816060323819E-08,
    4.843750150483));
#5424 = CARTESIAN_POINT('',(9.121888574038,5.72398469371,5.071022881845)
  );
#5425 = CARTESIAN_POINT('',(7.323647220444,8.272127059521,5.184659236405
    ));
#5426 = CARTESIAN_POINT('',(4.749517779811,10.192569595926,
    5.298295633129));
#5427 = CARTESIAN_POINT('',(1.64606621132,11.226762030668,5.411931847443
    ));
#5428 = CARTESIAN_POINT('',(-1.646081594321,11.226808034444,5.5255685435
    ));
#5429 = CARTESIAN_POINT('',(-4.74948997476,10.192458742093,5.6392045343)
  );
#5430 = CARTESIAN_POINT('',(-7.323660132127,8.272226613373,
    5.752841041864));
#5431 = CARTESIAN_POINT('',(-9.121893096795,5.723952220759,
    5.866477567485));
#5432 = CARTESIAN_POINT('',(-10.02100252694,2.861993819133,
    5.980113674099));
#5433 = CARTESIAN_POINT('',(-10.02101208946,7.18484294282E-09,
    6.093750180588));
#5434 = DEFINITIONAL_REPRESENTATION('',(#5435),#5439);
#5435 = LINE('',#5436,#5437);
#5436 = CARTESIAN_POINT('',(0.,0.));
#5437 = VECTOR('',#5438,1.);
#5438 = DIRECTION('',(1.,0.));
#5439 = ( GEOMETRIC_REPRESENTATION_CONTEXT(2) 
PARAMETRIC_REPRESENTATION_CONTEXT() REPRESENTATION_CONTEXT('2D SPACE',''
  ) );
#5440 = ADVANCED_FACE('',(#5441),#5155,.F.);
#5441 = FACE_BOUND('',#5442,.T.);
#5442 = EDGE_LOOP('',(#5443,#5715,#5716,#6051));
#5443 = ORIENTED_EDGE('',*,*,#5444,.F.);
#5444 = EDGE_CURVE('',#4534,#5445,#5447,.T.);
#5445 = VERTEX_POINT('',#5446);
#5446 = CARTESIAN_POINT('',(-8.771,-2.101971886396E-07,7.12792911755));
#5447 = SURFACE_CURVE('',#5448,(#5535,#5625),.PCURVE_S1.);
#5448 = B_SPLINE_CURVE_WITH_KNOTS('',8,(#5449,#5450,#5451,#5452,#5453,
    #5454,#5455,#5456,#5457,#5458,#5459,#5460,#5461,#5462,#5463,#5464,
    #5465,#5466,#5467,#5468,#5469,#5470,#5471,#5472,#5473,#5474,#5475,
    #5476,#5477,#5478,#5479,#5480,#5481,#5482,#5483,#5484,#5485,#5486,
    #5487,#5488,#5489,#5490,#5491,#5492,#5493,#5494,#5495,#5496,#5497,
    #5498,#5499,#5500,#5501,#5502,#5503,#5504,#5505,#5506,#5507,#5508,
    #5509,#5510,#5511,#5512,#5513,#5514,#5515,#5516,#5517,#5518,#5519,
    #5520,#5521,#5522,#5523,#5524,#5525,#5526,#5527,#5528,#5529,#5530,
    #5531,#5532,#5533,#5534),.UNSPECIFIED.,.F.,.F.,(9,7,7,7,7,7,7,7,7,7,
    7,7,9),(0.,1.663196492996E-02,0.120519078022,0.214074102681,
    0.319056037504,0.423950181266,0.554372758058,0.685942275847,
    0.783600006065,0.881482235428,0.897234682702,0.970094249941,1.),
  .UNSPECIFIED.);
#5449 = CARTESIAN_POINT('',(-8.771,-2.8026280674E-07,4.627932023861));
#5450 = CARTESIAN_POINT('',(-8.771,-0.11455754621,4.633128481491));
#5451 = CARTESIAN_POINT('',(-8.769290030032,-0.229114860467,
    4.63832497909));
#5452 = CARTESIAN_POINT('',(-8.765870091223,-0.343642388822,
    4.643521510433));
#5453 = CARTESIAN_POINT('',(-8.760740806422,-0.458110335655,
    4.648718070311));
#5454 = CARTESIAN_POINT('',(-8.753903420193,-0.572488943933,
    4.653914654532));
#5455 = CARTESIAN_POINT('',(-8.745359798818,-0.686748495212,
    4.659111259918));
#5456 = CARTESIAN_POINT('',(-8.735112430299,-0.800859309636,
    4.664307884311));
#5457 = CARTESIAN_POINT('',(-8.648534406195,-1.626440185853,
    4.701963960194));
#5458 = CARTESIAN_POINT('',(-8.507529911124,-2.331345326288,
    4.734433915926));
#5459 = CARTESIAN_POINT('',(-8.300876206022,-3.021957622897,
    4.766899141206));
#5460 = CARTESIAN_POINT('',(-8.030360296779,-3.691162421419,
    4.799360222611));
#5461 = CARTESIAN_POINT('',(-7.698612145442,-4.332221776348,
    4.831821336928));
#5462 = CARTESIAN_POINT('',(-7.30903302471,-4.938752270403,
    4.864286657623));
#5463 = CARTESIAN_POINT('',(-6.865859016899,-5.504764945947,
    4.896756841519));
#5464 = CARTESIAN_POINT('',(-5.931719552751,-6.493102559275,
    4.958448873684));
#5465 = CARTESIAN_POINT('',(-5.449681575747,-6.924340929651,
    4.987686326622));
#5466 = CARTESIAN_POINT('',(-4.931982497098,-7.314490630135,
    5.01692109497));
#5467 = CARTESIAN_POINT('',(-4.38275127015,-7.660158325231,
    5.046152609011));
#5468 = CARTESIAN_POINT('',(-3.806428353424,-7.958475239221,
    5.075384150013));
#5469 = CARTESIAN_POINT('',(-3.207737096906,-8.207067080002,
    5.104618988802));
#5470 = CARTESIAN_POINT('',(-2.591695199119,-8.404093931996,
    5.133856526556));
#5471 = CARTESIAN_POINT('',(-1.258929145562,-8.710247129586,
    5.195890765706));
#5472 = CARTESIAN_POINT('',(-0.53871720442,-8.805785073759,
    5.228703603479));
#5473 = CARTESIAN_POINT('',(0.189350592285,-8.833151674987,
    5.261511170787));
#5474 = CARTESIAN_POINT('',(0.91772828823,-8.791723047171,5.294314200505
    ));
#5475 = CARTESIAN_POINT('',(1.638959634586,-8.681833517382,
    5.327117226148));
#5476 = CARTESIAN_POINT('',(2.345680126426,-8.504695860133,
    5.359924751152));
#5477 = CARTESIAN_POINT('',(3.030635398382,-8.262478838888,
    5.392737479237));
#5478 = CARTESIAN_POINT('',(4.34230986886,-7.654853233291,5.458314660135
    ));
#5479 = CARTESIAN_POINT('',(4.969489295915,-7.289356981674,
    5.491099734372));
#5480 = CARTESIAN_POINT('',(5.56116625296,-6.865270972937,5.523879442294
    ));
#5481 = CARTESIAN_POINT('',(6.111010842981,-6.38671510585,5.556654482587
    ));
#5482 = CARTESIAN_POINT('',(6.613348856369,-5.858509362193,
    5.589429531222));
#5483 = CARTESIAN_POINT('',(7.0631147765,-5.286109873564,5.622209269457)
  );
#5484 = CARTESIAN_POINT('',(7.45591357514,-4.675658686566,5.654994395159
    ));
#5485 = CARTESIAN_POINT('',(8.201386728517,-3.236460985087,
    5.728520709526));
#5486 = CARTESIAN_POINT('',(8.521501503016,-2.389836846209,
    5.769302668194));
#5487 = CARTESIAN_POINT('',(8.7412259672,-1.507813593673,5.810067725018)
  );
#5488 = CARTESIAN_POINT('',(8.85643044563,-0.604361922925,5.850820707254
    ));
#5489 = CARTESIAN_POINT('',(8.865025223946,0.306364816203,5.891573759043
    ));
#5490 = CARTESIAN_POINT('',(8.767158075712,1.210060397364,5.932338636958
    ));
#5491 = CARTESIAN_POINT('',(8.565022182972,2.092323094159,5.973120430645
    ));
#5492 = CARTESIAN_POINT('',(7.960410561202,3.79256368712,6.05498152287)
  );
#5493 = CARTESIAN_POINT('',(7.555724049897,4.611214562722,6.09612309031)
  );
#5494 = CARTESIAN_POINT('',(7.05501718004,5.379649773891,6.137246932487)
  );
#5495 = CARTESIAN_POINT('',(6.465908476404,6.084996264145,6.178358744002
    ));
#5496 = CARTESIAN_POINT('',(5.797585375779,6.715795002714,6.21947054251)
  );
#5497 = CARTESIAN_POINT('',(5.060928667512,7.262180484539,6.260594587502
    ));
#5498 = CARTESIAN_POINT('',(4.268325800314,7.715767492097,6.301736334076
    ));
#5499 = CARTESIAN_POINT('',(2.815536196663,8.334005194387,6.373359901397
    ));
#5500 = CARTESIAN_POINT('',(2.173371762706,8.543208805297,6.403880725007
    ));
#5501 = CARTESIAN_POINT('',(1.513727180114,8.695730795135,6.434398244958
    ));
#5502 = CARTESIAN_POINT('',(0.842463998092,8.789946053167,6.464911730303
    ));
#5503 = CARTESIAN_POINT('',(0.165525568487,8.824947888543,6.495425213686
    ));
#5504 = CARTESIAN_POINT('',(-0.511080747215,8.800497590877,6.52594270497
    ));
#5505 = CARTESIAN_POINT('',(-1.181291457851,8.717077321073,6.55646344858
    ));
#5506 = CARTESIAN_POINT('',(-2.4981902908,8.434691136563,6.617561146647)
  );
#5507 = CARTESIAN_POINT('',(-3.145136069335,8.235392432706,
    6.648152368705));
#5508 = CARTESIAN_POINT('',(-3.773637947376,7.979429165633,
    6.678740543488));
#5509 = CARTESIAN_POINT('',(-4.37792880286,7.668863876847,6.709324831109
    ));
#5510 = CARTESIAN_POINT('',(-4.952591820053,7.306399125077,6.7399091335)
  );
#5511 = CARTESIAN_POINT('',(-5.49254576613,6.895325328797,6.770497339218
    ));
#5512 = CARTESIAN_POINT('',(-5.993082413647,6.439560030749,
    6.801088578545));
#5513 = CARTESIAN_POINT('',(-6.523482006769,5.863991158876,
    6.836594438863));
#5514 = CARTESIAN_POINT('',(-6.595879957499,5.783164222452,
    6.841516387248));
#5515 = CARTESIAN_POINT('',(-6.66713278127,5.701316419082,6.846438332848
    ));
#5516 = CARTESIAN_POINT('',(-6.737223688729,5.618466706884,
    6.851360274909));
#5517 = CARTESIAN_POINT('',(-6.806136281025,5.534634358201,
    6.856282213128));
#5518 = CARTESIAN_POINT('',(-6.873854549808,5.449838959605,
    6.861204147654));
#5519 = CARTESIAN_POINT('',(-6.94036287723,5.364100411895,6.866126079087
    ));
#5520 = CARTESIAN_POINT('',(-7.307599288621,4.876604827926,
    6.893813337525));
#5521 = CARTESIAN_POINT('',(-7.583364631585,4.455996230723,
    6.916580287459));
#5522 = CARTESIAN_POINT('',(-7.831395855809,4.017652042496,
    6.939346467572));
#5523 = CARTESIAN_POINT('',(-8.050377143123,3.563717803722,
    6.962111749815));
#5524 = CARTESIAN_POINT('',(-8.239198671924,3.096432560015,
    6.984877136695));
#5525 = CARTESIAN_POINT('',(-8.396949055679,2.618123182015,
    7.007643605017));
#5526 = CARTESIAN_POINT('',(-8.522924614238,2.131206136486,
    7.030410925491));
#5527 = CARTESIAN_POINT('',(-8.655128006524,1.435837330372,
    7.062520740025));
#5528 = CARTESIAN_POINT('',(-8.688169346472,1.232444921885,
    7.071865009867));
#5529 = CARTESIAN_POINT('',(-8.715747068605,1.02819019561,7.081209249377
    ));
#5530 = CARTESIAN_POINT('',(-8.737835223872,0.823244478089,
    7.090553436802));
#5531 = CARTESIAN_POINT('',(-8.754414343358,0.61777970996,7.099897546979
    ));
#5532 = CARTESIAN_POINT('',(-8.765471438283,0.411968445957,
    7.109241551331));
#5533 = CARTESIAN_POINT('',(-8.771,0.205983854908,7.11858541787));
#5534 = CARTESIAN_POINT('',(-8.771,-2.802627196985E-07,7.127929111193));
#5535 = PCURVE('',#5155,#5536);
#5536 = DEFINITIONAL_REPRESENTATION('',(#5537),#5624);
#5537 = B_SPLINE_CURVE_WITH_KNOTS('',8,(#5538,#5539,#5540,#5541,#5542,
    #5543,#5544,#5545,#5546,#5547,#5548,#5549,#5550,#5551,#5552,#5553,
    #5554,#5555,#5556,#5557,#5558,#5559,#5560,#5561,#5562,#5563,#5564,
    #5565,#5566,#5567,#5568,#5569,#5570,#5571,#5572,#5573,#5574,#5575,
    #5576,#5577,#5578,#5579,#5580,#5581,#5582,#5583,#5584,#5585,#5586,
    #5587,#5588,#5589,#5590,#5591,#5592,#5593,#5594,#5595,#5596,#5597,
    #5598,#5599,#5600,#5601,#5602,#5603,#5604,#5605,#5606,#5607,#5608,
    #5609,#5610,#5611,#5612,#5613,#5614,#5615,#5616,#5617,#5618,#5619,
    #5620,#5621,#5622,#5623),.UNSPECIFIED.,.F.,.F.,(9,7,7,7,7,7,7,7,7,7,
    7,7,9),(0.,1.663196492996E-02,0.120519078022,0.214074102681,
    0.319056037504,0.423950181266,0.554372758058,0.685942275847,
    0.783600006065,0.881482235428,0.897234682702,0.970094249941,1.),
  .UNSPECIFIED.);
#5538 = CARTESIAN_POINT('',(-6.28318530718,4.627932023861));
#5539 = CARTESIAN_POINT('',(-6.270124394405,4.633128481491));
#5540 = CARTESIAN_POINT('',(-6.257063478003,4.63832497909));
#5541 = CARTESIAN_POINT('',(-6.244002560608,4.643521510433));
#5542 = CARTESIAN_POINT('',(-6.230941644171,4.648718070311));
#5543 = CARTESIAN_POINT('',(-6.217880729967,4.653914654532));
#5544 = CARTESIAN_POINT('',(-6.204819818591,4.659111259918));
#5545 = CARTESIAN_POINT('',(-6.191758909956,4.664307884311));
#5546 = CARTESIAN_POINT('',(-6.09711654899,4.701963960194));
#5547 = CARTESIAN_POINT('',(-6.015510437311,4.734433915926));
#5548 = CARTESIAN_POINT('',(-5.933917014187,4.766899141206));
#5549 = CARTESIAN_POINT('',(-5.852334756197,4.799360222611));
#5550 = CARTESIAN_POINT('',(-5.770752497317,4.831821336928));
#5551 = CARTESIAN_POINT('',(-5.68915907171,4.864286657623));
#5552 = CARTESIAN_POINT('',(-5.607552957904,4.896756841519));
#5553 = CARTESIAN_POINT('',(-5.45250374105,4.958448873684));
#5554 = CARTESIAN_POINT('',(-5.379021522598,4.987686326622));
#5555 = CARTESIAN_POINT('',(-5.305545729981,5.01692109497));
#5556 = CARTESIAN_POINT('',(-5.232077969672,5.046152609011));
#5557 = CARTESIAN_POINT('',(-5.158610210328,5.075384150013));
#5558 = CARTESIAN_POINT('',(-5.085134417878,5.104618988802));
#5559 = CARTESIAN_POINT('',(-5.011652194427,5.133856526556));
#5560 = CARTESIAN_POINT('',(-4.855743215531,5.195890765706));
#5561 = CARTESIAN_POINT('',(-4.773276034909,5.228703603479));
#5562 = CARTESIAN_POINT('',(-4.690822248478,5.261511170787));
#5563 = CARTESIAN_POINT('',(-4.608380170426,5.294314200505));
#5564 = CARTESIAN_POINT('',(-4.525938095222,5.327117226148));
#5565 = CARTESIAN_POINT('',(-4.443484312043,5.359924751152));
#5566 = CARTESIAN_POINT('',(-4.36101712604,5.392737479237));
#5567 = CARTESIAN_POINT('',(-4.196203643982,5.458314660135));
#5568 = CARTESIAN_POINT('',(-4.113805506999,5.491099734372));
#5569 = CARTESIAN_POINT('',(-4.031420707934,5.523879442294));
#5570 = CARTESIAN_POINT('',(-3.94904757184,5.556654482587));
#5571 = CARTESIAN_POINT('',(-3.866674436004,5.589429531222));
#5572 = CARTESIAN_POINT('',(-3.784289637435,5.622209269457));
#5573 = CARTESIAN_POINT('',(-3.701891500175,5.654994395159));
#5574 = CARTESIAN_POINT('',(-3.517099741396,5.728520709526));
#5575 = CARTESIAN_POINT('',(-3.414603716524,5.769302668194));
#5576 = CARTESIAN_POINT('',(-3.312150433778,5.810067725018));
#5577 = CARTESIAN_POINT('',(-3.209726894137,5.850820707254));
#5578 = CARTESIAN_POINT('',(-3.107303344462,5.891573759043));
#5579 = CARTESIAN_POINT('',(-3.004850076012,5.932338636958));
#5580 = CARTESIAN_POINT('',(-2.902354020267,5.973120430645));
#5581 = CARTESIAN_POINT('',(-2.696614377831,6.05498152287));
#5582 = CARTESIAN_POINT('',(-2.593214275887,6.09612309031));
#5583 = CARTESIAN_POINT('',(-2.489858986342,6.137246932487));
#5584 = CARTESIAN_POINT('',(-2.38653453673,6.178358744002));
#5585 = CARTESIAN_POINT('',(-2.283210082974,6.21947054251));
#5586 = CARTESIAN_POINT('',(-2.179854784302,6.260594587502));
#5587 = CARTESIAN_POINT('',(-2.076454678722,6.301736334076));
#5588 = CARTESIAN_POINT('',(-1.896444958782,6.373359901397));
#5589 = CARTESIAN_POINT('',(-1.819737535247,6.403880725007));
#5590 = CARTESIAN_POINT('',(-1.743038055294,6.434398244958));
#5591 = CARTESIAN_POINT('',(-1.666348500198,6.464911730303));
#5592 = CARTESIAN_POINT('',(-1.589658945768,6.495425213686));
#5593 = CARTESIAN_POINT('',(-1.512959466561,6.52594270497));
#5594 = CARTESIAN_POINT('',(-1.436252040845,6.55646344858));
#5595 = CARTESIAN_POINT('',(-1.282696574973,6.617561146647));
#5596 = CARTESIAN_POINT('',(-1.205812664401,6.648152368705));
#5597 = CARTESIAN_POINT('',(-1.128936795552,6.678740543488));
#5598 = CARTESIAN_POINT('',(-1.052070965726,6.709324831109));
#5599 = CARTESIAN_POINT('',(-0.975205132492,6.7399091335));
#5600 = CARTESIAN_POINT('',(-0.898329253472,6.770497339218));
#5601 = CARTESIAN_POINT('',(-0.821445331957,6.801088578545));
#5602 = CARTESIAN_POINT('',(-0.73220924071,6.836594438863));
#5603 = CARTESIAN_POINT('',(-0.719839007539,6.841516387248));
#5604 = CARTESIAN_POINT('',(-0.707468772068,6.846438332848));
#5605 = CARTESIAN_POINT('',(-0.695098536491,6.851360274909));
#5606 = CARTESIAN_POINT('',(-0.682728301996,6.856282213128));
#5607 = CARTESIAN_POINT('',(-0.670358068768,6.861204147654));
#5608 = CARTESIAN_POINT('',(-0.657987835992,6.866126079087));
#5609 = CARTESIAN_POINT('',(-0.588401736228,6.893813337525));
#5610 = CARTESIAN_POINT('',(-0.531181660014,6.916580287459));
#5611 = CARTESIAN_POINT('',(-0.473963453896,6.939346467572));
#5612 = CARTESIAN_POINT('',(-0.416747587685,6.962111749815));
#5613 = CARTESIAN_POINT('',(-0.35953172481,6.984877136695));
#5614 = CARTESIAN_POINT('',(-0.302313526814,7.007643605017));
#5615 = CARTESIAN_POINT('',(-0.245093457858,7.030410925491));
#5616 = CARTESIAN_POINT('',(-0.164392911353,7.062520740025));
#5617 = CARTESIAN_POINT('',(-0.140908217504,7.071865009867));
#5618 = CARTESIAN_POINT('',(-0.117423512197,7.081209249377));
#5619 = CARTESIAN_POINT('',(-9.393880035041E-02,7.090553436802));
#5620 = CARTESIAN_POINT('',(-7.045408728501E-02,7.099897546979));
#5621 = CARTESIAN_POINT('',(-4.69693787223E-02,7.109241551331));
#5622 = CARTESIAN_POINT('',(-2.348468078563E-02,7.11858541787));
#5623 = CARTESIAN_POINT('',(0.,7.127929111193));
#5624 = ( GEOMETRIC_REPRESENTATION_CONTEXT(2) 
PARAMETRIC_REPRESENTATION_CONTEXT() REPRESENTATION_CONTEXT('2D SPACE',''
  ) );
#5625 = PCURVE('',#5302,#5626);
#5626 = DEFINITIONAL_REPRESENTATION('',(#5627),#5714);
#5627 = B_SPLINE_CURVE_WITH_KNOTS('',8,(#5628,#5629,#5630,#5631,#5632,
    #5633,#5634,#5635,#5636,#5637,#5638,#5639,#5640,#5641,#5642,#5643,
    #5644,#5645,#5646,#5647,#5648,#5649,#5650,#5651,#5652,#5653,#5654,
    #5655,#5656,#5657,#5658,#5659,#5660,#5661,#5662,#5663,#5664,#5665,
    #5666,#5667,#5668,#5669,#5670,#5671,#5672,#5673,#5674,#5675,#5676,
    #5677,#5678,#5679,#5680,#5681,#5682,#5683,#5684,#5685,#5686,#5687,
    #5688,#5689,#5690,#5691,#5692,#5693,#5694,#5695,#5696,#5697,#5698,
    #5699,#5700,#5701,#5702,#5703,#5704,#5705,#5706,#5707,#5708,#5709,
    #5710,#5711,#5712,#5713),.UNSPECIFIED.,.F.,.F.,(9,7,7,7,7,7,7,7,7,7,
    7,7,9),(0.,1.663196492996E-02,0.120519078022,0.214074102681,
    0.319056037504,0.423950181266,0.554372758058,0.685942275847,
    0.783600006065,0.881482235428,0.897234682702,0.970094249941,1.),
  .UNSPECIFIED.);
#5628 = CARTESIAN_POINT('',(0.742121864727,0.));
#5629 = CARTESIAN_POINT('',(0.742121735379,1.405681720301E-02));
#5630 = CARTESIAN_POINT('',(0.74212163651,2.81136463632E-02));
#5631 = CARTESIAN_POINT('',(0.742121566187,4.217048187515E-02));
#5632 = CARTESIAN_POINT('',(0.742121522045,5.622731930077E-02));
#5633 = CARTESIAN_POINT('',(0.742121501291,7.028415536928E-02));
#5634 = CARTESIAN_POINT('',(0.742121500698,8.434098797726E-02));
#5635 = CARTESIAN_POINT('',(0.742121516609,9.839781618863E-02));
#5636 = CARTESIAN_POINT('',(0.742121721879,0.200256825696));
#5637 = CARTESIAN_POINT('',(0.742122411789,0.288085465256));
#5638 = CARTESIAN_POINT('',(0.742122651667,0.375900189817));
#5639 = CARTESIAN_POINT('',(0.742122043139,0.463702885375));
#5640 = CARTESIAN_POINT('',(0.742121118307,0.551505688172));
#5641 = CARTESIAN_POINT('',(0.742120497545,0.639320590681));
#5642 = CARTESIAN_POINT('',(0.742120164437,0.727149216342));
#5643 = CARTESIAN_POINT('',(0.742120199775,0.894021071101));
#5644 = CARTESIAN_POINT('',(0.742120490679,0.973106394415));
#5645 = CARTESIAN_POINT('',(0.7421210563,1.052184797071));
#5646 = CARTESIAN_POINT('',(0.742121769384,1.131254523178));
#5647 = CARTESIAN_POINT('',(0.742122453369,1.210324205926));
#5648 = CARTESIAN_POINT('',(0.742122949342,1.289402501856));
#5649 = CARTESIAN_POINT('',(0.742123171449,1.368487708333));
#5650 = CARTESIAN_POINT('',(0.742123127514,1.536284671914));
#5651 = CARTESIAN_POINT('',(0.742122762259,1.625039942247));
#5652 = CARTESIAN_POINT('',(0.742122257741,1.713780799016));
#5653 = CARTESIAN_POINT('',(0.742121505909,1.802509099384));
#5654 = CARTESIAN_POINT('',(0.742120764558,1.891237441201));
#5655 = CARTESIAN_POINT('',(0.742120341221,1.979978391523));
#5656 = CARTESIAN_POINT('',(0.742120172762,2.068733746954));
#5657 = CARTESIAN_POINT('',(0.742120205365,2.246114327834));
#5658 = CARTESIAN_POINT('',(0.742120415304,2.334795344413));
#5659 = CARTESIAN_POINT('',(0.742120756874,2.423461987517));
#5660 = CARTESIAN_POINT('',(0.742121169867,2.51211606424));
#5661 = CARTESIAN_POINT('',(0.742121569886,2.60077012218));
#5662 = CARTESIAN_POINT('',(0.742121859773,2.68943671465));
#5663 = CARTESIAN_POINT('',(0.742121976376,2.77811766446));
#5664 = CARTESIAN_POINT('',(0.742121963317,2.976999728244));
#5665 = CARTESIAN_POINT('',(0.742121780506,3.087311066987));
#5666 = CARTESIAN_POINT('',(0.742121353296,3.19757642039));
#5667 = CARTESIAN_POINT('',(0.742121491222,3.30780997015));
#5668 = CARTESIAN_POINT('',(0.742121322998,3.418043278072));
#5669 = CARTESIAN_POINT('',(0.742121302522,3.528308779434));
#5670 = CARTESIAN_POINT('',(0.742121455806,3.638620199586));
#5671 = CARTESIAN_POINT('',(0.742121656057,3.860047506233));
#5672 = CARTESIAN_POINT('',(0.742121709213,3.971331830107));
#5673 = CARTESIAN_POINT('',(0.742121567715,4.082567885696));
#5674 = CARTESIAN_POINT('',(0.742120981916,4.193770770161));
#5675 = CARTESIAN_POINT('',(0.742120436606,4.304973702137));
#5676 = CARTESIAN_POINT('',(0.742119906046,4.416209844283));
#5677 = CARTESIAN_POINT('',(0.742119609426,4.527494244458));
#5678 = CARTESIAN_POINT('',(0.742119653043,4.721229803256));
#5679 = CARTESIAN_POINT('',(0.742119824369,4.803786217386));
#5680 = CARTESIAN_POINT('',(0.742120288189,4.886334100091));
#5681 = CARTESIAN_POINT('',(0.742120921581,4.968871285873));
#5682 = CARTESIAN_POINT('',(0.742121554205,5.051408432387));
#5683 = CARTESIAN_POINT('',(0.742122075317,5.133956228968));
#5684 = CARTESIAN_POINT('',(0.74212243256,5.216512571809));
#5685 = CARTESIAN_POINT('',(0.742122612666,5.381776579144));
#5686 = CARTESIAN_POINT('',(0.742122447416,5.464522852791));
#5687 = CARTESIAN_POINT('',(0.742121970938,5.547260480285));
#5688 = CARTESIAN_POINT('',(0.74212126399,5.629987338668));
#5689 = CARTESIAN_POINT('',(0.74212050195,5.712714248791));
#5690 = CARTESIAN_POINT('',(0.742119892997,5.795452006115));
#5691 = CARTESIAN_POINT('',(0.742119596456,5.878198422019));
#5692 = CARTESIAN_POINT('',(0.742119625275,5.974238844046));
#5693 = CARTESIAN_POINT('',(0.742119637627,5.987552317722));
#5694 = CARTESIAN_POINT('',(0.742119658408,6.000865793039));
#5695 = CARTESIAN_POINT('',(0.742119687596,6.014179267521));
#5696 = CARTESIAN_POINT('',(0.74211972507,6.027492739777));
#5697 = CARTESIAN_POINT('',(0.742119770612,6.040806209503));
#5698 = CARTESIAN_POINT('',(0.742119823906,6.054119677486));
#5699 = CARTESIAN_POINT('',(0.74212016498,6.129011737685));
#5700 = CARTESIAN_POINT('',(0.742120600055,6.190594831938));
#5701 = CARTESIAN_POINT('',(0.742121158006,6.252175879813));
#5702 = CARTESIAN_POINT('',(0.742121738932,6.313754368991));
#5703 = CARTESIAN_POINT('',(0.742122207016,6.375332828648));
#5704 = CARTESIAN_POINT('',(0.742122437009,6.436913813895));
#5705 = CARTESIAN_POINT('',(0.742122374957,6.49849686937));
#5706 = CARTESIAN_POINT('',(0.742122005721,6.585350866421));
#5707 = CARTESIAN_POINT('',(0.742121860254,6.610626288122));
#5708 = CARTESIAN_POINT('',(0.742121688377,6.635901734954));
#5709 = CARTESIAN_POINT('',(0.742121498761,6.661177201002));
#5710 = CARTESIAN_POINT('',(0.74212129714,6.686452676585));
#5711 = CARTESIAN_POINT('',(0.742121086314,6.711728148256));
#5712 = CARTESIAN_POINT('',(0.742120866147,6.737003598801));
#5713 = CARTESIAN_POINT('',(0.742120633567,6.762279007243));
#5714 = ( GEOMETRIC_REPRESENTATION_CONTEXT(2) 
PARAMETRIC_REPRESENTATION_CONTEXT() REPRESENTATION_CONTEXT('2D SPACE',''
  ) );
#5715 = ORIENTED_EDGE('',*,*,#5141,.T.);
#5716 = ORIENTED_EDGE('',*,*,#5717,.T.);
#5717 = EDGE_CURVE('',#4786,#5718,#5720,.T.);
#5718 = VERTEX_POINT('',#5719);
#5719 = CARTESIAN_POINT('',(-8.771,-2.802652074527E-07,7.872033993141));
#5720 = SURFACE_CURVE('',#5721,(#5808,#5898),.PCURVE_S1.);
#5721 = B_SPLINE_CURVE_WITH_KNOTS('',8,(#5722,#5723,#5724,#5725,#5726,
    #5727,#5728,#5729,#5730,#5731,#5732,#5733,#5734,#5735,#5736,#5737,
    #5738,#5739,#5740,#5741,#5742,#5743,#5744,#5745,#5746,#5747,#5748,
    #5749,#5750,#5751,#5752,#5753,#5754,#5755,#5756,#5757,#5758,#5759,
    #5760,#5761,#5762,#5763,#5764,#5765,#5766,#5767,#5768,#5769,#5770,
    #5771,#5772,#5773,#5774,#5775,#5776,#5777,#5778,#5779,#5780,#5781,
    #5782,#5783,#5784,#5785,#5786,#5787,#5788,#5789,#5790,#5791,#5792,
    #5793,#5794,#5795,#5796,#5797,#5798,#5799,#5800,#5801,#5802,#5803,
    #5804,#5805,#5806,#5807),.UNSPECIFIED.,.F.,.F.,(9,7,7,7,7,7,7,7,7,7,
    7,7,9),(0.,2.892665840857E-02,6.542168519876E-02,0.125051895745,
    0.216070214119,0.320893481626,0.412383441142,0.550312235268,
    0.687818968467,0.791987782416,0.88476068431,0.96262001213,1.),
  .UNSPECIFIED.);
#5722 = CARTESIAN_POINT('',(-8.771,-4.203969563576E-07,5.372041035785));
#5723 = CARTESIAN_POINT('',(-8.771,-0.199239938593,5.381078009991));
#5724 = CARTESIAN_POINT('',(-8.765827562848,-0.39847980136,
    5.390115325305));
#5725 = CARTESIAN_POINT('',(-8.75548271236,-0.597562803147,
    5.399152919421));
#5726 = CARTESIAN_POINT('',(-8.739971146247,-0.796332251175,
    5.408190736299));
#5727 = CARTESIAN_POINT('',(-8.719304236112,-0.99463196544,
    5.417228726172));
#5728 = CARTESIAN_POINT('',(-8.693499027453,-1.192306278709,
    5.42626684554));
#5729 = CARTESIAN_POINT('',(-8.66257823966,-1.389200036521,
    5.435305057172));
#5730 = CARTESIAN_POINT('',(-8.581141169295,-1.832387738571,
    5.455746375983));
#5731 = CARTESIAN_POINT('',(-8.527614246945,-2.078130103408,
    5.467149544742));
#5732 = CARTESIAN_POINT('',(-8.46604676058,-2.322074547547,
    5.478552780862));
#5733 = CARTESIAN_POINT('',(-8.396509786404,-2.563914134619,
    5.489956039629));
#5734 = CARTESIAN_POINT('',(-8.319088215208,-2.803346136042,
    5.50135928714));
#5735 = CARTESIAN_POINT('',(-8.233880752373,-3.04007203102,
    5.512762500303));
#5736 = CARTESIAN_POINT('',(-8.140999917867,-3.273797506545,
    5.524165666835));
#5737 = CARTESIAN_POINT('',(-7.876480232757,-3.880746351063,
    5.55420064863));
#5738 = CARTESIAN_POINT('',(-7.692233240628,-4.248491369086,
    5.572833052617));
#5739 = CARTESIAN_POINT('',(-7.488385161134,-4.606189806114,
    5.591465098425));
#5740 = CARTESIAN_POINT('',(-7.265581973222,-4.952625061918,
    5.610096750841));
#5741 = CARTESIAN_POINT('',(-7.02455422584,-5.286637429111,
    5.628728395813));
#5742 = CARTESIAN_POINT('',(-6.766114358125,-5.607123036684,
    5.647360409623));
#5743 = CARTESIAN_POINT('',(-6.491158657435,-5.913035949348,
    5.665992739678));
#5744 = CARTESIAN_POINT('',(-5.757283869413,-6.646589056402,
    5.713063625227));
#5745 = CARTESIAN_POINT('',(-5.277610889699,-7.053645401224,
    5.741507884898));
#5746 = CARTESIAN_POINT('',(-4.765205345716,-7.420970826379,
    5.769950049625));
#5747 = CARTESIAN_POINT('',(-4.223943519494,-7.745536291272,
    5.798389510281));
#5748 = CARTESIAN_POINT('',(-3.657970916006,-8.024789054773,
    5.826828973174));
#5749 = CARTESIAN_POINT('',(-3.071678512277,-8.256626571364,
    5.855271149519));
#5750 = CARTESIAN_POINT('',(-2.469711885073,-8.439430574135,
    5.88371543612));
#5751 = CARTESIAN_POINT('',(-1.151385190687,-8.72502368393,
    5.944907167154));
#5752 = CARTESIAN_POINT('',(-0.43115547437,-8.811550672781,
    5.977669836683));
#5753 = CARTESIAN_POINT('',(0.296070474384,-8.830023453108,
    6.010427145609));
#5754 = CARTESIAN_POINT('',(1.022774198192,-8.779912741107,
    6.043179681512));
#5755 = CARTESIAN_POINT('',(1.741537764903,-8.661640599235,
    6.075932224858));
#5756 = CARTESIAN_POINT('',(2.445044880838,-8.476501377224,
    6.108689572822));
#5757 = CARTESIAN_POINT('',(3.126100106097,-8.226738348897,
    6.141452324798));
#5758 = CARTESIAN_POINT('',(4.346411496411,-7.644361013245,6.20279145599
    ));
#5759 = CARTESIAN_POINT('',(4.892945191822,-7.326202411157,
    6.231383220129));
#5760 = CARTESIAN_POINT('',(5.412653686604,-6.963478568858,
    6.259972756033));
#5761 = CARTESIAN_POINT('',(5.901324495529,-6.55887673778,6.28855947123)
  );
#5762 = CARTESIAN_POINT('',(6.355112221644,-6.115505015668,6.31714619806
    ));
#5763 = CARTESIAN_POINT('',(6.770521316384,-5.636860303313,
    6.345735762043));
#5764 = CARTESIAN_POINT('',(7.144436111865,-5.12684881955,6.374327560243
    ));
#5765 = CARTESIAN_POINT('',(7.971342042693,-3.78030220687,6.446010832872
    ));
#5766 = CARTESIAN_POINT('',(8.368738085208,-2.908448007168,6.48914762929
    ));
#5767 = CARTESIAN_POINT('',(8.656437671978,-1.98976739649,6.53226118798)
  );
#5768 = CARTESIAN_POINT('',(8.828598783218,-1.040492636059,
    6.575360062442));
#5769 = CARTESIAN_POINT('',(8.881842497077,-7.720280276802E-02,
    6.618458896121));
#5770 = CARTESIAN_POINT('',(8.815600766816,0.883191597562,6.661572614763
    ));
#5771 = CARTESIAN_POINT('',(8.631781850853,1.823544814198,6.704709475497
    ));
#5772 = CARTESIAN_POINT('',(8.04205244132,3.626685757349,6.790770839064)
  );
#5773 = CARTESIAN_POINT('',(7.636276604405,4.491373514874,6.833775232245
    ));
#5774 = CARTESIAN_POINT('',(7.124442734107,5.303133661004,6.876756970856
    ));
#5775 = CARTESIAN_POINT('',(6.515051038621,6.047137178417,6.919723734915
    ));
#5776 = CARTESIAN_POINT('',(5.818443179602,6.710188428552,6.962690528139
    ));
#5777 = CARTESIAN_POINT('',(5.047008865508,7.280992767072,7.005672012441
    ));
#5778 = CARTESIAN_POINT('',(4.214903700928,7.749970340914,7.048676198513
    ));
#5779 = CARTESIAN_POINT('',(2.675650878245,8.383681482968,7.12418901939)
  );
#5780 = CARTESIAN_POINT('',(1.986451599695,8.594885361633,7.156747149309
    ));
#5781 = CARTESIAN_POINT('',(1.278559555189,8.741172650752,7.189300338612
    ));
#5782 = CARTESIAN_POINT('',(0.559143306294,8.820724207907,7.221849098618
    ));
#5783 = CARTESIAN_POINT('',(-0.164559619565,8.832651576769,
    7.254397849679));
#5784 = CARTESIAN_POINT('',(-0.885257447051,8.776922210668,
    7.286951047046));
#5785 = CARTESIAN_POINT('',(-1.595609302552,8.654435487441,
    7.319509243156));
#5786 = CARTESIAN_POINT('',(-2.905116717651,8.300544954604,
    7.381044702455));
#5787 = CARTESIAN_POINT('',(-3.508223026631,8.082444930538,
    7.410037465817));
#5788 = CARTESIAN_POINT('',(-4.092390410165,7.814315784292,7.43902763932
    ));
#5789 = CARTESIAN_POINT('',(-4.652796256711,7.498131039314,7.46801464504
    ));
#5790 = CARTESIAN_POINT('',(-5.184921086286,7.136370528811,
    7.497001620083));
#5791 = CARTESIAN_POINT('',(-5.684536299519,6.731982845457,
    7.525991721376));
#5792 = CARTESIAN_POINT('',(-6.147732382791,6.288412989292,
    7.554984421758));
#5793 = CARTESIAN_POINT('',(-6.926202978857,5.407933024077,7.60829934918
    ));
#5794 = CARTESIAN_POINT('',(-7.253379048278,4.981310678111,
    7.632629357298));
#5795 = CARTESIAN_POINT('',(-7.550431948599,4.532166774466,7.65695849338
    ));
#5796 = CARTESIAN_POINT('',(-7.815572469733,4.063000255463,
    7.681286498384));
#5797 = CARTESIAN_POINT('',(-8.047271193796,3.576448707528,
    7.705614625053));
#5798 = CARTESIAN_POINT('',(-8.244247864674,3.075279238565,
    7.729944073504));
#5799 = CARTESIAN_POINT('',(-8.40548495399,2.562391932366,7.75427441989)
  );
#5800 = CARTESIAN_POINT('',(-8.590172085463,1.790438664287,
    7.790281641595));
#5801 = CARTESIAN_POINT('',(-8.641678826499,1.538030295648,
    7.801961167292));
#5802 = CARTESIAN_POINT('',(-8.684706610717,1.283941562966,
    7.813640589585));
#5803 = CARTESIAN_POINT('',(-8.719192189052,1.028505105513,
    7.825319864751));
#5804 = CARTESIAN_POINT('',(-8.745088099233,0.772055413024,
    7.836998930984));
#5805 = CARTESIAN_POINT('',(-8.762362665779,0.514928825696,
    7.848677708397));
#5806 = CARTESIAN_POINT('',(-8.771,0.257463534183,7.860356099015));
#5807 = CARTESIAN_POINT('',(-8.771,-4.203972530092E-07,7.872033986784));
#5808 = PCURVE('',#5155,#5809);
#5809 = DEFINITIONAL_REPRESENTATION('',(#5810),#5897);
#5810 = B_SPLINE_CURVE_WITH_KNOTS('',8,(#5811,#5812,#5813,#5814,#5815,
    #5816,#5817,#5818,#5819,#5820,#5821,#5822,#5823,#5824,#5825,#5826,
    #5827,#5828,#5829,#5830,#5831,#5832,#5833,#5834,#5835,#5836,#5837,
    #5838,#5839,#5840,#5841,#5842,#5843,#5844,#5845,#5846,#5847,#5848,
    #5849,#5850,#5851,#5852,#5853,#5854,#5855,#5856,#5857,#5858,#5859,
    #5860,#5861,#5862,#5863,#5864,#5865,#5866,#5867,#5868,#5869,#5870,
    #5871,#5872,#5873,#5874,#5875,#5876,#5877,#5878,#5879,#5880,#5881,
    #5882,#5883,#5884,#5885,#5886,#5887,#5888,#5889,#5890,#5891,#5892,
    #5893,#5894,#5895,#5896),.UNSPECIFIED.,.F.,.F.,(9,7,7,7,7,7,7,7,7,7,
    7,7,9),(0.,2.892665840857E-02,6.542168519876E-02,0.125051895745,
    0.216070214119,0.320893481626,0.412383441142,0.550312235268,
    0.687818968467,0.791987782416,0.88476068431,0.96262001213,1.),
  .UNSPECIFIED.);
#5811 = CARTESIAN_POINT('',(-6.28318530718,5.372041035785));
#5812 = CARTESIAN_POINT('',(-6.26046959424,5.381078009991));
#5813 = CARTESIAN_POINT('',(-6.237753871504,5.390115325306));
#5814 = CARTESIAN_POINT('',(-6.215038142155,5.399152919421));
#5815 = CARTESIAN_POINT('',(-6.192322409865,5.408190736299));
#5816 = CARTESIAN_POINT('',(-6.169606678796,5.417228726172));
#5817 = CARTESIAN_POINT('',(-6.146890953606,5.42626684554));
#5818 = CARTESIAN_POINT('',(-6.124175239439,5.435305057172));
#5819 = CARTESIAN_POINT('',(-6.072800511316,5.455746375983));
#5820 = CARTESIAN_POINT('',(-6.044141437824,5.467149544742));
#5821 = CARTESIAN_POINT('',(-6.015482334107,5.478552780862));
#5822 = CARTESIAN_POINT('',(-5.986823213975,5.489956039629));
#5823 = CARTESIAN_POINT('',(-5.958164092402,5.50135928714));
#5824 = CARTESIAN_POINT('',(-5.92950498552,5.512762500303));
#5825 = CARTESIAN_POINT('',(-5.900845910626,5.524165666835));
#5826 = CARTESIAN_POINT('',(-5.825360131626,5.55420064863));
#5827 = CARTESIAN_POINT('',(-5.778531809057,5.572833052617));
#5828 = CARTESIAN_POINT('',(-5.731704175851,5.591465098425));
#5829 = CARTESIAN_POINT('',(-5.684877408648,5.610096750841));
#5830 = CARTESIAN_POINT('',(-5.638050642869,5.628728395813));
#5831 = CARTESIAN_POINT('',(-5.591223012591,5.647360409623));
#5832 = CARTESIAN_POINT('',(-5.54439469074,5.665992739678));
#5833 = CARTESIAN_POINT('',(-5.4260925313,5.713063625227));
#5834 = CARTESIAN_POINT('',(-5.35460451459,5.741507884898));
#5835 = CARTESIAN_POINT('',(-5.283122109476,5.769950049625));
#5836 = CARTESIAN_POINT('',(-5.211646719699,5.798389510281));
#5837 = CARTESIAN_POINT('',(-5.14017133105,5.826828973174));
#5838 = CARTESIAN_POINT('',(-5.068688925432,5.855271149519));
#5839 = CARTESIAN_POINT('',(-4.997200900718,5.88371543612));
#5840 = CARTESIAN_POINT('',(-4.843409259843,5.944907167154));
#5841 = CARTESIAN_POINT('',(-4.761067240204,5.977669836683));
#5842 = CARTESIAN_POINT('',(-4.678738508821,6.010427145609));
#5843 = CARTESIAN_POINT('',(-4.596421402793,6.043179681512));
#5844 = CARTESIAN_POINT('',(-4.514104298487,6.075932224858));
#5845 = CARTESIAN_POINT('',(-4.431775569355,6.108689572822));
#5846 = CARTESIAN_POINT('',(-4.349433547737,6.141452324798));
#5847 = CARTESIAN_POINT('',(-4.195271532079,6.20279145599));
#5848 = CARTESIAN_POINT('',(-4.123412809321,6.231383220129));
#5849 = CARTESIAN_POINT('',(-4.051559845607,6.259972756033));
#5850 = CARTESIAN_POINT('',(-3.979714079173,6.28855947123));
#5851 = CARTESIAN_POINT('',(-3.90786831418,6.31714619806));
#5852 = CARTESIAN_POINT('',(-3.836015352962,6.345735762043));
#5853 = CARTESIAN_POINT('',(-3.764156629264,6.374327560243));
#5854 = CARTESIAN_POINT('',(-3.58399728774,6.446010832872));
#5855 = CARTESIAN_POINT('',(-3.475582610362,6.48914762929));
#5856 = CARTESIAN_POINT('',(-3.367225677241,6.53226118798));
#5857 = CARTESIAN_POINT('',(-3.258906238697,6.575360062442));
#5858 = CARTESIAN_POINT('',(-3.150586791434,6.618458896121));
#5859 = CARTESIAN_POINT('',(-3.042229844281,6.661572614763));
#5860 = CARTESIAN_POINT('',(-2.933815154003,6.704709475497));
#5861 = CARTESIAN_POINT('',(-2.717519532845,6.790770839064));
#5862 = CARTESIAN_POINT('',(-2.609437834043,6.833775232245));
#5863 = CARTESIAN_POINT('',(-2.501412927818,6.876756970856));
#5864 = CARTESIAN_POINT('',(-2.393425042853,6.919723734915));
#5865 = CARTESIAN_POINT('',(-2.285437158089,6.962690528139));
#5866 = CARTESIAN_POINT('',(-2.177412249284,7.005672012441));
#5867 = CARTESIAN_POINT('',(-2.069330549008,7.048676198513));
#5868 = CARTESIAN_POINT('',(-1.879546172132,7.12418901939));
#5869 = CARTESIAN_POINT('',(-1.797718887216,7.156747149309));
#5870 = CARTESIAN_POINT('',(-1.715904468711,7.189300338613));
#5871 = CARTESIAN_POINT('',(-1.634101350247,7.221849098618));
#5872 = CARTESIAN_POINT('',(-1.552298231992,7.254397849679));
#5873 = CARTESIAN_POINT('',(-1.47048381321,7.286951047046));
#5874 = CARTESIAN_POINT('',(-1.388656525844,7.319509243156));
#5875 = CARTESIAN_POINT('',(-1.234000984209,7.381044702455));
#5876 = CARTESIAN_POINT('',(-1.161133876854,7.410037465817));
#5877 = CARTESIAN_POINT('',(-1.088272938373,7.43902763932));
#5878 = CARTESIAN_POINT('',(-1.015419707346,7.46801464504));
#5879 = CARTESIAN_POINT('',(-0.942566476708,7.497001620083));
#5880 = CARTESIAN_POINT('',(-0.869705539199,7.525991721376));
#5881 = CARTESIAN_POINT('',(-0.79683843287,7.554984421758));
#5882 = CARTESIAN_POINT('',(-0.662843358932,7.608299349181));
#5883 = CARTESIAN_POINT('',(-0.601695691074,7.632629357298));
#5884 = CARTESIAN_POINT('',(-0.540550621589,7.65695849338));
#5885 = CARTESIAN_POINT('',(-0.479408799308,7.681286498384));
#5886 = CARTESIAN_POINT('',(-0.418266978128,7.705614625053));
#5887 = CARTESIAN_POINT('',(-0.357121911342,7.729944073504));
#5888 = CARTESIAN_POINT('',(-0.295974245507,7.75427441989));
#5889 = CARTESIAN_POINT('',(-0.205478436788,7.790281641595));
#5890 = CARTESIAN_POINT('',(-0.176124399506,7.801961167292));
#5891 = CARTESIAN_POINT('',(-0.146770323177,7.813640589585));
#5892 = CARTESIAN_POINT('',(-0.117416227576,7.825319864751));
#5893 = CARTESIAN_POINT('',(-8.80621311108E-02,7.836998930984));
#5894 = CARTESIAN_POINT('',(-5.870805081347E-02,7.848677708397));
#5895 = CARTESIAN_POINT('',(-2.935400234641E-02,7.860356099015));
#5896 = CARTESIAN_POINT('',(0.,7.872033986784));
#5897 = ( GEOMETRIC_REPRESENTATION_CONTEXT(2) 
PARAMETRIC_REPRESENTATION_CONTEXT() REPRESENTATION_CONTEXT('2D SPACE',''
  ) );
#5898 = PCURVE('',#5899,#5962);
#5899 = B_SPLINE_SURFACE_WITH_KNOTS('',1,9,(
    (#5900,#5901,#5902,#5903,#5904,#5905,#5906,#5907,#5908,#5909,#5910
      ,#5911,#5912,#5913,#5914,#5915,#5916,#5917,#5918,#5919,#5920,#5921
      ,#5922,#5923,#5924,#5925,#5926,#5927,#5928,#5929,#5930)
    ,(#5931,#5932,#5933,#5934,#5935,#5936,#5937,#5938,#5939,#5940,#5941
      ,#5942,#5943,#5944,#5945,#5946,#5947,#5948,#5949,#5950,#5951,#5952
      ,#5953,#5954,#5955,#5956,#5957,#5958,#5959,#5960,#5961
  )),.UNSPECIFIED.,.F.,.F.,.F.,(2,2),(10,7,7,7,10),(0.,2.1855),(0.,
    1.69056975611,3.381139512219,5.071709268329,6.762279024438),
  .UNSPECIFIED.);
#5900 = CARTESIAN_POINT('',(-10.02101208946,7.18513515352E-09,
    6.093750180588));
#5901 = CARTESIAN_POINT('',(-10.02101793322,-1.748996914568,
    6.163194712331));
#5902 = CARTESIAN_POINT('',(-9.677596861992,-3.497982606389,6.2326390914
    ));
#5903 = CARTESIAN_POINT('',(-8.990770141198,-5.169935114638,
    6.302083517663));
#5904 = CARTESIAN_POINT('',(-7.980701623243,-6.687743461824,
    6.371527990667));
#5905 = CARTESIAN_POINT('',(-6.687739393653,-7.980703400161,
    6.440972434343));
#5906 = CARTESIAN_POINT('',(-5.169928196525,-8.990768271918,
    6.510416880572));
#5907 = CARTESIAN_POINT('',(-3.497993598347,-9.677597183904,
    6.579861322625));
#5908 = CARTESIAN_POINT('',(-1.829242130071E-07,-10.36442781662,
    6.718750209492));
#5909 = CARTESIAN_POINT('',(3.497993579374,-9.677601171837,6.85763910002
    ));
#5910 = CARTESIAN_POINT('',(5.169927147048,-8.990773861398,
    6.927083546396));
#5911 = CARTESIAN_POINT('',(6.687743522996,-7.98069875946,6.996527990866
    ));
#5912 = CARTESIAN_POINT('',(7.980697745519,-6.687742217799,
    7.065972432598));
#5913 = CARTESIAN_POINT('',(8.990771103162,-5.169925025867,7.1354168745)
  );
#5914 = CARTESIAN_POINT('',(9.677599160553,-3.497991977763,
    7.204861319308));
#5915 = CARTESIAN_POINT('',(10.364428616232,4.670059212737E-09,
    7.343750210696));
#5916 = CARTESIAN_POINT('',(9.677599480851,3.497992049993,7.482639102084
    ));
#5917 = CARTESIAN_POINT('',(8.990771474712,5.169925193353,7.552083546892
    ));
#5918 = CARTESIAN_POINT('',(7.980697720278,6.687742286127,7.621527988794
    ));
#5919 = CARTESIAN_POINT('',(6.68774329956,7.980698525094,7.690972430526)
  );
#5920 = CARTESIAN_POINT('',(5.169927105431,8.990773517019,7.760416874996
    ));
#5921 = CARTESIAN_POINT('',(3.497993591463,9.677601111453,7.829861321372
    ));
#5922 = CARTESIAN_POINT('',(-1.751892780903E-07,10.364427976474,
    7.9687502119));
#5923 = CARTESIAN_POINT('',(-3.497993586258,9.677597079164,
    8.107639098767));
#5924 = CARTESIAN_POINT('',(-5.169927973384,8.990768017702,
    8.177083540839));
#5925 = CARTESIAN_POINT('',(-6.687739825485,7.980702599143,
    8.246527986978));
#5926 = CARTESIAN_POINT('',(-7.98069985796,6.687744375959,8.31597243084)
  );
#5927 = CARTESIAN_POINT('',(-8.990774018866,5.169937688521,
    8.385416903624));
#5928 = CARTESIAN_POINT('',(-9.67759809338,3.497980328223,8.454861330046
    ));
#5929 = CARTESIAN_POINT('',(-10.0210102751,1.748996931333,8.524305709047
    ));
#5930 = CARTESIAN_POINT('',(-10.02101611928,9.58123891337E-09,
    8.593750240807));
#5931 = CARTESIAN_POINT('',(-8.12832296388,-6.402325833932E-07,
    5.000983909191));
#5932 = CARTESIAN_POINT('',(-8.12833323473,-1.418659765906,
    5.070420577432));
#5933 = CARTESIAN_POINT('',(-7.849770564547,-2.837310065143,
    5.139870847805));
#5934 = CARTESIAN_POINT('',(-7.292664448997,-4.19349250628,
    5.209316904296));
#5935 = CARTESIAN_POINT('',(-6.473365048184,-5.424610851777,
    5.278758815181));
#5936 = CARTESIAN_POINT('',(-5.424619952491,-6.473373191508,
    5.348203319453));
#5937 = CARTESIAN_POINT('',(-4.193475117375,-7.292664802885,
    5.417647609128));
#5938 = CARTESIAN_POINT('',(-2.837320731023,-7.849771561761,
    5.487092265633));
#5939 = CARTESIAN_POINT('',(2.577340200048E-06,-8.406878941953,
    5.625981334665));
#5940 = CARTESIAN_POINT('',(2.83732255889,-7.849774243925,5.764870077533
    ));
#5941 = CARTESIAN_POINT('',(4.193473110222,-7.292669546215,
    5.834314349963));
#5942 = CARTESIAN_POINT('',(5.424616326344,-6.473370358545,
    5.903758792122));
#5943 = CARTESIAN_POINT('',(6.473368672016,-5.424616407284,5.97320347811
    ));
#5944 = CARTESIAN_POINT('',(7.292667956778,-4.193470466105,
    6.042648149074));
#5945 = CARTESIAN_POINT('',(7.849773152601,-2.837318467049,
    6.112092561147));
#5946 = CARTESIAN_POINT('',(8.40687964599,7.962413549111E-07,
    6.250981227408));
#5947 = CARTESIAN_POINT('',(7.849773189936,2.837320066862,6.389869893669
    ));
#5948 = CARTESIAN_POINT('',(7.292667830977,4.193472130764,6.459314305742
    ));
#5949 = CARTESIAN_POINT('',(6.473367610307,5.424617742155,6.528758976706
    ));
#5950 = CARTESIAN_POINT('',(5.424614715837,6.473370958911,6.598203662694
    ));
#5951 = CARTESIAN_POINT('',(4.193471669241,7.292669720301,6.667648104853
    ));
#5952 = CARTESIAN_POINT('',(2.83732110892,7.849774668477,6.737092377283)
  );
#5953 = CARTESIAN_POINT('',(1.015201071963E-06,8.406879226012,
    6.875981120151));
#5954 = CARTESIAN_POINT('',(-2.837322180993,7.84977084377,7.014870189183
    ));
#5955 = CARTESIAN_POINT('',(-4.193476087859,7.292663565048,
    7.084314845724));
#5956 = CARTESIAN_POINT('',(-5.424621933334,6.473370751189,
    7.153759135238));
#5957 = CARTESIAN_POINT('',(-6.473362927995,5.424611262816,7.22320363984
    ));
#5958 = CARTESIAN_POINT('',(-7.292672125987,4.193495713254,
    7.292645550334));
#5959 = CARTESIAN_POINT('',(-7.849773284686,2.837304545207,
    7.362091607106));
#5960 = CARTESIAN_POINT('',(-8.128319891568,1.41865827203,7.43154187736)
  );
#5961 = CARTESIAN_POINT('',(-8.128330125192,-8.536415032623E-07,
    7.500978545631));
#5962 = DEFINITIONAL_REPRESENTATION('',(#5963),#6050);
#5963 = B_SPLINE_CURVE_WITH_KNOTS('',8,(#5964,#5965,#5966,#5967,#5968,
    #5969,#5970,#5971,#5972,#5973,#5974,#5975,#5976,#5977,#5978,#5979,
    #5980,#5981,#5982,#5983,#5984,#5985,#5986,#5987,#5988,#5989,#5990,
    #5991,#5992,#5993,#5994,#5995,#5996,#5997,#5998,#5999,#6000,#6001,
    #6002,#6003,#6004,#6005,#6006,#6007,#6008,#6009,#6010,#6011,#6012,
    #6013,#6014,#6015,#6016,#6017,#6018,#6019,#6020,#6021,#6022,#6023,
    #6024,#6025,#6026,#6027,#6028,#6029,#6030,#6031,#6032,#6033,#6034,
    #6035,#6036,#6037,#6038,#6039,#6040,#6041,#6042,#6043,#6044,#6045,
    #6046,#6047,#6048,#6049),.UNSPECIFIED.,.F.,.F.,(9,7,7,7,7,7,7,7,7,7,
    7,7,9),(0.,2.892665840857E-02,6.542168519876E-02,0.125051895745,
    0.216070214119,0.320893481626,0.412383441142,0.550312235268,
    0.687818968467,0.791987782416,0.88476068431,0.96262001213,1.),
  .UNSPECIFIED.);
#5964 = CARTESIAN_POINT('',(1.443396796966,0.));
#5965 = CARTESIAN_POINT('',(1.44339811462,2.444779613398E-02));
#5966 = CARTESIAN_POINT('',(1.443399084104,4.889562927689E-02));
#5967 = CARTESIAN_POINT('',(1.443399764346,7.33434821575E-02));
#5968 = CARTESIAN_POINT('',(1.443400209829,9.779134012363E-02));
#5969 = CARTESIAN_POINT('',(1.443400470589,0.122239191142));
#5970 = CARTESIAN_POINT('',(1.443400592212,0.146687025799));
#5971 = CARTESIAN_POINT('',(1.44340061584,0.171134837299));
#5972 = CARTESIAN_POINT('',(1.443400530639,0.226426921749));
#5973 = CARTESIAN_POINT('',(1.443400385015,0.257271250435));
#5974 = CARTESIAN_POINT('',(1.443400200601,0.288115596214));
#5975 = CARTESIAN_POINT('',(1.443400022418,0.318959946969));
#5976 = CARTESIAN_POINT('',(1.443399881202,0.349804289777));
#5977 = CARTESIAN_POINT('',(1.443399793404,0.380648610907));
#5978 = CARTESIAN_POINT('',(1.443399761193,0.411492895823));
#5979 = CARTESIAN_POINT('',(1.443399790845,0.492734355627));
#5980 = CARTESIAN_POINT('',(1.443399935507,0.543133274582));
#5981 = CARTESIAN_POINT('',(1.44340018598,0.593531470094));
#5982 = CARTESIAN_POINT('',(1.443400476915,0.643928758446));
#5983 = CARTESIAN_POINT('',(1.443400739676,0.694326070004));
#5984 = CARTESIAN_POINT('',(1.443400926362,0.744724331667));
#5985 = CARTESIAN_POINT('',(1.443401016246,0.795123349906));
#5986 = CARTESIAN_POINT('',(1.443400986953,0.922446157277));
#5987 = CARTESIAN_POINT('',(1.443400734959,0.999385214678));
#5988 = CARTESIAN_POINT('',(1.443400229808,1.076318222182));
#5989 = CARTESIAN_POINT('',(1.443399579275,1.153243647637));
#5990 = CARTESIAN_POINT('',(1.443398945635,1.230169033639));
#5991 = CARTESIAN_POINT('',(1.44339848154,1.307101943863));
#5992 = CARTESIAN_POINT('',(1.443398273908,1.384040893265));
#5993 = CARTESIAN_POINT('',(1.443398321051,1.549559071415));
#5994 = CARTESIAN_POINT('',(1.443398690593,1.638179638301));
#5995 = CARTESIAN_POINT('',(1.443399181644,1.72678590343));
#5996 = CARTESIAN_POINT('',(1.44339996816,1.815379708419));
#5997 = CARTESIAN_POINT('',(1.443400743568,1.903973554084));
#5998 = CARTESIAN_POINT('',(1.443401155606,1.99257990988));
#5999 = CARTESIAN_POINT('',(1.443401337456,2.081200556018));
#6000 = CARTESIAN_POINT('',(1.443401303515,2.247117487488));
#6001 = CARTESIAN_POINT('',(1.4434011336,2.324455455833));
#6002 = CARTESIAN_POINT('',(1.443400848157,2.40178721386));
#6003 = CARTESIAN_POINT('',(1.443400487192,2.479111212694));
#6004 = CARTESIAN_POINT('',(1.443400106941,2.556435196538));
#6005 = CARTESIAN_POINT('',(1.443399775965,2.633766913376));
#6006 = CARTESIAN_POINT('',(1.443399552531,2.711104825326));
#6007 = CARTESIAN_POINT('',(1.44339927862,2.905001229534));
#6008 = CARTESIAN_POINT('',(1.443399345759,3.021682495535));
#6009 = CARTESIAN_POINT('',(1.443399867046,3.138301579892));
#6010 = CARTESIAN_POINT('',(1.443400056385,3.254880622345));
#6011 = CARTESIAN_POINT('',(1.443400127367,3.371459398552));
#6012 = CARTESIAN_POINT('',(1.443400404101,3.488078726116));
#6013 = CARTESIAN_POINT('',(1.443400325731,3.604760103094));
#6014 = CARTESIAN_POINT('',(1.443400161776,3.837548307921));
#6015 = CARTESIAN_POINT('',(1.443400059145,3.953871208875));
#6016 = CARTESIAN_POINT('',(1.443400085515,4.07013293536));
#6017 = CARTESIAN_POINT('',(1.443400641291,4.186354835172));
#6018 = CARTESIAN_POINT('',(1.443401155201,4.302576786661));
#6019 = CARTESIAN_POINT('',(1.443401703202,4.418838595517));
#6020 = CARTESIAN_POINT('',(1.443402021377,4.535161566397));
#6021 = CARTESIAN_POINT('',(1.443401981835,4.739417110086));
#6022 = CARTESIAN_POINT('',(1.4434017945,4.827483779186));
#6023 = CARTESIAN_POINT('',(1.443401266912,4.91553662847));
#6024 = CARTESIAN_POINT('',(1.443400588951,5.003577277044));
#6025 = CARTESIAN_POINT('',(1.44339992861,5.091617880178));
#6026 = CARTESIAN_POINT('',(1.443399393817,5.179670628525));
#6027 = CARTESIAN_POINT('',(1.443399104259,5.26773721129));
#6028 = CARTESIAN_POINT('',(1.443399171146,5.434185176044));
#6029 = CARTESIAN_POINT('',(1.44339944738,5.512608374435));
#6030 = CARTESIAN_POINT('',(1.443399986074,5.591024950513));
#6031 = CARTESIAN_POINT('',(1.44340070852,5.669433267827));
#6032 = CARTESIAN_POINT('',(1.443401463972,5.747841626285));
#6033 = CARTESIAN_POINT('',(1.443402071816,5.826258304992));
#6034 = CARTESIAN_POINT('',(1.443402381528,5.90468161835));
#6035 = CARTESIAN_POINT('',(1.443402324264,6.04889392847));
#6036 = CARTESIAN_POINT('',(1.443402058948,6.11470413541));
#6037 = CARTESIAN_POINT('',(1.44340152479,6.180511513953));
#6038 = CARTESIAN_POINT('',(1.443400749986,6.246315347672));
#6039 = CARTESIAN_POINT('',(1.443399845377,6.31211913143));
#6040 = CARTESIAN_POINT('',(1.443399001745,6.377926388767));
#6041 = CARTESIAN_POINT('',(1.443398459609,6.443736471224));
#6042 = CARTESIAN_POINT('',(1.443398447645,6.541132544059));
#6043 = CARTESIAN_POINT('',(1.443398577771,6.57272482493));
#6044 = CARTESIAN_POINT('',(1.443398851088,6.604317168725));
#6045 = CARTESIAN_POINT('',(1.443399293229,6.635909556916));
#6046 = CARTESIAN_POINT('',(1.443399946273,6.66750196595));
#6047 = CARTESIAN_POINT('',(1.443400868751,6.699094367253));
#6048 = CARTESIAN_POINT('',(1.44340213564,6.730686727225));
#6049 = CARTESIAN_POINT('',(1.443403838365,6.762279007243));
#6050 = ( GEOMETRIC_REPRESENTATION_CONTEXT(2) 
PARAMETRIC_REPRESENTATION_CONTEXT() REPRESENTATION_CONTEXT('2D SPACE',''
  ) );
#6051 = ORIENTED_EDGE('',*,*,#6052,.F.);
#6052 = EDGE_CURVE('',#5445,#5718,#6053,.T.);
#6053 = SURFACE_CURVE('',#6054,(#6058,#6065),.PCURVE_S1.);
#6054 = LINE('',#6055,#6056);
#6055 = CARTESIAN_POINT('',(-8.771,0.,0.));
#6056 = VECTOR('',#6057,1.);
#6057 = DIRECTION('',(0.,0.,1.));
#6058 = PCURVE('',#5155,#6059);
#6059 = DEFINITIONAL_REPRESENTATION('',(#6060),#6064);
#6060 = LINE('',#6061,#6062);
#6061 = CARTESIAN_POINT('',(-0.,0.));
#6062 = VECTOR('',#6063,1.);
#6063 = DIRECTION('',(-0.,1.));
#6064 = ( GEOMETRIC_REPRESENTATION_CONTEXT(2) 
PARAMETRIC_REPRESENTATION_CONTEXT() REPRESENTATION_CONTEXT('2D SPACE',''
  ) );
#6065 = PCURVE('',#6066,#6071);
#6066 = CYLINDRICAL_SURFACE('',#6067,8.771);
#6067 = AXIS2_PLACEMENT_3D('',#6068,#6069,#6070);
#6068 = CARTESIAN_POINT('',(0.,0.,0.));
#6069 = DIRECTION('',(0.,0.,1.));
#6070 = DIRECTION('',(-1.,0.,0.));
#6071 = DEFINITIONAL_REPRESENTATION('',(#6072),#6076);
#6072 = LINE('',#6073,#6074);
#6073 = CARTESIAN_POINT('',(-6.28318530718,0.));
#6074 = VECTOR('',#6075,1.);
#6075 = DIRECTION('',(-0.,1.));
#6076 = ( GEOMETRIC_REPRESENTATION_CONTEXT(2) 
PARAMETRIC_REPRESENTATION_CONTEXT() REPRESENTATION_CONTEXT('2D SPACE',''
  ) );
#6077 = ADVANCED_FACE('',(#6078),#4981,.F.);
#6078 = FACE_BOUND('',#6079,.F.);
#6079 = EDGE_LOOP('',(#6080,#6121,#6122,#6123));
#6080 = ORIENTED_EDGE('',*,*,#6081,.F.);
#6081 = EDGE_CURVE('',#5171,#6082,#6084,.T.);
#6082 = VERTEX_POINT('',#6083);
#6083 = CARTESIAN_POINT('',(-10.02101208946,7.185134067423E-09,
    6.093750180588));
#6084 = SURFACE_CURVE('',#6085,(#6107,#6114),.PCURVE_S1.);
#6085 = B_SPLINE_CURVE_WITH_KNOTS('',11,(#6086,#6087,#6088,#6089,#6090,
    #6091,#6092,#6093,#6094,#6095,#6096,#6097,#6098,#6099,#6100,#6101,
    #6102,#6103,#6104,#6105,#6106),.UNSPECIFIED.,.F.,.F.,(12,9,12),(0.,
    3.381139512219,6.762279024438),.UNSPECIFIED.);
#6086 = CARTESIAN_POINT('',(-10.02100805964,4.78988049224E-09,
    3.59375012038));
#6087 = CARTESIAN_POINT('',(-10.02101762148,-2.861993807161,
    3.707386626841));
#6088 = CARTESIAN_POINT('',(-9.121873440178,-5.723958216898,
    3.82102273365));
#6089 = CARTESIAN_POINT('',(-7.323663708324,-8.272203846329,
    3.934659258591));
#6090 = CARTESIAN_POINT('',(-4.749513629368,-10.1924953464,
    4.048295767566));
#6091 = CARTESIAN_POINT('',(-1.646042424956,-11.22677586702,
    4.161931756453));
#6092 = CARTESIAN_POINT('',(1.646033069053,-11.22677714802,
    4.275568454256));
#6093 = CARTESIAN_POINT('',(4.749533863122,-10.19256714033,
    4.389204667516));
#6094 = CARTESIAN_POINT('',(7.323644082559,-8.272126959637,
    4.502841064627));
#6095 = CARTESIAN_POINT('',(9.12188805265,-5.723984566236,4.616477419121
    ));
#6096 = CARTESIAN_POINT('',(10.920131563954,-1.816060323819E-08,
    4.843750150483));
#6097 = CARTESIAN_POINT('',(9.121888574038,5.72398469371,5.071022881845)
  );
#6098 = CARTESIAN_POINT('',(7.323647220444,8.272127059521,5.184659236405
    ));
#6099 = CARTESIAN_POINT('',(4.749517779811,10.192569595926,
    5.298295633129));
#6100 = CARTESIAN_POINT('',(1.64606621132,11.226762030668,5.411931847443
    ));
#6101 = CARTESIAN_POINT('',(-1.646081594321,11.226808034444,5.5255685435
    ));
#6102 = CARTESIAN_POINT('',(-4.74948997476,10.192458742093,5.6392045343)
  );
#6103 = CARTESIAN_POINT('',(-7.323660132127,8.272226613373,
    5.752841041864));
#6104 = CARTESIAN_POINT('',(-9.121893096795,5.723952220759,
    5.866477567485));
#6105 = CARTESIAN_POINT('',(-10.02100252694,2.861993819133,
    5.980113674099));
#6106 = CARTESIAN_POINT('',(-10.02101208946,7.18484294282E-09,
    6.093750180588));
#6107 = PCURVE('',#4981,#6108);
#6108 = DEFINITIONAL_REPRESENTATION('',(#6109),#6113);
#6109 = LINE('',#6110,#6111);
#6110 = CARTESIAN_POINT('',(0.,0.));
#6111 = VECTOR('',#6112,1.);
#6112 = DIRECTION('',(0.,1.));
#6113 = ( GEOMETRIC_REPRESENTATION_CONTEXT(2) 
PARAMETRIC_REPRESENTATION_CONTEXT() REPRESENTATION_CONTEXT('2D SPACE',''
  ) );
#6114 = PCURVE('',#5391,#6115);
#6115 = DEFINITIONAL_REPRESENTATION('',(#6116),#6120);
#6116 = LINE('',#6117,#6118);
#6117 = CARTESIAN_POINT('',(0.3125,0.));
#6118 = VECTOR('',#6119,1.);
#6119 = DIRECTION('',(0.,1.));
#6120 = ( GEOMETRIC_REPRESENTATION_CONTEXT(2) 
PARAMETRIC_REPRESENTATION_CONTEXT() REPRESENTATION_CONTEXT('2D SPACE',''
  ) );
#6121 = ORIENTED_EDGE('',*,*,#5213,.T.);
#6122 = ORIENTED_EDGE('',*,*,#4785,.T.);
#6123 = ORIENTED_EDGE('',*,*,#6124,.F.);
#6124 = EDGE_CURVE('',#6082,#4786,#6125,.T.);
#6125 = SURFACE_CURVE('',#6126,(#6129,#6136),.PCURVE_S1.);
#6126 = B_SPLINE_CURVE_WITH_KNOTS('',1,(#6127,#6128),.UNSPECIFIED.,.F.,
  .F.,(2,2),(0.,2.1855),.PIECEWISE_BEZIER_KNOTS.);
#6127 = CARTESIAN_POINT('',(-10.02101208946,7.184841166463E-09,
    6.093750180588));
#6128 = CARTESIAN_POINT('',(-8.12832296388,-6.402328782684E-07,
    5.000983909191));
#6129 = PCURVE('',#4981,#6130);
#6130 = DEFINITIONAL_REPRESENTATION('',(#6131),#6135);
#6131 = LINE('',#6132,#6133);
#6132 = CARTESIAN_POINT('',(0.,6.762279024438));
#6133 = VECTOR('',#6134,1.);
#6134 = DIRECTION('',(1.,0.));
#6135 = ( GEOMETRIC_REPRESENTATION_CONTEXT(2) 
PARAMETRIC_REPRESENTATION_CONTEXT() REPRESENTATION_CONTEXT('2D SPACE',''
  ) );
#6136 = PCURVE('',#5899,#6137);
#6137 = DEFINITIONAL_REPRESENTATION('',(#6138),#6142);
#6138 = LINE('',#6139,#6140);
#6139 = CARTESIAN_POINT('',(0.,0.));
#6140 = VECTOR('',#6141,1.);
#6141 = DIRECTION('',(1.,0.));
#6142 = ( GEOMETRIC_REPRESENTATION_CONTEXT(2) 
PARAMETRIC_REPRESENTATION_CONTEXT() REPRESENTATION_CONTEXT('2D SPACE',''
  ) );
#6143 = ADVANCED_FACE('',(#6144),#5302,.F.);
#6144 = FACE_BOUND('',#6145,.F.);
#6145 = EDGE_LOOP('',(#6146,#6147,#6148,#6199));
#6146 = ORIENTED_EDGE('',*,*,#5444,.F.);
#6147 = ORIENTED_EDGE('',*,*,#5289,.T.);
#6148 = ORIENTED_EDGE('',*,*,#6149,.T.);
#6149 = EDGE_CURVE('',#5239,#6150,#6152,.T.);
#6150 = VERTEX_POINT('',#6151);
#6151 = CARTESIAN_POINT('',(-10.02100940291,7.184726560062E-09,
    6.406250180576));
#6152 = SURFACE_CURVE('',#6153,(#6185,#6192),.PCURVE_S1.);
#6153 = B_SPLINE_CURVE_WITH_KNOTS('',9,(#6154,#6155,#6156,#6157,#6158,
    #6159,#6160,#6161,#6162,#6163,#6164,#6165,#6166,#6167,#6168,#6169,
    #6170,#6171,#6172,#6173,#6174,#6175,#6176,#6177,#6178,#6179,#6180,
    #6181,#6182,#6183,#6184),.UNSPECIFIED.,.F.,.F.,(10,7,7,7,10),(0.,
    1.69056975611,3.381139512219,5.071709268329,6.762279024438),
  .UNSPECIFIED.);
#6154 = CARTESIAN_POINT('',(-10.02100626861,4.789657559456E-09,
    3.906250120375));
#6155 = CARTESIAN_POINT('',(-10.02101081362,-1.74899582288,
    3.975694652094));
#6156 = CARTESIAN_POINT('',(-9.677590944842,-3.497980165612,
    4.045139031174));
#6157 = CARTESIAN_POINT('',(-8.990764947633,-5.169932167114,
    4.114583457462));
#6158 = CARTESIAN_POINT('',(-7.980696434423,-6.687739380304,
    4.18402793043));
#6159 = CARTESIAN_POINT('',(-6.687735257745,-7.980698319214,
    4.25347237413));
#6160 = CARTESIAN_POINT('',(-5.169924937228,-8.990762619802,
    4.322916820347));
#6161 = CARTESIAN_POINT('',(-3.497991408334,-9.677591118667,
    4.392361262404));
#6162 = CARTESIAN_POINT('',(-1.815067407093E-07,-10.36442135095,
    4.531250149271));
#6163 = CARTESIAN_POINT('',(3.497991393077,-9.677595111154,
    4.670139039799));
#6164 = CARTESIAN_POINT('',(5.169923908871,-8.990768198714,
    4.739583486174));
#6165 = CARTESIAN_POINT('',(6.687739315097,-7.980693740772,
    4.809027930644));
#6166 = CARTESIAN_POINT('',(7.980692750774,-6.687738041478,
    4.878472372378));
#6167 = CARTESIAN_POINT('',(8.990765520578,-5.169921809969,
    4.947916814279));
#6168 = CARTESIAN_POINT('',(9.677593142542,-3.497989797116,
    5.017361259087));
#6169 = CARTESIAN_POINT('',(10.364422132802,4.183511743371E-09,
    5.156250150475));
#6170 = CARTESIAN_POINT('',(9.67759339129,3.497989854325,5.295139041863)
  );
#6171 = CARTESIAN_POINT('',(8.990765809011,5.169921941192,5.36458348667)
  );
#6172 = CARTESIAN_POINT('',(7.98069273043,6.687738095472,5.434027928573)
  );
#6173 = CARTESIAN_POINT('',(6.687739140464,7.980693559198,5.503472370305
    ));
#6174 = CARTESIAN_POINT('',(5.169923875546,8.990767931414,5.572916814776
    ));
#6175 = CARTESIAN_POINT('',(3.497991401451,9.67759506456,5.642361261151)
  );
#6176 = CARTESIAN_POINT('',(-1.76593521796E-07,10.364421475284,
    5.781250151679));
#6177 = CARTESIAN_POINT('',(-3.49799139996,9.67759103683,5.920139038545)
  );
#6178 = CARTESIAN_POINT('',(-5.169924764632,8.990762421529,
    5.989583480617));
#6179 = CARTESIAN_POINT('',(-6.687735594457,7.980697695489,
    6.059027926764));
#6180 = CARTESIAN_POINT('',(-7.980695062143,6.687740090447,
    6.128472370608));
#6181 = CARTESIAN_POINT('',(-8.990767964142,5.169934168067,
    6.197916843406));
#6182 = CARTESIAN_POINT('',(-9.677591902962,3.497978392676,
    6.267361269817));
#6183 = CARTESIAN_POINT('',(-10.02100485749,1.748995834853,
    6.336805648845));
#6184 = CARTESIAN_POINT('',(-10.02100940291,7.18443260439E-09,
    6.406250180576));
#6185 = PCURVE('',#5302,#6186);
#6186 = DEFINITIONAL_REPRESENTATION('',(#6187),#6191);
#6187 = LINE('',#6188,#6189);
#6188 = CARTESIAN_POINT('',(2.1855,0.));
#6189 = VECTOR('',#6190,1.);
#6190 = DIRECTION('',(0.,1.));
#6191 = ( GEOMETRIC_REPRESENTATION_CONTEXT(2) 
PARAMETRIC_REPRESENTATION_CONTEXT() REPRESENTATION_CONTEXT('2D SPACE',''
  ) );
#6192 = PCURVE('',#5391,#6193);
#6193 = DEFINITIONAL_REPRESENTATION('',(#6194),#6198);
#6194 = LINE('',#6195,#6196);
#6195 = CARTESIAN_POINT('',(0.,0.));
#6196 = VECTOR('',#6197,1.);
#6197 = DIRECTION('',(0.,1.));
#6198 = ( GEOMETRIC_REPRESENTATION_CONTEXT(2) 
PARAMETRIC_REPRESENTATION_CONTEXT() REPRESENTATION_CONTEXT('2D SPACE',''
  ) );
#6199 = ORIENTED_EDGE('',*,*,#6200,.F.);
#6200 = EDGE_CURVE('',#5445,#6150,#6201,.T.);
#6201 = SURFACE_CURVE('',#6202,(#6205,#6212),.PCURVE_S1.);
#6202 = B_SPLINE_CURVE_WITH_KNOTS('',1,(#6203,#6204),.UNSPECIFIED.,.F.,
  .F.,(2,2),(0.,2.1855),.PIECEWISE_BEZIER_KNOTS.);
#6203 = CARTESIAN_POINT('',(-8.128301488695,-6.402361352187E-07,
    7.498983909099));
#6204 = CARTESIAN_POINT('',(-10.02100940291,7.18443260439E-09,
    6.406250180576));
#6205 = PCURVE('',#5302,#6206);
#6206 = DEFINITIONAL_REPRESENTATION('',(#6207),#6211);
#6207 = LINE('',#6208,#6209);
#6208 = CARTESIAN_POINT('',(0.,6.762279024438));
#6209 = VECTOR('',#6210,1.);
#6210 = DIRECTION('',(1.,0.));
#6211 = ( GEOMETRIC_REPRESENTATION_CONTEXT(2) 
PARAMETRIC_REPRESENTATION_CONTEXT() REPRESENTATION_CONTEXT('2D SPACE',''
  ) );
#6212 = PCURVE('',#6213,#6276);
#6213 = B_SPLINE_SURFACE_WITH_KNOTS('',1,9,(
    (#6214,#6215,#6216,#6217,#6218,#6219,#6220,#6221,#6222,#6223,#6224
      ,#6225,#6226,#6227,#6228,#6229,#6230,#6231,#6232,#6233,#6234,#6235
      ,#6236,#6237,#6238,#6239,#6240,#6241,#6242,#6243,#6244)
    ,(#6245,#6246,#6247,#6248,#6249,#6250,#6251,#6252,#6253,#6254,#6255
      ,#6256,#6257,#6258,#6259,#6260,#6261,#6262,#6263,#6264,#6265,#6266
      ,#6267,#6268,#6269,#6270,#6271,#6272,#6273,#6274,#6275
  )),.UNSPECIFIED.,.F.,.F.,.F.,(2,2),(10,7,7,7,10),(0.,2.1855),(0.,
    1.69056975611,3.381139512219,5.071709268329,6.762279024438),
  .UNSPECIFIED.);
#6214 = CARTESIAN_POINT('',(-8.128301488695,-6.402358412316E-07,
    7.498983909099));
#6215 = CARTESIAN_POINT('',(-8.128301381174,-1.418655393074,
    7.56842057725));
#6216 = CARTESIAN_POINT('',(-7.849747467663,-2.837299281701,
    7.637870847641));
#6217 = CARTESIAN_POINT('',(-7.292645422149,-4.193481853372,
    7.707316904295));
#6218 = CARTESIAN_POINT('',(-6.473343536921,-5.42459493116,
    7.776758814951));
#6219 = CARTESIAN_POINT('',(-5.424603627402,-6.47335251689,
    7.846203319388));
#6220 = CARTESIAN_POINT('',(-4.193462006789,-7.292642090827,
    7.915647608981));
#6221 = CARTESIAN_POINT('',(-2.837311989039,-7.84974726776,
    7.985092265506));
#6222 = CARTESIAN_POINT('',(2.568839247631E-06,-8.406853170946,
    8.123981334541));
#6223 = CARTESIAN_POINT('',(2.837313809634,-7.849749999701,
    8.262870077407));
#6224 = CARTESIAN_POINT('',(4.193460134119,-7.292646769437,
    8.332314349835));
#6225 = CARTESIAN_POINT('',(5.424599395429,-6.473350207122,
    8.401758791993));
#6226 = CARTESIAN_POINT('',(6.473348686443,-5.424599759256,
    8.471203477985));
#6227 = CARTESIAN_POINT('',(7.292645800519,-4.193457702447,
    8.540648148952));
#6228 = CARTESIAN_POINT('',(7.849749236106,-2.837309799948,
    8.610092561024));
#6229 = CARTESIAN_POINT('',(8.406853733009,7.725488225993E-07,
    8.748981227283));
#6230 = CARTESIAN_POINT('',(7.84974871487,2.837311242701,8.887869893541)
  );
#6231 = CARTESIAN_POINT('',(7.292645030075,4.193459042879,8.957314305614
    ));
#6232 = CARTESIAN_POINT('',(6.473347689441,5.424600949038,9.02675897658)
  );
#6233 = CARTESIAN_POINT('',(5.424598205535,6.473351203938,9.096203662572
    ));
#6234 = CARTESIAN_POINT('',(4.193458793777,7.292647539901,9.16564810473)
  );
#6235 = CARTESIAN_POINT('',(2.837312366941,7.849750521125,9.235092377158
    ));
#6236 = CARTESIAN_POINT('',(1.023754251182E-06,8.40685317106,
    9.373981120024));
#6237 = CARTESIAN_POINT('',(-2.837313431731,7.849746746216,
    9.512870189059));
#6238 = CARTESIAN_POINT('',(-4.193463346938,7.292641319931,
    9.582314845585));
#6239 = CARTESIAN_POINT('',(-5.42460481745,6.47335151933,9.651759135176)
  );
#6240 = CARTESIAN_POINT('',(-6.47334453263,5.424593742086,9.721203639615
    ));
#6241 = CARTESIAN_POINT('',(-7.292646195663,4.193480514924,
    9.790645550269));
#6242 = CARTESIAN_POINT('',(-7.849747990024,2.83729783735,9.860091606923
    ));
#6243 = CARTESIAN_POINT('',(-8.128301636362,1.41865389919,9.929541877315
    ));
#6244 = CARTESIAN_POINT('',(-8.128301491615,-8.536475952781E-07,
    9.998978545466));
#6245 = CARTESIAN_POINT('',(-10.02100940291,7.184726591447E-09,
    6.406250180576));
#6246 = CARTESIAN_POINT('',(-10.02101394834,-1.748996367526,
    6.475694712308));
#6247 = CARTESIAN_POINT('',(-9.67759397257,-3.497981257379,
    6.545139091379));
#6248 = CARTESIAN_POINT('',(-8.990767760938,-5.169933781959,
    6.614583517664));
#6249 = CARTESIAN_POINT('',(-7.980698932183,-6.687741470153,
    6.684027990637));
#6250 = CARTESIAN_POINT('',(-6.687737351383,-7.980700813765,
    6.753472434336));
#6251 = CARTESIAN_POINT('',(-5.16992655639,-8.990765430638,
    6.822916880553));
#6252 = CARTESIAN_POINT('',(-3.497992504725,-9.677594144722,
    6.89236132261));
#6253 = CARTESIAN_POINT('',(-1.839876216196E-07,-10.36442459267,
    7.031250209476));
#6254 = CARTESIAN_POINT('',(3.497992484841,-9.677598138883,
    7.170139100004));
#6255 = CARTESIAN_POINT('',(5.169925523737,-8.990771012021,7.23958354638
    ));
#6256 = CARTESIAN_POINT('',(6.687741404937,-7.980696238516,7.30902799085
    ));
#6257 = CARTESIAN_POINT('',(7.980695245322,-6.687740135129,
    7.378472432583));
#6258 = CARTESIAN_POINT('',(8.990768331412,-5.169923429132,
    7.447916874485));
#6259 = CARTESIAN_POINT('',(9.677596168597,-3.497990893507,
    7.517361319292));
#6260 = CARTESIAN_POINT('',(10.364425374516,1.706111807099E-09,
    7.65625021068));
#6261 = CARTESIAN_POINT('',(9.677596419018,3.49799094609,7.795139102068)
  );
#6262 = CARTESIAN_POINT('',(8.990768622317,5.169923556057,7.864583546877
    ));
#6263 = CARTESIAN_POINT('',(7.980695228175,6.687740185307,7.934027988777
    ));
#6264 = CARTESIAN_POINT('',(6.68774123412,7.980696053745,8.003472430511)
  );
#6265 = CARTESIAN_POINT('',(5.16992549471,8.990770742249,8.072916874981)
  );
#6266 = CARTESIAN_POINT('',(3.497992497841,9.677598090617,8.142361321356
    ));
#6267 = CARTESIAN_POINT('',(-1.741193134974E-07,10.364424716998,
    8.281250211884));
#6268 = CARTESIAN_POINT('',(-3.497992491725,9.677594064558,
    8.420139098751));
#6269 = CARTESIAN_POINT('',(-5.169926379494,8.990765234835,
    8.489583540822));
#6270 = CARTESIAN_POINT('',(-6.687737684286,7.980700193236,8.55902798697
    ));
#6271 = CARTESIAN_POINT('',(-7.980697556698,6.687742184114,
    8.628472430813));
#6272 = CARTESIAN_POINT('',(-8.99077077498,5.169935787209,8.697916903616
    ));
#6273 = CARTESIAN_POINT('',(-9.677594929016,3.49797948907,8.767361330023
    ));
#6274 = CARTESIAN_POINT('',(-10.02100799137,1.748996384291,
    8.836805709042));
#6275 = CARTESIAN_POINT('',(-10.02101253721,9.580476856286E-09,
    8.906250240786));
#6276 = DEFINITIONAL_REPRESENTATION('',(#6277),#6281);
#6277 = LINE('',#6278,#6279);
#6278 = CARTESIAN_POINT('',(0.,0.));
#6279 = VECTOR('',#6280,1.);
#6280 = DIRECTION('',(1.,0.));
#6281 = ( GEOMETRIC_REPRESENTATION_CONTEXT(2) 
PARAMETRIC_REPRESENTATION_CONTEXT() REPRESENTATION_CONTEXT('2D SPACE',''
  ) );
#6282 = ADVANCED_FACE('',(#6283),#5391,.F.);
#6283 = FACE_BOUND('',#6284,.F.);
#6284 = EDGE_LOOP('',(#6285,#6286,#6287,#6288));
#6285 = ORIENTED_EDGE('',*,*,#6149,.F.);
#6286 = ORIENTED_EDGE('',*,*,#5378,.T.);
#6287 = ORIENTED_EDGE('',*,*,#6081,.T.);
#6288 = ORIENTED_EDGE('',*,*,#6289,.F.);
#6289 = EDGE_CURVE('',#6150,#6082,#6290,.T.);
#6290 = SURFACE_CURVE('',#6291,(#6294,#6301),.PCURVE_S1.);
#6291 = B_SPLINE_CURVE_WITH_KNOTS('',1,(#6292,#6293),.UNSPECIFIED.,.F.,
  .F.,(2,2),(0.,0.3125),.PIECEWISE_BEZIER_KNOTS.);
#6292 = CARTESIAN_POINT('',(-10.02100940291,7.18443260439E-09,
    6.406250180576));
#6293 = CARTESIAN_POINT('',(-10.02101208946,7.18484294282E-09,
    6.093750180588));
#6294 = PCURVE('',#5391,#6295);
#6295 = DEFINITIONAL_REPRESENTATION('',(#6296),#6300);
#6296 = LINE('',#6297,#6298);
#6297 = CARTESIAN_POINT('',(0.,6.762279024438));
#6298 = VECTOR('',#6299,1.);
#6299 = DIRECTION('',(1.,0.));
#6300 = ( GEOMETRIC_REPRESENTATION_CONTEXT(2) 
PARAMETRIC_REPRESENTATION_CONTEXT() REPRESENTATION_CONTEXT('2D SPACE',''
  ) );
#6301 = PCURVE('',#6302,#6345);
#6302 = B_SPLINE_SURFACE_WITH_KNOTS('',1,11,(
    (#6303,#6304,#6305,#6306,#6307,#6308,#6309,#6310,#6311,#6312,#6313
      ,#6314,#6315,#6316,#6317,#6318,#6319,#6320,#6321,#6322,#6323)
    ,(#6324,#6325,#6326,#6327,#6328,#6329,#6330,#6331,#6332,#6333,#6334
      ,#6335,#6336,#6337,#6338,#6339,#6340,#6341,#6342,#6343,#6344
  )),.UNSPECIFIED.,.F.,.F.,.F.,(2,2),(12,9,12),(0.,0.3125),(0.,
    3.381139512219,6.762279024438),.UNSPECIFIED.);
#6303 = CARTESIAN_POINT('',(-10.02100940291,7.184729255982E-09,
    6.406250180576));
#6304 = CARTESIAN_POINT('',(-10.02101684088,-2.861994060525,
    6.519886687046));
#6305 = CARTESIAN_POINT('',(-9.12187644154,-5.723958058785,
    6.633522793823));
#6306 = CARTESIAN_POINT('',(-7.323663968521,-8.27220711248,
    6.747159318845));
#6307 = CARTESIAN_POINT('',(-4.74951142928,-10.19249218839,
    6.860795827672));
#6308 = CARTESIAN_POINT('',(-1.64604692839,-11.22678044374,
    6.974431816752));
#6309 = CARTESIAN_POINT('',(1.64603689444,-11.22677647227,7.088068514378
    ));
#6310 = CARTESIAN_POINT('',(4.749532496744,-10.19256832575,
    7.201704727747));
#6311 = CARTESIAN_POINT('',(7.323645082601,-8.272127712692,
    7.315341124817));
#6312 = CARTESIAN_POINT('',(9.121888923618,-5.723985095306,
    7.428977479318));
#6313 = CARTESIAN_POINT('',(10.920132539816,-1.8185280795E-08,
    7.65625021068));
#6314 = CARTESIAN_POINT('',(9.121889333398,5.723985187671,7.883522942042
    ));
#6315 = CARTESIAN_POINT('',(7.323647529331,8.272127784932,7.997159296596
    ));
#6316 = CARTESIAN_POINT('',(4.749519995076,10.192570232126,
    8.110795693362));
#6317 = CARTESIAN_POINT('',(1.646062680116,11.226764713105,
    8.224431907556));
#6318 = CARTESIAN_POINT('',(-1.646077385115,11.226805464061,
    8.338068603817));
#6319 = CARTESIAN_POINT('',(-4.749493023664,10.192463721921,
    8.451704594392));
#6320 = CARTESIAN_POINT('',(-7.323661180888,8.272224825626,
    8.565341102117));
#6321 = CARTESIAN_POINT('',(-9.121891725762,5.723953401902,8.67897762767
    ));
#6322 = CARTESIAN_POINT('',(-10.02100509856,2.861994077288,
    8.792613734295));
#6323 = CARTESIAN_POINT('',(-10.02101253721,9.580478632643E-09,
    8.906250240786));
#6324 = CARTESIAN_POINT('',(-10.02101208946,7.185134265342E-09,
    6.093750180588));
#6325 = CARTESIAN_POINT('',(-10.02102165198,-2.861994955684,
    6.207386687076));
#6326 = CARTESIAN_POINT('',(-9.121877109791,-5.723960516547,
    6.321022793835));
#6327 = CARTESIAN_POINT('',(-7.323666655454,-8.272207170999,
    6.434659318809));
#6328 = CARTESIAN_POINT('',(-4.749515541671,-10.19249944436,
    6.548295827809));
#6329 = CARTESIAN_POINT('',(-1.646043089622,-11.22678038092,
    6.661931816628));
#6330 = CARTESIAN_POINT('',(1.646033728257,-11.22678166343,6.77556851449
    ));
#6331 = CARTESIAN_POINT('',(4.749535770699,-10.19257124013,
    6.889204727726));
#6332 = CARTESIAN_POINT('',(7.323647025676,-8.272130287942,7.00284112484
    ));
#6333 = CARTESIAN_POINT('',(9.121891719529,-5.723986870243,
    7.116477479334));
#6334 = CARTESIAN_POINT('',(10.920135955343,-2.077188919958E-08,
    7.343750210696));
#6335 = CARTESIAN_POINT('',(9.121892243653,5.723986993357,7.571022942059
    ));
#6336 = CARTESIAN_POINT('',(7.323650167518,8.27213038432,7.684659296617)
  );
#6337 = CARTESIAN_POINT('',(4.749519692256,10.192573693458,
    7.798295693349));
#6338 = CARTESIAN_POINT('',(1.646066875902,11.22676654529,7.911931907631
    ));
#6339 = CARTESIAN_POINT('',(-1.646082253632,11.226812549131,
    8.025568603756));
#6340 = CARTESIAN_POINT('',(-4.749491882181,10.192462842331,
    8.13920459448));
#6341 = CARTESIAN_POINT('',(-7.323663075305,8.272229941548,
    8.252841102075));
#6342 = CARTESIAN_POINT('',(-9.121896763672,5.723954524766,
    8.366477627725));
#6343 = CARTESIAN_POINT('',(-10.02100655608,2.861994972449,
    8.480113734291));
#6344 = CARTESIAN_POINT('',(-10.02101611928,9.581237137013E-09,
    8.593750240807));
#6345 = DEFINITIONAL_REPRESENTATION('',(#6346),#6350);
#6346 = LINE('',#6347,#6348);
#6347 = CARTESIAN_POINT('',(0.,0.));
#6348 = VECTOR('',#6349,1.);
#6349 = DIRECTION('',(1.,0.));
#6350 = ( GEOMETRIC_REPRESENTATION_CONTEXT(2) 
PARAMETRIC_REPRESENTATION_CONTEXT() REPRESENTATION_CONTEXT('2D SPACE',''
  ) );
#6351 = ADVANCED_FACE('',(#6352),#6066,.F.);
#6352 = FACE_BOUND('',#6353,.T.);
#6353 = EDGE_LOOP('',(#6354,#6605,#6606,#6920,#6948,#7260,#7283,#7310));
#6354 = ORIENTED_EDGE('',*,*,#6355,.F.);
#6355 = EDGE_CURVE('',#5445,#6356,#6358,.T.);
#6356 = VERTEX_POINT('',#6357);
#6357 = CARTESIAN_POINT('',(-8.771,-2.802627587404E-07,9.62792621124));
#6358 = SURFACE_CURVE('',#6359,(#6439,#6522),.PCURVE_S1.);
#6359 = B_SPLINE_CURVE_WITH_KNOTS('',8,(#6360,#6361,#6362,#6363,#6364,
    #6365,#6366,#6367,#6368,#6369,#6370,#6371,#6372,#6373,#6374,#6375,
    #6376,#6377,#6378,#6379,#6380,#6381,#6382,#6383,#6384,#6385,#6386,
    #6387,#6388,#6389,#6390,#6391,#6392,#6393,#6394,#6395,#6396,#6397,
    #6398,#6399,#6400,#6401,#6402,#6403,#6404,#6405,#6406,#6407,#6408,
    #6409,#6410,#6411,#6412,#6413,#6414,#6415,#6416,#6417,#6418,#6419,
    #6420,#6421,#6422,#6423,#6424,#6425,#6426,#6427,#6428,#6429,#6430,
    #6431,#6432,#6433,#6434,#6435,#6436,#6437,#6438),.UNSPECIFIED.,.F.,
  .F.,(9,7,7,7,7,7,7,7,7,7,7,9),(0.,1.564652936141E-02,
    5.016563099712E-02,0.214131284884,0.318806768691,0.423340908077,
    0.571731685386,0.68605109104,0.789859154964,0.881026232993,
    0.960349985024,1.),.UNSPECIFIED.);
#6360 = CARTESIAN_POINT('',(-8.771,-4.203940839886E-07,7.12792911755));
#6361 = CARTESIAN_POINT('',(-8.771,-0.107758726719,7.132817165066));
#6362 = CARTESIAN_POINT('',(-8.769486980883,-0.215517048698,
    7.137705246868));
#6363 = CARTESIAN_POINT('',(-8.766460942873,-0.323250577041,
    7.142593358581));
#6364 = CARTESIAN_POINT('',(-8.761922373221,-0.430934524646,
    7.147481496353));
#6365 = CARTESIAN_POINT('',(-8.755872246211,-0.538544126599,
    7.152369656854));
#6366 = CARTESIAN_POINT('',(-8.74831202315,-0.646054640171,
    7.157257837279));
#6367 = CARTESIAN_POINT('',(-8.739243652377,-0.753441344824,
    7.162146035345));
#6368 = CARTESIAN_POINT('',(-8.705341210523,-1.097266592856,
    7.177818542103));
#6369 = CARTESIAN_POINT('',(-8.674684032934,-1.333131904001,
    7.188602927813));
#6370 = CARTESIAN_POINT('',(-8.636724343965,-1.568009301274,
    7.199387390124));
#6371 = CARTESIAN_POINT('',(-8.591499760021,-1.801634971927,
    7.210171913872));
#6372 = CARTESIAN_POINT('',(-8.539059206445,-2.033747464833,
    7.220956485037));
#6373 = CARTESIAN_POINT('',(-8.479462917509,-2.264087690485,
    7.231741090736));
#6374 = CARTESIAN_POINT('',(-8.412782436423,-2.492398920994,
    7.242525719228));
#6375 = CARTESIAN_POINT('',(-7.989112133494,-3.792058651796,
    7.304537378493));
#6376 = CARTESIAN_POINT('',(-7.480493735484,-4.816202392448,
    7.355860549022));
#6377 = CARTESIAN_POINT('',(-6.822140006156,-5.760115657316,
    7.407124671345));
#6378 = CARTESIAN_POINT('',(-6.029934377986,-6.599433630996,
    7.45835849043));
#6379 = CARTESIAN_POINT('',(-5.122721514486,-7.312882595208,
    7.509591829884));
#6380 = CARTESIAN_POINT('',(-4.123385087336,-7.883609110988,
    7.560854273795));
#6381 = CARTESIAN_POINT('',(-3.057619863837,-8.297986855199,
    7.612176192437));
#6382 = CARTESIAN_POINT('',(-1.25411208218,-8.710760791672,
    7.696105975115));
#6383 = CARTESIAN_POINT('',(-0.536052126052,-8.80563649193,7.72881940231
    ));
#6384 = CARTESIAN_POINT('',(0.1897849927,-8.832752641335,7.761527641322)
  );
#6385 = CARTESIAN_POINT('',(0.915921915227,-8.791493296819,
    7.794231405648));
#6386 = CARTESIAN_POINT('',(1.63496974438,-8.682189313517,7.826935167459
    ));
#6387 = CARTESIAN_POINT('',(2.33963008471,-8.506040014168,7.859643367346
    ));
#6388 = CARTESIAN_POINT('',(3.02271315812,-8.26518938297,7.892356687121)
  );
#6389 = CARTESIAN_POINT('',(4.33080761822,-7.661126070419,7.957718636233
    ));
#6390 = CARTESIAN_POINT('',(4.956301505503,-7.297891882598,
    7.990387552065));
#6391 = CARTESIAN_POINT('',(5.546638988825,-6.876428956234,
    8.023051200834));
#6392 = CARTESIAN_POINT('',(6.095550292571,-6.400802116676,
    8.055710257853));
#6393 = CARTESIAN_POINT('',(6.597410632014,-5.875768137303,
    8.088369321747));
#6394 = CARTESIAN_POINT('',(7.047194364389,-5.306712818958,
    8.121033000476));
#6395 = CARTESIAN_POINT('',(7.440535357741,-4.699699816548,
    8.153701973737));
#6396 = CARTESIAN_POINT('',(8.247163097161,-3.155815693421,
    8.232721629192));
#6397 = CARTESIAN_POINT('',(8.600384936429,-2.185866765454,
    8.279140410391));
#6398 = CARTESIAN_POINT('',(8.822316882816,-1.172049033669,
    8.325525279968));
#6399 = CARTESIAN_POINT('',(8.907544378697,-0.135180648469,
    8.371889563266));
#6400 = CARTESIAN_POINT('',(8.853819757534,0.90379643692,8.418254420141)
  );
#6401 = CARTESIAN_POINT('',(8.662754186144,1.923881805599,8.46463881349)
  );
#6402 = CARTESIAN_POINT('',(8.339127954427,2.904102562528,8.51105738493)
  );
#6403 = CARTESIAN_POINT('',(7.550340355829,4.53240261798,8.593134182926)
  );
#6404 = CARTESIAN_POINT('',(7.134254367199,5.206065448151,8.628866119909
    ));
#6405 = CARTESIAN_POINT('',(6.649662884362,5.835591873142,8.664589715842
    ));
#6406 = CARTESIAN_POINT('',(6.102187215514,6.41297677009,8.700306702385)
  );
#6407 = CARTESIAN_POINT('',(5.498339755265,6.931118812573,8.736023665334
    ));
#6408 = CARTESIAN_POINT('',(4.845536333153,7.383866102618,8.77174730107)
  );
#6409 = CARTESIAN_POINT('',(4.152051218645,7.766001603118,8.807479279283
    ));
#6410 = CARTESIAN_POINT('',(2.769237405205,8.353016396759,8.875627361038
    ));
#6411 = CARTESIAN_POINT('',(2.084926124893,8.571159164342,8.90806908518)
  );
#6412 = CARTESIAN_POINT('',(1.38132893523,8.725065018789,8.940505630837)
  );
#6413 = CARTESIAN_POINT('',(0.665516363193,8.812853012086,8.972937654209
    ));
#6414 = CARTESIAN_POINT('',(-5.536200713015E-02,8.833558972697,
    9.005369690119));
#6415 = CARTESIAN_POINT('',(-0.774092898973,8.78706244948,9.037806244126
    ));
#6416 = CARTESIAN_POINT('',(-1.483403530677,8.674161196694,
    9.070247934714));
#6417 = CARTESIAN_POINT('',(-2.784225012184,8.34102793729,9.131162745875
    ));
#6418 = CARTESIAN_POINT('',(-3.379833644894,8.135470857541,
    9.159650652284));
#6419 = CARTESIAN_POINT('',(-3.957885866381,7.881353425499,
    9.188136426471));
#6420 = CARTESIAN_POINT('',(-4.513778966882,7.58047559132,9.216619459932
    ));
#6421 = CARTESIAN_POINT('',(-5.043184598056,7.235114510406,
    9.245102486995));
#6422 = CARTESIAN_POINT('',(-5.542038309009,6.847990506459,
    9.273588238327));
#6423 = CARTESIAN_POINT('',(-6.006564472034,6.422292491607,
    9.302076100057));
#6424 = CARTESIAN_POINT('',(-6.804667642461,5.561059646897,
    9.355341331248));
#6425 = CARTESIAN_POINT('',(-7.147513959099,5.133881964282,
    9.380126336257));
#6426 = CARTESIAN_POINT('',(-7.459612723287,4.682651718323,
    9.404910122721));
#6427 = CARTESIAN_POINT('',(-7.739016204836,4.209970380833,
    9.429692443044));
#6428 = CARTESIAN_POINT('',(-7.984053382242,3.718594018393,
    9.454474797579));
#6429 = CARTESIAN_POINT('',(-8.193318285353,3.211422878374,
    9.479258706299));
#6430 = CARTESIAN_POINT('',(-8.365685066524,2.691505515492,9.50404392742
    ));
#6431 = CARTESIAN_POINT('',(-8.567662031117,1.897412597304,
    9.541214265029));
#6432 = CARTESIAN_POINT('',(-8.625558246494,1.630370985788,
    9.553601990566));
#6433 = CARTESIAN_POINT('',(-8.673938532425,1.36132597243,9.565989669453
    ));
#6434 = CARTESIAN_POINT('',(-8.712722907456,1.090673582279,
    9.578377260198));
#6435 = CARTESIAN_POINT('',(-8.741851335011,0.818812430394,
    9.590764759771));
#6436 = CARTESIAN_POINT('',(-8.761283735762,0.546143634918,
    9.603152153453));
#6437 = CARTESIAN_POINT('',(-8.771,0.273070730147,9.615539364677));
#6438 = CARTESIAN_POINT('',(-8.771,-4.203943788639E-07,9.627926204883));
#6439 = PCURVE('',#6066,#6440);
#6440 = DEFINITIONAL_REPRESENTATION('',(#6441),#6521);
#6441 = B_SPLINE_CURVE_WITH_KNOTS('',8,(#6442,#6443,#6444,#6445,#6446,
    #6447,#6448,#6449,#6450,#6451,#6452,#6453,#6454,#6455,#6456,#6457,
    #6458,#6459,#6460,#6461,#6462,#6463,#6464,#6465,#6466,#6467,#6468,
    #6469,#6470,#6471,#6472,#6473,#6474,#6475,#6476,#6477,#6478,#6479,
    #6480,#6481,#6482,#6483,#6484,#6485,#6486,#6487,#6488,#6489,#6490,
    #6491,#6492,#6493,#6494,#6495,#6496,#6497,#6498,#6499,#6500,#6501,
    #6502,#6503,#6504,#6505,#6506,#6507,#6508,#6509,#6510,#6511,#6512,
    #6513,#6514,#6515,#6516,#6517,#6518,#6519,#6520),.UNSPECIFIED.,.F.,
  .F.,(9,7,7,7,7,7,7,7,7,7,7,9),(0.,1.564652936141E-02,
    5.016563099712E-02,0.214131284884,0.318806768691,0.423340908077,
    0.571731685386,0.68605109104,0.789859154964,0.881026232993,
    0.960349985024,1.),.UNSPECIFIED.);
#6442 = CARTESIAN_POINT('',(-6.28318530718,7.12792911755));
#6443 = CARTESIAN_POINT('',(-6.270899557969,7.132817165066));
#6444 = CARTESIAN_POINT('',(-6.258613808344,7.137705246868));
#6445 = CARTESIAN_POINT('',(-6.246328058363,7.142593358581));
#6446 = CARTESIAN_POINT('',(-6.234042308292,7.147481496353));
#6447 = CARTESIAN_POINT('',(-6.221756558597,7.152369656854));
#6448 = CARTESIAN_POINT('',(-6.20947080995,7.157257837279));
#6449 = CARTESIAN_POINT('',(-6.197185063225,7.162146035345));
#6450 = CARTESIAN_POINT('',(-6.157794724835,7.177818542103));
#6451 = CARTESIAN_POINT('',(-6.130690098368,7.188602927813));
#6452 = CARTESIAN_POINT('',(-6.103585449263,7.199387390124));
#6453 = CARTESIAN_POINT('',(-6.076480787795,7.210171913872));
#6454 = CARTESIAN_POINT('',(-6.049376125352,7.220956485037));
#6455 = CARTESIAN_POINT('',(-6.022271474434,7.231741090736));
#6456 = CARTESIAN_POINT('',(-5.995166848654,7.242525719228));
#6457 = CARTESIAN_POINT('',(-5.83931554157,7.304537378493));
#6458 = CARTESIAN_POINT('',(-5.710328664345,7.355860549022));
#6459 = CARTESIAN_POINT('',(-5.581489983164,7.407124671345));
#6460 = CARTESIAN_POINT('',(-5.452724454233,7.45835849043));
#6461 = CARTESIAN_POINT('',(-5.323958906875,7.509591829884));
#6462 = CARTESIAN_POINT('',(-5.19512022633,7.560854273795));
#6463 = CARTESIAN_POINT('',(-5.066133280743,7.612176192437));
#6464 = CARTESIAN_POINT('',(-4.855194818884,7.696105975115));
#6465 = CARTESIAN_POINT('',(-4.772977480859,7.72881940231));
#6466 = CARTESIAN_POINT('',(-4.690773329911,7.761527641322));
#6467 = CARTESIAN_POINT('',(-4.608580728067,7.794231405648));
#6468 = CARTESIAN_POINT('',(-4.52638812794,7.826935167459));
#6469 = CARTESIAN_POINT('',(-4.444183979794,7.859643367346));
#6470 = CARTESIAN_POINT('',(-4.361966640887,7.892356687121));
#6471 = CARTESIAN_POINT('',(-4.197694112971,7.957718636233));
#6472 = CARTESIAN_POINT('',(-4.115587925148,7.990387552065));
#6473 = CARTESIAN_POINT('',(-4.033494826554,8.023051200834));
#6474 = CARTESIAN_POINT('',(-3.951413201147,8.055710257853));
#6475 = CARTESIAN_POINT('',(-3.869331578702,8.088369321747));
#6476 = CARTESIAN_POINT('',(-3.787238478587,8.121033000476));
#6477 = CARTESIAN_POINT('',(-3.705132271709,8.153701973737));
#6478 = CARTESIAN_POINT('',(-3.506534264111,8.232721629192));
#6479 = CARTESIAN_POINT('',(-3.389871414935,8.279140410391));
#6480 = CARTESIAN_POINT('',(-3.273294300462,8.325525279968));
#6481 = CARTESIAN_POINT('',(-3.156767414172,8.371889563266));
#6482 = CARTESIAN_POINT('',(-3.040240530172,8.418254420141));
#6483 = CARTESIAN_POINT('',(-2.923663414588,8.46463881349));
#6484 = CARTESIAN_POINT('',(-2.807000560971,8.51105738493));
#6485 = CARTESIAN_POINT('',(-2.600719110842,8.593134182926));
#6486 = CARTESIAN_POINT('',(-2.510915144681,8.628866119909));
#6487 = CARTESIAN_POINT('',(-2.42113240208,8.664589715842));
#6488 = CARTESIAN_POINT('',(-2.331366521315,8.700306702385));
#6489 = CARTESIAN_POINT('',(-2.241600640228,8.736023665334));
#6490 = CARTESIAN_POINT('',(-2.151817898244,8.77174730107));
#6491 = CARTESIAN_POINT('',(-2.062013933029,8.807479279283));
#6492 = CARTESIAN_POINT('',(-1.890739074971,8.875627361038));
#6493 = CARTESIAN_POINT('',(-1.809203868426,8.90806908518));
#6494 = CARTESIAN_POINT('',(-1.727681288032,8.940505630837));
#6495 = CARTESIAN_POINT('',(-1.646169823893,8.972937654209));
#6496 = CARTESIAN_POINT('',(-1.564658360535,9.005369690119));
#6497 = CARTESIAN_POINT('',(-1.483135779785,9.037806244126));
#6498 = CARTESIAN_POINT('',(-1.401600567801,9.070247934714));
#6499 = CARTESIAN_POINT('',(-1.248505035452,9.131162745875));
#6500 = CARTESIAN_POINT('',(-1.176907441807,9.159650652284));
#6501 = CARTESIAN_POINT('',(-1.105315505505,9.188136426471));
#6502 = CARTESIAN_POINT('',(-1.033730638505,9.216619459932));
#6503 = CARTESIAN_POINT('',(-0.962145772538,9.245102486995));
#6504 = CARTESIAN_POINT('',(-0.890553838069,9.273588238327));
#6505 = CARTESIAN_POINT('',(-0.818956244476,9.302076100057));
#6506 = CARTESIAN_POINT('',(-0.685085922042,9.355341331248));
#6507 = CARTESIAN_POINT('',(-0.622794077746,9.380126336257));
#6508 = CARTESIAN_POINT('',(-0.560505076709,9.40491012272));
#6509 = CARTESIAN_POINT('',(-0.498219631498,9.429692443044));
#6510 = CARTESIAN_POINT('',(-0.435934186718,9.454474797579));
#6511 = CARTESIAN_POINT('',(-0.373645186533,9.479258706299));
#6512 = CARTESIAN_POINT('',(-0.311353342058,9.50404392742));
#6513 = CARTESIAN_POINT('',(-0.217934490264,9.541214265029));
#6514 = CARTESIAN_POINT('',(-0.186800882972,9.553601990566));
#6515 = CARTESIAN_POINT('',(-0.155667364406,9.565989669453));
#6516 = CARTESIAN_POINT('',(-0.124533955902,9.578377260198));
#6517 = CARTESIAN_POINT('',(-9.340054590166E-02,9.590764759771));
#6518 = CARTESIAN_POINT('',(-6.226702338584E-02,9.603152153453));
#6519 = CARTESIAN_POINT('',(-3.11334113033E-02,9.615539364677));
#6520 = CARTESIAN_POINT('',(0.,9.627926204883));
#6521 = ( GEOMETRIC_REPRESENTATION_CONTEXT(2) 
PARAMETRIC_REPRESENTATION_CONTEXT() REPRESENTATION_CONTEXT('2D SPACE',''
  ) );
#6522 = PCURVE('',#6213,#6523);
#6523 = DEFINITIONAL_REPRESENTATION('',(#6524),#6604);
#6524 = B_SPLINE_CURVE_WITH_KNOTS('',8,(#6525,#6526,#6527,#6528,#6529,
    #6530,#6531,#6532,#6533,#6534,#6535,#6536,#6537,#6538,#6539,#6540,
    #6541,#6542,#6543,#6544,#6545,#6546,#6547,#6548,#6549,#6550,#6551,
    #6552,#6553,#6554,#6555,#6556,#6557,#6558,#6559,#6560,#6561,#6562,
    #6563,#6564,#6565,#6566,#6567,#6568,#6569,#6570,#6571,#6572,#6573,
    #6574,#6575,#6576,#6577,#6578,#6579,#6580,#6581,#6582,#6583,#6584,
    #6585,#6586,#6587,#6588,#6589,#6590,#6591,#6592,#6593,#6594,#6595,
    #6596,#6597,#6598,#6599,#6600,#6601,#6602,#6603),.UNSPECIFIED.,.F.,
  .F.,(9,7,7,7,7,7,7,7,7,7,7,9),(0.,1.564652936141E-02,
    5.016563099712E-02,0.214131284884,0.318806768691,0.423340908077,
    0.571731685386,0.68605109104,0.789859154964,0.881026232993,
    0.960349985024,1.),.UNSPECIFIED.);
#6525 = CARTESIAN_POINT('',(0.742120633566,0.));
#6526 = CARTESIAN_POINT('',(0.742120513883,1.322254683358E-02));
#6527 = CARTESIAN_POINT('',(0.742120421117,2.64451012497E-02));
#6528 = CARTESIAN_POINT('',(0.742120353724,3.966766086045E-02));
#6529 = CARTESIAN_POINT('',(0.742120309789,5.289022340781E-02));
#6530 = CARTESIAN_POINT('',(0.742120287032,6.611278676358E-02));
#6531 = CARTESIAN_POINT('',(0.742120282803,7.933534892941E-02));
#6532 = CARTESIAN_POINT('',(0.742120294086,9.255790803682E-02));
#6533 = CARTESIAN_POINT('',(0.742120369142,0.134951832277));
#6534 = CARTESIAN_POINT('',(0.742120482385,0.164123226977));
#6535 = CARTESIAN_POINT('',(0.742120621758,0.193294632434));
#6536 = CARTESIAN_POINT('',(0.742120758957,0.222466035412));
#6537 = CARTESIAN_POINT('',(0.742120872846,0.251637423454));
#6538 = CARTESIAN_POINT('',(0.742120949451,0.280808784878));
#6539 = CARTESIAN_POINT('',(0.742120981967,0.309980108782));
#6540 = CARTESIAN_POINT('',(0.742120917476,0.477714880596));
#6541 = CARTESIAN_POINT('',(0.742119893992,0.616536704402));
#6542 = CARTESIAN_POINT('',(0.742117757979,0.755199288762));
#6543 = CARTESIAN_POINT('',(0.742118167236,0.8937836091));
#6544 = CARTESIAN_POINT('',(0.742119765906,1.032367682575));
#6545 = CARTESIAN_POINT('',(0.742121399227,1.17103032563));
#6546 = CARTESIAN_POINT('',(0.742122112776,1.309852454153));
#6547 = CARTESIAN_POINT('',(0.742122054279,1.536874868821));
#6548 = CARTESIAN_POINT('',(0.742121690609,1.625361244868));
#6549 = CARTESIAN_POINT('',(0.742121188017,1.713833430303));
#6550 = CARTESIAN_POINT('',(0.742120439111,1.802293230352));
#6551 = CARTESIAN_POINT('',(0.742119698473,1.890753072805));
#6552 = CARTESIAN_POINT('',(0.742119271143,1.979225351775));
#6553 = CARTESIAN_POINT('',(0.742119096349,2.067711807894));
#6554 = CARTESIAN_POINT('',(0.742119112821,2.244510184433));
#6555 = CARTESIAN_POINT('',(0.742119312703,2.332876989697));
#6556 = CARTESIAN_POINT('',(0.742119643514,2.42122968933));
#6557 = CARTESIAN_POINT('',(0.742120044996,2.509570027));
#6558 = CARTESIAN_POINT('',(0.742120434623,2.597910343262));
#6559 = CARTESIAN_POINT('',(0.742120716885,2.686262995017));
#6560 = CARTESIAN_POINT('',(0.742120827369,2.774629754076));
#6561 = CARTESIAN_POINT('',(0.742120796157,2.98837078519));
#6562 = CARTESIAN_POINT('',(0.742120555235,3.113929153714));
#6563 = CARTESIAN_POINT('',(0.742119924903,3.239395367367));
#6564 = CARTESIAN_POINT('',(0.742120470464,3.364807574787));
#6565 = CARTESIAN_POINT('',(0.742119803811,3.490219688041));
#6566 = CARTESIAN_POINT('',(0.74212015484,3.615685967333));
#6567 = CARTESIAN_POINT('',(0.742120332769,3.741244354204));
#6568 = CARTESIAN_POINT('',(0.74212030543,3.963254712194));
#6569 = CARTESIAN_POINT('',(0.742120172585,4.059906185776));
#6570 = CARTESIAN_POINT('',(0.742119848327,4.156534811769));
#6571 = CARTESIAN_POINT('',(0.742119342571,4.253145313995));
#6572 = CARTESIAN_POINT('',(0.74211887806,4.349755838762));
#6573 = CARTESIAN_POINT('',(0.742118462353,4.446384526512));
#6574 = CARTESIAN_POINT('',(0.74211823641,4.543036079386));
#6575 = CARTESIAN_POINT('',(0.742118271079,4.7273707413));
#6576 = CARTESIAN_POINT('',(0.74211846768,4.815123061007));
#6577 = CARTESIAN_POINT('',(0.742118987344,4.902861817041));
#6578 = CARTESIAN_POINT('',(0.742119693875,4.990588579266));
#6579 = CARTESIAN_POINT('',(0.742120372767,5.078315295431));
#6580 = CARTESIAN_POINT('',(0.742120881568,5.166053951641));
#6581 = CARTESIAN_POINT('',(0.742121177572,5.253806191502));
#6582 = CARTESIAN_POINT('',(0.742121126965,5.418575197118));
#6583 = CARTESIAN_POINT('',(0.742120872652,5.49563208053));
#6584 = CARTESIAN_POINT('',(0.742120373367,5.572682889339));
#6585 = CARTESIAN_POINT('',(0.742119713677,5.649726122526));
#6586 = CARTESIAN_POINT('',(0.742119040202,5.726769394));
#6587 = CARTESIAN_POINT('',(0.742118514739,5.803820300294));
#6588 = CARTESIAN_POINT('',(0.742118257352,5.880877298389));
#6589 = CARTESIAN_POINT('',(0.74211829862,6.024955354208));
#6590 = CARTESIAN_POINT('',(0.742118529474,6.091996989623));
#6591 = CARTESIAN_POINT('',(0.742118983088,6.159035535375));
#6592 = CARTESIAN_POINT('',(0.742119615106,6.226070203582));
#6593 = CARTESIAN_POINT('',(0.742120293499,6.293104818707));
#6594 = CARTESIAN_POINT('',(0.74212082769,6.360143234756));
#6595 = CARTESIAN_POINT('',(0.742121059009,6.427184733967));
#6596 = CARTESIAN_POINT('',(0.742120989254,6.527726719963));
#6597 = CARTESIAN_POINT('',(0.742120898727,6.561234262871));
#6598 = CARTESIAN_POINT('',(0.742120733911,6.594741729134));
#6599 = CARTESIAN_POINT('',(0.742120510029,6.628249099567));
#6600 = CARTESIAN_POINT('',(0.742120251964,6.661756494319));
#6601 = CARTESIAN_POINT('',(0.74211998169,6.695264024833));
#6602 = CARTESIAN_POINT('',(0.742119705692,6.728771645825));
#6603 = CARTESIAN_POINT('',(0.742119402399,6.762279007243));
#6604 = ( GEOMETRIC_REPRESENTATION_CONTEXT(2) 
PARAMETRIC_REPRESENTATION_CONTEXT() REPRESENTATION_CONTEXT('2D SPACE',''
  ) );
#6605 = ORIENTED_EDGE('',*,*,#6052,.T.);
#6606 = ORIENTED_EDGE('',*,*,#6607,.T.);
#6607 = EDGE_CURVE('',#5718,#6608,#6610,.T.);
#6608 = VERTEX_POINT('',#6609);
#6609 = CARTESIAN_POINT('',(-7.815018547143,3.981950038336,
    10.184526353559));
#6610 = SURFACE_CURVE('',#6611,(#6691,#6774),.PCURVE_S1.);
#6611 = B_SPLINE_CURVE_WITH_KNOTS('',8,(#6612,#6613,#6614,#6615,#6616,
    #6617,#6618,#6619,#6620,#6621,#6622,#6623,#6624,#6625,#6626,#6627,
    #6628,#6629,#6630,#6631,#6632,#6633,#6634,#6635,#6636,#6637,#6638,
    #6639,#6640,#6641,#6642,#6643,#6644,#6645,#6646,#6647,#6648,#6649,
    #6650,#6651,#6652,#6653,#6654,#6655,#6656,#6657,#6658,#6659,#6660,
    #6661,#6662,#6663,#6664,#6665,#6666,#6667,#6668,#6669,#6670,#6671,
    #6672,#6673,#6674,#6675,#6676,#6677,#6678,#6679,#6680,#6681,#6682,
    #6683,#6684,#6685,#6686,#6687,#6688,#6689,#6690),.UNSPECIFIED.,.F.,
  .F.,(9,7,7,7,7,7,7,7,7,7,7,9),(0.,4.580163339618E-02,0.219274019562,
    0.276948367479,0.377941944767,0.504713804192,0.632457263485,
    0.747920797786,0.817209971873,0.870594164966,0.957005375261,1.),
  .UNSPECIFIED.);
#6612 = CARTESIAN_POINT('',(-8.771,-5.605304860268E-07,7.87203399314));
#6613 = CARTESIAN_POINT('',(-8.771,-0.291798183491,7.88526950374));
#6614 = CARTESIAN_POINT('',(-8.759905374981,-0.583598211391,
    7.898504688296));
#6615 = CARTESIAN_POINT('',(-8.737716318699,-0.874905004068,
    7.911739905558));
#6616 = CARTESIAN_POINT('',(-8.704459057073,-1.165226152483,
    7.924975425597));
#6617 = CARTESIAN_POINT('',(-8.660185830916,-1.45407260414,
    7.938211416359));
#6618 = CARTESIAN_POINT('',(-8.604974878651,-1.740958788505,
    7.951447930204));
#6619 = CARTESIAN_POINT('',(-8.538930419044,-2.025402742428,
    7.964684890464));
#6620 = CARTESIAN_POINT('',(-8.171502576681,-3.373188473249,
    8.02805754992));
#6621 = CARTESIAN_POINT('',(-7.726776943663,-4.399420058438,
    8.078283561575));
#6622 = CARTESIAN_POINT('',(-7.134942576271,-5.356595704103,
    8.128457840745));
#6623 = CARTESIAN_POINT('',(-6.409548913982,-6.221070974484,
    8.178597226914));
#6624 = CARTESIAN_POINT('',(-5.567102994948,-6.971935838297,
    8.228736962182));
#6625 = CARTESIAN_POINT('',(-4.628012550273,-7.592067188751,
    8.278903638285));
#6626 = CARTESIAN_POINT('',(-3.615507186667,-8.067215647359,
    8.329123859061));
#6627 = CARTESIAN_POINT('',(-2.206934110843,-8.496758350988,
    8.395927302578));
#6628 = CARTESIAN_POINT('',(-1.850336443523,-8.58711084945,
    8.412596123504));
#6629 = CARTESIAN_POINT('',(-1.489550474822,-8.660347652925,
    8.429264834646));
#6630 = CARTESIAN_POINT('',(-1.125536430365,-8.716246581297,
    8.445933372424));
#6631 = CARTESIAN_POINT('',(-0.759263222951,-8.754650279364,
    8.462601911096));
#6632 = CARTESIAN_POINT('',(-0.391707941139,-8.775464818946,
    8.479270628124));
#6633 = CARTESIAN_POINT('',(-2.385571176636E-02,-8.778661170192,
    8.495939469304));
#6634 = CARTESIAN_POINT('',(0.986226711494,-8.739095866432,
    8.541796034274));
#6635 = CARTESIAN_POINT('',(1.627170265881,-8.660005539219,8.57098973747
    ));
#6636 = CARTESIAN_POINT('',(2.260663752262,-8.527187510347,
    8.600180732715));
#6637 = CARTESIAN_POINT('',(2.881458795359,-8.341513578517,
    8.629368411761));
#6638 = CARTESIAN_POINT('',(3.484495745443,-8.104431894451,
    8.658556035521));
#6639 = CARTESIAN_POINT('',(4.064899895616,-7.817925995041,
    8.687746899333));
#6640 = CARTESIAN_POINT('',(4.618003790069,-7.484549368436,
    8.716940476606));
#6641 = CARTESIAN_POINT('',(5.793871026207,-6.634290180701,
    8.782766763558));
#6642 = CARTESIAN_POINT('',(6.398864737634,-6.091937951509,
    8.819423246546));
#6643 = CARTESIAN_POINT('',(6.945339692038,-5.486834220966,
    8.856070431913));
#6644 = CARTESIAN_POINT('',(7.425877908958,-4.826500726156,
    8.892710403352));
#6645 = CARTESIAN_POINT('',(7.834216519735,-4.119240599798,8.92935036115
    ));
#6646 = CARTESIAN_POINT('',(8.165310544619,-3.3741485815,8.965997659948)
  );
#6647 = CARTESIAN_POINT('',(8.415298122982,-2.601057640527,
    9.002654156445));
#6648 = CARTESIAN_POINT('',(8.750061116022,-1.014499386835,
    9.076211242406));
#6649 = CARTESIAN_POINT('',(8.833723597842,-0.199971976954,
    9.113148410849));
#6650 = CARTESIAN_POINT('',(8.830543746302,0.621737472293,9.150075103618
    ));
#6651 = CARTESIAN_POINT('',(8.740088482139,1.439827034768,9.186993815772
    ));
#6652 = CARTESIAN_POINT('',(8.563344101124,2.243701465169,9.223912507866
    ));
#6653 = CARTESIAN_POINT('',(8.30277508366,3.023009026428,9.260839326706)
  );
#6654 = CARTESIAN_POINT('',(7.962256579985,3.767657523251,9.29777664308)
  );
#6655 = CARTESIAN_POINT('',(7.172960913824,5.100998299994,9.368065756269
    ));
#6656 = CARTESIAN_POINT('',(6.737439121892,5.698303456327,9.401447372271
    ));
#6657 = CARTESIAN_POINT('',(6.24525791446,6.252756998357,9.434823455321)
  );
#6658 = CARTESIAN_POINT('',(5.701435719634,6.758161444914,9.468194617592
    ));
#6659 = CARTESIAN_POINT('',(5.111663448695,7.209099272098,9.501565733913
    ));
#6660 = CARTESIAN_POINT('',(4.482239667538,7.600873221904,9.534941709215
    ));
#6661 = CARTESIAN_POINT('',(3.820118522544,7.929580268425,9.568323232468
    ));
#6662 = CARTESIAN_POINT('',(2.720731954595,8.350024756333,9.621718514694
    ));
#6663 = CARTESIAN_POINT('',(2.299332713852,8.483998625212,9.641744555498
    ));
#6664 = CARTESIAN_POINT('',(1.870462593117,8.593641320293,9.661770126716
    ));
#6665 = CARTESIAN_POINT('',(1.435765086969,8.678476625858,9.681795163519
    ));
#6666 = CARTESIAN_POINT('',(0.996906818726,8.738162166935,9.701820196679
    ));
#6667 = CARTESIAN_POINT('',(0.555575871409,8.772485320474,9.721845744118
    ));
#6668 = CARTESIAN_POINT('',(0.113481526992,8.781367619302,9.741871716552
    ));
#6669 = CARTESIAN_POINT('',(-0.667512421217,8.752172868073,
    9.777325292243));
#6670 = CARTESIAN_POINT('',(-1.006822631155,8.724406453645,
    9.792754011814));
#6671 = CARTESIAN_POINT('',(-1.344788606234,8.681606988258,
    9.808182645529));
#6672 = CARTESIAN_POINT('',(-1.68063304056,8.623852985289,9.823611163629
    ));
#6673 = CARTESIAN_POINT('',(-2.013587612652,8.55127016229,9.839039693719
    ));
#6674 = CARTESIAN_POINT('',(-2.342893015172,8.464030506405,
    9.854468359143));
#6675 = CARTESIAN_POINT('',(-2.667799333752,8.362353131705,
    9.869897118968));
#6676 = CARTESIAN_POINT('',(-3.505163651404,8.058990548548,
    9.910299192053));
#6677 = CARTESIAN_POINT('',(-4.009365242932,7.834325567807,
    9.935275348693));
#6678 = CARTESIAN_POINT('',(-4.496976518686,7.573654448095,
    9.960250241792));
#6679 = CARTESIAN_POINT('',(-4.965007312145,7.278433261075,
    9.985223488454));
#6680 = CARTESIAN_POINT('',(-5.410648497295,6.950390129809,
    10.010196601061));
#6681 = CARTESIAN_POINT('',(-5.831266114067,6.591509962054,
    10.035171254005));
#6682 = CARTESIAN_POINT('',(-6.224413442978,6.204045475265,
    10.060147376698));
#6683 = CARTESIAN_POINT('',(-6.76869743339,5.584818606094,
    10.097546945514));
#6684 = CARTESIAN_POINT('',(-6.942192123227,5.372626964151,
    10.109972959686));
#6685 = CARTESIAN_POINT('',(-7.10807468013,5.154287412763,
    10.122398974459));
#6686 = CARTESIAN_POINT('',(-7.266091473051,4.930119342752,
    10.134824943686));
#6687 = CARTESIAN_POINT('',(-7.41600570076,4.700453628976,
    10.147250834692));
#6688 = CARTESIAN_POINT('',(-7.557597434359,4.465632548832,
    10.159676546988));
#6689 = CARTESIAN_POINT('',(-7.690663659802,4.226009700773,
    10.172101830971));
#6690 = CARTESIAN_POINT('',(-7.815018320404,3.981949922807,
    10.184526206632));
#6691 = PCURVE('',#6066,#6692);
#6692 = DEFINITIONAL_REPRESENTATION('',(#6693),#6773);
#6693 = B_SPLINE_CURVE_WITH_KNOTS('',8,(#6694,#6695,#6696,#6697,#6698,
    #6699,#6700,#6701,#6702,#6703,#6704,#6705,#6706,#6707,#6708,#6709,
    #6710,#6711,#6712,#6713,#6714,#6715,#6716,#6717,#6718,#6719,#6720,
    #6721,#6722,#6723,#6724,#6725,#6726,#6727,#6728,#6729,#6730,#6731,
    #6732,#6733,#6734,#6735,#6736,#6737,#6738,#6739,#6740,#6741,#6742,
    #6743,#6744,#6745,#6746,#6747,#6748,#6749,#6750,#6751,#6752,#6753,
    #6754,#6755,#6756,#6757,#6758,#6759,#6760,#6761,#6762,#6763,#6764,
    #6765,#6766,#6767,#6768,#6769,#6770,#6771,#6772),.UNSPECIFIED.,.F.,
  .F.,(9,7,7,7,7,7,7,7,7,7,7,9),(0.,4.580163339618E-02,0.219274019562,
    0.276948367479,0.377941944767,0.504713804192,0.632457263485,
    0.747920797786,0.817209971873,0.870594164966,0.957005375261,1.),
  .UNSPECIFIED.);
#6694 = CARTESIAN_POINT('',(-6.28318530718,7.87203399314));
#6695 = CARTESIAN_POINT('',(-6.249916851706,7.88526950374));
#6696 = CARTESIAN_POINT('',(-6.216648120798,7.898504688296));
#6697 = CARTESIAN_POINT('',(-6.183379517235,7.911739905558));
#6698 = CARTESIAN_POINT('',(-6.150111072485,7.924975425597));
#6699 = CARTESIAN_POINT('',(-6.116842632289,7.938211416359));
#6700 = CARTESIAN_POINT('',(-6.083574042247,7.951447930204));
#6701 = CARTESIAN_POINT('',(-6.050305333404,7.964684890464));
#6702 = CARTESIAN_POINT('',(-5.891033690481,8.02805754992));
#6703 = CARTESIAN_POINT('',(-5.764815036829,8.078283561575));
#6704 = CARTESIAN_POINT('',(-5.638727918307,8.128457840745));
#6705 = CARTESIAN_POINT('',(-5.512708385383,8.178597226914));
#6706 = CARTESIAN_POINT('',(-5.386688862433,8.228736962182));
#6707 = CARTESIAN_POINT('',(-5.2606017179,8.278903638285));
#6708 = CARTESIAN_POINT('',(-5.134383013038,8.329123859061));
#6709 = CARTESIAN_POINT('',(-4.966487489078,8.395927302578));
#6710 = CARTESIAN_POINT('',(-4.924594297778,8.412596123504));
#6711 = CARTESIAN_POINT('',(-4.882701501629,8.429264834646));
#6712 = CARTESIAN_POINT('',(-4.840809203708,8.445933372424));
#6713 = CARTESIAN_POINT('',(-4.798916907032,8.462601911096));
#6714 = CARTESIAN_POINT('',(-4.757024113069,8.479270628124));
#6715 = CARTESIAN_POINT('',(-4.715130920425,8.495939469304));
#6716 = CARTESIAN_POINT('',(-4.599881003645,8.541796034274));
#6717 = CARTESIAN_POINT('',(-4.526509045022,8.57098973747));
#6718 = CARTESIAN_POINT('',(-4.453143469135,8.600180732715));
#6719 = CARTESIAN_POINT('',(-4.37978586737,8.629368411761));
#6720 = CARTESIAN_POINT('',(-4.306428266147,8.658556035521));
#6721 = CARTESIAN_POINT('',(-4.233062691812,8.687746899333));
#6722 = CARTESIAN_POINT('',(-4.159690735504,8.716940476606));
#6723 = CARTESIAN_POINT('',(-3.99425120719,8.782766763558));
#6724 = CARTESIAN_POINT('',(-3.90212417392,8.819423246546));
#6725 = CARTESIAN_POINT('',(-3.810021426847,8.856070431913));
#6726 = CARTESIAN_POINT('',(-3.717937535169,8.892710403352));
#6727 = CARTESIAN_POINT('',(-3.625853642802,8.92935036115));
#6728 = CARTESIAN_POINT('',(-3.533750897901,8.965997659948));
#6729 = CARTESIAN_POINT('',(-3.441623860632,9.002654156445));
#6730 = CARTESIAN_POINT('',(-3.256754280234,9.076211242406));
#6731 = CARTESIAN_POINT('',(-3.163919763538,9.113148410849));
#6732 = CARTESIAN_POINT('',(-3.071110527469,9.150075103618));
#6733 = CARTESIAN_POINT('',(-2.978320778699,9.186993815772));
#6734 = CARTESIAN_POINT('',(-2.885531030668,9.223912507866));
#6735 = CARTESIAN_POINT('',(-2.792721797433,9.260839326706));
#6736 = CARTESIAN_POINT('',(-2.699887285948,9.29777664308));
#6737 = CARTESIAN_POINT('',(-2.523231629312,9.368065756269));
#6738 = CARTESIAN_POINT('',(-2.439335350182,9.401447372271));
#6739 = CARTESIAN_POINT('',(-2.355453718205,9.434823455321));
#6740 = CARTESIAN_POINT('',(-2.271584740243,9.468194617592));
#6741 = CARTESIAN_POINT('',(-2.18771576075,9.501565733913));
#6742 = CARTESIAN_POINT('',(-2.103834124891,9.534941709215));
#6743 = CARTESIAN_POINT('',(-2.019937841733,9.568323232468));
#6744 = CARTESIAN_POINT('',(-1.885740997226,9.621718514694));
#6745 = CARTESIAN_POINT('',(-1.835409928673,9.641744555498));
#6746 = CARTESIAN_POINT('',(-1.785079849601,9.661770126716));
#6747 = CARTESIAN_POINT('',(-1.734751009449,9.681795163519));
#6748 = CARTESIAN_POINT('',(-1.684422170241,9.701820196679));
#6749 = CARTESIAN_POINT('',(-1.63409209334,9.721845744118));
#6750 = CARTESIAN_POINT('',(-1.583761026475,9.741871716552));
#6751 = CARTESIAN_POINT('',(-1.494656086332,9.777325292243));
#6752 = CARTESIAN_POINT('',(-1.455879369761,9.792754011814));
#6753 = CARTESIAN_POINT('',(-1.417102924059,9.808182645529));
#6754 = CARTESIAN_POINT('',(-1.378326817091,9.823611163629));
#6755 = CARTESIAN_POINT('',(-1.339550709407,9.839039693719));
#6756 = CARTESIAN_POINT('',(-1.300774261859,9.854468359143));
#6757 = CARTESIAN_POINT('',(-1.261997543271,9.869897118968));
#6758 = CARTESIAN_POINT('',(-1.160455851983,9.910299192053));
#6759 = CARTESIAN_POINT('',(-1.097683612166,9.935275348693));
#6760 = CARTESIAN_POINT('',(-1.034914325372,9.960250241792));
#6761 = CARTESIAN_POINT('',(-0.972148731765,9.985223488454));
#6762 = CARTESIAN_POINT('',(-0.909383139217,10.010196601061));
#6763 = CARTESIAN_POINT('',(-0.846613855859,10.035171254005));
#6764 = CARTESIAN_POINT('',(-0.783841620999,10.060147376698));
#6765 = CARTESIAN_POINT('',(-0.689846488672,10.097546945514));
#6766 = CARTESIAN_POINT('',(-0.658616722781,10.109972959686));
#6767 = CARTESIAN_POINT('',(-0.627387040982,10.122398974459));
#6768 = CARTESIAN_POINT('',(-0.59615747262,10.134824943686));
#6769 = CARTESIAN_POINT('',(-0.564927907397,10.147250834692));
#6770 = CARTESIAN_POINT('',(-0.533698230649,10.159676546988));
#6771 = CARTESIAN_POINT('',(-0.502468458621,10.172101830971));
#6772 = CARTESIAN_POINT('',(-0.471238873742,10.184526206632));
#6773 = ( GEOMETRIC_REPRESENTATION_CONTEXT(2) 
PARAMETRIC_REPRESENTATION_CONTEXT() REPRESENTATION_CONTEXT('2D SPACE',''
  ) );
#6774 = PCURVE('',#6775,#6838);
#6775 = B_SPLINE_SURFACE_WITH_KNOTS('',1,9,(
    (#6776,#6777,#6778,#6779,#6780,#6781,#6782,#6783,#6784,#6785,#6786
      ,#6787,#6788,#6789,#6790,#6791,#6792,#6793,#6794,#6795,#6796,#6797
      ,#6798,#6799,#6800,#6801,#6802,#6803,#6804,#6805,#6806)
    ,(#6807,#6808,#6809,#6810,#6811,#6812,#6813,#6814,#6815,#6816,#6817
      ,#6818,#6819,#6820,#6821,#6822,#6823,#6824,#6825,#6826,#6827,#6828
      ,#6829,#6830,#6831,#6832,#6833,#6834,#6835,#6836,#6837
  )),.UNSPECIFIED.,.F.,.F.,.F.,(2,2),(10,7,7,7,10),(0.,2.1855),(0.,
    1.563777024401,3.127554048803,4.691331073204,6.255108097605),
  .UNSPECIFIED.);
#6776 = CARTESIAN_POINT('',(-10.02101611928,9.581166082739E-09,
    8.593750240807));
#6777 = CARTESIAN_POINT('',(-10.02102004926,-1.617822479644,
    8.657986410628));
#6778 = CARTESIAN_POINT('',(-9.727215989093,-3.235635134121,
    8.722222555557));
#6779 = CARTESIAN_POINT('',(-9.139511392503,-4.792482555296,
    8.786458591185));
#6780 = CARTESIAN_POINT('',(-8.272767070758,-6.227329168937,
    8.85069467986));
#6781 = CARTESIAN_POINT('',(-7.156511908551,-7.483497770019,
    8.914930808244));
#6782 = CARTESIAN_POINT('',(-5.833489384019,-8.512868890195,
    8.979166937094));
#6783 = CARTESIAN_POINT('',(-4.356528020575,-9.279449267307,
    9.043403058991));
#6784 = CARTESIAN_POINT('',(-1.212388269196,-10.24335352887,9.1718752859
    ));
#6785 = CARTESIAN_POINT('',(2.069908638753,-10.04006929353,
    9.300347494541));
#6786 = CARTESIAN_POINT('',(3.685026428779,-9.639461482594,
    9.364583597655));
#6787 = CARTESIAN_POINT('',(5.21181036123,-8.947383400193,9.428819708603
    ));
#6788 = CARTESIAN_POINT('',(6.590468411666,-7.986510923501,9.49305582604
    ));
#6789 = CARTESIAN_POINT('',(7.768211094078,-6.793637484119,
    9.557291942512));
#6790 = CARTESIAN_POINT('',(8.703072797965,-5.417009325111,
    9.621528054003));
#6791 = CARTESIAN_POINT('',(10.029846178814,-2.407953006447,
    9.750000273473));
#6792 = CARTESIAN_POINT('',(10.213765048134,0.875478336299,
    9.878472492944));
#6793 = CARTESIAN_POINT('',(10.005773264476,2.526481243856,
    9.942708604433));
#6794 = CARTESIAN_POINT('',(9.497950940479,4.124023187553,
    10.006944720908));
#6795 = CARTESIAN_POINT('',(8.705785275055,5.606065073061,
    10.071180838343));
#6796 = CARTESIAN_POINT('',(7.659607376016,6.915856989647,
    10.135416949293));
#6797 = CARTESIAN_POINT('',(6.402398310547,8.006048452182,
    10.199653052405));
#6798 = CARTESIAN_POINT('',(3.570138762048,9.677306049988,
    10.328125261047));
#6799 = CARTESIAN_POINT('',(0.331086653108,10.245871150275,
    10.456597487955));
#6800 = CARTESIAN_POINT('',(-1.332915511908,10.233370952633,
    10.520833609844));
#6801 = CARTESIAN_POINT('',(-2.979061556292,9.916835855094,
    10.585069738726));
#6802 = CARTESIAN_POINT('',(-4.54394294708,9.304355248741,
    10.649305867062));
#6803 = CARTESIAN_POINT('',(-5.967626350487,8.419383295198,
    10.71354195577));
#6804 = CARTESIAN_POINT('',(-7.198058906454,7.299030828547,
    10.777777991398));
#6805 = CARTESIAN_POINT('',(-8.194315088277,5.990936719817,
    10.84201413631));
#6806 = CARTESIAN_POINT('',(-8.928794630662,4.549448111302,
    10.906250306143));
#6807 = CARTESIAN_POINT('',(-8.128330125193,-8.536415752047E-07,
    7.500978545631));
#6808 = CARTESIAN_POINT('',(-8.12833696854,-1.312292165254,
    7.565209428133));
#6809 = CARTESIAN_POINT('',(-7.890020731798,-2.624491097721,
    7.629442528549));
#6810 = CARTESIAN_POINT('',(-7.413336886918,-3.887305566114,
    7.693685361392));
#6811 = CARTESIAN_POINT('',(-6.710270248468,-5.051177026266,
    7.757923468919));
#6812 = CARTESIAN_POINT('',(-5.804844194804,-6.070076559294,
    7.822158044084));
#6813 = CARTESIAN_POINT('',(-4.731706839571,-6.905032603231,
    7.886392574019));
#6814 = CARTESIAN_POINT('',(-3.53370387639,-7.526826819216,7.9506277251)
  );
#6815 = CARTESIAN_POINT('',(-0.983403278264,-8.308677154239,
    8.079099529987));
#6816 = CARTESIAN_POINT('',(1.678964997944,-8.143786524391,
    8.207572961546));
#6817 = CARTESIAN_POINT('',(2.989035345546,-7.818840885079,
    8.271809784893));
#6818 = CARTESIAN_POINT('',(4.22745076615,-7.257475352311,8.336045910477
    ));
#6819 = CARTESIAN_POINT('',(5.345715728033,-6.478086802396,
    8.400281458327));
#6820 = CARTESIAN_POINT('',(6.301015382582,-5.510516911034,
    8.464517091967));
#6821 = CARTESIAN_POINT('',(7.05930936048,-4.393893847471,8.528753169322
    ));
#6822 = CARTESIAN_POINT('',(8.135494359236,-1.953158311775,
    8.657225636565));
#6823 = CARTESIAN_POINT('',(8.284675937008,0.710130813275,8.785698103809
    ));
#6824 = CARTESIAN_POINT('',(8.115966970721,2.049307298949,8.849934181162
    ));
#6825 = CARTESIAN_POINT('',(7.704057534795,3.345115141452,8.914169814805
    ));
#6826 = CARTESIAN_POINT('',(7.061512064571,4.547237972154,8.978405362652
    ));
#6827 = CARTESIAN_POINT('',(6.212929621347,5.60964771668,9.042641488238)
  );
#6828 = CARTESIAN_POINT('',(5.193169137462,6.493934146437,9.106878311583
    ));
#6829 = CARTESIAN_POINT('',(2.895838837875,7.849539283075,9.235351743144
    ));
#6830 = CARTESIAN_POINT('',(0.268552162752,8.310718042133,9.363823548031
    ));
#6831 = CARTESIAN_POINT('',(-1.081164505943,8.300579626323,
    9.428058699096));
#6832 = CARTESIAN_POINT('',(-2.41639828978,8.04382507847,9.492293229089)
  );
#6833 = CARTESIAN_POINT('',(-3.685713214609,7.547041592789,
    9.556527804167));
#6834 = CARTESIAN_POINT('',(-4.840539833913,6.829195699,9.620765911751)
  );
#6835 = CARTESIAN_POINT('',(-5.838556006882,5.920423135249,
    9.685008744597));
#6836 = CARTESIAN_POINT('',(-6.646628733991,4.859444245873,
    9.749241844982));
#6837 = CARTESIAN_POINT('',(-7.242402586538,3.690187215448,
    9.813472727506));
#6838 = DEFINITIONAL_REPRESENTATION('',(#6839),#6919);
#6839 = B_SPLINE_CURVE_WITH_KNOTS('',8,(#6840,#6841,#6842,#6843,#6844,
    #6845,#6846,#6847,#6848,#6849,#6850,#6851,#6852,#6853,#6854,#6855,
    #6856,#6857,#6858,#6859,#6860,#6861,#6862,#6863,#6864,#6865,#6866,
    #6867,#6868,#6869,#6870,#6871,#6872,#6873,#6874,#6875,#6876,#6877,
    #6878,#6879,#6880,#6881,#6882,#6883,#6884,#6885,#6886,#6887,#6888,
    #6889,#6890,#6891,#6892,#6893,#6894,#6895,#6896,#6897,#6898,#6899,
    #6900,#6901,#6902,#6903,#6904,#6905,#6906,#6907,#6908,#6909,#6910,
    #6911,#6912,#6913,#6914,#6915,#6916,#6917,#6918),.UNSPECIFIED.,.F.,
  .F.,(9,7,7,7,7,7,7,7,7,7,7,9),(0.,4.580163339618E-02,0.219274019562,
    0.276948367479,0.377941944767,0.504713804192,0.632457263485,
    0.747920797786,0.817209971873,0.870594164966,0.957005375261,1.),
  .UNSPECIFIED.);
#6840 = CARTESIAN_POINT('',(1.443403838366,0.));
#6841 = CARTESIAN_POINT('',(1.44340523133,3.580468392219E-02));
#6842 = CARTESIAN_POINT('',(1.443407882819,7.161001642683E-02));
#6843 = CARTESIAN_POINT('',(1.44341074309,0.107415430736));
#6844 = CARTESIAN_POINT('',(1.44341320876,0.143220792606));
#6845 = CARTESIAN_POINT('',(1.443415012052,0.179026196018));
#6846 = CARTESIAN_POINT('',(1.443416110049,0.214831758867));
#6847 = CARTESIAN_POINT('',(1.443416573949,0.250637418659));
#6848 = CARTESIAN_POINT('',(1.443416116078,0.422054321541));
#6849 = CARTESIAN_POINT('',(1.443407829979,0.557897133318));
#6850 = CARTESIAN_POINT('',(1.443397400951,0.693596853795));
#6851 = CARTESIAN_POINT('',(1.44340103755,0.829224616609));
#6852 = CARTESIAN_POINT('',(1.443403910105,0.964853491164));
#6853 = CARTESIAN_POINT('',(1.443406779885,1.100555341518));
#6854 = CARTESIAN_POINT('',(1.443407612125,1.236398719692));
#6855 = CARTESIAN_POINT('',(1.443407575262,1.41709662194));
#6856 = CARTESIAN_POINT('',(1.4434074643,1.462184229363));
#6857 = CARTESIAN_POINT('',(1.443407286004,1.507271380872));
#6858 = CARTESIAN_POINT('',(1.443407080835,1.55235796375));
#6859 = CARTESIAN_POINT('',(1.443406890346,1.597444515026));
#6860 = CARTESIAN_POINT('',(1.443406751281,1.642531576842));
#6861 = CARTESIAN_POINT('',(1.443406688706,1.687619050323));
#6862 = CARTESIAN_POINT('',(1.443406742269,1.811656534823));
#6863 = CARTESIAN_POINT('',(1.443407027029,1.890622919082));
#6864 = CARTESIAN_POINT('',(1.443407623436,1.969582433904));
#6865 = CARTESIAN_POINT('',(1.443408468334,2.048533412645));
#6866 = CARTESIAN_POINT('',(1.443409384458,2.127484467544));
#6867 = CARTESIAN_POINT('',(1.443410133469,2.206444183517));
#6868 = CARTESIAN_POINT('',(1.443410511977,2.28541082707));
#6869 = CARTESIAN_POINT('',(1.443410463703,2.463465361614));
#6870 = CARTESIAN_POINT('',(1.443409799561,2.562617266188));
#6871 = CARTESIAN_POINT('',(1.443408397602,2.66174303083));
#6872 = CARTESIAN_POINT('',(1.443406426285,2.760848426981));
#6873 = CARTESIAN_POINT('',(1.443404513316,2.859953716086));
#6874 = CARTESIAN_POINT('',(1.443402961654,2.959079224011));
#6875 = CARTESIAN_POINT('',(1.443402334382,3.058230824067));
#6876 = CARTESIAN_POINT('',(1.443402699724,3.257196488131));
#6877 = CARTESIAN_POINT('',(1.443403723238,3.357109537618));
#6878 = CARTESIAN_POINT('',(1.443405576116,3.456995445379));
#6879 = CARTESIAN_POINT('',(1.443407835272,3.556860461116));
#6880 = CARTESIAN_POINT('',(1.443410121096,3.656725592893));
#6881 = CARTESIAN_POINT('',(1.443411661571,3.75661174671));
#6882 = CARTESIAN_POINT('',(1.44341234321,3.856525080247));
#6883 = CARTESIAN_POINT('',(1.443412206291,4.046650954762));
#6884 = CARTESIAN_POINT('',(1.443411532514,4.136944371796));
#6885 = CARTESIAN_POINT('',(1.443410308742,4.227221932194));
#6886 = CARTESIAN_POINT('',(1.44340890007,4.317485760761));
#6887 = CARTESIAN_POINT('',(1.443407638763,4.407749519034));
#6888 = CARTESIAN_POINT('',(1.443406766569,4.498026901563));
#6889 = CARTESIAN_POINT('',(1.44340642449,4.588320112586));
#6890 = CARTESIAN_POINT('',(1.443406474925,4.73274936896));
#6891 = CARTESIAN_POINT('',(1.443406621945,4.786918182122));
#6892 = CARTESIAN_POINT('',(1.443406888638,4.841085974778));
#6893 = CARTESIAN_POINT('',(1.44340719871,4.895252481923));
#6894 = CARTESIAN_POINT('',(1.443407470887,4.949419031461));
#6895 = CARTESIAN_POINT('',(1.443407654147,5.003586943214));
#6896 = CARTESIAN_POINT('',(1.443407735279,5.057755930905));
#6897 = CARTESIAN_POINT('',(1.443407706061,5.15365541856));
#6898 = CARTESIAN_POINT('',(1.443407635969,5.195388982592));
#6899 = CARTESIAN_POINT('',(1.443407513137,5.237122239879));
#6900 = CARTESIAN_POINT('',(1.443407351948,5.27885510739));
#6901 = CARTESIAN_POINT('',(1.443407178813,5.320587941555));
#6902 = CARTESIAN_POINT('',(1.443407030284,5.362321101228));
#6903 = CARTESIAN_POINT('',(1.443406947011,5.404054510472));
#6904 = CARTESIAN_POINT('',(1.443406990263,5.513338566075));
#6905 = CARTESIAN_POINT('',(1.443407295237,5.580896971177));
#6906 = CARTESIAN_POINT('',(1.443407948406,5.648452115072));
#6907 = CARTESIAN_POINT('',(1.443409170318,5.716003249553));
#6908 = CARTESIAN_POINT('',(1.443410857916,5.783554449947));
#6909 = CARTESIAN_POINT('',(1.443412483717,5.851109815439));
#6910 = CARTESIAN_POINT('',(1.44341336837,5.918668619385));
#6911 = CARTESIAN_POINT('',(1.443413305808,6.019831371188));
#6912 = CARTESIAN_POINT('',(1.443413055851,6.053442604673));
#6913 = CARTESIAN_POINT('',(1.443412578986,6.08705376807));
#6914 = CARTESIAN_POINT('',(1.443411897516,6.120664803469));
#6915 = CARTESIAN_POINT('',(1.443411116239,6.154275787892));
#6916 = CARTESIAN_POINT('',(1.443410484898,6.187886784157));
#6917 = CARTESIAN_POINT('',(1.443410460634,6.221497691732));
#6918 = CARTESIAN_POINT('',(1.443411770442,6.255108097605));
#6919 = ( GEOMETRIC_REPRESENTATION_CONTEXT(2) 
PARAMETRIC_REPRESENTATION_CONTEXT() REPRESENTATION_CONTEXT('2D SPACE',''
  ) );
#6920 = ORIENTED_EDGE('',*,*,#6921,.T.);
#6921 = EDGE_CURVE('',#6608,#6922,#6924,.T.);
#6922 = VERTEX_POINT('',#6923);
#6923 = CARTESIAN_POINT('',(-7.81501854714,3.981950038343,
    11.940423058607));
#6924 = SURFACE_CURVE('',#6925,(#6929,#6936),.PCURVE_S1.);
#6925 = LINE('',#6926,#6927);
#6926 = CARTESIAN_POINT('',(-7.815018547164,3.981950038296,
    2.548738840141E-17));
#6927 = VECTOR('',#6928,1.);
#6928 = DIRECTION('',(0.,0.,1.));
#6929 = PCURVE('',#6066,#6930);
#6930 = DEFINITIONAL_REPRESENTATION('',(#6931),#6935);
#6931 = LINE('',#6932,#6933);
#6932 = CARTESIAN_POINT('',(-0.471238816795,2.548738840141E-17));
#6933 = VECTOR('',#6934,1.);
#6934 = DIRECTION('',(-0.,1.));
#6935 = ( GEOMETRIC_REPRESENTATION_CONTEXT(2) 
PARAMETRIC_REPRESENTATION_CONTEXT() REPRESENTATION_CONTEXT('2D SPACE',''
  ) );
#6936 = PCURVE('',#6937,#6942);
#6937 = PLANE('',#6938);
#6938 = AXIS2_PLACEMENT_3D('',#6939,#6940,#6941);
#6939 = CARTESIAN_POINT('',(-7.828982870942,3.989065226899,
    11.062482320317));
#6940 = DIRECTION('',(-0.453991016315,-0.89100626098,4.396108203574E-12)
  );
#6941 = DIRECTION('',(-0.89100626098,0.453991016315,0.));
#6942 = DEFINITIONAL_REPRESENTATION('',(#6943),#6947);
#6943 = LINE('',#6944,#6945);
#6944 = CARTESIAN_POINT('',(-1.567253162171E-02,11.062482320317));
#6945 = VECTOR('',#6946,1.);
#6946 = DIRECTION('',(2.019483917366E-28,-1.));
#6947 = ( GEOMETRIC_REPRESENTATION_CONTEXT(2) 
PARAMETRIC_REPRESENTATION_CONTEXT() REPRESENTATION_CONTEXT('2D SPACE',''
  ) );
#6948 = ORIENTED_EDGE('',*,*,#6949,.F.);
#6949 = EDGE_CURVE('',#6356,#6922,#6950,.T.);
#6950 = SURFACE_CURVE('',#6951,(#7031,#7114),.PCURVE_S1.);
#6951 = B_SPLINE_CURVE_WITH_KNOTS('',8,(#6952,#6953,#6954,#6955,#6956,
    #6957,#6958,#6959,#6960,#6961,#6962,#6963,#6964,#6965,#6966,#6967,
    #6968,#6969,#6970,#6971,#6972,#6973,#6974,#6975,#6976,#6977,#6978,
    #6979,#6980,#6981,#6982,#6983,#6984,#6985,#6986,#6987,#6988,#6989,
    #6990,#6991,#6992,#6993,#6994,#6995,#6996,#6997,#6998,#6999,#7000,
    #7001,#7002,#7003,#7004,#7005,#7006,#7007,#7008,#7009,#7010,#7011,
    #7012,#7013,#7014,#7015,#7016,#7017,#7018,#7019,#7020,#7021,#7022,
    #7023,#7024,#7025,#7026,#7027,#7028,#7029,#7030),.UNSPECIFIED.,.F.,
  .F.,(9,7,7,7,7,7,7,7,7,7,7,9),(0.,4.400465040999E-02,0.132178072899,
    0.264505141773,0.375382202575,0.49961935632,0.629591995861,
    0.740356475357,0.796757851448,0.870350045896,0.955725942226,1.),
  .UNSPECIFIED.);
#6952 = CARTESIAN_POINT('',(-8.771,-5.6052559394E-07,9.62792621124));
#6953 = CARTESIAN_POINT('',(-8.771,-0.2803706922,9.640644169306));
#6954 = CARTESIAN_POINT('',(-8.760757365527,-0.560742704665,
    9.653363020031));
#6955 = CARTESIAN_POINT('',(-8.740272259157,-0.840677234992,
    9.666082195078));
#6956 = CARTESIAN_POINT('',(-8.70956703226,-1.119737549018,
    9.678801408351));
#6957 = CARTESIAN_POINT('',(-8.668686214529,-1.397489647151,
    9.691520558399));
#6958 = CARTESIAN_POINT('',(-8.61769650351,-1.673502370192,
    9.704239630814));
#6959 = CARTESIAN_POINT('',(-8.556686754131,-1.947347505146,
    9.716958600633));
#6960 = CARTESIAN_POINT('',(-8.343665894625,-2.762116337582,
    9.75516223929));
#6961 = CARTESIAN_POINT('',(-8.16176149919,-3.295294185367,
    9.780649482911));
#6962 = CARTESIAN_POINT('',(-7.940952408234,-3.814637139345,
    9.806134944212));
#6963 = CARTESIAN_POINT('',(-7.682496111658,-4.316841267296,
    9.831618707232));
#6964 = CARTESIAN_POINT('',(-7.387960893542,-4.798772419118,
    9.857102727052));
#6965 = CARTESIAN_POINT('',(-7.059208092801,-5.257461166763,
    9.882588712734));
#6966 = CARTESIAN_POINT('',(-6.698405693915,-5.690115264806,
    9.908076227599));
#6967 = CARTESIAN_POINT('',(-5.72227826518,-6.700507896774,
    9.971807521941));
#6968 = CARTESIAN_POINT('',(-5.069530449571,-7.242865403816,
    10.010076662016));
#6969 = CARTESIAN_POINT('',(-4.35847175666,-7.712006969656,
    10.048333785538));
#6970 = CARTESIAN_POINT('',(-3.598841502259,-8.100874412628,
    10.086581632453));
#6971 = CARTESIAN_POINT('',(-2.801070267028,-8.403887963963,
    10.124828989976));
#6972 = CARTESIAN_POINT('',(-1.976290936299,-8.617047970571,
    10.163085309631));
#6973 = CARTESIAN_POINT('',(-1.136268835922,-8.737858409769,
    10.201353984132));
#6974 = CARTESIAN_POINT('',(0.412406169998,-8.789734229287,
    10.271647587264));
#6975 = CARTESIAN_POINT('',(1.120829941619,-8.748400183976,
    10.303703729545));
#6976 = CARTESIAN_POINT('',(1.824347061244,-8.641777130886,
    10.335756039973));
#6977 = CARTESIAN_POINT('',(2.51594532715,-8.470610775578,10.36780347134
    ));
#6978 = CARTESIAN_POINT('',(3.188845698942,-8.236493014176,
    10.399850936437));
#6979 = CARTESIAN_POINT('',(3.83649936697,-7.941790560803,
    10.431903309531));
#6980 = CARTESIAN_POINT('',(4.452624118361,-7.58970643023,
    10.463959456429));
#6981 = CARTESIAN_POINT('',(5.679660820551,-6.730413813493,
    10.531914602312));
#6982 = CARTESIAN_POINT('',(6.281503409248,-6.209273701313,
    10.567838816906));
#6983 = CARTESIAN_POINT('',(6.828234697957,-5.626900331415,
    10.603753982695));
#6984 = CARTESIAN_POINT('',(7.312738937826,-4.990236486773,
    10.639661986408));
#6985 = CARTESIAN_POINT('',(7.728956719277,-4.306973738079,
    10.675570043472));
#6986 = CARTESIAN_POINT('',(8.071934850005,-3.585558580136,
    10.711485153912));
#6987 = CARTESIAN_POINT('',(8.337802429406,-2.835147873334,
    10.747409368733));
#6988 = CARTESIAN_POINT('',(8.719286150312,-1.261050089591,
    10.820883809428));
#6989 = CARTESIAN_POINT('',(8.827597200493,-0.434762422394,
    10.858470636598));
#6990 = CARTESIAN_POINT('',(8.846197244696,0.401439417307,10.89604691106
    ));
#6991 = CARTESIAN_POINT('',(8.774332738009,1.236187248976,
    10.933614977752));
#6992 = CARTESIAN_POINT('',(8.612767742977,2.058297485489,
    10.971183083534));
#6993 = CARTESIAN_POINT('',(8.363858029558,2.856810673015,
    11.008759175884));
#6994 = CARTESIAN_POINT('',(8.031468160451,3.62100975139,11.046345902553
    ));
#6995 = CARTESIAN_POINT('',(7.272407630214,4.953843482112,
    11.115926236512));
#6996 = CARTESIAN_POINT('',(6.866667467383,5.535148600016,
    11.147949277291));
#6997 = CARTESIAN_POINT('',(6.407981020281,6.078166696597,
    11.179968101872));
#6998 = CARTESIAN_POINT('',(5.900641695244,6.577330936058,
    11.211981864246));
#6999 = CARTESIAN_POINT('',(5.349539493783,7.027713522082,
    11.243995724084));
#7000 = CARTESIAN_POINT('',(4.760102107418,7.424986058546,
    11.276014778779));
#7001 = CARTESIAN_POINT('',(4.138327986755,7.765482366204,
    11.308038036454));
#7002 = CARTESIAN_POINT('',(3.161246248242,8.189388820216,
    11.356354188881));
#7003 = CARTESIAN_POINT('',(2.824877640273,8.316980582215,
    11.372656300521));
#7004 = CARTESIAN_POINT('',(2.482657881784,8.42876802058,11.388958292241
    ));
#7005 = CARTESIAN_POINT('',(2.135455318778,8.524441714411,
    11.405260113898));
#7006 = CARTESIAN_POINT('',(1.78415311975,8.603750225976,11.421561923256
    ));
#7007 = CARTESIAN_POINT('',(1.429648689382,8.666498942027,
    11.437863875646));
#7008 = CARTESIAN_POINT('',(1.072853698533,8.712551373114,
    11.454165917838));
#7009 = CARTESIAN_POINT('',(0.247370947942,8.780039294716,
    11.491737910113));
#7010 = CARTESIAN_POINT('',(-0.222313688949,8.789696568515,
    11.513009340245));
#7011 = CARTESIAN_POINT('',(-0.692285237729,8.770629648391,
    11.534280138433));
#7012 = CARTESIAN_POINT('',(-1.160492173589,8.722853293365,
    11.555550183115));
#7013 = CARTESIAN_POINT('',(-1.624904354101,8.646553606645,
    11.576820185837));
#7014 = CARTESIAN_POINT('',(-2.083513603024,8.542081744341,
    11.598090891068));
#7015 = CARTESIAN_POINT('',(-2.534335913138,8.409959831621,
    11.61936225924));
#7016 = CARTESIAN_POINT('',(-3.487120966904,8.066369275735,
    11.665308853666));
#7017 = CARTESIAN_POINT('',(-3.985800038537,7.845551804593,
    11.689987850097));
#7018 = CARTESIAN_POINT('',(-4.468370688634,7.589543999798,
    11.714666086901));
#7019 = CARTESIAN_POINT('',(-4.931944692606,7.299742164527,
    11.739343413334));
#7020 = CARTESIAN_POINT('',(-5.373805403805,6.97780271221,
    11.764021127052));
#7021 = CARTESIAN_POINT('',(-5.791402339278,6.625627905257,
    11.788700237966));
#7022 = CARTESIAN_POINT('',(-6.182362343145,6.245376198519,
    11.813379932212));
#7023 = CARTESIAN_POINT('',(-6.732322919004,5.629017279737,
    11.850852823543));
#7024 = CARTESIAN_POINT('',(-6.91239344834,5.411632810457,
    11.863649262127));
#7025 = CARTESIAN_POINT('',(-7.084431057059,5.187677831659,
    11.876445383674));
#7026 = CARTESIAN_POINT('',(-7.248156667764,4.957499502292,
    11.889241146264));
#7027 = CARTESIAN_POINT('',(-7.403310044876,4.721458004709,
    11.902036616749));
#7028 = CARTESIAN_POINT('',(-7.549649855312,4.47992646112,
    11.914831953126));
#7029 = CARTESIAN_POINT('',(-7.686953729167,4.233290850054,
    11.927627386914));
#7030 = CARTESIAN_POINT('',(-7.815018320403,3.981949922815,
    11.940423205522));
#7031 = PCURVE('',#6066,#7032);
#7032 = DEFINITIONAL_REPRESENTATION('',(#7033),#7113);
#7033 = B_SPLINE_CURVE_WITH_KNOTS('',8,(#7034,#7035,#7036,#7037,#7038,
    #7039,#7040,#7041,#7042,#7043,#7044,#7045,#7046,#7047,#7048,#7049,
    #7050,#7051,#7052,#7053,#7054,#7055,#7056,#7057,#7058,#7059,#7060,
    #7061,#7062,#7063,#7064,#7065,#7066,#7067,#7068,#7069,#7070,#7071,
    #7072,#7073,#7074,#7075,#7076,#7077,#7078,#7079,#7080,#7081,#7082,
    #7083,#7084,#7085,#7086,#7087,#7088,#7089,#7090,#7091,#7092,#7093,
    #7094,#7095,#7096,#7097,#7098,#7099,#7100,#7101,#7102,#7103,#7104,
    #7105,#7106,#7107,#7108,#7109,#7110,#7111,#7112),.UNSPECIFIED.,.F.,
  .F.,(9,7,7,7,7,7,7,7,7,7,7,9),(0.,4.400465040999E-02,0.132178072899,
    0.264505141773,0.375382202575,0.49961935632,0.629591995861,
    0.740356475357,0.796757851448,0.870350045896,0.955725942226,1.),
  .UNSPECIFIED.);
#7034 = CARTESIAN_POINT('',(-6.28318530718,9.62792621124));
#7035 = CARTESIAN_POINT('',(-6.251219723817,9.640644169306));
#7036 = CARTESIAN_POINT('',(-6.219253925062,9.653363020031));
#7037 = CARTESIAN_POINT('',(-6.187288234154,9.666082195078));
#7038 = CARTESIAN_POINT('',(-6.155322672409,9.678801408351));
#7039 = CARTESIAN_POINT('',(-6.123357110747,9.691520558399));
#7040 = CARTESIAN_POINT('',(-6.0913914212,9.704239630814));
#7041 = CARTESIAN_POINT('',(-6.059425628437,9.716958600633));
#7042 = CARTESIAN_POINT('',(-5.96340970678,9.75516223929));
#7043 = CARTESIAN_POINT('',(-5.899352000932,9.780649482911));
#7044 = CARTESIAN_POINT('',(-5.835297553048,9.806134944212));
#7045 = CARTESIAN_POINT('',(-5.771247185208,9.831618707232));
#7046 = CARTESIAN_POINT('',(-5.707196818831,9.857102727052));
#7047 = CARTESIAN_POINT('',(-5.643142369858,9.882588712734));
#7048 = CARTESIAN_POINT('',(-5.579084652543,9.908076227599));
#7049 = CARTESIAN_POINT('',(-5.418910128202,9.971807521941));
#7050 = CARTESIAN_POINT('',(-5.322730145444,10.010076662016));
#7051 = CARTESIAN_POINT('',(-5.226580631592,10.048333785539));
#7052 = CARTESIAN_POINT('',(-5.130453846448,10.086581632453));
#7053 = CARTESIAN_POINT('',(-5.034327042592,10.124828989976));
#7054 = CARTESIAN_POINT('',(-4.938177544373,10.163085309631));
#7055 = CARTESIAN_POINT('',(-4.841997498944,10.201353984132));
#7056 = CARTESIAN_POINT('',(-4.665330801642,10.271647587264));
#7057 = CARTESIAN_POINT('',(-4.584765535203,10.303703729545));
#7058 = CARTESIAN_POINT('',(-4.504210379309,10.335756039973));
#7059 = CARTESIAN_POINT('',(-4.423667860163,10.36780347134));
#7060 = CARTESIAN_POINT('',(-4.343125345092,10.399850936437));
#7061 = CARTESIAN_POINT('',(-4.262570190138,10.431903309531));
#7062 = CARTESIAN_POINT('',(-4.182004907165,10.463959456429));
#7063 = CARTESIAN_POINT('',(-4.011214846427,10.531914602312));
#7064 = CARTESIAN_POINT('',(-3.920926513431,10.567838816906));
#7065 = CARTESIAN_POINT('',(-3.830660000986,10.603753982695));
#7066 = CARTESIAN_POINT('',(-3.740410753445,10.639661986408));
#7067 = CARTESIAN_POINT('',(-3.650161502657,10.675570043472));
#7068 = CARTESIAN_POINT('',(-3.559894992736,10.711485153912));
#7069 = CARTESIAN_POINT('',(-3.469606639594,10.747409368733));
#7070 = CARTESIAN_POINT('',(-3.284945292447,10.820883809428));
#7071 = CARTESIAN_POINT('',(-3.190480399647,10.858470636598));
#7072 = CARTESIAN_POINT('',(-3.096043210117,10.89604691106));
#7073 = CARTESIAN_POINT('',(-3.001627050673,10.933614977752));
#7074 = CARTESIAN_POINT('',(-2.907210881623,10.971183083534));
#7075 = CARTESIAN_POINT('',(-2.812773705034,11.008759175884));
#7076 = CARTESIAN_POINT('',(-2.718308765859,11.046345902553));
#7077 = CARTESIAN_POINT('',(-2.543434197302,11.115926236512));
#7078 = CARTESIAN_POINT('',(-2.462950839546,11.147949277291));
#7079 = CARTESIAN_POINT('',(-2.382477541427,11.179968101872));
#7080 = CARTESIAN_POINT('',(-2.302016813748,11.211981864246));
#7081 = CARTESIAN_POINT('',(-2.221556087588,11.243995724084));
#7082 = CARTESIAN_POINT('',(-2.141082790334,11.276014778779));
#7083 = CARTESIAN_POINT('',(-2.060599426738,11.308038036454));
#7084 = CARTESIAN_POINT('',(-1.939167970225,11.356354188881));
#7085 = CARTESIAN_POINT('',(-1.898196471096,11.372656300521));
#7086 = CARTESIAN_POINT('',(-1.857225328689,11.388958292241));
#7087 = CARTESIAN_POINT('',(-1.816254632546,11.405260113898));
#7088 = CARTESIAN_POINT('',(-1.775283936468,11.421561923256));
#7089 = CARTESIAN_POINT('',(-1.734312794371,11.437863875646));
#7090 = CARTESIAN_POINT('',(-1.693341296222,11.454165917838));
#7091 = CARTESIAN_POINT('',(-1.598912278181,11.491737910114));
#7092 = CARTESIAN_POINT('',(-1.545450939886,11.513009340245));
#7093 = CARTESIAN_POINT('',(-1.49199093471,11.534280138433));
#7094 = CARTESIAN_POINT('',(-1.438532598729,11.555550183115));
#7095 = CARTESIAN_POINT('',(-1.385074262655,11.576820185837));
#7096 = CARTESIAN_POINT('',(-1.331614256386,11.598090891068));
#7097 = CARTESIAN_POINT('',(-1.278152914016,11.61936225924));
#7098 = CARTESIAN_POINT('',(-1.162676409084,11.665308853666));
#7099 = CARTESIAN_POINT('',(-1.100651969104,11.689987850097));
#7100 = CARTESIAN_POINT('',(-1.038630314811,11.714666086901));
#7101 = CARTESIAN_POINT('',(-0.976612147273,11.739343413334));
#7102 = CARTESIAN_POINT('',(-0.914593985999,11.764021127052));
#7103 = CARTESIAN_POINT('',(-0.852572345341,11.788700237966));
#7104 = CARTESIAN_POINT('',(-0.790547914478,11.813379932212));
#7105 = CARTESIAN_POINT('',(-0.696368483371,11.850852823543));
#7106 = CARTESIAN_POINT('',(-0.664206988888,11.863649262127));
#7107 = CARTESIAN_POINT('',(-0.63204559587,11.876445383674));
#7108 = CARTESIAN_POINT('',(-0.599884329571,11.889241146264));
#7109 = CARTESIAN_POINT('',(-0.567723059214,11.902036616749));
#7110 = CARTESIAN_POINT('',(-0.535561655048,11.914831953126));
#7111 = CARTESIAN_POINT('',(-0.503400145403,11.927627386914));
#7112 = CARTESIAN_POINT('',(-0.471238873742,11.940423205522));
#7113 = ( GEOMETRIC_REPRESENTATION_CONTEXT(2) 
PARAMETRIC_REPRESENTATION_CONTEXT() REPRESENTATION_CONTEXT('2D SPACE',''
  ) );
#7114 = PCURVE('',#7115,#7178);
#7115 = B_SPLINE_SURFACE_WITH_KNOTS('',1,9,(
    (#7116,#7117,#7118,#7119,#7120,#7121,#7122,#7123,#7124,#7125,#7126
      ,#7127,#7128,#7129,#7130,#7131,#7132,#7133,#7134,#7135,#7136,#7137
      ,#7138,#7139,#7140,#7141,#7142,#7143,#7144,#7145,#7146)
    ,(#7147,#7148,#7149,#7150,#7151,#7152,#7153,#7154,#7155,#7156,#7157
      ,#7158,#7159,#7160,#7161,#7162,#7163,#7164,#7165,#7166,#7167,#7168
      ,#7169,#7170,#7171,#7172,#7173,#7174,#7175,#7176,#7177
  )),.UNSPECIFIED.,.F.,.F.,.F.,(2,2),(10,7,7,7,10),(0.,2.1855),(0.,
    1.563777024401,3.127554048803,4.691331073204,6.255108097605),
  .UNSPECIFIED.);
#7116 = CARTESIAN_POINT('',(-8.128301491615,-8.53647669885E-07,
    9.998978545466));
#7117 = CARTESIAN_POINT('',(-8.128301356666,-1.312286916265,
    10.063209427889));
#7118 = CARTESIAN_POINT('',(-7.889982168779,-2.624479331009,
    10.127442528237));
#7119 = CARTESIAN_POINT('',(-7.413309593803,-3.887287529586,
    10.191685361198));
#7120 = CARTESIAN_POINT('',(-6.710247529026,-5.051161362043,
    10.255923468788));
#7121 = CARTESIAN_POINT('',(-5.804821555947,-6.070054067377,
    10.320158043884));
#7122 = CARTESIAN_POINT('',(-4.731688128293,-6.905005336929,
    10.384392573819));
#7123 = CARTESIAN_POINT('',(-3.533689558609,-7.52679578493,
    10.448627724876));
#7124 = CARTESIAN_POINT('',(-0.983399196516,-8.308642474564,
    10.577099529756));
#7125 = CARTESIAN_POINT('',(1.678958340937,-8.143754056007,
    10.705572961337));
#7126 = CARTESIAN_POINT('',(2.989023676413,-7.818810676361,
    10.769809784696));
#7127 = CARTESIAN_POINT('',(4.227434577486,-7.257447184862,
    10.83404591028));
#7128 = CARTESIAN_POINT('',(5.345694767426,-6.478061021758,
    10.89828145812));
#7129 = CARTESIAN_POINT('',(6.300989880433,-5.510494697413,
    10.962517091751));
#7130 = CARTESIAN_POINT('',(7.059280798619,-4.393876183096,
    11.026753169106));
#7131 = CARTESIAN_POINT('',(8.135461802584,-1.953150547912,
    11.155225636353));
#7132 = CARTESIAN_POINT('',(8.28464312216,0.710127904191,11.283698103601
    ));
#7133 = CARTESIAN_POINT('',(8.11593484472,2.049299118061,11.347934180954
    ));
#7134 = CARTESIAN_POINT('',(7.704026277183,3.345101833096,11.41216981459
    ));
#7135 = CARTESIAN_POINT('',(7.061482779633,4.54721933891,11.476405362425
    ));
#7136 = CARTESIAN_POINT('',(6.212904025543,5.60962445404,11.540641488013
    ));
#7137 = CARTESIAN_POINT('',(5.193148260388,6.493908097791,11.60487831137
    ));
#7138 = CARTESIAN_POINT('',(2.895827776483,7.849509234272,
    11.733351742951));
#7139 = CARTESIAN_POINT('',(0.268551346152,8.310685702557,
    11.861823547831));
#7140 = CARTESIAN_POINT('',(-1.081160149023,8.300546005191,
    11.926058698888));
#7141 = CARTESIAN_POINT('',(-2.416388917006,8.043791040445,
    11.990293228824));
#7142 = CARTESIAN_POINT('',(-3.685696857714,7.547005483102,
    12.054527803919));
#7143 = CARTESIAN_POINT('',(-4.840517237298,6.829169521986,
    12.118765911508));
#7144 = CARTESIAN_POINT('',(-5.838538312619,5.920403758113,
    12.18300874447));
#7145 = CARTESIAN_POINT('',(-6.646604903237,4.859426212401,
    12.247241844818));
#7146 = CARTESIAN_POINT('',(-7.242370155083,3.690170690784,
    12.311472727241));
#7147 = CARTESIAN_POINT('',(-10.02101253721,9.58040136112E-09,
    8.906250240786));
#7148 = CARTESIAN_POINT('',(-10.02101559421,-1.617821822995,
    8.970486410597));
#7149 = CARTESIAN_POINT('',(-9.727211164856,-3.235633662104,
    9.034722555518));
#7150 = CARTESIAN_POINT('',(-9.139507978133,-4.792480298925,
    9.09895859116));
#7151 = CARTESIAN_POINT('',(-8.272764228554,-6.227327209342,
    9.163194679844));
#7152 = CARTESIAN_POINT('',(-7.156509076428,-7.483494956278,
    9.227430808219));
#7153 = CARTESIAN_POINT('',(-5.833487043236,-8.512865479179,
    9.29166693707));
#7154 = CARTESIAN_POINT('',(-4.35652622942,-9.279445384915,
    9.355903058963));
#7155 = CARTESIAN_POINT('',(-1.212387758569,-10.24334919044,
    9.484375285871));
#7156 = CARTESIAN_POINT('',(2.06990780596,-10.04006523174,9.612847494515
    ));
#7157 = CARTESIAN_POINT('',(3.68502496897,-9.639457703481,9.67708359763)
  );
#7158 = CARTESIAN_POINT('',(5.211808336026,-8.947379876442,
    9.741319708578));
#7159 = CARTESIAN_POINT('',(6.590465789493,-7.986507698341,
    9.805555826014));
#7160 = CARTESIAN_POINT('',(7.768207903757,-6.793634705193,
    9.869791942485));
#7161 = CARTESIAN_POINT('',(8.703069224874,-5.417007115296,
    9.934028053976));
#7162 = CARTESIAN_POINT('',(10.029842105974,-2.407952035187,
    10.062500273447));
#7163 = CARTESIAN_POINT('',(10.213760942994,0.875477972373,
    10.190972492918));
#7164 = CARTESIAN_POINT('',(10.00576924551,2.526480220426,
    10.255208604407));
#7165 = CARTESIAN_POINT('',(9.49794703015,4.124021522677,10.319444720882
    ));
#7166 = CARTESIAN_POINT('',(8.705781611506,5.606062742041,
    10.383680838314));
#7167 = CARTESIAN_POINT('',(7.659604173979,6.915854079489,
    10.447916949265));
#7168 = CARTESIAN_POINT('',(6.402395698824,8.006045193494,
    10.512153052378));
#7169 = CARTESIAN_POINT('',(3.570137378267,9.677302290881,
    10.640625261023));
#7170 = CARTESIAN_POINT('',(0.331086550951,10.245867104591,
    10.76909748793));
#7171 = CARTESIAN_POINT('',(-1.332914966857,10.233366746627,
    10.833333609817));
#7172 = CARTESIAN_POINT('',(-2.979060383758,9.916831596934,
    10.897569738693));
#7173 = CARTESIAN_POINT('',(-4.543940900831,9.304350731416,
    10.961805867031));
#7174 = CARTESIAN_POINT('',(-5.967623523649,8.419380020452,
    11.026041955739));
#7175 = CARTESIAN_POINT('',(-7.1980566929,7.299028404465,11.090277991383
    ));
#7176 = CARTESIAN_POINT('',(-8.194312107048,5.990934463828,
    11.15451413629));
#7177 = CARTESIAN_POINT('',(-8.928790573484,4.549446044066,
    11.21875030611));
#7178 = DEFINITIONAL_REPRESENTATION('',(#7179),#7259);
#7179 = B_SPLINE_CURVE_WITH_KNOTS('',8,(#7180,#7181,#7182,#7183,#7184,
    #7185,#7186,#7187,#7188,#7189,#7190,#7191,#7192,#7193,#7194,#7195,
    #7196,#7197,#7198,#7199,#7200,#7201,#7202,#7203,#7204,#7205,#7206,
    #7207,#7208,#7209,#7210,#7211,#7212,#7213,#7214,#7215,#7216,#7217,
    #7218,#7219,#7220,#7221,#7222,#7223,#7224,#7225,#7226,#7227,#7228,
    #7229,#7230,#7231,#7232,#7233,#7234,#7235,#7236,#7237,#7238,#7239,
    #7240,#7241,#7242,#7243,#7244,#7245,#7246,#7247,#7248,#7249,#7250,
    #7251,#7252,#7253,#7254,#7255,#7256,#7257,#7258),.UNSPECIFIED.,.F.,
  .F.,(9,7,7,7,7,7,7,7,7,7,7,9),(0.,4.400465040999E-02,0.132178072899,
    0.264505141773,0.375382202575,0.49961935632,0.629591995861,
    0.740356475357,0.796757851448,0.870350045896,0.955725942226,1.),
  .UNSPECIFIED.);
#7180 = CARTESIAN_POINT('',(0.742119402398,0.));
#7181 = CARTESIAN_POINT('',(0.74211918545,3.44024977558E-02));
#7182 = CARTESIAN_POINT('',(0.742117708684,6.880554802563E-02));
#7183 = CARTESIAN_POINT('',(0.742115841945,0.103208685251));
#7184 = CARTESIAN_POINT('',(0.742114107973,0.137611797037));
#7185 = CARTESIAN_POINT('',(0.742112765431,0.172014957255));
#7186 = CARTESIAN_POINT('',(0.74211189194,0.206418259141));
#7187 = CARTESIAN_POINT('',(0.742111467107,0.240821648397));
#7188 = CARTESIAN_POINT('',(0.74211143242,0.344159283425));
#7189 = CARTESIAN_POINT('',(0.742113067133,0.413101567141));
#7190 = CARTESIAN_POINT('',(0.742115799355,0.482040066443));
#7191 = CARTESIAN_POINT('',(0.742118569314,0.550973976121));
#7192 = CARTESIAN_POINT('',(0.742120601567,0.619907822641));
#7193 = CARTESIAN_POINT('',(0.742121722754,0.688846108361));
#7194 = CARTESIAN_POINT('',(0.742122213353,0.757788004061));
#7195 = CARTESIAN_POINT('',(0.74212216353,0.930175548383));
#7196 = CARTESIAN_POINT('',(0.742121020887,1.03368932314));
#7197 = CARTESIAN_POINT('',(0.742119563096,1.137170592791));
#7198 = CARTESIAN_POINT('',(0.742118735676,1.240627521379));
#7199 = CARTESIAN_POINT('',(0.742119124059,1.344084333896));
#7200 = CARTESIAN_POINT('',(0.742119823046,1.447565359993));
#7201 = CARTESIAN_POINT('',(0.742120230027,1.55107908264));
#7202 = CARTESIAN_POINT('',(0.742120201111,1.741216338437));
#7203 = CARTESIAN_POINT('',(0.742119884221,1.827924510442));
#7204 = CARTESIAN_POINT('',(0.742119174346,1.914621768513));
#7205 = CARTESIAN_POINT('',(0.742118125985,2.001305460627));
#7206 = CARTESIAN_POINT('',(0.742116956784,2.087989234657));
#7207 = CARTESIAN_POINT('',(0.742115987514,2.174686713544));
#7208 = CARTESIAN_POINT('',(0.742115502688,2.261395171705));
#7209 = CARTESIAN_POINT('',(0.7421155644,2.445208217074));
#7210 = CARTESIAN_POINT('',(0.742116251111,2.542381217055));
#7211 = CARTESIAN_POINT('',(0.7421176604,2.63953073742));
#7212 = CARTESIAN_POINT('',(0.742119659965,2.736661612999));
#7213 = CARTESIAN_POINT('',(0.742121577442,2.833792386865));
#7214 = CARTESIAN_POINT('',(0.742123165111,2.930941664881));
#7215 = CARTESIAN_POINT('',(0.742123923468,3.028114395476));
#7216 = CARTESIAN_POINT('',(0.742123872676,3.226855945571));
#7217 = CARTESIAN_POINT('',(0.742122991499,3.328523670729));
#7218 = CARTESIAN_POINT('',(0.742121175822,3.430161644962));
#7219 = CARTESIAN_POINT('',(0.742118989587,3.531777064223));
#7220 = CARTESIAN_POINT('',(0.742116713213,3.633392616965));
#7221 = CARTESIAN_POINT('',(0.742115179355,3.735030842837));
#7222 = CARTESIAN_POINT('',(0.742114486497,3.836698930112));
#7223 = CARTESIAN_POINT('',(0.742114547835,4.024907919639));
#7224 = CARTESIAN_POINT('',(0.742115098357,4.111528191902));
#7225 = CARTESIAN_POINT('',(0.742116105925,4.198137552459));
#7226 = CARTESIAN_POINT('',(0.742117280026,4.284733285386));
#7227 = CARTESIAN_POINT('',(0.742118308409,4.371328941112));
#7228 = CARTESIAN_POINT('',(0.742118985581,4.457938106897));
#7229 = CARTESIAN_POINT('',(0.74211926625,4.544558152782));
#7230 = CARTESIAN_POINT('',(0.742119232266,4.675248615134));
#7231 = CARTESIAN_POINT('',(0.742119144045,4.719344163818));
#7232 = CARTESIAN_POINT('',(0.742118996087,4.7634393551));
#7233 = CARTESIAN_POINT('',(0.742118812249,4.807534096236));
#7234 = CARTESIAN_POINT('',(0.742118627547,4.851628868233));
#7235 = CARTESIAN_POINT('',(0.742118483434,4.895724148716));
#7236 = CARTESIAN_POINT('',(0.742118414065,4.939819835134));
#7237 = CARTESIAN_POINT('',(0.742118435859,5.041449355651));
#7238 = CARTESIAN_POINT('',(0.742118586202,5.098987309235));
#7239 = CARTESIAN_POINT('',(0.742118896865,5.156523834316));
#7240 = CARTESIAN_POINT('',(0.742119354824,5.214058542694));
#7241 = CARTESIAN_POINT('',(0.742119888317,5.271593202064));
#7242 = CARTESIAN_POINT('',(0.742120371136,5.329129585848));
#7243 = CARTESIAN_POINT('',(0.742120654579,5.386667323516));
#7244 = CARTESIAN_POINT('',(0.742120595202,5.510948685464));
#7245 = CARTESIAN_POINT('',(0.742120128804,5.577702268755));
#7246 = CARTESIAN_POINT('',(0.742119132247,5.644452773289));
#7247 = CARTESIAN_POINT('',(0.742117392737,5.711199492247));
#7248 = CARTESIAN_POINT('',(0.742115072236,5.77794626949));
#7249 = CARTESIAN_POINT('',(0.742112817964,5.844696977335));
#7250 = CARTESIAN_POINT('',(0.742111491509,5.91145094256));
#7251 = CARTESIAN_POINT('',(0.742111529545,6.012812039547));
#7252 = CARTESIAN_POINT('',(0.74211190713,6.047426052872));
#7253 = CARTESIAN_POINT('',(0.742112676401,6.082039981991));
#7254 = CARTESIAN_POINT('',(0.742113849748,6.116653772193));
#7255 = CARTESIAN_POINT('',(0.742115343715,6.151267519673));
#7256 = CARTESIAN_POINT('',(0.742116897855,6.185881298499));
#7257 = CARTESIAN_POINT('',(0.742117993583,6.220494987575));
#7258 = CARTESIAN_POINT('',(0.742117773036,6.255108097605));
#7259 = ( GEOMETRIC_REPRESENTATION_CONTEXT(2) 
PARAMETRIC_REPRESENTATION_CONTEXT() REPRESENTATION_CONTEXT('2D SPACE',''
  ) );
#7260 = ORIENTED_EDGE('',*,*,#7261,.T.);
#7261 = EDGE_CURVE('',#6356,#7262,#7264,.T.);
#7262 = VERTEX_POINT('',#7263);
#7263 = CARTESIAN_POINT('',(-8.771,0.,12.));
#7264 = SEAM_CURVE('',#7265,(#7269,#7276),.PCURVE_S1.);
#7265 = LINE('',#7266,#7267);
#7266 = CARTESIAN_POINT('',(-8.771,0.,0.));
#7267 = VECTOR('',#7268,1.);
#7268 = DIRECTION('',(0.,0.,1.));
#7269 = PCURVE('',#6066,#7270);
#7270 = DEFINITIONAL_REPRESENTATION('',(#7271),#7275);
#7271 = LINE('',#7272,#7273);
#7272 = CARTESIAN_POINT('',(-0.,0.));
#7273 = VECTOR('',#7274,1.);
#7274 = DIRECTION('',(-0.,1.));
#7275 = ( GEOMETRIC_REPRESENTATION_CONTEXT(2) 
PARAMETRIC_REPRESENTATION_CONTEXT() REPRESENTATION_CONTEXT('2D SPACE',''
  ) );
#7276 = PCURVE('',#6066,#7277);
#7277 = DEFINITIONAL_REPRESENTATION('',(#7278),#7282);
#7278 = LINE('',#7279,#7280);
#7279 = CARTESIAN_POINT('',(-6.28318530718,0.));
#7280 = VECTOR('',#7281,1.);
#7281 = DIRECTION('',(-0.,1.));
#7282 = ( GEOMETRIC_REPRESENTATION_CONTEXT(2) 
PARAMETRIC_REPRESENTATION_CONTEXT() REPRESENTATION_CONTEXT('2D SPACE',''
  ) );
#7283 = ORIENTED_EDGE('',*,*,#7284,.F.);
#7284 = EDGE_CURVE('',#7262,#7262,#7285,.T.);
#7285 = SURFACE_CURVE('',#7286,(#7291,#7298),.PCURVE_S1.);
#7286 = CIRCLE('',#7287,8.771);
#7287 = AXIS2_PLACEMENT_3D('',#7288,#7289,#7290);
#7288 = CARTESIAN_POINT('',(0.,0.,12.));
#7289 = DIRECTION('',(0.,0.,-1.));
#7290 = DIRECTION('',(-1.,0.,0.));
#7291 = PCURVE('',#6066,#7292);
#7292 = DEFINITIONAL_REPRESENTATION('',(#7293),#7297);
#7293 = LINE('',#7294,#7295);
#7294 = CARTESIAN_POINT('',(-0.,12.));
#7295 = VECTOR('',#7296,1.);
#7296 = DIRECTION('',(-1.,0.));
#7297 = ( GEOMETRIC_REPRESENTATION_CONTEXT(2) 
PARAMETRIC_REPRESENTATION_CONTEXT() REPRESENTATION_CONTEXT('2D SPACE',''
  ) );
#7298 = PCURVE('',#7299,#7304);
#7299 = CONICAL_SURFACE('',#7300,8.771,1.029744258677);
#7300 = AXIS2_PLACEMENT_3D('',#7301,#7302,#7303);
#7301 = CARTESIAN_POINT('',(0.,0.,12.));
#7302 = DIRECTION('',(-0.,-0.,-1.));
#7303 = DIRECTION('',(-1.,0.,0.));
#7304 = DEFINITIONAL_REPRESENTATION('',(#7305),#7309);
#7305 = LINE('',#7306,#7307);
#7306 = CARTESIAN_POINT('',(0.,-0.));
#7307 = VECTOR('',#7308,1.);
#7308 = DIRECTION('',(1.,-0.));
#7309 = ( GEOMETRIC_REPRESENTATION_CONTEXT(2) 
PARAMETRIC_REPRESENTATION_CONTEXT() REPRESENTATION_CONTEXT('2D SPACE',''
  ) );
#7310 = ORIENTED_EDGE('',*,*,#7261,.F.);
#7311 = ADVANCED_FACE('',(#7312),#5899,.F.);
#7312 = FACE_BOUND('',#7313,.F.);
#7313 = EDGE_LOOP('',(#7314,#7355,#7356,#7357));
#7314 = ORIENTED_EDGE('',*,*,#7315,.F.);
#7315 = EDGE_CURVE('',#6082,#7316,#7318,.T.);
#7316 = VERTEX_POINT('',#7317);
#7317 = CARTESIAN_POINT('',(-10.02101611928,9.581163238105E-09,
    8.593750240807));
#7318 = SURFACE_CURVE('',#7319,(#7341,#7348),.PCURVE_S1.);
#7319 = B_SPLINE_CURVE_WITH_KNOTS('',11,(#7320,#7321,#7322,#7323,#7324,
    #7325,#7326,#7327,#7328,#7329,#7330,#7331,#7332,#7333,#7334,#7335,
    #7336,#7337,#7338,#7339,#7340),.UNSPECIFIED.,.F.,.F.,(12,9,12),(0.,
    3.381139512219,6.762279024438),.UNSPECIFIED.);
#7320 = CARTESIAN_POINT('',(-10.02101208946,7.185134265342E-09,
    6.093750180588));
#7321 = CARTESIAN_POINT('',(-10.02102165198,-2.861994955684,
    6.207386687076));
#7322 = CARTESIAN_POINT('',(-9.121877109791,-5.723960516547,
    6.321022793835));
#7323 = CARTESIAN_POINT('',(-7.323666655454,-8.272207170999,
    6.434659318809));
#7324 = CARTESIAN_POINT('',(-4.749515541671,-10.19249944436,
    6.548295827809));
#7325 = CARTESIAN_POINT('',(-1.646043089622,-11.22678038092,
    6.661931816628));
#7326 = CARTESIAN_POINT('',(1.646033728257,-11.22678166343,6.77556851449
    ));
#7327 = CARTESIAN_POINT('',(4.749535770699,-10.19257124013,
    6.889204727726));
#7328 = CARTESIAN_POINT('',(7.323647025676,-8.272130287942,7.00284112484
    ));
#7329 = CARTESIAN_POINT('',(9.121891719529,-5.723986870243,
    7.116477479334));
#7330 = CARTESIAN_POINT('',(10.920135955343,-2.077188919958E-08,
    7.343750210696));
#7331 = CARTESIAN_POINT('',(9.121892243653,5.723986993357,7.571022942059
    ));
#7332 = CARTESIAN_POINT('',(7.323650167518,8.27213038432,7.684659296617)
  );
#7333 = CARTESIAN_POINT('',(4.749519692256,10.192573693458,
    7.798295693349));
#7334 = CARTESIAN_POINT('',(1.646066875902,11.22676654529,7.911931907631
    ));
#7335 = CARTESIAN_POINT('',(-1.646082253632,11.226812549131,
    8.025568603756));
#7336 = CARTESIAN_POINT('',(-4.749491882181,10.192462842331,
    8.13920459448));
#7337 = CARTESIAN_POINT('',(-7.323663075305,8.272229941548,
    8.252841102075));
#7338 = CARTESIAN_POINT('',(-9.121896763672,5.723954524766,
    8.366477627725));
#7339 = CARTESIAN_POINT('',(-10.02100655608,2.861994972449,
    8.480113734291));
#7340 = CARTESIAN_POINT('',(-10.02101611928,9.581237137013E-09,
    8.593750240807));
#7341 = PCURVE('',#5899,#7342);
#7342 = DEFINITIONAL_REPRESENTATION('',(#7343),#7347);
#7343 = LINE('',#7344,#7345);
#7344 = CARTESIAN_POINT('',(0.,0.));
#7345 = VECTOR('',#7346,1.);
#7346 = DIRECTION('',(0.,1.));
#7347 = ( GEOMETRIC_REPRESENTATION_CONTEXT(2) 
PARAMETRIC_REPRESENTATION_CONTEXT() REPRESENTATION_CONTEXT('2D SPACE',''
  ) );
#7348 = PCURVE('',#6302,#7349);
#7349 = DEFINITIONAL_REPRESENTATION('',(#7350),#7354);
#7350 = LINE('',#7351,#7352);
#7351 = CARTESIAN_POINT('',(0.3125,0.));
#7352 = VECTOR('',#7353,1.);
#7353 = DIRECTION('',(0.,1.));
#7354 = ( GEOMETRIC_REPRESENTATION_CONTEXT(2) 
PARAMETRIC_REPRESENTATION_CONTEXT() REPRESENTATION_CONTEXT('2D SPACE',''
  ) );
#7355 = ORIENTED_EDGE('',*,*,#6124,.T.);
#7356 = ORIENTED_EDGE('',*,*,#5717,.T.);
#7357 = ORIENTED_EDGE('',*,*,#7358,.F.);
#7358 = EDGE_CURVE('',#7316,#5718,#7359,.T.);
#7359 = SURFACE_CURVE('',#7360,(#7363,#7370),.PCURVE_S1.);
#7360 = B_SPLINE_CURVE_WITH_KNOTS('',1,(#7361,#7362),.UNSPECIFIED.,.F.,
  .F.,(2,2),(0.,2.1855),.PIECEWISE_BEZIER_KNOTS.);
#7361 = CARTESIAN_POINT('',(-10.02101611928,9.58123891337E-09,
    8.593750240807));
#7362 = CARTESIAN_POINT('',(-8.128330125192,-8.536415032623E-07,
    7.500978545631));
#7363 = PCURVE('',#5899,#7364);
#7364 = DEFINITIONAL_REPRESENTATION('',(#7365),#7369);
#7365 = LINE('',#7366,#7367);
#7366 = CARTESIAN_POINT('',(0.,6.762279024438));
#7367 = VECTOR('',#7368,1.);
#7368 = DIRECTION('',(1.,0.));
#7369 = ( GEOMETRIC_REPRESENTATION_CONTEXT(2) 
PARAMETRIC_REPRESENTATION_CONTEXT() REPRESENTATION_CONTEXT('2D SPACE',''
  ) );
#7370 = PCURVE('',#6775,#7371);
#7371 = DEFINITIONAL_REPRESENTATION('',(#7372),#7376);
#7372 = LINE('',#7373,#7374);
#7373 = CARTESIAN_POINT('',(0.,0.));
#7374 = VECTOR('',#7375,1.);
#7375 = DIRECTION('',(1.,0.));
#7376 = ( GEOMETRIC_REPRESENTATION_CONTEXT(2) 
PARAMETRIC_REPRESENTATION_CONTEXT() REPRESENTATION_CONTEXT('2D SPACE',''
  ) );
#7377 = ADVANCED_FACE('',(#7378),#6213,.F.);
#7378 = FACE_BOUND('',#7379,.F.);
#7379 = EDGE_LOOP('',(#7380,#7381,#7382,#7433));
#7380 = ORIENTED_EDGE('',*,*,#6355,.F.);
#7381 = ORIENTED_EDGE('',*,*,#6200,.T.);
#7382 = ORIENTED_EDGE('',*,*,#7383,.T.);
#7383 = EDGE_CURVE('',#6150,#7384,#7386,.T.);
#7384 = VERTEX_POINT('',#7385);
#7385 = CARTESIAN_POINT('',(-10.02101253721,9.580401076938E-09,
    8.906250240786));
#7386 = SURFACE_CURVE('',#7387,(#7419,#7426),.PCURVE_S1.);
#7387 = B_SPLINE_CURVE_WITH_KNOTS('',9,(#7388,#7389,#7390,#7391,#7392,
    #7393,#7394,#7395,#7396,#7397,#7398,#7399,#7400,#7401,#7402,#7403,
    #7404,#7405,#7406,#7407,#7408,#7409,#7410,#7411,#7412,#7413,#7414,
    #7415,#7416,#7417,#7418),.UNSPECIFIED.,.F.,.F.,(10,7,7,7,10),(0.,
    1.69056975611,3.381139512219,5.071709268329,6.762279024438),
  .UNSPECIFIED.);
#7388 = CARTESIAN_POINT('',(-10.02100940291,7.184726591447E-09,
    6.406250180576));
#7389 = CARTESIAN_POINT('',(-10.02101394834,-1.748996367526,
    6.475694712308));
#7390 = CARTESIAN_POINT('',(-9.67759397257,-3.497981257379,
    6.545139091379));
#7391 = CARTESIAN_POINT('',(-8.990767760938,-5.169933781959,
    6.614583517664));
#7392 = CARTESIAN_POINT('',(-7.980698932183,-6.687741470153,
    6.684027990637));
#7393 = CARTESIAN_POINT('',(-6.687737351383,-7.980700813765,
    6.753472434336));
#7394 = CARTESIAN_POINT('',(-5.16992655639,-8.990765430638,
    6.822916880553));
#7395 = CARTESIAN_POINT('',(-3.497992504725,-9.677594144722,
    6.89236132261));
#7396 = CARTESIAN_POINT('',(-1.839876216196E-07,-10.36442459267,
    7.031250209476));
#7397 = CARTESIAN_POINT('',(3.497992484841,-9.677598138883,
    7.170139100004));
#7398 = CARTESIAN_POINT('',(5.169925523737,-8.990771012021,7.23958354638
    ));
#7399 = CARTESIAN_POINT('',(6.687741404937,-7.980696238516,7.30902799085
    ));
#7400 = CARTESIAN_POINT('',(7.980695245322,-6.687740135129,
    7.378472432583));
#7401 = CARTESIAN_POINT('',(8.990768331412,-5.169923429132,
    7.447916874485));
#7402 = CARTESIAN_POINT('',(9.677596168597,-3.497990893507,
    7.517361319292));
#7403 = CARTESIAN_POINT('',(10.364425374516,1.706111807099E-09,
    7.65625021068));
#7404 = CARTESIAN_POINT('',(9.677596419018,3.49799094609,7.795139102068)
  );
#7405 = CARTESIAN_POINT('',(8.990768622317,5.169923556057,7.864583546877
    ));
#7406 = CARTESIAN_POINT('',(7.980695228175,6.687740185307,7.934027988777
    ));
#7407 = CARTESIAN_POINT('',(6.68774123412,7.980696053745,8.003472430511)
  );
#7408 = CARTESIAN_POINT('',(5.16992549471,8.990770742249,8.072916874981)
  );
#7409 = CARTESIAN_POINT('',(3.497992497841,9.677598090617,8.142361321356
    ));
#7410 = CARTESIAN_POINT('',(-1.741193134974E-07,10.364424716998,
    8.281250211884));
#7411 = CARTESIAN_POINT('',(-3.497992491725,9.677594064558,
    8.420139098751));
#7412 = CARTESIAN_POINT('',(-5.169926379494,8.990765234835,
    8.489583540822));
#7413 = CARTESIAN_POINT('',(-6.687737684286,7.980700193236,8.55902798697
    ));
#7414 = CARTESIAN_POINT('',(-7.980697556698,6.687742184114,
    8.628472430813));
#7415 = CARTESIAN_POINT('',(-8.99077077498,5.169935787209,8.697916903616
    ));
#7416 = CARTESIAN_POINT('',(-9.677594929016,3.49797948907,8.767361330023
    ));
#7417 = CARTESIAN_POINT('',(-10.02100799137,1.748996384291,
    8.836805709042));
#7418 = CARTESIAN_POINT('',(-10.02101253721,9.580476856286E-09,
    8.906250240786));
#7419 = PCURVE('',#6213,#7420);
#7420 = DEFINITIONAL_REPRESENTATION('',(#7421),#7425);
#7421 = LINE('',#7422,#7423);
#7422 = CARTESIAN_POINT('',(2.1855,0.));
#7423 = VECTOR('',#7424,1.);
#7424 = DIRECTION('',(0.,1.));
#7425 = ( GEOMETRIC_REPRESENTATION_CONTEXT(2) 
PARAMETRIC_REPRESENTATION_CONTEXT() REPRESENTATION_CONTEXT('2D SPACE',''
  ) );
#7426 = PCURVE('',#6302,#7427);
#7427 = DEFINITIONAL_REPRESENTATION('',(#7428),#7432);
#7428 = LINE('',#7429,#7430);
#7429 = CARTESIAN_POINT('',(0.,0.));
#7430 = VECTOR('',#7431,1.);
#7431 = DIRECTION('',(0.,1.));
#7432 = ( GEOMETRIC_REPRESENTATION_CONTEXT(2) 
PARAMETRIC_REPRESENTATION_CONTEXT() REPRESENTATION_CONTEXT('2D SPACE',''
  ) );
#7433 = ORIENTED_EDGE('',*,*,#7434,.F.);
#7434 = EDGE_CURVE('',#6356,#7384,#7435,.T.);
#7435 = SURFACE_CURVE('',#7436,(#7439,#7446),.PCURVE_S1.);
#7436 = B_SPLINE_CURVE_WITH_KNOTS('',1,(#7437,#7438),.UNSPECIFIED.,.F.,
  .F.,(2,2),(0.,2.1855),.PIECEWISE_BEZIER_KNOTS.);
#7437 = CARTESIAN_POINT('',(-8.128301491615,-8.536475952781E-07,
    9.998978545466));
#7438 = CARTESIAN_POINT('',(-10.02101253721,9.580476856286E-09,
    8.906250240786));
#7439 = PCURVE('',#6213,#7440);
#7440 = DEFINITIONAL_REPRESENTATION('',(#7441),#7445);
#7441 = LINE('',#7442,#7443);
#7442 = CARTESIAN_POINT('',(0.,6.762279024438));
#7443 = VECTOR('',#7444,1.);
#7444 = DIRECTION('',(1.,0.));
#7445 = ( GEOMETRIC_REPRESENTATION_CONTEXT(2) 
PARAMETRIC_REPRESENTATION_CONTEXT() REPRESENTATION_CONTEXT('2D SPACE',''
  ) );
#7446 = PCURVE('',#7115,#7447);
#7447 = DEFINITIONAL_REPRESENTATION('',(#7448),#7452);
#7448 = LINE('',#7449,#7450);
#7449 = CARTESIAN_POINT('',(0.,0.));
#7450 = VECTOR('',#7451,1.);
#7451 = DIRECTION('',(1.,0.));
#7452 = ( GEOMETRIC_REPRESENTATION_CONTEXT(2) 
PARAMETRIC_REPRESENTATION_CONTEXT() REPRESENTATION_CONTEXT('2D SPACE',''
  ) );
#7453 = ADVANCED_FACE('',(#7454),#6302,.F.);
#7454 = FACE_BOUND('',#7455,.F.);
#7455 = EDGE_LOOP('',(#7456,#7457,#7458,#7459));
#7456 = ORIENTED_EDGE('',*,*,#7383,.F.);
#7457 = ORIENTED_EDGE('',*,*,#6289,.T.);
#7458 = ORIENTED_EDGE('',*,*,#7315,.T.);
#7459 = ORIENTED_EDGE('',*,*,#7460,.F.);
#7460 = EDGE_CURVE('',#7384,#7316,#7461,.T.);
#7461 = SURFACE_CURVE('',#7462,(#7465,#7472),.PCURVE_S1.);
#7462 = B_SPLINE_CURVE_WITH_KNOTS('',1,(#7463,#7464),.UNSPECIFIED.,.F.,
  .F.,(2,2),(0.,0.3125),.PIECEWISE_BEZIER_KNOTS.);
#7463 = CARTESIAN_POINT('',(-10.02101253721,9.580478632643E-09,
    8.906250240786));
#7464 = CARTESIAN_POINT('',(-10.02101611928,9.581237137013E-09,
    8.593750240807));
#7465 = PCURVE('',#6302,#7466);
#7466 = DEFINITIONAL_REPRESENTATION('',(#7467),#7471);
#7467 = LINE('',#7468,#7469);
#7468 = CARTESIAN_POINT('',(0.,6.762279024438));
#7469 = VECTOR('',#7470,1.);
#7470 = DIRECTION('',(1.,0.));
#7471 = ( GEOMETRIC_REPRESENTATION_CONTEXT(2) 
PARAMETRIC_REPRESENTATION_CONTEXT() REPRESENTATION_CONTEXT('2D SPACE',''
  ) );
#7472 = PCURVE('',#7473,#7516);
#7473 = B_SPLINE_SURFACE_WITH_KNOTS('',1,11,(
    (#7474,#7475,#7476,#7477,#7478,#7479,#7480,#7481,#7482,#7483,#7484
      ,#7485,#7486,#7487,#7488,#7489,#7490,#7491,#7492,#7493,#7494)
    ,(#7495,#7496,#7497,#7498,#7499,#7500,#7501,#7502,#7503,#7504,#7505
      ,#7506,#7507,#7508,#7509,#7510,#7511,#7512,#7513,#7514,#7515
  )),.UNSPECIFIED.,.F.,.F.,.F.,(2,2),(12,9,12),(0.,0.3125),(0.,
    3.127554048803,6.255108097605),.UNSPECIFIED.);
#7474 = CARTESIAN_POINT('',(-10.02101253721,9.580398696585E-09,
    8.906250240786));
#7475 = CARTESIAN_POINT('',(-10.02101753957,-2.647344807362,
    9.011363973204));
#7476 = CARTESIAN_POINT('',(-9.251781123119,-5.29466345959,
    9.116477640457));
#7477 = CARTESIAN_POINT('',(-7.712929900654,-7.693701968505,
    9.221590893011));
#7478 = CARTESIAN_POINT('',(-5.495433723061,-9.595718985333,
    9.32670494076));
#7479 = CARTESIAN_POINT('',(-2.779091237249,-10.79022352533,
    9.431818601249));
#7480 = CARTESIAN_POINT('',(0.183348648018,-11.14079161208,
    9.536931983503));
#7481 = CARTESIAN_POINT('',(3.103460657175,-10.613532916,9.642045731792)
  );
#7482 = CARTESIAN_POINT('',(5.703935960217,-9.281644140823,9.74715935776
    ));
#7483 = CARTESIAN_POINT('',(7.760058178548,-7.308164331631,
    9.852273005221));
#7484 = CARTESIAN_POINT('',(10.492178514716,-2.518949164928,
    10.062500273447));
#7485 = CARTESIAN_POINT('',(10.232099171835,2.988629448189,
    10.272727541672));
#7486 = CARTESIAN_POINT('',(9.296021141853,5.680475172932,
    10.377841186206));
#7487 = CARTESIAN_POINT('',(7.583653731704,8.047771063996,10.48295482661
    ));
#7488 = CARTESIAN_POINT('',(5.221180538081,9.843319605731,
    10.588068542844));
#7489 = CARTESIAN_POINT('',(2.422444129765,10.875788901694,
    10.693181966174));
#7490 = CARTESIAN_POINT('',(-0.540061678377,11.044742169291,
    10.798295594669));
#7491 = CARTESIAN_POINT('',(-3.379434035342,10.356748028683,
    10.903409656763));
#7492 = CARTESIAN_POINT('',(-5.839663220228,8.917793508852,
    11.008522906471));
#7493 = CARTESIAN_POINT('',(-7.726916719316,6.908245276404,
    11.113636573677));
#7494 = CARTESIAN_POINT('',(-8.928790573484,4.549446044066,
    11.21875030611));
#7495 = CARTESIAN_POINT('',(-10.02101611928,9.581162530026E-09,
    8.593750240807));
#7496 = CARTESIAN_POINT('',(-10.02102255015,-2.647345881879,
    8.698863973241));
#7497 = CARTESIAN_POINT('',(-9.251786243193,-5.294666024177,
    8.803977640505));
#7498 = CARTESIAN_POINT('',(-7.712928190776,-7.693705578864,
    8.909090892977));
#7499 = CARTESIAN_POINT('',(-5.495440279136,-9.595717509119,
    9.014204940813));
#7500 = CARTESIAN_POINT('',(-2.779091567898,-10.79023674265,
    9.119318601305));
#7501 = CARTESIAN_POINT('',(0.183350273292,-11.14079034059,
    9.224431983505));
#7502 = CARTESIAN_POINT('',(3.103460545945,-10.61353890669,
    9.329545731822));
#7503 = CARTESIAN_POINT('',(5.7039384864,-9.281647602877,9.434659357784)
  );
#7504 = CARTESIAN_POINT('',(7.760061393247,-7.308167321272,
    9.539773005248));
#7505 = CARTESIAN_POINT('',(10.49218277666,-2.51895017528,9.750000273474
    ));
#7506 = CARTESIAN_POINT('',(10.23210325716,2.988630670126,9.960227541697
    ));
#7507 = CARTESIAN_POINT('',(9.296024284278,5.680477045823,
    10.065341186233));
#7508 = CARTESIAN_POINT('',(7.583659554243,8.047775355888,
    10.170454826639));
#7509 = CARTESIAN_POINT('',(5.221179822789,9.843323849118,
    10.275568542888));
#7510 = CARTESIAN_POINT('',(2.42244447414,10.875791422721,
    10.380681966171));
#7511 = CARTESIAN_POINT('',(-0.540057892219,11.044746328997,
    10.485795594678));
#7512 = CARTESIAN_POINT('',(-3.379439359386,10.356754796426,
    10.590909656836));
#7513 = CARTESIAN_POINT('',(-5.839664563235,8.917796139732,
    10.696022906486));
#7514 = CARTESIAN_POINT('',(-7.726919015851,6.908247652508,
    10.801136573689));
#7515 = CARTESIAN_POINT('',(-8.928794630662,4.549448111302,
    10.906250306143));
#7516 = DEFINITIONAL_REPRESENTATION('',(#7517),#7521);
#7517 = LINE('',#7518,#7519);
#7518 = CARTESIAN_POINT('',(0.,0.));
#7519 = VECTOR('',#7520,1.);
#7520 = DIRECTION('',(1.,0.));
#7521 = ( GEOMETRIC_REPRESENTATION_CONTEXT(2) 
PARAMETRIC_REPRESENTATION_CONTEXT() REPRESENTATION_CONTEXT('2D SPACE',''
  ) );
#7522 = ADVANCED_FACE('',(#7523),#7299,.F.);
#7523 = FACE_BOUND('',#7524,.T.);
#7524 = EDGE_LOOP('',(#7525,#7526,#7549));
#7525 = ORIENTED_EDGE('',*,*,#7284,.T.);
#7526 = ORIENTED_EDGE('',*,*,#7527,.T.);
#7527 = EDGE_CURVE('',#7262,#7528,#7530,.T.);
#7528 = VERTEX_POINT('',#7529);
#7529 = CARTESIAN_POINT('',(0.,0.,17.270148489491));
#7530 = SEAM_CURVE('',#7531,(#7535,#7542),.PCURVE_S1.);
#7531 = LINE('',#7532,#7533);
#7532 = CARTESIAN_POINT('',(-8.771,0.,12.));
#7533 = VECTOR('',#7534,1.);
#7534 = DIRECTION('',(0.857167300702,0.,0.51503807491));
#7535 = PCURVE('',#7299,#7536);
#7536 = DEFINITIONAL_REPRESENTATION('',(#7537),#7541);
#7537 = LINE('',#7538,#7539);
#7538 = CARTESIAN_POINT('',(0.,-0.));
#7539 = VECTOR('',#7540,1.);
#7540 = DIRECTION('',(0.,-1.));
#7541 = ( GEOMETRIC_REPRESENTATION_CONTEXT(2) 
PARAMETRIC_REPRESENTATION_CONTEXT() REPRESENTATION_CONTEXT('2D SPACE',''
  ) );
#7542 = PCURVE('',#7299,#7543);
#7543 = DEFINITIONAL_REPRESENTATION('',(#7544),#7548);
#7544 = LINE('',#7545,#7546);
#7545 = CARTESIAN_POINT('',(6.28318530718,-0.));
#7546 = VECTOR('',#7547,1.);
#7547 = DIRECTION('',(0.,-1.));
#7548 = ( GEOMETRIC_REPRESENTATION_CONTEXT(2) 
PARAMETRIC_REPRESENTATION_CONTEXT() REPRESENTATION_CONTEXT('2D SPACE',''
  ) );
#7549 = ORIENTED_EDGE('',*,*,#7527,.F.);
#7550 = ADVANCED_FACE('',(#7551),#7115,.F.);
#7551 = FACE_BOUND('',#7552,.F.);
#7552 = EDGE_LOOP('',(#7553,#7554,#7555,#7606));
#7553 = ORIENTED_EDGE('',*,*,#6949,.F.);
#7554 = ORIENTED_EDGE('',*,*,#7434,.T.);
#7555 = ORIENTED_EDGE('',*,*,#7556,.T.);
#7556 = EDGE_CURVE('',#7384,#7557,#7559,.T.);
#7557 = VERTEX_POINT('',#7558);
#7558 = CARTESIAN_POINT('',(-8.928790573484,4.549446044066,
    11.21875030611));
#7559 = SURFACE_CURVE('',#7560,(#7592,#7599),.PCURVE_S1.);
#7560 = B_SPLINE_CURVE_WITH_KNOTS('',9,(#7561,#7562,#7563,#7564,#7565,
    #7566,#7567,#7568,#7569,#7570,#7571,#7572,#7573,#7574,#7575,#7576,
    #7577,#7578,#7579,#7580,#7581,#7582,#7583,#7584,#7585,#7586,#7587,
    #7588,#7589,#7590,#7591),.UNSPECIFIED.,.F.,.F.,(10,7,7,7,10),(0.,
    1.563777024401,3.127554048803,4.691331073204,6.255108097605),
  .UNSPECIFIED.);
#7561 = CARTESIAN_POINT('',(-10.02101253721,9.58040136112E-09,
    8.906250240786));
#7562 = CARTESIAN_POINT('',(-10.02101559421,-1.617821822995,
    8.970486410597));
#7563 = CARTESIAN_POINT('',(-9.727211164856,-3.235633662104,
    9.034722555518));
#7564 = CARTESIAN_POINT('',(-9.139507978133,-4.792480298925,
    9.09895859116));
#7565 = CARTESIAN_POINT('',(-8.272764228554,-6.227327209342,
    9.163194679844));
#7566 = CARTESIAN_POINT('',(-7.156509076428,-7.483494956278,
    9.227430808219));
#7567 = CARTESIAN_POINT('',(-5.833487043236,-8.512865479179,
    9.29166693707));
#7568 = CARTESIAN_POINT('',(-4.35652622942,-9.279445384915,
    9.355903058963));
#7569 = CARTESIAN_POINT('',(-1.212387758569,-10.24334919044,
    9.484375285871));
#7570 = CARTESIAN_POINT('',(2.06990780596,-10.04006523174,9.612847494515
    ));
#7571 = CARTESIAN_POINT('',(3.68502496897,-9.639457703481,9.67708359763)
  );
#7572 = CARTESIAN_POINT('',(5.211808336026,-8.947379876442,
    9.741319708578));
#7573 = CARTESIAN_POINT('',(6.590465789493,-7.986507698341,
    9.805555826014));
#7574 = CARTESIAN_POINT('',(7.768207903757,-6.793634705193,
    9.869791942485));
#7575 = CARTESIAN_POINT('',(8.703069224874,-5.417007115296,
    9.934028053976));
#7576 = CARTESIAN_POINT('',(10.029842105974,-2.407952035187,
    10.062500273447));
#7577 = CARTESIAN_POINT('',(10.213760942994,0.875477972373,
    10.190972492918));
#7578 = CARTESIAN_POINT('',(10.00576924551,2.526480220426,
    10.255208604407));
#7579 = CARTESIAN_POINT('',(9.49794703015,4.124021522677,10.319444720882
    ));
#7580 = CARTESIAN_POINT('',(8.705781611506,5.606062742041,
    10.383680838314));
#7581 = CARTESIAN_POINT('',(7.659604173979,6.915854079489,
    10.447916949265));
#7582 = CARTESIAN_POINT('',(6.402395698824,8.006045193494,
    10.512153052378));
#7583 = CARTESIAN_POINT('',(3.570137378267,9.677302290881,
    10.640625261023));
#7584 = CARTESIAN_POINT('',(0.331086550951,10.245867104591,
    10.76909748793));
#7585 = CARTESIAN_POINT('',(-1.332914966857,10.233366746627,
    10.833333609817));
#7586 = CARTESIAN_POINT('',(-2.979060383758,9.916831596934,
    10.897569738693));
#7587 = CARTESIAN_POINT('',(-4.543940900831,9.304350731416,
    10.961805867031));
#7588 = CARTESIAN_POINT('',(-5.967623523649,8.419380020452,
    11.026041955739));
#7589 = CARTESIAN_POINT('',(-7.1980566929,7.299028404465,11.090277991383
    ));
#7590 = CARTESIAN_POINT('',(-8.194312107048,5.990934463828,
    11.15451413629));
#7591 = CARTESIAN_POINT('',(-8.928790573484,4.549446044066,
    11.21875030611));
#7592 = PCURVE('',#7115,#7593);
#7593 = DEFINITIONAL_REPRESENTATION('',(#7594),#7598);
#7594 = LINE('',#7595,#7596);
#7595 = CARTESIAN_POINT('',(2.1855,0.));
#7596 = VECTOR('',#7597,1.);
#7597 = DIRECTION('',(0.,1.));
#7598 = ( GEOMETRIC_REPRESENTATION_CONTEXT(2) 
PARAMETRIC_REPRESENTATION_CONTEXT() REPRESENTATION_CONTEXT('2D SPACE',''
  ) );
#7599 = PCURVE('',#7473,#7600);
#7600 = DEFINITIONAL_REPRESENTATION('',(#7601),#7605);
#7601 = LINE('',#7602,#7603);
#7602 = CARTESIAN_POINT('',(0.,0.));
#7603 = VECTOR('',#7604,1.);
#7604 = DIRECTION('',(0.,1.));
#7605 = ( GEOMETRIC_REPRESENTATION_CONTEXT(2) 
PARAMETRIC_REPRESENTATION_CONTEXT() REPRESENTATION_CONTEXT('2D SPACE',''
  ) );
#7606 = ORIENTED_EDGE('',*,*,#7607,.F.);
#7607 = EDGE_CURVE('',#6922,#7557,#7608,.T.);
#7608 = SURFACE_CURVE('',#7609,(#7612,#7619),.PCURVE_S1.);
#7609 = B_SPLINE_CURVE_WITH_KNOTS('',1,(#7610,#7611),.UNSPECIFIED.,.F.,
  .F.,(2,2),(0.,2.1855),.PIECEWISE_BEZIER_KNOTS.);
#7610 = CARTESIAN_POINT('',(-7.242370155083,3.690170690784,
    12.311472727241));
#7611 = CARTESIAN_POINT('',(-8.928790573484,4.549446044066,
    11.21875030611));
#7612 = PCURVE('',#7115,#7613);
#7613 = DEFINITIONAL_REPRESENTATION('',(#7614),#7618);
#7614 = LINE('',#7615,#7616);
#7615 = CARTESIAN_POINT('',(0.,6.255108097605));
#7616 = VECTOR('',#7617,1.);
#7617 = DIRECTION('',(1.,0.));
#7618 = ( GEOMETRIC_REPRESENTATION_CONTEXT(2) 
PARAMETRIC_REPRESENTATION_CONTEXT() REPRESENTATION_CONTEXT('2D SPACE',''
  ) );
#7619 = PCURVE('',#6937,#7620);
#7620 = DEFINITIONAL_REPRESENTATION('',(#7621),#7624);
#7621 = B_SPLINE_CURVE_WITH_KNOTS('',1,(#7622,#7623),.UNSPECIFIED.,.F.,
  .F.,(2,2),(0.,2.1855),.PIECEWISE_BEZIER_KNOTS.);
#7622 = CARTESIAN_POINT('',(-0.658371036823,-1.248990406924));
#7623 = CARTESIAN_POINT('',(1.234343405548,-0.156267985793));
#7624 = ( GEOMETRIC_REPRESENTATION_CONTEXT(2) 
PARAMETRIC_REPRESENTATION_CONTEXT() REPRESENTATION_CONTEXT('2D SPACE',''
  ) );
#7625 = ADVANCED_FACE('',(#7626),#6937,.F.);
#7626 = FACE_BOUND('',#7627,.F.);
#7627 = EDGE_LOOP('',(#7628,#7629,#7630,#7653));
#7628 = ORIENTED_EDGE('',*,*,#6921,.T.);
#7629 = ORIENTED_EDGE('',*,*,#7607,.T.);
#7630 = ORIENTED_EDGE('',*,*,#7631,.T.);
#7631 = EDGE_CURVE('',#7557,#7632,#7634,.T.);
#7632 = VERTEX_POINT('',#7633);
#7633 = CARTESIAN_POINT('',(-8.928794630662,4.549448111302,
    10.906250306143));
#7634 = SURFACE_CURVE('',#7635,(#7639,#7646),.PCURVE_S1.);
#7635 = LINE('',#7636,#7637);
#7636 = CARTESIAN_POINT('',(-8.928790573484,4.549446044066,
    11.21875030611));
#7637 = VECTOR('',#7638,1.);
#7638 = DIRECTION('',(-1.298296863033E-05,6.615157474521E-06,
    -0.999999999894));
#7639 = PCURVE('',#6937,#7640);
#7640 = DEFINITIONAL_REPRESENTATION('',(#7641),#7645);
#7641 = LINE('',#7642,#7643);
#7642 = CARTESIAN_POINT('',(1.234343405548,-0.156267985793));
#7643 = VECTOR('',#7644,1.);
#7644 = DIRECTION('',(1.457112840067E-05,0.999999999894));
#7645 = ( GEOMETRIC_REPRESENTATION_CONTEXT(2) 
PARAMETRIC_REPRESENTATION_CONTEXT() REPRESENTATION_CONTEXT('2D SPACE',''
  ) );
#7646 = PCURVE('',#7473,#7647);
#7647 = DEFINITIONAL_REPRESENTATION('',(#7648),#7652);
#7648 = LINE('',#7649,#7650);
#7649 = CARTESIAN_POINT('',(0.,6.255108097605));
#7650 = VECTOR('',#7651,1.);
#7651 = DIRECTION('',(1.,0.));
#7652 = ( GEOMETRIC_REPRESENTATION_CONTEXT(2) 
PARAMETRIC_REPRESENTATION_CONTEXT() REPRESENTATION_CONTEXT('2D SPACE',''
  ) );
#7653 = ORIENTED_EDGE('',*,*,#7654,.T.);
#7654 = EDGE_CURVE('',#7632,#6608,#7655,.T.);
#7655 = SURFACE_CURVE('',#7656,(#7659,#7665),.PCURVE_S1.);
#7656 = B_SPLINE_CURVE_WITH_KNOTS('',1,(#7657,#7658),.UNSPECIFIED.,.F.,
  .F.,(2,2),(0.,2.1855),.PIECEWISE_BEZIER_KNOTS.);
#7657 = CARTESIAN_POINT('',(-8.928794630662,4.549448111302,
    10.906250306143));
#7658 = CARTESIAN_POINT('',(-7.242402586538,3.690187215448,
    9.813472727506));
#7659 = PCURVE('',#6937,#7660);
#7660 = DEFINITIONAL_REPRESENTATION('',(#7661),#7664);
#7661 = B_SPLINE_CURVE_WITH_KNOTS('',1,(#7662,#7663),.UNSPECIFIED.,.F.,
  .F.,(2,2),(0.,2.1855),.PIECEWISE_BEZIER_KNOTS.);
#7662 = CARTESIAN_POINT('',(1.234347959026,0.156232014174));
#7663 = CARTESIAN_POINT('',(-0.658334638144,1.249009592811));
#7664 = ( GEOMETRIC_REPRESENTATION_CONTEXT(2) 
PARAMETRIC_REPRESENTATION_CONTEXT() REPRESENTATION_CONTEXT('2D SPACE',''
  ) );
#7665 = PCURVE('',#6775,#7666);
#7666 = DEFINITIONAL_REPRESENTATION('',(#7667),#7671);
#7667 = LINE('',#7668,#7669);
#7668 = CARTESIAN_POINT('',(0.,6.255108097605));
#7669 = VECTOR('',#7670,1.);
#7670 = DIRECTION('',(1.,0.));
#7671 = ( GEOMETRIC_REPRESENTATION_CONTEXT(2) 
PARAMETRIC_REPRESENTATION_CONTEXT() REPRESENTATION_CONTEXT('2D SPACE',''
  ) );
#7672 = ADVANCED_FACE('',(#7673),#6775,.F.);
#7673 = FACE_BOUND('',#7674,.F.);
#7674 = EDGE_LOOP('',(#7675,#7714,#7715,#7716));
#7675 = ORIENTED_EDGE('',*,*,#7676,.F.);
#7676 = EDGE_CURVE('',#7316,#7632,#7677,.T.);
#7677 = SURFACE_CURVE('',#7678,(#7700,#7707),.PCURVE_S1.);
#7678 = B_SPLINE_CURVE_WITH_KNOTS('',11,(#7679,#7680,#7681,#7682,#7683,
    #7684,#7685,#7686,#7687,#7688,#7689,#7690,#7691,#7692,#7693,#7694,
    #7695,#7696,#7697,#7698,#7699),.UNSPECIFIED.,.F.,.F.,(12,9,12),(0.,
    3.127554048803,6.255108097605),.UNSPECIFIED.);
#7679 = CARTESIAN_POINT('',(-10.02101611928,9.581162530026E-09,
    8.593750240807));
#7680 = CARTESIAN_POINT('',(-10.02102255015,-2.647345881879,
    8.698863973241));
#7681 = CARTESIAN_POINT('',(-9.251786243193,-5.294666024177,
    8.803977640505));
#7682 = CARTESIAN_POINT('',(-7.712928190776,-7.693705578864,
    8.909090892977));
#7683 = CARTESIAN_POINT('',(-5.495440279136,-9.595717509119,
    9.014204940813));
#7684 = CARTESIAN_POINT('',(-2.779091567898,-10.79023674265,
    9.119318601305));
#7685 = CARTESIAN_POINT('',(0.183350273292,-11.14079034059,
    9.224431983505));
#7686 = CARTESIAN_POINT('',(3.103460545945,-10.61353890669,
    9.329545731822));
#7687 = CARTESIAN_POINT('',(5.7039384864,-9.281647602877,9.434659357784)
  );
#7688 = CARTESIAN_POINT('',(7.760061393247,-7.308167321272,
    9.539773005248));
#7689 = CARTESIAN_POINT('',(10.49218277666,-2.51895017528,9.750000273474
    ));
#7690 = CARTESIAN_POINT('',(10.23210325716,2.988630670126,9.960227541697
    ));
#7691 = CARTESIAN_POINT('',(9.296024284278,5.680477045823,
    10.065341186233));
#7692 = CARTESIAN_POINT('',(7.583659554243,8.047775355888,
    10.170454826639));
#7693 = CARTESIAN_POINT('',(5.221179822789,9.843323849118,
    10.275568542888));
#7694 = CARTESIAN_POINT('',(2.42244447414,10.875791422721,
    10.380681966171));
#7695 = CARTESIAN_POINT('',(-0.540057892219,11.044746328997,
    10.485795594678));
#7696 = CARTESIAN_POINT('',(-3.379439359386,10.356754796426,
    10.590909656836));
#7697 = CARTESIAN_POINT('',(-5.839664563235,8.917796139732,
    10.696022906486));
#7698 = CARTESIAN_POINT('',(-7.726919015851,6.908247652508,
    10.801136573689));
#7699 = CARTESIAN_POINT('',(-8.928794630662,4.549448111302,
    10.906250306143));
#7700 = PCURVE('',#6775,#7701);
#7701 = DEFINITIONAL_REPRESENTATION('',(#7702),#7706);
#7702 = LINE('',#7703,#7704);
#7703 = CARTESIAN_POINT('',(0.,0.));
#7704 = VECTOR('',#7705,1.);
#7705 = DIRECTION('',(0.,1.));
#7706 = ( GEOMETRIC_REPRESENTATION_CONTEXT(2) 
PARAMETRIC_REPRESENTATION_CONTEXT() REPRESENTATION_CONTEXT('2D SPACE',''
  ) );
#7707 = PCURVE('',#7473,#7708);
#7708 = DEFINITIONAL_REPRESENTATION('',(#7709),#7713);
#7709 = LINE('',#7710,#7711);
#7710 = CARTESIAN_POINT('',(0.3125,0.));
#7711 = VECTOR('',#7712,1.);
#7712 = DIRECTION('',(0.,1.));
#7713 = ( GEOMETRIC_REPRESENTATION_CONTEXT(2) 
PARAMETRIC_REPRESENTATION_CONTEXT() REPRESENTATION_CONTEXT('2D SPACE',''
  ) );
#7714 = ORIENTED_EDGE('',*,*,#7358,.T.);
#7715 = ORIENTED_EDGE('',*,*,#6607,.T.);
#7716 = ORIENTED_EDGE('',*,*,#7654,.F.);
#7717 = ADVANCED_FACE('',(#7718),#7473,.F.);
#7718 = FACE_BOUND('',#7719,.F.);
#7719 = EDGE_LOOP('',(#7720,#7721,#7722,#7723));
#7720 = ORIENTED_EDGE('',*,*,#7556,.F.);
#7721 = ORIENTED_EDGE('',*,*,#7460,.T.);
#7722 = ORIENTED_EDGE('',*,*,#7676,.T.);
#7723 = ORIENTED_EDGE('',*,*,#7631,.F.);
#7724 = ( GEOMETRIC_REPRESENTATION_CONTEXT(3) 
GLOBAL_UNCERTAINTY_ASSIGNED_CONTEXT((#7728)) 
GLOBAL_UNIT_ASSIGNED_CONTEXT((#7725,#7726,#7727)) REPRESENTATION_CONTEXT
('Context #1','3D Context with UNIT and UNCERTAINTY') );
#7725 = ( LENGTH_UNIT() NAMED_UNIT(*) SI_UNIT(.MILLI.,.METRE.) );
#7726 = ( NAMED_UNIT(*) PLANE_ANGLE_UNIT() SI_UNIT($,.RADIAN.) );
#7727 = ( NAMED_UNIT(*) SI_UNIT($,.STERADIAN.) SOLID_ANGLE_UNIT() );
#7728 = UNCERTAINTY_MEASURE_WITH_UNIT(LENGTH_MEASURE(5.E-06),#7725,
  'distance_accuracy_value','confusion accuracy');
#7729 = PRODUCT_RELATED_PRODUCT_CATEGORY('part',$,(#7));
#7730 = MECHANICAL_DESIGN_GEOMETRIC_PRESENTATION_REPRESENTATION('',(
    #7731),#7724);
#7731 = STYLED_ITEM('color',(#7732),#15);
#7732 = PRESENTATION_STYLE_ASSIGNMENT((#7733,#7739));
#7733 = SURFACE_STYLE_USAGE(.BOTH.,#7734);
#7734 = SURFACE_SIDE_STYLE('',(#7735));
#7735 = SURFACE_STYLE_FILL_AREA(#7736);
#7736 = FILL_AREA_STYLE('',(#7737));
#7737 = FILL_AREA_STYLE_COLOUR('',#7738);
#7738 = DRAUGHTING_PRE_DEFINED_COLOUR('black');
#7739 = CURVE_STYLE('',#7740,POSITIVE_LENGTH_MEASURE(0.1),#7738);
#7740 = DRAUGHTING_PRE_DEFINED_CURVE_FONT('continuous');
ENDSEC;
END-ISO-10303-21;
