# Created by FreeCAD <https://www.freecad.org>
v 20.000000 0.000000 1.000000
v 19.835800 2.557543 1.000000
v 20.000000 0.000000 24.000000
v 19.835800 2.557543 24.000000
v 19.345898 5.073092 1.000000
v 19.345898 5.073092 24.000000
v 18.903065 6.532548 7.337455
v 18.538336 7.505340 24.000000
v 18.301723 8.065169 9.480954
v 18.538336 7.505340 1.000000
v 17.426374 9.814351 1.000000
v 18.177393 8.341603 9.668929
v 17.426374 9.814351 24.000000
v 16.233761 11.681824 14.861990
v 16.028273 11.962211 24.000000
v 14.616584 13.651208 18.091093
v 14.366987 13.913651 24.000000
v 16.028273 11.962211 1.000000
v 17.279610 10.070506 12.000850
v 13.143823 15.074479 20.545399
v 12.469796 15.636630 24.000000
v 15.991343 12.011534 14.792101
v 14.366987 13.913651 1.000000
v 14.589028 13.680653 17.405907
v 11.533800 16.339262 23.000000
v 11.368197 16.454910 23.000000
v 11.033531 16.681162 23.000000
v 10.367851 17.102856 24.000000
v 11.201436 16.568882 23.000000
v 10.367851 17.102856 1.000000
v 8.095667 18.288252 1.000000
v 8.095667 18.288252 24.000000
v 5.690552 19.173357 1.000000
v 5.690552 19.173357 24.000000
v 3.191998 19.743635 1.000000
v 3.191998 19.743635 24.000000
v 0.641032 19.989725 24.000000
v 0.641032 19.989725 1.000000
v -0.371454 19.996550 7.337455
v -1.920460 19.907581 24.000000
v -2.014888 19.898247 9.480954
v -1.920460 19.907581 1.000000
v -3.650712 19.663984 11.622341
v -4.450418 19.498558 24.000000
v -6.093567 19.049107 14.861990
v -6.907301 18.769369 24.000000
v -4.450418 19.498558 1.000000
v -2.316213 19.865427 9.668929
v -8.466298 18.119652 18.091093
v -9.250766 17.731987 24.000000
v -6.482050 18.920439 14.792101
v -6.907301 18.769369 1.000000
v -8.502816 18.102545 17.405907
v -10.275018 17.158789 20.545399
v -11.442333 16.403444 24.000000
v -11.975421 16.018406 23.000000
v -12.136583 15.896646 23.000000
v -9.250766 17.731987 1.000000
v -12.296509 15.773264 23.000000
v -12.455180 15.648274 23.000000
v -13.446018 14.805560 24.000000
v -11.442333 16.403444 1.000000
v -10.551126 16.990400 20.202696
v -13.446018 14.805560 1.000000
v -15.228919 12.964568 1.000000
v -15.228919 12.964568 24.000000
v -16.761763 10.910698 1.000000
v -16.761763 10.910698 24.000000
v -18.019377 8.677675 1.000000
v -18.019377 8.677675 24.000000
v -19.132635 5.826000 7.337455
v -18.981115 6.302165 24.000000
v -18.981115 6.302165 1.000000
v -19.546991 4.232624 9.480954
v -19.631184 3.823173 24.000000
v -19.829693 2.604472 11.622341
v -19.958908 1.281404 24.000000
v -19.631184 3.823173 1.000000
v -19.999792 0.091171 14.861990
v -19.958908 -1.281404 24.000000
v -19.849043 -2.452647 18.091093
v -19.631184 -3.823173 24.000000
v -19.997471 -0.318059 14.792101
v -19.958908 -1.281404 1.000000
v -19.844057 -2.492665 17.405907
v -18.935017 -6.439342 23.000000
v -18.869019 -6.630243 23.000000
v -18.981115 -6.302165 24.000000
v -18.801096 -6.820468 23.000000
v -18.731256 -7.009997 23.000000
v -19.631184 -3.823173 1.000000
v -18.019377 -8.677675 24.000000
v -18.981115 -6.302165 1.000000
v -19.419310 -4.784395 20.202696
v -18.019377 -8.677675 1.000000
v -16.761763 -10.910698 1.000000
v -16.761763 -10.910698 24.000000
v -15.228919 -12.964568 1.000000
v -15.228919 -12.964568 24.000000
v -13.446018 -14.805560 24.000000
v -13.446018 -14.805560 1.000000
v -11.453165 -16.395884 7.337455
v -11.442333 -16.403444 24.000000
v -11.442333 -16.403444 1.000000
v -10.065817 -17.282341 9.480954
v -9.250766 -17.731987 24.000000
v -9.250766 -17.731987 1.000000
v -6.907301 -18.769369 1.000000
v -8.060204 -18.303909 12.000850
v -3.801086 -19.635471 18.091093
v -1.920460 -19.907581 24.000000
v -4.450418 -19.498558 24.000000
v -1.773019 -19.921255 20.545399
v -5.877066 -19.117010 14.792101
v -4.450418 -19.498558 1.000000
v -3.761486 -19.643097 17.405907
v 0.474889 -19.994362 23.000000
v 0.641032 -19.989725 24.000000
v 0.272937 -19.998138 23.000000
v 0.676792 -19.988546 23.000000
v 0.878627 -19.980692 23.000000
v -1.920460 -19.907581 1.000000
v 3.191998 -19.743635 24.000000
v 0.641032 -19.989725 1.000000
v -1.450666 -19.947319 20.202696
v 3.191998 -19.743635 1.000000
v 5.690552 -19.173357 24.000000
v 5.690552 -19.173357 1.000000
v 8.095667 -18.288252 24.000000
v 8.095667 -18.288252 1.000000
v 10.367851 -17.102856 1.000000
v 10.367851 -17.102856 24.000000
v 12.054190 -15.959213 7.337455
v 12.469796 -15.636630 24.000000
v 13.325974 -14.913698 9.480954
v 12.469796 -15.636630 1.000000
v 14.366987 -13.913651 1.000000
v 16.028273 -11.962211 1.000000
v 14.917314 -13.321928 12.000850
v 17.499844 -9.682742 18.091093
v 18.398346 -7.842247 20.545399
v 17.426374 -9.814351 24.000000
v 18.538336 -7.505340 24.000000
v 17.426374 -9.814351 1.000000
v 16.365244 -11.496903 14.792101
v 17.519331 -9.647436 17.405907
v 19.103701 -5.920186 23.000000
v 19.345898 -5.073092 24.000000
v 19.274277 -5.338749 23.000000
v 19.219378 -5.533133 23.000000
v 19.162516 -5.726951 23.000000
v 18.538336 -7.505340 1.000000
v 19.345898 -5.073092 1.000000
v 19.835800 -2.557543 24.000000
v 19.835800 -2.557543 1.000000
v 12.898355 15.285041 20.202696
v 12.469796 15.636630 1.000000
v 17.573429 9.548538 11.622341
v -4.237927 19.545843 12.000850
v -19.898792 2.009489 12.000850
v -19.958908 1.281404 1.000000
v -19.608892 3.935905 9.668929
v -19.494133 -4.469765 20.545399
v -9.802749 -17.432903 9.668929
v -6.266984 -18.992760 14.861990
v -6.907301 -18.769369 24.000000
v -8.604712 -18.054333 11.622341
v 18.522747 -7.543726 20.202696
v 13.550460 -14.710032 9.668929
v 16.126583 -11.829342 14.861990
v 16.028273 -11.962211 24.000000
v 14.511688 -13.762664 11.622341
v 14.366987 -13.913651 24.000000
v 18.771690 -5.029859 0.099031
v 19.267624 -2.536631 0.099031
v 18.954836 -5.078933 0.218169
v 19.455608 -2.561379 0.218169
v 19.623489 0.000000 0.218169
v 19.433884 0.000000 0.099031
v 18.837452 -2.479998 0.000000
v 19.058069 -2.509043 0.025072
v 18.352591 -4.917562 0.000000
v 19.000000 0.000000 0.000000
v 18.567530 -4.975154 0.025072
v 19.222521 0.000000 0.025072
v 19.974928 0.000000 0.777479
v 19.900969 0.000000 0.566116
v 19.810934 2.554337 0.777479
v 19.737581 2.544879 0.566116
v 19.781832 0.000000 0.376510
v 19.619423 2.529644 0.376510
v 19.462381 2.509396 0.218169
v 19.274332 2.485150 0.099031
v 19.064705 2.458121 0.025072
v 18.837452 2.479998 0.000000
v 19.321646 5.066732 0.777479
v 19.250105 5.047972 0.566116
v 19.134865 5.017752 0.376510
v 18.981701 4.977588 0.218169
v 18.798296 4.929494 0.099031
v 18.593845 4.875881 0.025072
v 18.352591 4.917562 0.000000
v 18.515095 7.495931 0.777479
v 18.446541 7.468177 0.566116
v 18.336111 7.423469 0.376510
v 18.189341 7.364048 0.218169
v 18.013592 7.292895 0.099031
v 17.553711 7.270985 0.000000
v 17.817677 7.213578 0.025072
v 17.404528 9.802048 0.777479
v 17.340086 9.765755 0.566116
v 17.236280 9.707292 0.376510
v 17.098314 9.629591 0.218169
v 16.933105 9.536548 0.099031
v 16.454483 9.500000 0.000000
v 16.748941 9.432828 0.025072
v 16.008179 11.947215 0.777479
v 15.948908 11.902979 0.566116
v 15.853429 11.831721 0.376510
v 15.726532 11.737016 0.218169
v 15.574579 11.623610 0.099031
v 15.073713 11.566467 0.000000
v 15.405190 11.497192 0.025072
v 14.348976 13.896209 0.777479
v 14.295848 13.844757 0.566116
v 14.210266 13.761875 0.376510
v 14.096521 13.651719 0.218169
v 13.435029 13.435029 0.000000
v 13.960318 13.519814 0.099031
v 13.808485 13.372772 0.025072
v 12.454164 15.617027 0.777479
v 12.408051 15.559204 0.566116
v 12.333770 15.466059 0.376510
v 12.235045 15.342262 0.218169
v 11.566467 15.073713 0.000000
v 12.116828 15.194022 0.099031
v 11.985045 15.028772 0.025072
v 10.354855 17.081415 0.777479
v 10.316514 17.018169 0.566116
v 10.254754 16.916290 0.376510
v 10.172671 16.780886 0.218169
v 9.500000 16.454483 0.000000
v 10.074381 16.618746 0.099031
v 9.964812 16.438000 0.025072
v 8.085518 18.265326 0.777479
v 8.055581 18.197697 0.566116
v 8.007356 18.088757 0.376510
v 7.943262 17.943966 0.218169
v 7.270985 17.553711 0.000000
v 7.866512 17.770588 0.099031
v 7.780956 17.577316 0.025072
v 5.683418 19.149321 0.777479
v 5.662374 19.078419 0.566116
v 5.628477 18.964207 0.376510
v 4.917562 18.352591 0.000000
v 5.583424 18.812408 0.218169
v 5.529476 18.630640 0.099031
v 5.469337 18.428013 0.025072
v 3.187996 19.718885 0.777479
v 3.176193 19.645874 0.566116
v 3.157178 19.528263 0.376510
v 2.479998 18.837452 0.000000
v 3.131907 19.371952 0.218169
v 3.101646 19.184776 0.099031
v 3.067912 18.976122 0.025072
v 0.640228 19.964664 0.777479
v 0.637857 19.890743 0.566116
v 0.634039 19.771667 0.376510
v -0.000000 19.000000 0.000000
v 0.628964 19.613407 0.218169
v 0.622887 19.423899 0.099031
v 0.616112 19.212645 0.025072
v -1.918053 19.882626 0.777479
v -1.910951 19.809010 0.566116
v -1.899511 19.690422 0.376510
v -1.884307 19.532812 0.218169
v -2.607251 19.804039 0.777479
v -1.866100 19.344082 0.099031
v -2.597598 19.730713 0.566116
v -1.845805 19.133696 0.025072
v -2.479998 18.837452 0.000000
v -2.582047 19.612595 0.376510
v -2.561379 19.455608 0.218169
v -2.536631 19.267624 0.099031
v -2.509043 19.058069 0.025072
v -4.444839 19.474115 0.777479
v -4.428382 19.402010 0.566116
v -4.401872 19.285860 0.376510
v -4.366637 19.131489 0.218169
v -5.169892 19.294298 0.777479
v -4.324446 18.946636 0.099031
v -5.150750 19.222860 0.566116
v -4.277413 18.740572 0.025072
v -4.917562 18.352591 0.000000
v -5.119915 19.107782 0.376510
v -5.078933 18.954836 0.218169
v -5.029859 18.771690 0.099031
v -4.975154 18.567530 0.025072
v -6.898642 18.745838 0.777479
v -6.873099 18.676432 0.566116
v -6.831954 18.564625 0.376510
v -6.777267 18.416025 0.218169
v -7.644074 18.454428 0.777479
v -6.711784 18.238087 0.099031
v -7.615771 18.386097 0.566116
v -6.638787 18.039728 0.025072
v -7.270985 17.553711 0.000000
v -7.570179 18.276030 0.376510
v -7.509584 18.129740 0.218169
v -7.437026 17.954567 0.099031
v -7.356140 17.759295 0.025072
v -9.239169 17.709757 0.777479
v -9.204960 17.644186 0.566116
v -9.149855 17.538559 0.376510
v -9.076615 17.398172 0.218169
v -9.987464 17.298796 0.777479
v -8.988915 17.230068 0.099031
v -9.950484 17.234745 0.566116
v -8.891152 17.042673 0.025072
v -9.500000 16.454483 0.000000
v -9.890916 17.131569 0.376510
v -9.811745 16.994440 0.218169
v -9.716942 16.830236 0.099031
v -9.611260 16.647192 0.025072
v -11.427989 16.382881 0.777479
v -11.385675 16.322222 0.566116
v -11.317515 16.224510 0.376510
v -11.226926 16.094643 0.218169
v -12.159966 15.847176 0.777479
v -11.118448 15.939133 0.099031
v -12.114943 15.788500 0.566116
v -10.997524 15.765779 0.025072
v -11.566467 15.073713 0.000000
v -12.042416 15.693982 0.376510
v -11.946024 15.568361 0.218169
v -11.830599 15.417936 0.099031
v -11.701929 15.250251 0.025072
v -13.429162 14.787000 0.777479
v -13.379439 14.732249 0.566116
v -13.299343 14.644054 0.376510
v -13.192889 14.526837 0.218169
v -13.065417 14.386477 0.099031
v -14.124407 14.124407 0.777479
v -12.923318 14.230009 0.025072
v -13.435029 13.435029 0.000000
v -14.072110 14.072110 0.566116
v -13.987867 13.987867 0.376510
v -13.875903 13.875903 0.218169
v -13.741831 13.741831 0.099031
v -13.592375 13.592375 0.025072
v -15.209828 12.948316 0.777479
v -15.153512 12.900373 0.566116
v -15.062796 12.823145 0.376510
v -14.942227 12.720503 0.218169
v -14.797853 12.597595 0.099031
v -15.847176 12.159966 0.777479
v -14.636910 12.460584 0.025072
v -15.073713 11.566467 0.000000
v -15.788500 12.114943 0.566116
v -15.693982 12.042416 0.376510
v -15.568361 11.946024 0.218169
v -15.417936 11.830599 0.099031
v -15.250251 11.701929 0.025072
v -16.740749 10.897020 0.777479
v -16.678764 10.856673 0.566116
v -16.578918 10.791679 0.376510
v -16.446213 10.705298 0.218169
v -16.287308 10.601862 0.099031
v -17.298796 9.987464 0.777479
v -16.110167 10.486556 0.025072
v -16.454483 9.500000 0.000000
v -17.234745 9.950484 0.566116
v -17.131569 9.890916 0.376510
v -16.994440 9.811745 0.218169
v -16.830236 9.716942 0.099031
v -16.647192 9.611260 0.025072
v -17.996788 8.666797 0.777479
v -17.930153 8.634706 0.566116
v -17.822815 8.583015 0.376510
v -17.680153 8.514313 0.218169
v -17.509325 8.432046 0.099031
v -18.454428 7.644074 0.777479
v -17.318893 8.340340 0.025072
v -17.553711 7.270985 0.000000
v -18.386097 7.615771 0.566116
v -18.276030 7.570179 0.376510
v -18.129740 7.509584 0.218169
v -17.954567 7.437026 0.099031
v -17.759295 7.356140 0.025072
v -18.957319 6.294264 0.777479
v -18.887129 6.270959 0.566116
v -18.774061 6.233418 0.376510
v -18.623785 6.183523 0.218169
v -18.443838 6.123776 0.099031
v -18.243244 6.057174 0.025072
v -18.352591 4.917562 0.000000
v -19.294298 5.169892 0.777479
v -19.222860 5.150750 0.566116
v -19.107782 5.119915 0.376510
v -18.954836 5.078933 0.218169
v -18.771690 5.029859 0.099031
v -18.567530 4.975154 0.025072
v -19.606573 3.818380 0.777479
v -19.533978 3.804242 0.566116
v -19.417038 3.781468 0.376510
v -19.261616 3.751199 0.218169
v -19.075506 3.714955 0.099031
v -18.868042 3.674551 0.025072
v -18.837452 2.479998 0.000000
v -19.804039 2.607251 0.777479
v -19.730713 2.597598 0.566116
v -19.612595 2.582047 0.376510
v -19.455608 2.561379 0.218169
v -19.267624 2.536631 0.099031
v -19.058069 2.509043 0.025072
v -19.933887 1.279798 0.777479
v -19.860081 1.275059 0.566116
v -19.741188 1.267426 0.376510
v -19.583172 1.257281 0.218169
v -19.393955 1.245133 0.099031
v -19.183025 1.231591 0.025072
v -19.000000 0.000000 0.000000
v -19.974928 0.000000 0.777479
v -19.900969 0.000000 0.566116
v -19.781832 0.000000 0.376510
v -19.623489 0.000000 0.218169
v -19.433884 0.000000 0.099031
v -19.222521 0.000000 0.025072
v -19.933887 -1.279798 0.777479
v -19.860081 -1.275059 0.566116
v -19.741188 -1.267426 0.376510
v -19.583172 -1.257281 0.218169
v -19.393955 -1.245133 0.099031
v -19.183025 -1.231591 0.025072
v -18.837452 -2.479998 0.000000
v -19.804039 -2.607251 0.777479
v -19.730713 -2.597598 0.566116
v -19.612595 -2.582047 0.376510
v -19.455608 -2.561379 0.218169
v -19.267624 -2.536631 0.099031
v -19.058069 -2.509043 0.025072
v -19.606573 -3.818380 0.777479
v -19.533978 -3.804242 0.566116
v -19.417038 -3.781468 0.376510
v -19.261616 -3.751199 0.218169
v -19.075506 -3.714955 0.099031
v -18.868042 -3.674551 0.025072
v -18.352591 -4.917562 0.000000
v -19.294298 -5.169892 0.777479
v -19.222860 -5.150750 0.566116
v -19.107782 -5.119915 0.376510
v -18.954836 -5.078933 0.218169
v -18.771690 -5.029859 0.099031
v -18.567530 -4.975154 0.025072
v -18.957319 -6.294264 0.777479
v -18.887129 -6.270959 0.566116
v -18.774061 -6.233418 0.376510
v -18.623785 -6.183523 0.218169
v -18.443838 -6.123776 0.099031
v -18.243244 -6.057174 0.025072
v -17.553711 -7.270985 0.000000
v -18.454428 -7.644074 0.777479
v -18.386097 -7.615771 0.566116
v -18.276030 -7.570179 0.376510
v -18.129740 -7.509584 0.218169
v -17.954567 -7.437026 0.099031
v -17.996788 -8.666797 0.777479
v -17.759295 -7.356140 0.025072
v -17.930153 -8.634706 0.566116
v -17.822815 -8.583015 0.376510
v -17.680153 -8.514313 0.218169
v -17.509325 -8.432046 0.099031
v -17.318893 -8.340340 0.025072
v -16.454483 -9.500000 0.000000
v -17.298796 -9.987464 0.777479
v -17.234745 -9.950484 0.566116
v -17.131569 -9.890916 0.376510
v -16.994440 -9.811745 0.218169
v -16.830236 -9.716942 0.099031
v -16.740749 -10.897020 0.777479
v -16.647192 -9.611260 0.025072
v -16.678764 -10.856673 0.566116
v -16.578918 -10.791679 0.376510
v -16.446213 -10.705298 0.218169
v -16.287308 -10.601862 0.099031
v -16.110167 -10.486556 0.025072
v -15.073713 -11.566467 0.000000
v -15.847176 -12.159966 0.777479
v -15.788500 -12.114943 0.566116
v -15.693982 -12.042416 0.376510
v -15.568361 -11.946024 0.218169
v -15.417936 -11.830599 0.099031
v -15.209828 -12.948316 0.777479
v -15.250251 -11.701929 0.025072
v -15.153512 -12.900373 0.566116
v -15.062796 -12.823145 0.376510
v -14.942227 -12.720503 0.218169
v -14.797853 -12.597595 0.099031
v -14.636910 -12.460584 0.025072
v -13.435029 -13.435029 0.000000
v -14.124407 -14.124407 0.777479
v -14.072110 -14.072110 0.566116
v -13.987867 -13.987867 0.376510
v -13.875903 -13.875903 0.218169
v -13.741831 -13.741831 0.099031
v -13.429162 -14.787000 0.777479
v -13.592375 -13.592375 0.025072
v -13.379439 -14.732249 0.566116
v -13.299343 -14.644054 0.376510
v -13.192889 -14.526837 0.218169
v -13.065417 -14.386477 0.099031
v -12.923318 -14.230009 0.025072
v -11.566467 -15.073713 0.000000
v -12.159966 -15.847176 0.777479
v -12.114943 -15.788500 0.566116
v -12.042416 -15.693982 0.376510
v -11.946024 -15.568361 0.218169
v -11.427989 -16.382881 0.777479
v -11.830599 -15.417936 0.099031
v -11.385675 -16.322222 0.566116
v -11.701929 -15.250251 0.025072
v -11.317515 -16.224510 0.376510
v -11.226926 -16.094643 0.218169
v -11.118448 -15.939133 0.099031
v -10.997524 -15.765779 0.025072
v -9.500000 -16.454483 0.000000
v -9.987464 -17.298796 0.777479
v -9.950484 -17.234745 0.566116
v -9.890916 -17.131569 0.376510
v -9.811745 -16.994440 0.218169
v -9.239169 -17.709757 0.777479
v -9.716942 -16.830236 0.099031
v -9.204960 -17.644186 0.566116
v -9.611260 -16.647192 0.025072
v -9.149855 -17.538559 0.376510
v -9.076615 -17.398172 0.218169
v -8.988915 -17.230068 0.099031
v -8.891152 -17.042673 0.025072
v -7.270985 -17.553711 0.000000
v -7.644074 -18.454428 0.777479
v -7.615771 -18.386097 0.566116
v -7.570179 -18.276030 0.376510
v -7.509584 -18.129740 0.218169
v -6.898642 -18.745838 0.777479
v -7.437026 -17.954567 0.099031
v -6.873099 -18.676432 0.566116
v -7.356140 -17.759295 0.025072
v -6.831954 -18.564625 0.376510
v -6.777267 -18.416025 0.218169
v -6.711784 -18.238087 0.099031
v -6.638787 -18.039728 0.025072
v -4.917562 -18.352591 0.000000
v -5.169892 -19.294298 0.777479
v -5.150750 -19.222860 0.566116
v -5.119915 -19.107782 0.376510
v -5.078933 -18.954836 0.218169
v -4.444839 -19.474115 0.777479
v -5.029859 -18.771690 0.099031
v -4.428382 -19.402010 0.566116
v -4.975154 -18.567530 0.025072
v -4.401872 -19.285860 0.376510
v -4.366637 -19.131489 0.218169
v -4.324446 -18.946636 0.099031
v -4.277413 -18.740572 0.025072
v -2.479998 -18.837452 0.000000
v -2.607251 -19.804039 0.777479
v -2.597598 -19.730713 0.566116
v -2.582047 -19.612595 0.376510
v -2.561379 -19.455608 0.218169
v -1.918053 -19.882626 0.777479
v -2.536631 -19.267624 0.099031
v -1.910951 -19.809010 0.566116
v -2.509043 -19.058069 0.025072
v -1.899511 -19.690422 0.376510
v -1.884307 -19.532812 0.218169
v -1.866100 -19.344082 0.099031
v -1.845805 -19.133696 0.025072
v -0.000000 -19.000000 0.000000
v -0.000000 -19.974928 0.777479
v -0.000000 -19.900969 0.566116
v -0.000000 -19.781832 0.376510
v -0.000000 -19.623489 0.218169
v -0.000000 -19.433884 0.099031
v -0.000000 -19.222521 0.025072
v 2.597598 -19.730713 0.566116
v 2.582047 -19.612595 0.376510
v 2.561379 -19.455608 0.218169
v 2.536631 -19.267624 0.099031
v 2.509043 -19.058069 0.025072
v 2.479998 -18.837452 0.000000
v 5.150750 -19.222860 0.566116
v 5.119915 -19.107782 0.376510
v 5.078933 -18.954836 0.218169
v 5.029859 -18.771690 0.099031
v 4.917562 -18.352591 0.000000
v 4.975154 -18.567530 0.025072
v 7.615771 -18.386097 0.566116
v 7.570179 -18.276030 0.376510
v 7.509584 -18.129740 0.218169
v 7.437026 -17.954567 0.099031
v 7.270985 -17.553711 0.000000
v 7.356140 -17.759295 0.025072
v 9.950484 -17.234745 0.566116
v 9.890916 -17.131569 0.376510
v 9.811745 -16.994440 0.218169
v 9.716942 -16.830236 0.099031
v 9.500000 -16.454483 0.000000
v 9.611260 -16.647192 0.025072
v 12.114943 -15.788500 0.566116
v 12.042416 -15.693982 0.376510
v 11.946024 -15.568361 0.218169
v 11.830599 -15.417936 0.099031
v 11.566467 -15.073713 0.000000
v 11.701929 -15.250251 0.025072
v 14.072110 -14.072110 0.566116
v 13.987867 -13.987867 0.376510
v 13.875903 -13.875903 0.218169
v 13.741831 -13.741831 0.099031
v 13.435029 -13.435029 0.000000
v 13.592375 -13.592375 0.025072
v 15.847176 -12.159966 0.777479
v 15.788500 -12.114943 0.566116
v 15.693982 -12.042416 0.376510
v 15.568361 -11.946024 0.218169
v 15.417936 -11.830599 0.099031
v 15.073713 -11.566467 0.000000
v 15.250251 -11.701929 0.025072
v 17.298796 -9.987464 0.777479
v 17.234745 -9.950484 0.566116
v 17.131569 -9.890916 0.376510
v 16.994440 -9.811745 0.218169
v 16.830236 -9.716942 0.099031
v 16.454483 -9.500000 0.000000
v 16.647192 -9.611260 0.025072
v 18.454428 -7.644074 0.777479
v 18.386097 -7.615771 0.566116
v 18.276030 -7.570179 0.376510
v 18.129740 -7.509584 0.218169
v 17.954567 -7.437026 0.099031
v 17.553711 -7.270985 0.000000
v 17.759295 -7.356140 0.025072
v 19.294298 -5.169892 0.777479
v 19.222860 -5.150750 0.566116
v 19.107782 -5.119915 0.376510
v 19.804039 -2.607251 0.777479
v 19.730713 -2.597598 0.566116
v 19.612595 -2.582047 0.376510
v 19.267624 -2.536631 24.900969
v 18.771690 -5.029859 24.900969
v 18.954836 -5.078933 24.781832
v 19.455608 -2.561379 24.781832
v 19.623489 0.000000 24.781832
v 19.433884 0.000000 24.900969
v 19.058069 -2.509043 24.974928
v 18.837452 -2.479998 25.000000
v 18.352591 -4.917562 25.000000
v 19.000000 0.000000 25.000000
v 18.567530 -4.975154 24.974928
v 19.222521 0.000000 24.974928
v 19.974928 0.000000 24.222521
v 19.900969 0.000000 24.433884
v 19.810934 2.554337 24.222521
v 19.737581 2.544879 24.433884
v 19.619423 2.529644 24.623489
v 19.781832 0.000000 24.623489
v 19.462381 2.509396 24.781832
v 19.274332 2.485150 24.900969
v 19.064705 2.458121 24.974928
v 18.837452 2.479998 25.000000
v 19.321646 5.066732 24.222521
v 19.250105 5.047972 24.433884
v 19.134865 5.017752 24.623489
v 18.981701 4.977588 24.781832
v 18.798296 4.929494 24.900969
v 18.593845 4.875881 24.974928
v 18.352591 4.917562 25.000000
v 18.515095 7.495931 24.222521
v 18.446541 7.468177 24.433884
v 18.336111 7.423469 24.623489
v 18.189341 7.364048 24.781832
v 18.013592 7.292895 24.900969
v 17.553711 7.270985 25.000000
v 17.817677 7.213578 24.974928
v 17.404528 9.802048 24.222521
v 17.340086 9.765755 24.433884
v 17.236280 9.707292 24.623489
v 17.098314 9.629591 24.781832
v 16.933105 9.536548 24.900969
v 16.454483 9.500000 25.000000
v 16.748941 9.432828 24.974928
v 16.008179 11.947215 24.222521
v 15.948908 11.902979 24.433884
v 15.853429 11.831721 24.623489
v 15.726532 11.737016 24.781832
v 15.574579 11.623610 24.900969
v 15.073713 11.566467 25.000000
v 15.405190 11.497192 24.974928
v 14.348976 13.896209 24.222521
v 14.295848 13.844757 24.433884
v 14.210266 13.761875 24.623489
v 14.096521 13.651719 24.781832
v 13.435029 13.435029 25.000000
v 13.960318 13.519814 24.900969
v 13.808485 13.372772 24.974928
v 12.454164 15.617027 24.222521
v 12.408051 15.559204 24.433884
v 12.333770 15.466059 24.623489
v 12.235045 15.342262 24.781832
v 11.566467 15.073713 25.000000
v 12.116828 15.194022 24.900969
v 11.985045 15.028772 24.974928
v 10.354855 17.081415 24.222521
v 10.316514 17.018169 24.433884
v 10.254754 16.916290 24.623489
v 10.172671 16.780886 24.781832
v 9.500000 16.454483 25.000000
v 10.074381 16.618746 24.900969
v 9.964812 16.438000 24.974928
v 8.085518 18.265326 24.222521
v 8.055581 18.197697 24.433884
v 8.007356 18.088757 24.623489
v 7.943262 17.943966 24.781832
v 7.270985 17.553711 25.000000
v 7.866512 17.770588 24.900969
v 7.780956 17.577316 24.974928
v 5.683418 19.149321 24.222521
v 5.662374 19.078419 24.433884
v 5.628477 18.964207 24.623489
v 4.917562 18.352591 25.000000
v 5.583424 18.812408 24.781832
v 5.529476 18.630640 24.900969
v 5.469337 18.428013 24.974928
v 3.187996 19.718885 24.222521
v 3.176193 19.645874 24.433884
v 3.157178 19.528263 24.623489
v 2.479998 18.837452 25.000000
v 3.131907 19.371952 24.781832
v 3.101646 19.184776 24.900969
v 3.067912 18.976122 24.974928
v 0.640228 19.964664 24.222521
v 0.637857 19.890743 24.433884
v 0.634039 19.771667 24.623489
v -0.000000 19.000000 25.000000
v 0.628964 19.613407 24.781832
v 0.622887 19.423899 24.900969
v 0.616112 19.212645 24.974928
v -1.918053 19.882626 24.222521
v -1.910951 19.809010 24.433884
v -1.899511 19.690422 24.623489
v -1.884307 19.532812 24.781832
v -2.607251 19.804039 24.222521
v -1.866100 19.344082 24.900969
v -2.597598 19.730713 24.433884
v -1.845805 19.133696 24.974928
v -2.479998 18.837452 25.000000
v -2.582047 19.612595 24.623489
v -2.561379 19.455608 24.781832
v -2.536631 19.267624 24.900969
v -2.509043 19.058069 24.974928
v -4.444839 19.474115 24.222521
v -4.428382 19.402010 24.433884
v -4.401872 19.285860 24.623489
v -4.366637 19.131489 24.781832
v -5.169892 19.294298 24.222521
v -4.324446 18.946636 24.900969
v -5.150750 19.222860 24.433884
v -4.277413 18.740572 24.974928
v -4.917562 18.352591 25.000000
v -5.119915 19.107782 24.623489
v -5.078933 18.954836 24.781832
v -5.029859 18.771690 24.900969
v -4.975154 18.567530 24.974928
v -6.898642 18.745838 24.222521
v -6.873099 18.676432 24.433884
v -6.831954 18.564625 24.623489
v -6.777267 18.416025 24.781832
v -7.644074 18.454428 24.222521
v -6.711784 18.238087 24.900969
v -7.615771 18.386097 24.433884
v -6.638787 18.039728 24.974928
v -7.270985 17.553711 25.000000
v -7.570179 18.276030 24.623489
v -7.509584 18.129740 24.781832
v -7.437026 17.954567 24.900969
v -7.356140 17.759295 24.974928
v -9.239169 17.709757 24.222521
v -9.204960 17.644186 24.433884
v -9.149855 17.538559 24.623489
v -9.076615 17.398172 24.781832
v -9.987464 17.298796 24.222521
v -8.988915 17.230068 24.900969
v -9.950484 17.234745 24.433884
v -8.891152 17.042673 24.974928
v -9.500000 16.454483 25.000000
v -9.890916 17.131569 24.623489
v -9.811745 16.994440 24.781832
v -9.716942 16.830236 24.900969
v -9.611260 16.647192 24.974928
v -11.427989 16.382881 24.222521
v -11.385675 16.322222 24.433884
v -11.317515 16.224510 24.623489
v -11.226926 16.094643 24.781832
v -12.159966 15.847176 24.222521
v -11.118448 15.939133 24.900969
v -12.114943 15.788500 24.433884
v -10.997524 15.765779 24.974928
v -11.566467 15.073713 25.000000
v -12.042416 15.693982 24.623489
v -11.946024 15.568361 24.781832
v -11.830599 15.417936 24.900969
v -11.701929 15.250251 24.974928
v -13.429162 14.787000 24.222521
v -13.379439 14.732249 24.433884
v -13.299343 14.644054 24.623489
v -13.192889 14.526837 24.781832
v -13.065417 14.386477 24.900969
v -14.124407 14.124407 24.222521
v -12.923318 14.230009 24.974928
v -13.435029 13.435029 25.000000
v -14.072110 14.072110 24.433884
v -13.987867 13.987867 24.623489
v -13.875903 13.875903 24.781832
v -13.741831 13.741831 24.900969
v -13.592375 13.592375 24.974928
v -15.209828 12.948316 24.222521
v -15.153512 12.900373 24.433884
v -15.062796 12.823145 24.623489
v -14.942227 12.720503 24.781832
v -14.797853 12.597595 24.900969
v -15.847176 12.159966 24.222521
v -14.636910 12.460584 24.974928
v -15.073713 11.566467 25.000000
v -15.788500 12.114943 24.433884
v -15.693982 12.042416 24.623489
v -15.568361 11.946024 24.781832
v -15.417936 11.830599 24.900969
v -15.250251 11.701929 24.974928
v -16.740749 10.897020 24.222521
v -16.678764 10.856673 24.433884
v -16.578918 10.791679 24.623489
v -16.446213 10.705298 24.781832
v -16.287308 10.601862 24.900969
v -17.298796 9.987464 24.222521
v -16.110167 10.486556 24.974928
v -16.454483 9.500000 25.000000
v -17.234745 9.950484 24.433884
v -17.131569 9.890916 24.623489
v -16.994440 9.811745 24.781832
v -16.830236 9.716942 24.900969
v -16.647192 9.611260 24.974928
v -17.996788 8.666797 24.222521
v -17.930153 8.634706 24.433884
v -17.822815 8.583015 24.623489
v -17.680153 8.514313 24.781832
v -17.509325 8.432046 24.900969
v -18.454428 7.644074 24.222521
v -17.318893 8.340340 24.974928
v -17.553711 7.270985 25.000000
v -18.386097 7.615771 24.433884
v -18.276030 7.570179 24.623489
v -18.129740 7.509584 24.781832
v -17.954567 7.437026 24.900969
v -17.759295 7.356140 24.974928
v -18.957319 6.294264 24.222521
v -18.887129 6.270959 24.433884
v -18.774061 6.233418 24.623489
v -18.623785 6.183523 24.781832
v -18.443838 6.123776 24.900969
v -18.243244 6.057174 24.974928
v -18.352591 4.917562 25.000000
v -19.294298 5.169892 24.222521
v -19.222860 5.150750 24.433884
v -19.107782 5.119915 24.623489
v -18.954836 5.078933 24.781832
v -18.771690 5.029859 24.900969
v -18.567530 4.975154 24.974928
v -19.606573 3.818380 24.222521
v -19.533978 3.804242 24.433884
v -19.417038 3.781468 24.623489
v -19.261616 3.751199 24.781832
v -19.075506 3.714955 24.900969
v -18.868042 3.674551 24.974928
v -18.837452 2.479998 25.000000
v -19.804039 2.607251 24.222521
v -19.730713 2.597598 24.433884
v -19.612595 2.582047 24.623489
v -19.455608 2.561379 24.781832
v -19.267624 2.536631 24.900969
v -19.058069 2.509043 24.974928
v -19.933887 1.279798 24.222521
v -19.860081 1.275059 24.433884
v -19.741188 1.267426 24.623489
v -19.583172 1.257281 24.781832
v -19.393955 1.245133 24.900969
v -19.183025 1.231591 24.974928
v -19.000000 0.000000 25.000000
v -19.974928 0.000000 24.222521
v -19.900969 0.000000 24.433884
v -19.781832 0.000000 24.623489
v -19.623489 0.000000 24.781832
v -19.433884 0.000000 24.900969
v -19.222521 0.000000 24.974928
v -19.933887 -1.279798 24.222521
v -19.860081 -1.275059 24.433884
v -19.741188 -1.267426 24.623489
v -19.583172 -1.257281 24.781832
v -19.393955 -1.245133 24.900969
v -19.183025 -1.231591 24.974928
v -18.837452 -2.479998 25.000000
v -19.804039 -2.607251 24.222521
v -19.730713 -2.597598 24.433884
v -19.612595 -2.582047 24.623489
v -19.455608 -2.561379 24.781832
v -19.267624 -2.536631 24.900969
v -19.058069 -2.509043 24.974928
v -19.606573 -3.818380 24.222521
v -19.533978 -3.804242 24.433884
v -19.417038 -3.781468 24.623489
v -19.261616 -3.751199 24.781832
v -19.075506 -3.714955 24.900969
v -18.868042 -3.674551 24.974928
v -18.352591 -4.917562 25.000000
v -19.294298 -5.169892 24.222521
v -19.222860 -5.150750 24.433884
v -19.107782 -5.119915 24.623489
v -18.954836 -5.078933 24.781832
v -18.771690 -5.029859 24.900969
v -18.567530 -4.975154 24.974928
v -18.957319 -6.294264 24.222521
v -18.887129 -6.270959 24.433884
v -18.774061 -6.233418 24.623489
v -18.623785 -6.183523 24.781832
v -18.443838 -6.123776 24.900969
v -18.243244 -6.057174 24.974928
v -17.553711 -7.270985 25.000000
v -18.454428 -7.644074 24.222521
v -18.386097 -7.615771 24.433884
v -18.276030 -7.570179 24.623489
v -18.129740 -7.509584 24.781832
v -17.954567 -7.437026 24.900969
v -17.996788 -8.666797 24.222521
v -17.759295 -7.356140 24.974928
v -17.930153 -8.634706 24.433884
v -17.822815 -8.583015 24.623489
v -17.680153 -8.514313 24.781832
v -17.509325 -8.432046 24.900969
v -17.318893 -8.340340 24.974928
v -16.454483 -9.500000 25.000000
v -17.298796 -9.987464 24.222521
v -17.234745 -9.950484 24.433884
v -17.131569 -9.890916 24.623489
v -16.994440 -9.811745 24.781832
v -16.830236 -9.716942 24.900969
v -16.740749 -10.897020 24.222521
v -16.647192 -9.611260 24.974928
v -16.678764 -10.856673 24.433884
v -16.578918 -10.791679 24.623489
v -16.446213 -10.705298 24.781832
v -16.287308 -10.601862 24.900969
v -16.110167 -10.486556 24.974928
v -15.073713 -11.566467 25.000000
v -15.847176 -12.159966 24.222521
v -15.788500 -12.114943 24.433884
v -15.693982 -12.042416 24.623489
v -15.568361 -11.946024 24.781832
v -15.417936 -11.830599 24.900969
v -15.209828 -12.948316 24.222521
v -15.250251 -11.701929 24.974928
v -15.153512 -12.900373 24.433884
v -15.062796 -12.823145 24.623489
v -14.942227 -12.720503 24.781832
v -14.797853 -12.597595 24.900969
v -14.636910 -12.460584 24.974928
v -13.435029 -13.435029 25.000000
v -14.124407 -14.124407 24.222521
v -14.072110 -14.072110 24.433884
v -13.987867 -13.987867 24.623489
v -13.875903 -13.875903 24.781832
v -13.741831 -13.741831 24.900969
v -13.429162 -14.787000 24.222521
v -13.592375 -13.592375 24.974928
v -13.379439 -14.732249 24.433884
v -13.299343 -14.644054 24.623489
v -13.192889 -14.526837 24.781832
v -13.065417 -14.386477 24.900969
v -12.923318 -14.230009 24.974928
v -11.566467 -15.073713 25.000000
v -12.159966 -15.847176 24.222521
v -12.114943 -15.788500 24.433884
v -12.042416 -15.693982 24.623489
v -11.946024 -15.568361 24.781832
v -11.427989 -16.382881 24.222521
v -11.830599 -15.417936 24.900969
v -11.385675 -16.322222 24.433884
v -11.701929 -15.250251 24.974928
v -11.317515 -16.224510 24.623489
v -11.226926 -16.094643 24.781832
v -11.118448 -15.939133 24.900969
v -10.997524 -15.765779 24.974928
v -9.500000 -16.454483 25.000000
v -9.987464 -17.298796 24.222521
v -9.950484 -17.234745 24.433884
v -9.890916 -17.131569 24.623489
v -9.811745 -16.994440 24.781832
v -9.239169 -17.709757 24.222521
v -9.716942 -16.830236 24.900969
v -9.204960 -17.644186 24.433884
v -9.611260 -16.647192 24.974928
v -9.149855 -17.538559 24.623489
v -9.076615 -17.398172 24.781832
v -8.988915 -17.230068 24.900969
v -8.891152 -17.042673 24.974928
v -7.270985 -17.553711 25.000000
v -7.644074 -18.454428 24.222521
v -7.615771 -18.386097 24.433884
v -7.570179 -18.276030 24.623489
v -7.509584 -18.129740 24.781832
v -6.898642 -18.745838 24.222521
v -7.437026 -17.954567 24.900969
v -6.873099 -18.676432 24.433884
v -7.356140 -17.759295 24.974928
v -6.831954 -18.564625 24.623489
v -6.777267 -18.416025 24.781832
v -6.711784 -18.238087 24.900969
v -6.638787 -18.039728 24.974928
v -4.917562 -18.352591 25.000000
v -5.169892 -19.294298 24.222521
v -5.150750 -19.222860 24.433884
v -5.119915 -19.107782 24.623489
v -5.078933 -18.954836 24.781832
v -4.444839 -19.474115 24.222521
v -5.029859 -18.771690 24.900969
v -4.428382 -19.402010 24.433884
v -4.975154 -18.567530 24.974928
v -4.401872 -19.285860 24.623489
v -4.366637 -19.131489 24.781832
v -4.324446 -18.946636 24.900969
v -4.277413 -18.740572 24.974928
v -2.479998 -18.837452 25.000000
v -2.607251 -19.804039 24.222521
v -2.597598 -19.730713 24.433884
v -2.582047 -19.612595 24.623489
v -2.561379 -19.455608 24.781832
v -1.918053 -19.882626 24.222521
v -2.536631 -19.267624 24.900969
v -1.910951 -19.809010 24.433884
v -2.509043 -19.058069 24.974928
v -1.899511 -19.690422 24.623489
v -1.884307 -19.532812 24.781832
v -1.866100 -19.344082 24.900969
v -1.845805 -19.133696 24.974928
v -0.000000 -19.000000 25.000000
v -0.000000 -19.974928 24.222521
v -0.000000 -19.900969 24.433884
v -0.000000 -19.781832 24.623489
v -0.000000 -19.623489 24.781832
v -0.000000 -19.433884 24.900969
v -0.000000 -19.222521 24.974928
v 2.597598 -19.730713 24.433884
v 2.582047 -19.612595 24.623489
v 2.561379 -19.455608 24.781832
v 2.536631 -19.267624 24.900969
v 2.509043 -19.058069 24.974928
v 2.479998 -18.837452 25.000000
v 5.150750 -19.222860 24.433884
v 5.119915 -19.107782 24.623489
v 5.078933 -18.954836 24.781832
v 5.029859 -18.771690 24.900969
v 4.975154 -18.567530 24.974928
v 4.917562 -18.352591 25.000000
v 7.615771 -18.386097 24.433884
v 7.570179 -18.276030 24.623489
v 7.509584 -18.129740 24.781832
v 7.437026 -17.954567 24.900969
v 7.356140 -17.759295 24.974928
v 7.270985 -17.553711 25.000000
v 9.950484 -17.234745 24.433884
v 9.890916 -17.131569 24.623489
v 9.811745 -16.994440 24.781832
v 9.716942 -16.830236 24.900969
v 9.611260 -16.647192 24.974928
v 9.500000 -16.454483 25.000000
v 12.114943 -15.788500 24.433884
v 12.042416 -15.693982 24.623489
v 11.946024 -15.568361 24.781832
v 11.830599 -15.417936 24.900969
v 11.701929 -15.250251 24.974928
v 11.566467 -15.073713 25.000000
v 14.072110 -14.072110 24.433884
v 13.987867 -13.987867 24.623489
v 13.875903 -13.875903 24.781832
v 13.741831 -13.741831 24.900969
v 13.592375 -13.592375 24.974928
v 13.435029 -13.435029 25.000000
v 15.847176 -12.159966 24.222521
v 15.788500 -12.114943 24.433884
v 15.693982 -12.042416 24.623489
v 15.568361 -11.946024 24.781832
v 15.417936 -11.830599 24.900969
v 15.250251 -11.701929 24.974928
v 15.073713 -11.566467 25.000000
v 17.298796 -9.987464 24.222521
v 17.234745 -9.950484 24.433884
v 17.131569 -9.890916 24.623489
v 16.994440 -9.811745 24.781832
v 16.830236 -9.716942 24.900969
v 16.647192 -9.611260 24.974928
v 16.454483 -9.500000 25.000000
v 18.454428 -7.644074 24.222521
v 18.386097 -7.615771 24.433884
v 18.276030 -7.570179 24.623489
v 18.129740 -7.509584 24.781832
v 17.954567 -7.437026 24.900969
v 17.759295 -7.356140 24.974928
v 17.553711 -7.270985 25.000000
v 19.294298 -5.169892 24.222521
v 19.222860 -5.150750 24.433884
v 19.107782 -5.119915 24.623489
v 19.804039 -2.607251 24.222521
v 19.730713 -2.597598 24.433884
v 19.612595 -2.582047 24.623489
v -12.654747 55.632854 23.000000
v -8.334336 56.266888 20.952177
v -9.530975 54.824032 23.000000
v 22.651232 1.997218 -0.000047
v 19.866322 2.569813 2.445782
v -4.821138 54.958076 21.039633
v -4.259219 54.016293 21.722240
v -6.507850 53.695797 23.000000
v -3.990354 56.567417 18.904354
v -2.972568 55.473179 19.674417
v -3.129391 54.140007 21.083361
v -2.478949 54.873463 20.059448
v -2.348136 53.027508 21.722239
v -3.617963 52.260307 23.000000
v -1.702094 53.386593 21.083359
v 0.363001 56.533966 16.851141
v -0.124454 55.442177 18.307404
v -0.366353 54.847271 19.035536
v -0.315827 52.560131 21.083357
v 1.746345 54.739613 18.008926
v 0.659713 51.101482 21.722237
v -0.892423 50.533028 23.000000
v 1.446199 51.360214 21.083355
v 1.960339 51.805729 20.444475
v 6.311536 49.955482 19.166708
v 3.005648 52.643955 19.166716
v 2.723069 50.373112 21.083353
v 1.639410 48.532555 23.000000
v 5.665279 54.321892 16.092287
v 4.768452 53.808575 17.117096
v 5.354822 54.968784 15.659932
v 7.747787 53.982567 15.064326
v 8.977979 55.468086 12.736596
v 8.160048 54.511410 14.288415
v 4.694321 56.166626 14.795222
v 6.783456 52.150074 17.250072
v 9.218777 46.840244 19.166700
v 5.477037 47.836655 21.083351
v 9.815525 53.563030 14.035010
v 7.691848 50.500954 17.888947
v 8.389410 50.748127 17.250067
v 13.410000 48.267624 15.333415
v 9.091348 50.978157 16.611189
v 10.506666 51.386509 15.333430
v 6.565628 46.645126 21.083349
v 3.950266 46.280441 23.000000
v 9.895517 49.239429 17.250061
v 7.268450 44.608372 21.722231
v 6.015253 43.800945 23.000000
v 7.906139 44.987549 21.083347
v 13.608652 52.572113 12.118372
v 12.570269 52.226974 13.190057
v 8.843609 43.673805 21.083345
v 14.156119 50.358494 13.416788
v 13.484291 53.224808 11.637333
v 15.612158 51.928265 11.087701
v 17.301214 53.097984 8.611201
v 16.181221 52.352840 10.262199
v 13.188601 54.443005 10.675258
v 9.247259 41.634987 21.722229
v 7.812129 41.120777 23.000000
v 9.975150 41.867111 21.083344
v 15.859615 44.781059 15.333400
v 12.580372 45.930603 17.250050
v 14.836452 48.605499 14.055656
v 10.535869 42.381050 20.444460
v 13.627395 39.570442 19.166685
v 11.672761 43.356750 19.166693
v 17.589106 51.207268 10.055670
v 15.553283 48.748379 13.416778
v 20.158367 45.582977 11.500121
v 16.271954 48.873859 12.777900
v 17.713123 49.072613 11.500145
v 10.747903 40.450203 21.083344
v 9.321536 38.268799 23.000000
v 13.050315 43.899982 17.888927
v 13.746497 44.146034 17.250044
v 14.447056 44.374943 16.611162
v 17.809500 40.992298 15.333385
v 16.836824 47.046303 13.416768
v 21.173235 49.670170 8.139030
v 20.022514 49.524670 9.259400
v 14.787591 42.285751 17.250038
v 17.284611 45.117908 14.055638
v 18.000713 45.260277 13.416759
v 12.250895 37.021072 21.083340
v 10.527217 35.275742 23.000000
v 15.045964 35.552429 19.166679
v 18.718655 45.385242 12.777879
v 22.103502 41.791775 11.500098
v 21.230337 50.287045 7.607492
v 23.053375 48.737209 7.105638
v 15.003366 40.112854 17.888918
v 15.698757 40.358501 17.250034
v 19.223030 36.972511 15.333371
v 16.398525 40.586998 16.611151
v 19.039473 43.398689 13.416749
v 21.159550 47.536770 9.583502
v 21.600380 45.711182 10.222365
v 22.321199 45.749283 9.583488
v 23.041338 45.770100 8.944611
v 26.418303 41.966488 7.666827
v 24.477921 45.760128 7.666858
v 16.475714 38.373337 17.250029
v 19.232912 41.328335 14.055621
v 13.330787 33.436134 21.083338
v 11.416185 32.173836 23.000000
v 15.901823 31.378191 19.166674
v 19.948223 41.470295 13.416739
v 26.432072 46.820206 5.188998
v 25.791973 46.499298 6.014950
v 20.665373 41.594856 12.777859
v 23.357626 43.886391 9.583474
v 16.420256 36.094250 17.888908
v 17.114807 36.339600 17.250023
v 28.810413 47.237934 2.402642
v 28.418213 46.228470 3.570371
v 25.135427 49.484127 4.474901
v 26.034763 47.736027 4.950965
v 20.073654 32.797207 15.333358
v 17.813734 36.567802 16.611139
v 28.192760 45.687649 4.154237
v 20.722691 39.484158 13.416730
v 23.511993 37.770218 11.500076
v 13.300601 29.513477 21.722223
v 11.978865 28.996500 23.000000
v 27.651499 43.753078 5.750215
v 17.613033 34.266850 17.250019
v 16.178894 27.126135 19.166668
v 13.971920 29.747381 21.083336
v 20.644762 37.307957 14.055604
v 29.907927 44.487431 3.118105
v 21.359234 37.449623 13.416721
v 24.357382 33.593849 11.500055
v 22.075544 37.573891 12.777840
v 30.852371 45.810768 1.201509
v 31.704575 44.440170 1.201493
v 27.821751 37.943169 7.666796
v 25.035934 39.969753 9.583447
v 27.845636 41.887371 6.389073
v 14.110357 28.139399 21.083334
v 12.209194 25.777956 23.000000
v 17.274370 31.919655 17.888901
v 28.555410 41.822407 5.750197
v 31.417473 43.525082 2.078851
v 17.968048 32.164825 17.250013
v 32.669769 43.675232 0.600926
v 32.062771 37.502083 3.833532
v 29.262056 41.740643 5.111321
v 30.664368 41.527161 3.833571
v 18.666103 32.392853 16.611128
v 20.345394 28.544804 15.333346
v 21.854860 35.376247 13.416713
v 29.324896 39.834335 5.750179
v 18.178185 30.043419 17.250010
v 21.493641 33.132294 14.055589
v 22.207239 33.273781 13.416705
v 22.922678 33.397873 12.777821
v 24.623791 29.341110 11.500035
v 14.109141 24.395342 21.083332
v 12.104693 22.552876 23.000000
v 15.871974 22.876123 19.166664
v 26.162952 35.860428 9.583421
v 28.661903 33.765743 7.666766
v 22.414717 31.152113 13.416697
v 25.794382 33.720299 10.222290
v 33.145836 40.068180 1.916937
v 33.685760 38.547241 1.916921
v 33.157776 38.217480 2.555790
v 26.512697 33.757523 9.583408
v 36.430347 35.349281 0.000270
v 34.310921 38.531212 1.278049
v 35.540840 38.451031 0.000306
v 27.230331 33.777466 8.944528
v 28.922979 29.512672 7.666739
v 30.446764 35.723598 5.750144
v 32.897686 33.323605 3.833493
v 18.160555 25.782379 17.250002
v 21.763605 28.879782 14.055574
v 22.476315 29.021212 13.416690
v 12.446762 19.125381 22.067566
v 11.710340 19.591249 23.000000
v 23.190863 29.145247 12.777804
v 24.306215 25.091887 11.500018
v 26.717514 31.635593 9.583397
v 13.846478 20.235018 20.789787
v 30.085808 33.685688 6.389007
v 12.808218 18.882164 21.601349
v 30.793871 33.620255 5.750128
v 31.498802 33.538021 5.111249
v 33.153431 29.070211 3.833456
v 34.629868 34.924175 1.916883
v 22.391743 26.891100 13.416682
v 26.059015 29.467451 10.222268
v 12.431593 17.436094 21.601349
v 26.776440 29.504618 9.583385
v 27.493185 29.524506 8.944503
v 28.600077 25.263851 7.666713
v 34.238770 33.346260 2.555742
v 14.593123 19.030491 19.684679
v 30.996027 31.498072 5.750111
v 34.900856 33.333157 1.916867
v 21.449579 24.630295 14.055563
v 22.161402 24.771790 13.416677
v 35.605652 32.962048 1.277989
v 22.875063 24.895891 12.777790
v 26.689199 27.374613 9.583374
v 35.131611 31.213892 1.916846
v 14.739405 17.213438 18.925089
v 15.645843 18.160267 18.286285
v 20.033146 24.295185 15.333337
v 21.786371 22.673246 13.416670
v 19.142773 20.128170 15.333328
v 23.410620 20.925993 11.500004
v 25.739662 25.218361 10.222248
v 26.456202 25.255594 9.583364
v 34.532295 29.440849 2.555705
v 35.209389 29.601835 1.916830
v 27.699261 21.099085 7.666690
v 27.172058 25.275549 8.944480
v 30.962370 27.237131 5.750080
v 32.825199 24.821798 3.833421
v 35.887058 29.401495 1.277953
v 26.078541 23.157524 9.583354
v 30.020430 25.183825 6.388947
v 17.003616 16.870321 16.369616
v 16.804548 18.856077 17.301966
v 35.183723 27.470200 1.916810
v 30.726715 25.118406 5.750065
v 31.919163 20.658165 3.833389
v 31.429871 25.036184 5.111183
v 35.067158 25.860483 1.916794
v 16.779783 15.204370 15.843778
v 17.870523 15.933686 15.062714
v 30.346424 23.020811 5.750051
v 19.225330 16.323006 13.875138
v 24.897009 19.063534 9.583337
v 26.237450 17.096601 7.666670
v 34.476227 22.163359 1.916761
v 35.916237 19.397108 0.000100
v 33.368652 20.633780 2.555627
v 29.159761 18.928307 5.750025
v 30.452333 16.657518 3.833360
v 34.085224 20.597506 1.916747
v 34.703003 20.212704 1.277865
v 34.828854 16.359072 0.000071
v 18.550837 12.956879 12.764312
v 21.953825 16.921679 11.499991
v 19.833561 13.365825 11.750419
v 33.445164 18.564074 1.916730
v 32.070892 16.938620 2.555598
v 32.868774 17.056576 1.916717
v 33.432446 13.450100 0.000044
v 28.452269 12.895006 3.833335
v 27.424669 15.036492 5.750003
v 20.438862 12.400868 10.584459
v 19.406092 11.618736 11.056589
v 25.657467 13.253380 6.388880
v 26.361259 13.188873 5.749993
v 25.956532 9.441300 3.833315
v 27.061922 13.107565 5.111107
v 24.242100 13.331582 7.666654
v 21.336393 10.761268 8.667789
v 21.711529 12.749210 9.611856
v 31.235506 13.687544 1.916690
v 31.742054 10.701528 0.000020
v 20.613737 9.280044 8.224344
v 21.815916 9.728129 7.502052
v 29.775887 8.142962 -0.000002
v 29.209105 10.539268 1.916667
v 22.269802 8.625804 6.279135
v 21.172184 7.909269 6.631907
v 19.483898 4.575934 4.891619
v 27.472071 9.337998 2.555543
v 28.221989 9.262405 1.916658
v 28.747322 8.903838 1.277771
v 27.555120 5.801961 -0.000021
v 23.510561 8.919390 5.463861
v 22.870411 6.857198 4.362464
v 25.685511 6.508457 1.916640
v 25.103682 3.703744 -0.000036
v 23.181564 5.706769 3.139546
v 21.964447 5.328920 3.723570
v 23.844629 5.072799 2.093019
v -0.021514 53.490410 20.125038
v 0.318195 53.859005 19.613083
v 3.064414 55.522984 16.471716
v 7.692884 52.688023 16.225264
v 8.150723 52.939674 15.712860
v 11.353105 54.100681 12.427485
v 9.565047 48.070770 18.208380
v 9.451349 47.667408 18.527821
v 9.202009 45.085220 20.125021
v 15.206399 50.726955 12.345101
v 15.732440 50.892429 11.809258
v 21.291399 51.441555 6.544418
v 19.303465 51.449734 8.375116
v 23.731417 49.657440 5.747692
v 22.321653 47.705517 8.463130
v 22.900961 47.769875 7.902945
v 27.729677 45.018459 5.012507
v 28.332861 44.090260 4.924262
v 28.668707 44.247021 4.511285
v 29.505030 43.647404 3.993904
v 24.291155 38.894836 10.541760
v 24.035202 38.525436 10.861198
v 31.605268 42.320839 2.517522
v 28.593302 38.913147 6.708487
v 28.340508 38.595200 7.027923
v 33.574512 41.046856 1.039579
v 19.266693 27.182295 16.291674
v 15.865321 20.497574 18.726475
v 17.078381 22.495722 17.906210
v 16.428223 20.862915 18.234316
v 17.678316 22.282408 17.275984
v 18.810263 22.945734 16.291666
v 18.191710 21.575281 16.628431
v 15.218319 15.882140 17.846096
v 24.762043 22.056892 10.541677
v 22.026003 19.765913 12.458331
v 27.718079 18.024792 6.708346
v 21.294699 14.611637 11.042225
v 22.980562 16.198950 10.231728
v 21.919579 14.807239 10.555924
v 23.483948 15.816621 9.597595
v 24.719721 16.144566 8.624995
v 23.763859 14.991408 8.953948
v 19.396061 10.305710 10.126694
v 23.365791 10.906345 6.972894
v 23.971195 11.082709 6.565258
v 24.675323 11.023172 5.926370
v 25.026281 10.987085 5.606926
v 24.642698 7.504901 3.486430
v 21.585140 4.058284 2.792664
v 18.512661 49.295448 10.696381
v 16.734480 24.809715 18.536440
v 23.297554 18.532127 10.865866
v 16.276934 11.635307 14.960403
v 17.540297 9.651760 12.142783
v 18.665981 7.293179 9.013091
v 19.414242 5.061663 6.197209
v 19.901114 2.757439 3.382293
v 20.065067 1.350258 1.691116
v 20.131338 -0.065965 -0.000062
v -10.529879 55.389084 23.000000
v 17.229916 22.604246 19.166662
v 18.896360 21.198637 17.249992
v 17.620934 24.808857 19.166664
v 19.438896 23.370932 17.249996
v 19.809361 25.579088 17.249998
v 17.837811 27.037348 19.166666
v 20.450216 19.671532 15.333323
v 21.141672 21.801109 15.333327
v 20.005468 27.809500 17.250002
v 17.879211 29.275980 19.166668
v 21.663946 23.978361 15.333331
v 20.026012 30.048420 17.250006
v 17.744881 31.510962 19.166672
v 22.719772 20.108484 13.416658
v 21.882708 18.031820 13.416655
v 22.013823 26.189871 15.333336
v 19.870867 32.282051 17.250010
v 17.435646 33.728519 19.166674
v 23.391359 22.244408 13.416663
v 22.189144 28.422012 15.333341
v 24.164427 18.302824 11.499990
v 23.185760 16.289017 11.499985
v 19.540989 34.496632 17.250015
v 16.953415 35.914986 19.166677
v 16.301157 38.056885 19.166679
v 23.893328 24.426430 13.416670
v 22.188831 30.661026 15.333346
v 24.982109 20.387194 11.499996
v 19.038410 36.678509 17.250019
v 24.222588 26.641102 13.416676
v 25.467615 16.394516 9.583321
v 24.352032 14.453208 9.583315
v 22.012886 32.893116 15.333353
v 25.633768 22.529280 11.500003
v 25.374962 12.534998 7.666644
v 18.366228 38.814243 17.250025
v 15.482893 40.141022 19.166683
v 24.377108 28.874779 13.416683
v 26.427479 18.417353 9.583327
v 21.662392 35.104527 15.333360
v 26.115389 24.715881 11.500010
v 26.622120 14.394515 7.666651
v 17.528584 40.890667 17.250031
v 14.503666 42.154552 19.166687
v 24.355936 31.113691 13.416691
v 27.225706 20.509247 9.583336
v 26.248802 10.545452 5.749974
v 21.139509 37.281628 15.333366
v 26.424002 26.933525 11.500019
v 27.719568 16.346130 7.666659
v 16.530643 42.894985 17.250036
v 13.369511 44.085064 19.166691
v 24.159204 33.344048 13.416698
v 27.857382 22.657309 9.583344
v 27.621565 12.314274 5.749982
v 20.447460 39.411007 15.333374
v 26.557707 29.168543 11.500028
v 28.660545 18.377819 7.666669
v 23.788126 35.552094 13.416707
v 28.318611 24.848303 9.583355
v 28.851345 14.185327 5.749991
v 19.590509 41.479538 15.333381
v 26.515680 31.407162 11.500038
v 29.439253 20.477058 7.666679
v 28.460445 10.165688 3.833312
v 26.968651 8.496030 3.833303
v 23.244984 37.724232 13.416717
v 28.606552 27.068724 9.583365
v 29.930565 16.147079 5.750001
v 26.298180 33.635586 11.500049
v 30.050890 22.630911 7.666690
v 10.665281 47.650028 19.166698
v 12.641231 48.354469 17.250053
v 9.111874 49.262516 19.166702
v 14.079412 46.638420 17.250048
v 29.816668 11.947220 3.833322
v 22.533129 39.847073 13.416726
v 28.719431 29.304890 9.583377
v 30.852573 18.187445 5.750013
v 25.906546 35.840084 11.500059
v 30.491688 24.826105 7.666703
v 11.072867 49.952415 17.250061
v 7.436764 50.748180 19.166706
v 31.028965 13.829647 3.833334
v 21.656946 41.907528 13.416736
v 18.573940 43.474472 15.333389
v 28.656551 31.543020 9.583389
v 31.611691 20.293846 5.750026
v 17.404015 45.383518 15.333397
v 16.087942 47.194912 15.333405
v 25.343193 38.007065 11.500071
v 30.758932 27.049112 7.666716
v 9.383989 51.422409 17.250067
v 5.650275 52.097866 19.166712
v 32.089863 15.801368 3.833347
v 28.418303 33.769321 9.583402
v 32.203236 22.453302 5.750040
v 14.633836 48.897488 15.333413
v 30.850975 29.286234 7.666729
v 7.585004 52.755398 17.250072
v 3.763417 53.303261 19.166716
v 32.992825 17.850233 3.833361
v 19.434177 45.790974 13.416756
v 20.621836 43.892906 13.416745
v 28.006149 35.970074 9.583415
v 32.623566 24.652508 5.750054
v 13.050654 50.480755 15.333422
v 24.611593 40.123180 11.500082
v 23.716255 42.175388 11.500094
v 33.732285 19.963614 3.833376
v 18.101288 47.590031 13.416766
v 32.870090 26.877909 5.750070
v 11.348155 51.934956 15.333430
v 22.662695 44.151039 11.500107
v 34.303688 22.128487 3.833393
v 16.631382 49.278988 13.416777
v 26.671352 40.240925 9.583443
v 27.422634 38.131718 9.583428
v 32.941288 29.115789 5.750086
v 30.767248 31.523682 7.666744
v 21.457403 46.037960 11.500118
v 30.075632 35.944485 7.666775
v 30.508268 33.747665 7.666759
v 34.703514 24.331512 3.833410
v 15.033520 50.847439 13.416787
v 25.756935 42.284702 9.583457
v 32.836723 31.352362 5.750103
v 20.107813 47.824520 11.500132
v 29.472006 38.100597 7.666790
v 28.701109 40.202717 7.666807
v 34.929295 26.559114 3.833428
v 34.979645 28.797562 3.833447
v 24.685015 44.250454 9.583471
v 23.462198 46.126064 9.583486
v 32.557037 33.573837 5.750121
v 32.103954 35.766529 5.750139
v 27.767691 42.237888 7.666823
v 34.854248 31.033060 3.833466
v 31.480268 37.916927 5.750157
v 34.553879 33.251835 3.833486
v 30.689821 40.011772 5.750175
v 34.080391 35.440212 3.833507
v 29.737484 42.038162 5.750194
v 26.677504 44.193569 7.666840
v 33.436699 37.584705 3.833527
v 32.626770 39.672100 3.833548
v 12.967555 17.146240 21.772699
v 12.553564 19.256639 23.000000
v 13.189938 18.821747 22.181801
v 13.251694 22.267250 23.000000
v 13.502618 18.596491 21.772699
v 14.774941 19.954000 20.904020
v 15.287640 17.008974 19.267717
v 15.418393 18.765076 19.856030
v 16.331633 17.965069 18.628878
v 15.482897 24.037342 21.083332
v 13.619982 25.335680 23.000000
v 17.016876 17.310392 17.670542
v 16.943638 15.348653 16.767162
v 17.219526 19.039820 18.169249
v 15.731140 26.690563 21.083332
v 13.654114 28.425941 23.000000
v 18.080158 16.185986 16.105198
v 15.730675 29.355371 21.083334
v 13.353690 31.501755 23.000000
v 15.656225 30.472618 21.083334
v 18.918167 17.328922 15.847906
v 18.695326 15.465517 15.146863
v 18.836227 12.949309 13.506613
v 19.782904 16.322445 14.570126
v 19.282213 14.721961 14.188527
v 15.303108 33.113926 21.083336
v 12.722239 34.527008 23.000000
v 20.091835 13.589287 12.779717
v 14.705020 35.710747 21.083338
v 11.767172 37.466179 23.000000
v 20.605280 12.793473 11.821382
v 13.161953 37.999672 21.722225
v 10.499704 40.284763 23.000000
v 20.118448 10.852972 10.885284
v 14.381904 36.782837 21.083338
v 21.156860 14.476583 12.353139
v 13.867182 38.240414 21.083340
v 21.376554 11.453387 10.256536
v 13.445417 39.277668 21.083340
v 12.983264 40.297565 21.083342
v 8.934717 42.949665 23.000000
v 22.413679 12.422371 10.032128
v 21.806690 10.609747 9.298201
v 12.280176 41.674210 21.083342
v 21.392231 8.075741 7.625646
v 10.237389 43.635014 21.722229
v 7.090584 45.429596 23.000000
v 11.724854 42.646523 21.083344
v 23.022455 11.244559 8.754348
v 22.203989 9.750171 8.339865
v 10.896353 43.951538 21.083344
v 22.726917 8.461072 6.931924
v 8.562444 45.887157 21.722231
v 4.988957 47.695442 23.000000
v 10.252707 44.867779 21.083345
v 23.040745 7.567602 5.973588
v 9.306026 46.089775 21.083347
v 23.932774 9.133540 6.537940
v 22.267372 5.249971 4.470932
v 8.579678 46.941948 21.083347
v 10.232523 46.053688 20.444462
v 12.087415 45.920658 19.166695
v 23.319921 6.662665 5.015253
v 6.138621 48.483749 21.722233
v 2.654511 49.720600 23.000000
v 7.820440 47.764954 21.083349
v 24.371317 7.882677 5.260159
v 6.720368 48.850918 21.083349
v 22.555979 3.870130 2.968901
v 23.666264 5.315638 3.607795
v 4.006949 50.309559 21.722235
v 0.114654 51.481285 23.000000
v 5.887633 49.599472 21.083351
v 14.371244 44.470055 18.208366
v 15.378552 44.814846 17.250042
v 23.837505 4.497620 2.762207
v 4.691010 50.578026 21.083353
v 13.080613 46.299660 18.208370
v 3.792047 51.245594 21.083353
v 25.666485 2.664299 -0.000049
v 24.466528 3.913768 1.841455
v 22.972971 1.148999 -0.000057
v 5.603710 50.654228 20.444471
v 1.068755 52.305611 21.722237
v -2.600793 52.956837 23.000000
v 17.550985 43.204876 16.291712
v 2.867573 51.877361 21.083355
v 1.551974 52.688953 21.083357
v 28.180202 4.462110 -0.000037
v 26.477528 5.495659 1.916628
v 16.389965 45.119350 16.291719
v -1.414014 53.614609 21.722239
v -5.459948 54.129921 23.000000
v 0.572571 53.231682 21.083357
v -0.813031 53.916943 21.083359
v -3.312325 54.416836 21.722240
v -8.429238 54.986767 23.000000
v 28.461094 7.275175 1.916638
v -2.233724 54.526131 21.083361
v 19.598043 43.703796 14.375067
v 30.269920 9.232049 1.916651
v 23.573984 40.005039 12.458404
v -4.222568 55.263805 21.039633
v 32.025143 12.811510 2.555559
v 29.716370 31.552568 8.625066
v 31.888214 11.349197 1.916666
v -2.119496 55.282482 20.059448
v 26.385973 38.089031 10.541749
v 32.507713 12.281936 1.916672
v 2.602372 54.567101 18.440382
v 29.467752 33.777737 8.625080
v -2.732438 55.757595 19.674417
v 0.007973 55.242722 19.035534
v 33.301853 13.608141 1.916683
v 1.993825 55.131561 18.077215
v 33.831596 14.594625 1.916690
v 35.885929 14.012174 0.000043
v 6.602134 54.078094 16.478216
v 4.112503 54.933529 17.050608
v 1.463539 55.643986 17.668524
v 34.933857 17.020779 1.916710
v 33.906845 26.736681 4.791749
v 6.079442 54.675404 16.092287
v 23.676882 44.220455 10.541788
v 31.538481 33.679543 6.708439
v 18.622236 49.499714 11.500144
v 17.628368 49.409367 12.458460
v 35.510872 21.137390 2.555624
v 10.546804 53.297001 14.515147
v 35.804871 19.539215 1.916731
v 8.174783 54.320465 15.064326
v 5.633518 55.215530 15.659932
v 38.023640 19.801960 0.000099
v 36.099880 20.619375 1.916741
v 10.111961 53.917439 14.106007
v 36.437042 22.127953 1.916754
v 21.104918 47.881996 10.541815
v 22.096020 47.899979 9.583500
v 14.415097 52.229080 12.551176
v 36.629951 23.230930 1.916764
v 12.172345 53.407829 13.076691
v 25.685684 44.241367 8.625155
v 9.752025 54.475418 13.649536
v 36.824844 24.764389 1.916778
v 38.610580 22.836163 0.000129
v 14.069111 52.862766 12.118371
v 36.913975 25.880560 1.916788
v 38.865784 25.916059 0.000162
v 24.454144 46.111263 8.625171
v 25.437265 46.057709 7.666857
v 18.186192 50.881138 10.586301
v 16.083113 52.201584 11.087700
v 13.795766 53.428616 11.637333
v 36.220371 30.135569 2.555705
v 36.949467 28.545130 1.916814
v 32.465618 37.769104 4.791842
v 17.929066 51.518131 10.129380
v 27.659100 44.107491 6.708526
v 28.629126 43.983604 5.750213
v 36.890099 29.663277 1.916825
v 21.839842 49.261486 8.620520
v 35.907185 32.638947 2.555729
v 19.885521 50.709324 9.097350
v 36.736118 31.201384 1.916840
v 17.741880 52.081848 9.623320
v 37.530548 29.459013 1.277948
v 38.786259 29.005487 0.000195
v 36.572655 32.309109 1.916851
v 21.670568 49.891895 8.139030
v 30.703657 41.882179 4.791881
v 31.655596 41.689533 3.833569
v 25.356485 47.379913 6.653830
v 36.275795 33.826130 1.916867
v 23.558634 48.940224 7.105637
v 34.956615 36.538212 2.555769
v 21.568073 50.443535 7.607492
v 36.009659 34.913769 1.916878
v 35.701038 35.990120 1.916890
v 25.273052 47.993965 6.147317
v 34.082577 38.904865 2.555794
v 28.717352 45.247608 4.686228
v 35.206032 37.454514 1.916905
v 36.352489 35.697792 1.278014
v 27.082266 46.904999 5.112556
v 25.252743 48.523766 5.589844
v 34.798302 38.497364 1.916917
v 28.716747 45.835770 4.154236
v 34.168781 39.909168 1.916933
v 35.396965 38.336842 1.278043
v 36.568165 37.970230 0.000298
v 30.437086 44.615849 3.118105
v 28.775097 46.334240 3.570371
v 31.751234 44.703663 1.201495
v 35.197910 40.740299 0.000331
v 33.138065 43.358437 0.600921
v 32.179630 44.133602 1.201488
v 16.694338 13.452003 15.863783
v 17.565062 13.496716 15.053633
v 19.468241 9.015068 9.949188
v 20.305077 8.879492 9.155645
v 22.322887 2.528215 1.766284
v 25.381655 6.832967 3.720549
v 25.493902 6.398374 3.297755
v 0.796054 54.007729 20.125038
v -7.364295 55.425453 22.019817
v -0.159747 54.470314 20.103174
v 0.874804 54.412941 19.613083
v -5.517288 56.100025 20.313297
v -1.241278 56.189911 18.286440
v 3.025961 55.954887 16.255537
v 32.397621 42.323257 2.517519
v 32.074493 43.383373 2.078847
v 34.352753 40.476662 1.332026
v 34.432461 40.750664 1.039573
v 30.520191 45.372192 2.240745
v -56.820518 5.156118 23.000000
v -56.088444 9.460999 20.952177
v -55.085987 7.877062 23.000000
v 5.100149 22.159777 -0.000047
v 5.686804 19.230185 -0.000055
v 3.694993 19.688110 2.445782
v -53.758049 12.397804 21.039633
v -52.688717 12.641194 21.722240
v -53.078773 10.403581 23.000000
v -55.031898 13.685241 18.904354
v -53.676704 14.315076 19.674417
v -52.457241 13.753954 21.083361
v -52.953804 14.599212 20.059448
v -51.157768 14.153191 21.722239
v -50.820518 12.708437 23.000000
v -51.299644 14.878576 21.083359
v -53.654823 17.815191 16.851141
v -52.767101 17.014212 18.307404
v -52.276062 16.600315 19.035536
v -50.085251 15.941606 21.083357
v -51.520817 18.576344 18.008926
v -48.396538 16.418652 21.722237
v -48.335537 14.766819 23.000000
v -48.399567 17.246595 21.083355
v -48.664398 17.873243 20.444475
v -45.560116 21.439722 19.166708
v -49.138580 19.126417 19.166716
v -47.066200 18.155939 21.083353
v -45.650597 16.556555 23.000000
v -49.912521 22.174389 16.092287
v -49.701462 21.162830 17.117096
v -50.623692 22.079027 15.659932
v -48.946274 24.050114 15.064326
v -49.978939 25.679146 12.736596
v -49.321835 24.605619 14.288415
v -51.967010 21.821007 14.795222
v -47.501465 22.566710 17.250072
v -41.698959 23.242008 19.166700
v -43.802864 19.991310 21.083351
v -47.908306 25.887007 14.035010
v -45.652348 22.921036 17.888947
v -45.671867 23.660837 17.250067
v -41.761322 27.669184 15.333415
v -45.673725 24.399502 16.611189
v -45.624737 25.871738 15.333430
v -42.333260 20.658419 21.083349
v -42.794617 18.058369 23.000000
v -43.771595 24.627016 17.250061
v -40.179008 20.697453 21.722231
v -39.798359 19.256083 23.000000
v -40.342571 21.421103 21.083347
v -45.793743 29.188272 12.118372
v -45.786377 28.094059 13.190057
v -41.790440 24.721710 17.888937
v -38.803432 21.906719 21.083345
v -41.809582 25.460705 17.250055
v -41.811066 26.198563 16.611176
v -43.519291 29.024900 13.416788
v -46.452927 29.271692 11.637333
v -44.562290 30.894760 11.087701
v -45.152813 32.862610 8.611201
v -44.790237 31.567171 10.262199
v -47.702869 29.366917 10.675258
v -36.739666 21.660583 21.722229
v -36.694099 20.136793 23.000000
v -36.735500 22.424582 21.083344
v -39.795052 26.157982 17.250050
v -37.688427 28.921497 15.333400
v -41.641861 29.130230 14.055656
v -33.422630 25.188360 19.166685
v -37.051010 23.116671 20.444460
v -37.627640 24.499428 19.166693
v -43.265675 32.552151 10.055670
v -41.556232 29.856129 13.416778
v -37.122707 33.257660 11.500121
v -41.453491 30.578400 12.777900
v -41.197174 32.010452 11.500145
v -35.149147 22.721664 21.083344
v -33.515278 20.691017 23.000000
v -37.718594 25.977427 17.888927
v -37.737473 26.715570 17.250044
v -37.738693 27.452579 16.611162
v -39.540829 30.550880 13.416768
v -40.696251 35.485870 8.139030
v -40.913460 34.346508 9.259400
v -35.646523 27.130850 17.250038
v -33.482555 29.605158 15.333385
v -31.423395 23.091433 21.083340
v -30.296135 20.912783 23.000000
v -29.162910 25.295868 19.166679
v -41.265285 35.730801 7.607492
v -39.227955 36.985687 7.105638
v -33.513294 26.664602 17.888918
v -33.532032 27.401867 17.250034
v -33.533108 28.137997 16.611151
v -29.222706 29.707323 15.333371
v -32.915981 33.936050 11.500098
v -35.391083 31.518547 13.416749
v -38.671494 34.813599 9.583502
v -36.799034 34.668713 10.222365
v -36.612522 35.366028 9.583488
v -36.409786 36.057354 8.944611
v -31.403938 27.527349 17.250029
v -27.680214 23.010666 21.083338
v -27.071342 20.799700 23.000000
v -24.928501 24.819927 19.166674
v -36.360703 39.606632 5.188998
v -36.253304 38.898697 6.014950
v -34.520535 35.776062 9.583474
v -31.748796 38.093658 7.666827
v -29.253532 26.770329 17.888908
v -29.272247 27.506702 17.250023
v -36.023037 41.997658 2.402642
v -35.184177 41.312710 3.570371
v -39.294930 39.196648 4.474901
v -37.354473 39.511776 4.950965
v -24.988895 29.226074 15.333358
v -29.273302 28.241941 16.611139
v -34.739494 40.931168 4.154237
v -31.148003 31.909725 13.416730
v -28.656008 34.032875 11.500076
v -32.592022 35.345345 10.222340
v -32.405369 36.041779 9.583461
v -23.958874 21.769791 21.722223
v -23.875637 20.352989 23.000000
v -32.202492 36.732224 8.944582
v -27.488705 38.185143 7.666796
v -33.066868 39.818581 5.750215
v -35.956375 37.420544 7.666858
v -27.146982 27.340029 17.250019
v -23.973881 22.480532 21.083336
v -20.798933 23.769480 19.166668
v -33.068005 42.191502 3.118105
v -34.034721 43.498653 1.201509
v -32.467861 43.885609 1.201493
v -30.276966 36.161922 9.583447
v -22.401817 22.115299 21.083334
v -20.743444 19.577461 23.000000
v -25.019321 26.292618 17.888901
v -31.686279 43.329781 2.078851
v -25.038136 27.028109 17.250013
v -31.984243 44.906261 0.000376
v -31.442101 44.567184 0.600926
v -28.805508 45.461044 0.000341
v -25.039291 27.762463 16.611128
v -20.860649 28.170450 15.333346
v -26.891287 31.717068 13.416713
v -24.422804 33.546318 11.500055
v -28.332008 35.440388 10.222314
v -28.145334 36.135933 9.583434
v -27.942438 36.825489 8.944554
v -23.256113 37.693279 7.666766
v -25.758659 42.082287 3.833532
v -28.822815 40.199120 5.750179
v -30.018866 41.996147 3.833571
v -22.955622 26.572409 17.250010
v -24.868786 30.680111 14.055589
v -24.782833 31.402504 13.416705
v -24.679768 32.121273 12.777821
v -20.295885 32.485519 11.500035
v -18.841385 20.957165 21.083332
v -17.708502 18.481468 23.000000
v -16.851778 22.164255 19.166664
v -26.020494 35.963928 9.583421
v -26.972353 39.516388 6.389040
v -26.691216 40.170460 5.750162
v -26.395067 40.816360 5.111285
v -21.526688 41.585117 3.833493
v -22.700891 30.944195 13.416697
v -24.099009 34.952061 10.222290
v -27.864477 43.905312 1.916937
v -26.251133 43.948814 1.916921
v -26.100668 43.344772 2.555790
v -23.912437 35.646721 9.583408
v -22.361568 45.570850 0.000270
v -26.042702 44.538422 1.278049
v -25.586382 45.683372 0.000306
v -23.709642 36.335396 8.944528
v -19.130527 36.627304 7.666739
v -24.566593 39.995792 5.750144
v -18.908581 25.238907 17.250002
v -16.915512 26.560280 15.333337
v -20.740982 29.622761 14.055574
v -20.655251 30.344294 13.416690
v -14.343058 17.747643 22.067566
v -15.013692 17.191225 23.000000
v -20.552406 31.062199 12.777804
v -16.352770 30.870403 11.500018
v -21.831072 35.185802 9.583397
v -14.965848 19.421747 20.789787
v -22.739967 39.022755 6.389007
v -16.943710 23.633572 17.888887
v -14.000049 18.016249 21.601349
v -22.458935 39.675941 5.750128
v -16.963081 24.367374 17.250000
v -17.402441 40.513973 3.833456
v -22.162888 40.320957 5.111249
v -16.964792 25.100040 16.611111
v -13.227585 24.425806 15.333328
v -22.513645 43.727123 1.916883
v -19.165789 45.124695 0.000234
v -18.655527 29.605621 13.416682
v -19.972532 33.889538 10.222268
v -12.741138 17.211197 21.601349
v -19.786184 34.583336 9.583385
v -19.583612 35.271149 8.944503
v -21.133816 42.867565 2.555742
v -13.589550 19.759630 19.684679
v -20.378147 39.212414 5.750111
v -20.916758 43.493198 1.916867
v -16.796516 28.010942 14.055563
v -16.711123 28.731649 13.416677
v -20.346018 44.048820 1.277989
v -16.033463 44.349712 0.000199
v -16.608616 29.448730 12.777790
v -12.667523 28.731310 11.500004
v -17.787388 33.842159 9.583374
v -15.189441 35.007248 7.666713
v -18.829910 43.057770 1.916846
v -11.816225 19.337252 18.925089
v -12.436609 20.491911 18.286285
v -14.831180 27.726490 13.416670
v -16.030094 32.272778 10.222248
v -15.844082 32.965752 9.583364
v -17.328846 41.939884 2.555705
v -17.272720 42.633587 1.916830
v -15.641848 33.652737 8.944480
v -11.506880 32.863537 7.666690
v -16.336153 37.863701 5.750080
v -13.463388 38.888977 3.833421
v -12.998329 43.254250 0.000165
v -16.872772 43.216183 1.277953
v -13.109483 25.874928 14.055552
v -13.024535 26.594866 13.416665
v -9.309367 26.108416 11.499991
v -12.922475 27.311176 12.777778
v -13.965401 31.958235 9.583354
v -10.790222 21.384615 16.369616
v -12.740304 21.808924 17.301966
v -15.253345 41.950466 1.916810
v -10.093083 41.850105 0.000132
v -12.345741 30.132143 10.222231
v -13.758434 41.342178 1.916794
v -12.160178 30.824347 9.583345
v -8.152017 30.236437 7.666670
v -11.958391 31.510565 8.944460
v -9.274977 20.656931 15.843778
v -9.631541 21.919657 15.062714
v -12.516531 35.974987 5.750051
v -9.783519 36.740650 3.833389
v -9.583148 23.328463 13.875138
v -10.436899 29.569420 9.583337
v -10.992754 34.188107 6.388921
v -10.712731 34.838837 5.750038
v -6.431953 34.109348 3.833360
v -10.417696 35.481400 5.111154
v -10.424867 39.637695 1.916761
v -7.349019 40.152409 0.000100
v -9.312409 38.111660 2.555627
v -8.991028 33.581749 5.750025
v -9.056479 38.781956 1.916747
v -4.795694 38.179440 0.000071
v -8.499607 39.250584 1.277865
v -6.590200 21.646790 12.764312
v -7.638989 31.559603 6.388898
v -6.582747 22.993105 11.750419
v -7.359516 32.209633 5.750013
v -7.320358 37.544857 1.916730
v -3.471645 31.044491 3.833335
v -7.065030 32.851498 5.111129
v -6.199133 35.735554 2.555598
v -6.064757 36.530834 1.916717
v -2.460611 35.952454 0.000044
v -5.825865 30.728943 5.750003
v -5.477971 23.270592 10.584459
v -5.053263 22.046679 11.056589
v -5.187867 27.175293 7.666654
v -3.641266 23.617529 8.667789
v -5.415988 24.588614 9.611856
v -3.365325 33.936417 1.916690
v -0.368924 33.495441 0.000020
v -2.510512 23.754326 7.502052
v -2.455851 22.472521 8.224344
v -0.997330 31.036322 1.916667
v 1.456838 30.834864 -0.000002
v -0.979597 22.580042 6.631907
v -1.321880 23.845362 6.279135
v 1.668884 19.944328 4.891619
v -0.391628 29.013092 2.555543
v -0.087997 29.702948 1.916658
v 0.415357 30.091766 1.277771
v 2.997008 27.999382 -0.000021
v -1.217681 25.116114 5.463861
v 0.545763 23.870043 4.362464
v 1.747349 26.439596 1.916640
v -0.958201 27.603651 3.833315
v 4.234995 25.019539 -0.000036
v 1.736037 23.810465 3.139546
v 1.719283 22.536158 3.723570
v 2.543878 24.245173 2.093019
v -50.879051 16.508984 20.125038
v -51.124630 16.945969 19.613083
v -51.858540 20.071978 16.471716
v -47.732056 23.597862 16.225264
v -47.829910 24.111057 15.712860
v -47.944504 27.515474 12.427485
v -40.035015 22.683731 20.125021
v -43.545162 30.137636 12.345101
v -43.539982 30.689064 11.809258
v -42.966507 34.257526 8.375116
v -42.344421 36.145638 6.544418
v -38.638748 29.756903 14.375083
v -38.327293 29.482985 14.694522
v -39.893623 37.914913 5.747692
v -38.472874 35.970970 8.463130
v -38.355064 36.541809 7.902945
v -34.458527 30.583042 14.375066
v -34.137985 30.261728 14.694505
v -34.246159 40.283958 5.012507
v -33.176994 40.570789 4.924262
v -33.222301 40.938641 4.511285
v -32.427311 38.982521 6.708520
v -32.205444 38.692047 7.027955
v -32.393593 41.548740 3.993904
v -30.482944 43.136257 2.517522
v -21.892212 25.188730 18.208338
v -28.662786 44.615433 1.039579
v -14.591698 21.422915 18.726475
v -14.765211 22.071165 18.234316
v -14.794397 22.804955 17.595427
v -14.802353 23.171535 17.275982
v -15.772666 36.460423 6.708395
v -10.402094 19.381332 17.846096
v -7.316070 24.767706 11.042225
v -8.304732 26.861565 10.231728
v -7.308999 25.422445 10.555924
v -7.785562 27.222166 9.597595
v -7.715580 28.498796 8.624995
v -6.914241 27.233374 8.953948
v -3.807600 21.631390 10.126694
v -3.278452 29.278166 4.791659
v -3.345628 28.056707 5.606930
v -3.152124 25.592434 6.972894
v -3.970181 27.777552 6.293505
v -3.132777 26.222706 6.565258
v -2.541013 27.928064 5.015725
v 0.477428 25.755741 3.486430
v 2.810517 21.782766 2.792664
v -41.162029 32.839718 10.696381
v -10.425759 27.884033 10.865866
v -5.986590 29.089367 6.980087
v -55.932060 7.101659 23.000000
v -54.900303 8.975164 23.000000
v -53.167831 11.534347 23.000000
v -51.168633 13.891062 23.000000
v -48.926182 16.017635 23.000000
v -46.466808 17.889099 23.000000
v -43.819389 19.483482 23.000000
v -41.015003 20.782064 23.000000
v -38.086578 21.769598 23.000000
v -35.068501 22.434488 23.000000
v -31.996199 22.768932 23.000000
v -28.905746 22.768999 23.000000
v -25.833431 22.434690 23.000000
v -22.815323 21.769932 23.000000
v -19.886858 20.782528 23.000000
v -17.082415 19.484068 23.000000
v -14.434888 17.889778 23.000000
v -6.035985 19.075792 14.960403
v -3.759119 19.664371 12.142783
v -1.168120 20.006121 9.013091
v 1.185403 20.028179 6.197209
v 3.527302 19.779179 3.382293
v 4.916275 19.500265 1.691116
v 6.283662 19.125656 -0.000062
v -16.173580 23.371719 19.166662
v -14.321805 24.522247 17.249992
v -18.149458 24.424862 19.166664
v -16.220127 25.709503 17.249996
v -18.205729 26.744194 17.249998
v -20.201859 25.319765 19.166666
v -12.389275 25.528149 15.333323
v -14.200951 26.843838 15.333327
v -20.266376 27.619938 17.250002
v -22.318132 26.050917 19.166668
v -16.110249 28.013359 15.333331
v -22.389366 28.331343 17.250006
v -24.485235 26.613808 19.166672
v -12.103509 27.821651 13.416658
v -10.387153 26.383831 13.416655
v -18.105402 29.029505 15.333336
v -8.326982 27.084551 11.499985
v -24.561621 28.874022 17.250010
v -26.689816 27.004971 19.166674
v -28.918287 27.221996 19.166677
v -13.927361 29.120405 13.416663
v -20.174116 29.886015 15.333341
v -9.939801 28.637619 11.499990
v -26.769749 29.244631 17.250015
v -31.156916 27.263546 19.166679
v -15.847470 30.272087 13.416670
v -22.303642 30.577610 15.333346
v -11.669477 30.059387 11.499996
v -29.000145 29.440887 17.250019
v -17.852003 31.269604 13.416676
v -7.722186 29.287325 9.583321
v -6.220625 27.626446 9.583315
v -24.480856 31.100029 15.333353
v -13.505348 31.341091 11.500003
v -4.080197 28.006550 7.666644
v -31.239061 29.461580 17.250025
v -33.391903 27.129364 19.166683
v -35.609482 26.820278 19.166687
v -19.928606 32.106804 13.416683
v -9.349402 30.825300 9.583327
v -26.692341 31.450054 15.333360
v -15.436101 32.474838 11.500010
v -5.463310 29.767290 7.666651
v -33.472706 29.306585 17.250031
v -22.064482 32.778534 13.416691
v -11.092246 32.230892 9.583336
v -1.917994 28.222818 5.749974
v -28.924469 31.625525 15.333366
v -17.449839 33.453636 11.500019
v -6.980277 31.414108 7.666659
v -24.246468 33.280647 13.416698
v -12.939977 33.495438 9.583344
v -3.176037 30.074989 5.749982
v -31.163483 31.625360 15.333374
v -19.534149 34.271454 11.500028
v -8.621749 32.936855 7.666669
v -37.795979 26.338194 19.166691
v -37.869217 28.474422 17.250042
v -39.937923 25.686079 19.166695
v -35.687305 28.976854 17.250036
v -26.461117 33.610054 13.416707
v -14.881207 34.611149 9.583355
v -4.575491 31.822767 5.749991
v -21.676189 34.923256 11.500038
v -10.377610 34.326153 7.666679
v -40.004997 27.802382 17.250048
v -42.022118 24.867954 19.166698
v 0.253567 28.274130 3.833303
v -0.873383 30.208862 3.833312
v -28.694782 33.764721 13.416717
v -16.903976 35.571144 9.583365
v -6.107733 33.455379 5.750001
v -33.395584 31.449564 15.333381
v -35.607018 31.099216 15.333389
v -23.862759 35.405022 11.500049
v -12.237040 35.573429 7.666690
v -2.148624 32.049232 3.833322
v -18.995815 36.369511 9.583377
v -7.763318 34.962772 5.750013
v -37.784157 30.576479 15.333397
v -26.080381 35.713783 11.500059
v -14.188580 36.671005 7.666703
v -44.035713 23.888861 19.166702
v -44.085865 25.967068 17.250061
v -45.966301 22.754833 19.166706
v -42.081478 26.964876 17.250053
v -3.564299 33.783894 3.833334
v -33.164062 33.547119 13.416736
v -30.933697 33.743702 13.416726
v -21.143833 37.001331 9.583389
v -9.532044 36.335648 5.750026
v -39.913582 29.884573 15.333405
v -16.220201 37.612118 7.666716
v -46.005806 24.815104 17.250067
v -47.801987 21.472858 19.166712
v -5.111681 35.402164 3.833347
v -35.372139 33.176186 13.416745
v -23.334797 37.462708 9.583402
v -11.403013 37.565552 5.750040
v -41.982170 29.027760 15.333413
v -30.554012 35.805763 11.500082
v -28.315390 35.847637 11.500071
v -18.319387 38.390965 7.666729
v -47.829472 23.516083 17.250072
v -49.531452 20.050837 19.166716
v -6.781237 36.894066 3.833361
v -37.544312 32.633190 13.416756
v -25.555199 37.750797 9.583415
v -13.364693 38.644901 5.750054
v -43.977177 28.011322 15.333422
v -32.782452 35.588409 11.500094
v -20.473200 39.002747 7.666744
v -8.562675 38.250404 3.833376
v -39.667202 31.921476 13.416766
v -27.791357 37.863823 9.583428
v -15.404994 39.567043 5.750070
v -45.886307 26.841520 15.333430
v -22.668365 39.443691 7.666759
v -10.445020 39.462826 3.833393
v -41.727722 31.045429 13.416777
v -30.029493 37.801094 9.583443
v -17.511345 40.326302 5.750086
v -37.153999 34.633717 11.500118
v -34.986977 35.196922 11.500107
v -24.891356 39.711082 7.666775
v -12.416669 40.523853 3.833410
v -43.713173 30.010448 13.416787
v -32.255810 37.562992 9.583457
v -19.670761 40.917992 5.750103
v -27.128469 39.803276 7.666790
v -14.465472 41.426952 3.833428
v -34.456593 37.150986 9.583471
v -21.869940 41.338470 5.750121
v -41.322437 33.007050 11.500144
v -39.270164 33.902256 11.500132
v -29.365925 39.719700 7.666807
v -24.095324 41.585140 5.750139
v -31.589930 39.460869 7.666823
v -18.743639 42.738102 3.833466
v -16.578804 42.166553 3.833447
v -38.727539 35.816471 9.583500
v -36.618279 36.567616 9.583486
v -26.333202 41.656490 5.750157
v -33.786781 39.028378 7.666840
v -28.569782 41.552074 5.750175
v -35.942936 38.424892 7.666857
v -23.174225 43.364006 3.833507
v -20.946638 43.138073 3.833486
v -25.412672 43.414505 3.833527
v -30.791281 41.272533 5.750194
v -32.984009 40.819595 5.750213
v -27.648184 43.289257 3.833548
v -12.299848 17.631357 21.772699
v -13.824630 18.360617 22.181801
v -13.513776 18.588385 21.772699
v -14.411674 20.217930 20.904020
v -11.452355 19.795471 19.267717
v -13.082102 20.462490 19.856030
v -12.039044 21.083817 18.628878
v -18.076393 22.153057 21.083332
v -11.204659 21.533216 17.670542
v -9.361564 20.857351 16.767162
v -12.786819 22.260370 18.169249
v -20.523045 23.209042 21.083332
v -9.806712 22.196997 16.105198
v -23.057571 24.032070 21.083334
v -24.143141 24.306511 21.083334
v -10.634749 23.347178 15.847906
v -8.931407 22.559420 15.146863
v -6.494811 21.915874 13.506613
v -9.410314 23.858572 14.570126
v -8.042886 22.887812 14.188527
v -26.764294 24.786886 21.083336
v -6.715462 23.307791 12.779717
v -29.418839 25.020533 21.083338
v -5.799934 23.550186 11.821382
v -32.072567 24.260305 21.722225
v -4.104848 22.487534 10.885284
v -30.538303 25.044525 21.083338
v -7.230219 24.594881 12.353139
v -32.083603 25.005411 21.083340
v -4.287100 23.869604 10.256536
v -33.200420 24.924818 21.083340
v -34.313213 24.800451 21.083342
v -4.888169 25.155399 10.032128
v -3.351832 24.017986 9.298201
v -35.839745 24.557180 21.083342
v -1.069923 22.840761 7.625646
v -38.335835 23.220295 21.722229
v -36.936073 24.329498 21.083344
v -3.579882 25.370417 8.754348
v -2.411553 24.130219 8.339865
v -38.433239 23.944818 21.083344
v -1.023954 24.229198 6.931924
v -40.995338 22.323278 21.722231
v -39.503532 23.615810 21.083345
v -0.077235 24.251568 5.973588
v -40.958260 23.093081 21.083347
v -1.290879 25.583839 6.537940
v 1.887977 22.799860 4.470932
v -41.993179 22.665617 21.083347
v -40.637638 23.963079 20.444462
v 0.869681 24.237440 5.015253
v -44.213848 20.820478 21.722233
v -43.010521 22.197863 21.083349
v 0.034280 25.614380 5.260159
v -35.668346 27.902134 18.208361
v -44.383274 21.487213 21.083349
v 3.289468 22.647945 2.968901
v 2.257806 24.150578 3.607795
v -46.609016 19.357344 21.722235
v -45.352520 20.926552 21.083351
v 3.088704 24.060656 2.762207
v -33.453682 30.383060 16.291706
v -46.652962 20.090885 21.083353
v -47.565651 19.442211 21.083353
v 5.397481 25.233591 -0.000049
v 3.838358 24.478472 1.841455
v 6.006276 22.203653 -0.000057
v -46.443390 20.982462 20.444471
v -49.415329 17.179770 21.722237
v -48.452175 18.758209 21.083355
v -42.071819 25.919960 18.208376
v -31.067614 32.690899 14.375050
v -49.630585 17.757795 21.083357
v 4.464443 28.179832 -0.000037
v 2.955324 26.879877 1.916628
v -51.427479 15.223019 21.722239
v -50.449402 16.994041 21.083357
v -51.529301 15.888014 21.083359
v -52.777050 13.665520 21.722240
v 1.875859 29.316261 1.916638
v 3.218110 31.007824 -0.000022
v -28.523500 34.813881 12.458393
v -52.547691 14.725104 21.083361
v 0.573720 31.641264 1.916651
v 1.673116 33.684364 -0.000003
v -53.863846 13.061555 21.039633
v -2.288157 34.416695 2.555559
v -0.939728 33.834587 1.916666
v -53.231724 15.067466 20.059448
v -1.635379 34.711998 1.916672
v -0.152401 36.178032 0.000019
v -51.092220 19.337166 18.440382
v -35.198044 34.194248 12.458426
v -52.536484 17.078522 19.035534
v -53.872993 14.631342 19.674417
v -2.651273 35.877090 1.916683
v -51.817104 18.932831 18.077215
v -3.425776 36.685745 1.916690
v -2.237007 38.459545 0.000043
v -49.391151 22.990053 16.478216
v -50.974056 20.886616 17.050608
v -52.468315 18.586845 17.668524
v -39.487217 32.919544 12.458448
v -5.392567 38.483780 1.916710
v -4.556227 40.502121 0.000070
v -50.120750 22.677521 16.092287
v -9.129391 40.304657 2.555624
v -47.429317 26.500286 14.515147
v -7.518584 40.090405 1.916731
v -49.135685 24.560627 15.064326
v -17.060167 41.258850 4.791766
v -50.772236 22.420330 15.659932
v -36.903969 35.609631 10.541801
v -7.082832 42.281773 0.000099
v -8.454715 40.704765 1.916741
v -48.153763 26.278452 14.106007
v -9.785268 41.491600 1.916754
v -45.218296 29.849245 12.551176
v -10.774651 42.015907 1.916764
v -47.032402 28.080515 13.076691
v -48.795658 26.108557 13.649536
v -21.423429 42.250706 4.791803
v -9.787156 43.777607 0.000129
v -12.172831 42.675125 1.916778
v -45.927883 29.716013 12.118371
v -13.206829 43.104809 1.916788
v -12.637448 44.972061 0.000162
v -42.770992 33.019230 10.586301
v -44.676701 31.427126 11.087700
v -31.206770 40.378052 6.708508
v -46.550507 29.630903 11.637333
v -17.467918 43.760021 2.555705
v -15.730019 43.961960 1.916814
v -43.456268 32.971531 10.129380
v -16.811787 44.251026 1.916825
v -40.101578 35.993561 8.620520
v -19.945553 44.235752 2.555729
v -42.082470 34.582294 9.097350
v -18.322193 44.579884 1.916840
v -44.050240 32.967705 9.623320
v -16.419607 44.797009 1.277948
v -15.600245 45.851112 0.000195
v -19.426218 44.766727 1.916851
v -40.753437 36.027378 8.139030
v -30.344368 42.143219 4.791881
v -29.866983 42.989037 3.833569
v -37.225391 38.756649 6.653830
v -20.960726 44.953182 1.916867
v -18.640759 46.404442 0.000229
v -39.264900 37.528954 7.105637
v -23.947716 44.536648 2.555769
v -41.309750 36.100365 7.607492
v -22.077370 45.036171 1.916878
v -23.196411 45.075264 1.916890
v -37.835171 38.867050 6.147317
v -26.468630 44.436722 2.555794
v -34.158882 41.294106 4.686228
v -24.742098 45.057007 1.916905
v -21.723291 46.625546 0.000263
v -22.717079 45.604496 1.278014
v -36.240425 40.251209 5.112556
v -38.345318 39.011452 5.589844
v -25.859903 44.991489 1.916917
v -34.718445 41.475281 4.154236
v -27.397139 44.829052 1.916933
v -25.522240 45.511250 1.278043
v -24.811651 46.511837 0.000298
v -33.026615 42.734444 3.118105
v -35.174488 41.684811 3.570371
v -32.704041 44.011410 1.201495
v -27.869574 46.064644 0.000331
v -30.996099 44.914665 0.600921
v -32.029499 44.242680 1.201488
v -29.948647 45.562645 0.000354
v -7.634781 20.034157 15.863783
v -7.408237 20.876081 15.053633
v -2.557822 21.301207 9.949188
v -2.170285 22.055189 9.155645
v 4.493676 22.011589 1.766284
v 1.344825 26.250891 3.720549
v 1.792834 26.223349 3.297755
v -51.118408 17.446398 20.125038
v -54.988430 10.123546 22.019817
v -51.853710 16.680325 20.103174
v -51.479454 17.646513 19.613083
v -55.059231 12.088609 20.313297
v -53.823357 16.183111 18.286440
v -52.281189 20.168871 16.255537
v -30.240393 43.890575 2.517519
v -31.348476 43.910854 2.078847
v -27.880009 45.179386 1.332026
v -28.115969 45.339863 1.039573
v -33.720261 43.047203 2.240745
v -22.462265 -52.446198 23.000000
v -26.330227 -50.419670 20.952177
v -24.514038 -49.955742 23.000000
v -16.531673 11.350926 -0.000055
v -17.582689 9.598108 2.445782
v -28.403164 -47.295811 21.039633
v -28.304199 -46.203606 21.722240
v -26.296637 -47.266029 23.000000
v -30.021229 -48.109470 18.904354
v -30.201460 -46.625977 19.674417
v -29.290966 -45.639595 21.083361
v -30.248301 -45.850655 20.059448
v -29.269104 -44.280354 21.722239
v -27.790846 -44.406063 23.000000
v -30.002829 -44.191128 21.083359
v -33.523506 -45.523571 16.851141
v -32.487408 -44.926815 18.307404
v -31.942030 -44.587711 19.035536
v -30.638561 -42.707680 21.083357
v -33.587959 -43.258801 18.008926
v -30.570417 -40.954201 21.722237
v -28.980581 -41.406631 23.000000
v -31.358776 -40.701233 21.083355
v -32.036591 -40.759457 20.444475
v -34.469238 -36.705006 19.166708
v -33.374962 -40.823181 19.166716
v -31.811581 -39.152122 21.083353
v -29.853031 -38.300041 23.000000
v -36.512913 -40.617367 16.092287
v -35.485645 -40.729225 17.117096
v -36.641983 -41.323196 15.659932
v -37.998245 -39.118778 15.064326
v -39.866661 -39.597500 12.736596
v -38.642620 -39.304298 14.288415
v -36.811699 -42.680504 14.795222
v -36.140976 -38.203079 17.250072
v -34.990150 -32.475891 19.166700
v -32.548695 -35.481346 21.083351
v -39.424484 -37.563980 14.035010
v -35.906551 -36.334976 17.888947
v -36.616177 -36.124928 17.250067
v -39.219917 -31.167130 15.333415
v -37.319263 -35.898434 16.611189
v -38.704304 -35.396896 15.333430
v -32.729023 -33.877522 21.083349
v -30.398794 -35.119755 23.000000
v -36.947853 -34.019096 17.250061
v -32.100445 -31.816645 21.722231
v -30.611992 -31.900032 23.000000
v -32.839218 -31.748581 21.083347
v -41.910744 -34.532764 12.118372
v -40.867805 -34.863892 13.190057
v -36.425697 -32.105640 17.888937
v -32.825447 -30.134708 21.083345
v -37.134441 -31.895485 17.250055
v -37.836643 -31.668884 16.611176
v -41.052521 -32.420120 13.416788
v -42.193779 -35.133907 11.637333
v -43.153168 -32.834251 11.087701
v -45.207188 -32.787773 8.611201
v -43.863110 -32.843254 10.262199
v -42.670597 -36.293251 10.675258
v -31.953621 -28.248009 21.722229
v -30.490330 -28.675552 23.000000
v -32.678936 -28.007959 21.083344
v -37.175068 -29.764082 17.250050
v -39.152344 -26.906590 15.333400
v -40.572536 -30.602028 14.055656
v -34.283714 -24.003178 19.166685
v -33.434650 -28.094160 20.444460
v -34.927921 -28.215273 19.166693
v -44.328762 -31.088934 10.055670
v -41.236446 -30.296276 13.416778
v -43.101463 -25.028612 11.500121
v -41.891621 -29.975368 12.777900
v -43.174377 -29.289066 11.500145
v -32.471268 -26.407444 21.083344
v -30.035118 -25.481049 23.000000
v -36.361687 -27.845049 17.888927
v -37.069538 -27.634905 17.250044
v -37.770851 -27.408318 16.611162
v -41.274403 -28.164822 13.416768
v -46.324902 -27.738699 8.139030
v -45.308426 -28.297359 9.259400
v -36.818356 -25.517965 17.250038
v -38.502857 -22.695305 15.333385
v -31.671621 -22.749781 21.083340
v -29.251259 -22.350931 23.000000
v -33.069633 -19.918724 19.166679
v -46.733685 -28.204193 7.607492
v -47.297585 -25.878796 7.105638
v -35.715721 -23.633223 17.888918
v -36.422691 -23.423214 17.250034
v -37.123123 -23.196762 16.611151
v -37.283657 -18.612377 15.333371
v -42.446697 -20.818142 11.500098
v -40.912365 -23.919155 13.416749
v -45.059849 -26.020782 9.583502
v -44.343433 -24.284739 10.222365
v -44.948982 -23.891874 9.583488
v -45.543823 -23.485430 8.944611
v -35.884415 -21.360500 17.250029
v -30.438099 -19.214760 21.083338
v -28.147196 -19.318914 23.000000
v -31.308483 -16.038633 19.166674
v -48.904221 -22.341961 5.188998
v -48.197746 -22.458582 6.014950
v -44.692490 -21.775570 9.583474
v -46.040138 -18.423313 7.666827
v -34.499935 -19.549276 17.888908
v -35.206051 -19.339523 17.250023
v -51.073875 -21.281954 2.402642
v -50.163227 -20.695810 3.570371
v -49.421028 -25.259268 4.474901
v -49.121098 -23.316406 4.950965
v -35.517643 -14.734498 15.333358
v -35.905632 -19.113325 16.611139
v -49.662949 -20.390797 4.154237
v -39.973213 -19.762865 13.416730
v -41.222378 -16.736746 11.500076
v -43.686909 -20.074543 10.222340
v -44.291576 -19.681816 9.583461
v -28.108000 -16.059008 21.722223
v -26.734821 -16.417662 23.000000
v -44.885540 -19.275509 8.944582
v -44.810703 -14.343453 7.666796
v -48.087944 -19.143839 5.750215
v -46.700184 -22.632959 7.666858
v -34.390793 -17.369781 17.250019
v -28.788593 -15.853648 21.083336
v -29.033342 -12.435788 19.166668
v -50.345078 -18.411650 3.118105
v -51.886986 -18.927120 1.201509
v -51.770817 -17.317373 1.201493
v -43.748127 -17.620459 9.583447
v -27.955442 -14.471392 21.083334
v -25.029348 -13.678420 23.000000
v -32.737160 -15.669923 17.888901
v -51.000671 -16.745802 2.078851
v -33.442467 -15.460538 17.250013
v -52.592068 -16.542025 0.000376
v -52.102055 -16.131197 0.600926
v -34.141235 -15.234708 16.611128
v -33.237984 -11.134509 15.333346
v -38.474590 -15.774021 13.416713
v -39.451504 -12.861085 11.500055
v -42.460884 -15.993659 10.222314
v -43.064701 -15.601187 9.583434
v -43.657810 -15.195136 8.944554
v -43.034973 -10.470015 7.666766
v -47.982498 -11.493798 3.833532
v -47.138374 -14.989914 5.750179
v -49.217049 -15.572115 3.833571
v -32.365540 -13.620768 17.250010
v -36.863396 -14.170945 14.055589
v -37.523872 -13.865968 13.416705
v -38.175613 -13.545835 12.777821
v -37.167336 -9.263956 11.500035
v -25.753757 -11.443101 21.083332
v -23.049150 -11.130698 23.000000
v -26.286945 -9.177861 19.166664
v -42.244503 -13.633496 9.583421
v -45.917233 -13.440996 6.389040
v -46.452415 -12.971500 5.750162
v -46.975189 -12.490251 5.111285
v -46.201908 -7.622588 3.833493
v -36.444637 -12.027549 13.416697
v -40.688389 -12.118737 10.222290
v -50.367027 -12.933206 1.916937
v -49.909855 -11.385380 1.916921
v -49.288876 -11.428939 2.555790
v -41.291397 -11.726636 9.583408
v -50.250557 -7.184949 0.000270
v -50.406193 -11.004951 1.278049
v -51.354095 -10.217156 0.000306
v -41.883698 -11.320955 8.944528
v -40.746296 -6.875753 7.666739
v -45.629753 -11.004839 5.750144
v -29.846701 -10.183877 17.250002
v -30.487507 -7.880030 15.333337
v -34.582237 -10.571909 14.055574
v -35.241962 -10.267408 13.416690
v -21.311260 -8.156735 22.067566
v -20.989311 -8.966489 23.000000
v -35.892948 -9.947752 12.777804
v -34.412781 -6.012929 11.500018
v -40.209858 -9.889572 9.583397
v -23.095881 -8.231717 20.789787
v -44.139881 -9.568300 6.389007
v -27.712757 -8.811252 17.888887
v -21.460724 -7.747510 21.601349
v -44.674255 -9.099175 5.750128
v -28.416632 -8.602916 17.250000
v -43.908730 -4.031198 3.833456
v -45.196220 -8.618298 5.111249
v -29.113966 -8.378138 16.611111
v -27.317871 -5.032191 15.333328
v -48.544064 -7.899325 1.916883
v -48.838692 -4.283450 0.000234
v -33.921494 -8.593821 13.416682
v -38.402718 -8.522564 10.222268
v -20.306049 -6.798990 21.601349
v -39.004974 -8.130940 9.583385
v -39.596523 -7.725738 8.944503
v -47.300186 -6.852647 2.555742
v -22.991928 -6.818368 19.684679
v -43.590416 -7.263469 5.750111
v -47.828125 -6.452881 1.916867
v -31.830399 -7.318580 14.055563
v -32.489445 -7.014654 13.416677
v -48.180183 -5.738380 1.277989
v -47.133698 -1.543913 0.000199
v -33.139751 -6.695574 12.777790
v -31.239578 -3.169068 11.500004
v -37.682411 -6.459010 9.583374
v -37.987667 -3.628182 7.666713
v -46.769135 -4.602725 1.916846
v -22.042233 -5.262359 18.925089
v -23.332090 -5.495570 18.286285
v -30.952545 -5.537333 13.416670
v -35.646805 -5.272688 10.222248
v -36.248383 -4.881640 9.583364
v -45.242111 -3.520574 2.555705
v -45.884514 -3.252829 1.916830
v -36.839252 -4.477014 8.944480
v -34.810902 -0.788302 7.666690
v -41.058666 -3.836078 5.750080
v -41.146030 -0.787088 3.833421
v -45.153942 1.004153 0.000165
v -46.315006 -2.692425 1.277953
v -28.659573 -4.472066 14.055552
v -29.318024 -4.168804 13.416665
v -27.707331 -0.785791 11.499991
v -29.967737 -3.850386 12.777778
v -34.709633 -3.406248 9.583354
v -23.672340 -3.653902 16.369616
v -24.678488 -5.377421 17.301966
v -44.610809 -1.543385 1.916810
v -32.472416 -2.430154 10.222231
v -43.570335 -0.309613 1.916794
v -33.073399 -2.039769 9.583345
v -31.275673 1.590544 7.666670
v -33.663673 -1.635806 8.944460
v -22.512033 -2.437684 15.843778
v -23.823143 -2.386593 15.062714
v -38.082066 -0.787046 5.750051
v -37.965710 2.048806 3.833389
v -25.148041 -1.905224 13.875138
v -31.347368 -0.788628 9.583337
v -35.911766 0.109975 6.388921
v -36.444118 0.577380 5.750038
v -34.427498 4.423217 3.833360
v -36.964062 1.056538 5.111154
v -40.919147 2.334084 1.916761
v -40.458179 5.418444 0.000100
v -39.124039 2.920523 2.555627
v -34.716522 1.826356 5.750025
v -39.682438 3.371060 1.916747
v -39.956047 4.045491 1.277865
v -22.623804 0.421573 12.764312
v -32.375546 2.487343 6.388898
v -23.901922 0.844695 11.750419
v -32.907398 2.954009 5.750013
v -37.969395 4.639925 1.916730
v -30.597862 6.291544 3.833335
v -33.426846 3.432428 5.111129
v -35.902168 5.147167 2.555598
v -36.617001 5.520722 1.916717
v -34.953186 8.769739 0.000044
v -31.025251 3.955038 5.750003
v -23.824434 1.981148 10.584459
v -22.529181 2.006860 11.056589
v -27.448380 3.463672 7.666654
v -23.586819 3.835168 8.667789
v -25.058792 2.447388 9.611856
v -33.315392 7.286314 1.916690
v -31.970060 9.999793 0.000020
v -23.367498 4.952852 7.502052
v -22.131536 4.608738 8.224344
v -29.825487 8.642234 1.916667
v -28.875509 10.914032 -0.000002
v -21.777609 6.045964 6.631907
v -23.086769 6.111439 6.279135
v -18.452471 7.750340 4.891619
v -27.714111 8.593079 2.555543
v -28.276375 9.095026 1.916658
v -28.490618 9.693895 1.277771
v -24.263128 6.603223 5.463861
v -22.533110 7.895300 4.362464
v -24.605589 9.832112 1.916640
v -26.548733 7.618694 3.833315
v -22.486311 11.759182 -0.000036
v -22.108633 9.008908 3.139546
v -20.901871 8.599191 3.723570
v -22.272427 9.911542 2.093019
v -31.423468 -43.287296 20.125038
v -31.914953 -43.385818 19.613083
v -35.114754 -43.117821 16.471716
v -37.192917 -38.103741 16.225264
v -37.711235 -38.038223 15.712860
v -40.984436 -37.095184 12.427485
v -33.945011 -31.065905 20.125021
v -42.118790 -32.100872 12.345101
v -42.641628 -31.925543 11.809258
v -45.858227 -30.277418 8.375116
v -47.461693 -29.102324 6.544418
v -40.240524 -27.552244 14.375083
v -39.883770 -27.340679 14.694522
v -48.387032 -26.224737 5.747692
v -46.099197 -25.474236 8.463130
v -46.605694 -25.185795 7.902945
v -39.734474 -23.321327 14.375066
v -39.329830 -23.115765 14.694505
v -48.894966 -20.121603 5.012507
v -48.837368 -19.016130 4.924262
v -49.201218 -18.945549 4.511285
v -47.095173 -18.793945 6.708520
v -46.750355 -18.672699 7.027955
v -49.525372 -17.968872 3.993904
v -50.444767 -15.661168 2.517522
v -30.720972 -13.036984 18.208338
v -51.289089 -13.473002 1.039579
v -24.883486 -7.257484 18.726475
v -25.553625 -7.222186 18.234316
v -26.260521 -7.023190 17.595427
v -26.611618 -6.917477 17.275982
v -39.549942 -3.733807 6.708395
v -21.647167 -3.903818 17.846096
v -25.816278 0.695647 11.042225
v -26.436789 0.904697 10.555924
v -28.113171 0.402410 10.231728
v -28.295689 1.007603 9.597595
v -29.488213 1.468660 8.624995
v -28.037094 1.839741 8.953948
v -21.749287 3.063224 10.126694
v -28.858288 5.929458 4.791659
v -27.717369 5.488118 5.606930
v -25.313910 4.910649 6.972894
v -27.644875 4.807868 6.293505
v -25.907356 5.123814 6.565258
v -27.346384 6.213600 5.015725
v -24.347631 8.413022 3.486430
v -19.848145 9.404205 2.792664
v -43.952194 -28.999386 10.696381
v -29.741028 -1.298847 10.865866
v -29.515591 3.295523 6.980087
v -20.007378 0.154180 14.960403
v -19.863560 2.501490 12.142783
v -19.387920 5.071283 9.013091
v -18.681622 7.316433 6.197209
v -17.721121 9.466765 3.382293
v -17.026642 10.701569 1.691116
v -24.038036 -51.000019 23.000000
v -27.225737 -8.159730 19.166662
v -29.463486 -7.481584 17.249996
v -28.837915 -9.713463 19.166664
v -27.747723 -6.043055 17.249992
v -28.107208 -3.894269 15.333323
v -31.061119 -9.050267 17.249998
v -30.323246 -11.388871 19.166666
v -31.672575 -13.175629 19.166668
v -29.918341 -5.210705 15.333327
v -32.530777 -10.739438 17.250002
v -28.302320 -1.725717 13.416655
v -31.620628 -6.665154 15.333331
v -33.863403 -12.538687 17.250006
v -32.877590 -15.062724 19.166672
v -33.930859 -17.038528 19.166674
v -30.200153 -2.913758 13.416658
v -33.203575 -8.248652 15.333336
v -28.332117 0.450156 11.499985
v -35.050785 -14.436926 17.250010
v -31.998941 -4.247008 13.416663
v -34.657433 -9.951439 15.333341
v -30.307562 -0.603802 11.499990
v -36.085602 -16.422457 17.250015
v -34.825897 -19.090866 19.166677
v -33.687603 -5.717250 13.416670
v -35.973240 -11.763023 15.333346
v -32.194241 -1.809470 11.499996
v -36.961483 -18.483042 17.250019
v -35.557190 -21.207088 19.166679
v -35.255733 -7.315425 13.416676
v -30.240189 1.706046 9.583321
v -28.196590 2.620875 9.583315
v -37.142887 -13.672240 15.333353
v -33.980534 -3.159419 11.500003
v -27.896664 4.774002 7.666644
v -37.673031 -20.605984 17.250025
v -36.120224 -23.374153 19.166683
v -36.693665 -9.031682 13.416683
v -32.205727 0.633731 9.583327
v -38.159164 -15.667324 15.333360
v -35.655422 -4.645328 11.500010
v -29.998631 4.002683 7.666651
v -38.215855 -22.778200 17.250031
v -36.511536 -25.578707 19.166687
v -37.992535 -10.855445 13.416691
v -34.081093 -0.589460 9.583336
v -39.015812 -17.735979 15.333366
v -37.208595 -6.258041 11.500019
v -32.033619 3.068856 7.666659
v -39.144344 -12.775476 13.416698
v -35.854729 -1.955990 9.583344
v -27.434189 6.897210 5.749974
v -29.584463 6.273092 5.749982
v -39.707550 -19.865459 15.333374
v -38.630474 -7.987618 11.500028
v -33.989079 1.978279 7.666669
v -36.728710 -27.807163 19.166691
v -38.783016 -27.216686 17.250042
v -36.770409 -30.045790 19.166695
v -38.586609 -24.986303 17.250036
v -40.141994 -14.779940 13.416707
v -37.515705 -3.457437 9.583355
v -31.679153 5.482225 5.749991
v -40.230114 -22.042639 15.333381
v -39.912304 -9.823402 11.500038
v -35.852966 0.737671 7.666679
v -38.803860 -29.455605 17.250048
v -36.636379 -32.280788 19.166698
v -29.000225 8.504416 3.833312
v -26.811939 8.978343 3.833303
v -40.979336 -16.856485 13.416717
v -39.053783 -5.084548 9.583365
v -33.705353 4.529482 5.750001
v -41.046177 -11.754079 11.500049
v -37.613796 -0.645322 7.666690
v -31.144590 7.860294 3.833322
v -41.651207 -18.992317 13.416726
v -40.459492 -6.827296 9.583377
v -35.650570 3.420736 5.750013
v -40.755905 -26.486216 15.333397
v -40.580288 -24.254099 15.333389
v -39.260712 -2.162177 7.666703
v -38.649014 -31.689259 17.250053
v -38.319431 -33.903885 17.250061
v -36.327438 -34.498386 19.166702
v -35.845501 -36.684921 19.166706
v -33.231823 7.049948 3.833334
v -42.153465 -21.174269 13.416736
v -41.724159 -8.674941 9.583389
v -37.502819 2.162819 5.750026
v -40.755894 -28.725231 15.333405
v -42.025108 -13.767750 11.500059
v -42.843067 -15.852007 11.500071
v -40.783569 -3.803545 7.666716
v -35.249054 6.078372 3.833347
v -42.483021 -23.388897 13.416745
v -42.840000 -10.616097 9.583402
v -39.250687 0.763484 5.750040
v -40.580246 -30.957346 15.333413
v -43.495010 -17.994003 11.500082
v -42.172977 -5.559313 7.666729
v -37.183857 4.951553 3.833361
v -42.637840 -25.622553 13.416756
v -43.800129 -12.638801 9.583415
v -40.883400 -0.768647 5.750054
v -40.230045 -33.168808 15.333422
v -37.817142 -36.085835 17.250067
v -43.976925 -20.180540 11.500094
v -43.420383 -7.418659 7.666744
v -39.024307 3.676437 3.833376
v -42.616966 -27.861471 13.416766
v -44.598637 -14.730586 9.583428
v -42.390900 -2.424131 5.750070
v -39.707451 -35.345985 15.333430
v -37.145241 -38.221661 17.250072
v -40.759064 2.260880 3.833393
v -42.420532 -30.091856 13.416777
v -45.230598 -16.878565 9.583443
v -43.763893 -4.192766 5.750086
v -44.285835 -22.398144 11.500107
v -44.419838 -24.633146 11.500118
v -42.377438 0.713606 3.833410
v -42.049747 -32.299961 13.416787
v -45.980362 -21.289883 9.583471
v -45.692123 -19.069496 9.583457
v -44.518089 -9.370126 7.666759
v -46.073402 -8.025259 5.750121
v -45.459335 -11.401686 7.666775
v -44.993923 -6.063652 5.750103
v -44.160908 -29.100233 11.500144
v -44.378109 -26.871775 11.500132
v -46.850246 -15.654592 7.666807
v -46.238323 -13.500819 7.666790
v -43.869450 -0.955850 3.833428
v -45.225906 -2.737198 3.833447
v -46.995686 -10.065499 5.750139
v -46.438454 -4.619461 3.833466
v -46.030956 -25.764181 9.583500
v -46.093536 -23.526037 9.583486
v -47.755081 -12.171800 5.750157
v -47.291340 -17.849730 7.666823
v -47.558880 -20.072706 7.666840
v -48.346916 -14.331181 5.750175
v -47.651222 -22.309818 7.666857
v -48.402851 -8.639784 3.833507
v -47.499615 -6.591039 3.833486
v -49.014362 -18.755707 5.750213
v -48.767540 -16.530333 5.750194
v -50.114407 -15.120847 3.833569
v -49.714287 -12.917870 3.833548
v -20.569279 -6.249462 21.772699
v -21.474815 -8.200149 23.000000
v -21.734030 -7.474262 22.181801
v -23.809206 -10.225432 23.000000
v -21.854591 -7.108238 21.772699
v -23.681847 -7.458632 20.904020
v -22.365583 -4.774700 19.267717
v -23.503576 -6.118561 19.856030
v -23.772171 -4.934554 18.628878
v -26.654722 -10.346000 21.083332
v -25.910734 -12.491371 23.000000
v -23.941734 -4.002133 17.670542
v -22.729403 -2.458100 16.767162
v -25.122215 -5.282155 18.169249
v -28.415079 -12.346587 21.083332
v -27.754759 -14.971383 23.000000
v -24.141039 -2.467488 16.105198
v -29.981037 -14.502736 21.083334
v -29.319628 -17.636353 23.000000
v -30.577507 -15.450367 21.083334
v -25.490803 -2.899573 15.847906
v -24.215240 -1.523029 15.146863
v -22.850243 0.595446 13.506613
v -25.598797 -1.577036 14.570126
v -24.252991 -0.576516 14.188527
v -31.844351 -17.794786 21.083336
v -30.586973 -20.454990 23.000000
v -24.242218 0.815720 12.779717
v -32.886860 -20.247208 21.083338
v -31.541910 -23.394205 23.000000
v -24.189837 1.761342 11.821382
v -32.983891 -23.005978 21.722225
v -32.173229 -26.419487 23.000000
v -22.655382 3.045088 10.885284
v -33.255611 -21.304468 21.083338
v -25.625383 0.723889 12.353139
v -33.695938 -22.786221 21.083340
v -24.026129 3.298839 10.256536
v -33.964405 -23.873283 21.083340
v -34.189999 -24.970045 21.083342
v -32.473518 -29.495314 23.000000
v -25.434734 3.124521 10.032128
v -23.878235 4.234185 9.298201
v -34.430359 -26.497038 21.083342
v -22.053480 6.040626 7.625646
v -33.930237 -29.284081 21.722229
v -32.439251 -32.585575 23.000000
v -34.552605 -27.610065 21.083344
v -25.234943 4.435220 8.754348
v -23.694412 5.163124 8.339865
v -34.649399 -29.152826 21.083344
v -23.359756 6.513395 6.931924
v -33.898956 -32.090611 21.722231
v -32.070827 -35.653988 23.000000
v -34.667236 -30.272408 21.083345
v -23.088480 7.420692 5.973588
v -34.619625 -31.817467 21.083347
v -24.730581 6.678142 6.537940
v -21.100538 8.841118 4.470932
v -34.532890 -32.933826 21.083347
v -35.347965 -31.243690 20.444462
v -22.782431 8.316896 5.015253
v -33.464283 -35.615986 21.722233
v -31.372580 -38.664528 23.000000
v -34.402405 -34.045918 21.083349
v -24.350130 7.947881 5.260159
v -37.558632 -25.300381 18.208361
v -34.150742 -35.571091 21.083349
v -20.522976 10.127070 2.968901
v -22.270864 9.610240 3.607795
v -32.812904 -38.346062 21.722235
v -30.352699 -41.581844 23.000000
v -33.917034 -36.666149 21.083351
v -21.928581 10.372684 2.762207
v -33.524124 -38.161175 21.083353
v -33.189236 -39.229649 21.083353
v -22.094292 11.214760 1.841455
v -34.307304 -37.686352 20.444471
v -31.609108 -41.687931 21.722237
v -29.023161 -44.371689 23.000000
v -39.594234 -24.637268 16.291712
v -35.193527 -38.826912 19.166712
v -32.812664 -40.284149 21.083355
v -37.652256 -32.002968 18.208376
v -32.225361 -41.714031 21.083357
v -25.421024 12.953985 -0.000037
v -24.651037 11.117019 1.916628
v -30.369915 -44.206268 21.722239
v -27.399578 -47.001301 23.000000
v -41.096554 -14.288957 12.458383
v -31.752018 -42.728786 21.083357
v -34.375538 -40.911163 19.166716
v -31.033829 -44.097610 21.083359
v -29.305687 -45.971081 21.722240
v -25.501015 -49.439812 23.000000
v -27.301750 10.843271 1.916638
v -28.495743 12.642550 -0.000022
v -36.840870 -36.403370 18.208385
v -30.242537 -45.425518 21.083361
v -29.915340 10.323328 1.916651
v -36.178928 -38.542305 18.208391
v -29.067122 -47.191322 21.039633
v -33.439301 8.459177 2.555559
v -32.468998 9.561728 1.916666
v -30.779518 -45.970276 20.059448
v -33.518433 9.171260 1.916672
v -34.454449 11.034685 0.000019
v -34.179100 -42.616077 18.440382
v -43.397453 -22.908726 12.458426
v -43.693966 -10.006053 8.625080
v -30.562904 -46.714928 19.674417
v -32.477306 -44.687614 19.035534
v -34.940430 8.565121 1.916683
v -34.018559 -43.430431 18.077215
v -35.948841 8.078413 1.916690
v -37.268475 9.757133 0.000043
v -44.644669 -12.033206 8.625094
v -37.127544 -39.869461 16.478216
v -44.848553 -19.639158 10.541775
v -35.616203 -42.024891 17.050608
v -44.222900 -6.752909 6.708423
v -33.890739 -44.156681 17.668524
v -43.510567 -27.381876 12.458448
v -38.266644 6.763506 1.916710
v -45.433422 -14.128689 8.625109
v -43.146641 -1.700486 4.791749
v -37.055767 -40.659924 16.092287
v -41.153145 3.772258 2.555624
v -39.859737 -36.918922 14.515147
v -40.451611 5.238019 1.916731
v -38.542305 -39.141163 15.064326
v -37.012486 -41.359005 15.659932
v -45.270721 -24.093779 10.541801
v -42.401070 6.329612 0.000099
v -41.325184 4.537553 1.916741
v -39.872623 -37.676460 14.106007
v -46.506683 -18.472647 8.625139
v -42.484669 3.515267 1.916754
v -42.361542 -33.781231 12.551176
v -43.289055 2.736328 1.916764
v -41.239967 -36.053116 13.076691
v -39.909401 -38.339439 13.649536
v -46.803013 -7.318706 4.791803
v -44.348068 1.610289 1.916778
v -44.659374 4.219886 0.000129
v -42.454102 -34.497257 12.118371
v -45.076244 0.759678 1.916788
v -44.620121 -30.474129 10.586301
v -43.694832 -32.778553 11.087700
v -48.045231 -17.201899 6.708508
v -42.565563 -35.115711 11.637333
v -47.016136 -3.090388 2.555705
v -46.671154 -1.375144 1.916814
v -48.465359 -11.473036 4.791842
v -49.142593 -10.753068 3.833527
v -44.786518 -31.140604 10.129380
v -47.280354 -2.314639 1.916825
v -46.623978 -27.016243 8.620520
v -48.234215 -5.299748 2.555729
v -45.893917 -29.336288 9.097350
v -49.047131 -13.635150 4.791861
v -48.059856 -3.649500 1.916840
v -44.966423 -31.706684 9.623320
v -47.678425 -1.772938 1.277948
v -48.427742 -0.667941 0.000195
v -48.578716 -4.641752 1.916851
v -46.857578 -27.625750 8.139030
v -48.363041 -23.426987 6.653830
v -49.230236 -6.043537 1.916867
v -49.893559 -3.388654 0.000229
v -47.825676 -25.746056 7.105637
v -49.757118 -9.013050 2.555769
v -47.098904 -28.132280 7.607492
v -49.654224 -7.079884 1.916878
v -50.037209 -8.132075 1.916890
v -48.656475 -23.972807 6.147317
v -50.441090 -11.441461 2.555794
v -49.828701 -19.726448 4.686228
v -50.497490 -9.607752 1.916905
v -50.392418 -7.512662 1.278014
v -49.480080 -22.028385 5.112556
v -48.951450 -24.413361 5.589844
v -50.780602 -10.691095 1.916917
v -50.173923 -20.202637 4.154236
v -51.101147 -12.203289 1.916933
v -51.170578 -10.209342 1.278043
v -51.902607 -9.224335 0.000298
v -50.848656 -18.204508 3.118105
v -50.514126 -20.571609 3.570371
v -51.963440 -17.503117 1.201495
v -52.422253 -12.270782 0.000331
v -52.294704 -15.599647 0.600921
v -51.974949 -16.790125 1.201488
v -21.412891 -1.070214 15.863783
v -22.143604 -0.594588 15.053633
v -21.049063 4.149801 9.949188
v -21.646385 4.751364 9.155645
v -19.545643 11.075694 1.766284
v -24.550507 9.390976 3.720549
v -24.385870 9.808547 3.297755
v -32.388966 -43.225262 20.125038
v -26.620422 -49.168758 22.019817
v -31.887609 -44.161304 20.103174
v -32.690857 -43.506798 19.613083
v -28.511189 -48.628853 20.313297
v -32.023384 -46.188198 18.286440
v -35.337513 -43.489841 16.255537
v -51.087212 -15.197390 2.517519
v -51.448917 -16.244972 2.078847
v -51.583546 -12.554266 1.332026
v -51.809082 -12.729087 1.039573
v -51.360458 -18.767555 2.240745
v 42.938076 -37.569649 23.000000
v 39.815468 -40.622070 20.952177
v 39.935478 -38.751408 23.000000
v -15.903940 -12.214926 -0.000055
v -14.561693 -13.756153 2.445782
v 36.203930 -41.628223 21.039633
v 35.195759 -41.196590 21.722240
v 36.826557 -39.615593 23.000000
v 36.477757 -43.418530 18.904354
v 35.011173 -43.131516 19.674417
v 34.354427 -41.960773 21.083361
v 34.259327 -42.936474 20.059448
v 33.068470 -41.519955 21.722239
v 33.644833 -40.152893 23.000000
v 32.756874 -42.190193 21.083359
v 32.936157 -45.950306 16.851141
v 32.688778 -44.780510 18.307404
v 32.534801 -44.157036 19.035536
v 31.149580 -42.336403 21.083357
v 30.762316 -45.311752 18.008926
v 29.502979 -41.729740 21.722237
v 30.424553 -40.357525 23.000000
v 29.018778 -42.401340 21.083355
v 28.864695 -43.063972 20.444475
v 24.256956 -44.124664 19.166708
v 28.511721 -44.356529 19.166716
v 27.405561 -42.353283 21.083353
v 27.200409 -40.227283 23.000000
v 27.346300 -47.277302 16.092287
v 27.770128 -46.334877 17.117096
v 27.977699 -47.618168 15.659932
v 25.462065 -48.226849 15.064326
v 25.339987 -50.151749 12.736596
v 25.439384 -48.897011 14.288415
v 29.216129 -48.199009 14.795222
v 25.165113 -46.177513 17.250072
v 20.073858 -43.313213 19.166700
v 23.686665 -41.919987 21.083351
v 23.542633 -49.102821 14.035010
v 23.460880 -45.377285 17.888947
v 23.041826 -45.987270 17.250067
v 17.522081 -46.931530 15.333415
v 22.609154 -46.585957 16.611189
v 21.704161 -47.748222 15.333430
v 22.105612 -41.595879 21.083349
v 24.007128 -39.763573 23.000000
v 20.936567 -45.651974 17.250061
v 20.339844 -40.361221 21.722231
v 20.879108 -38.971386 23.000000
v 20.046818 -41.042805 21.083347
v 19.891481 -50.530697 12.118372
v 20.528685 -49.641129 13.190057
v 18.516190 -40.530994 21.083345
v 18.147440 -49.061634 13.416788
v 20.375736 -50.985641 11.637333
v 17.892166 -51.187443 11.087701
v 17.213236 -53.126568 8.611201
v 17.681345 -51.865417 10.262199
v 21.330992 -51.797379 10.675258
v 16.991241 -39.118813 21.722229
v 17.850040 -37.859261 23.000000
v 16.538805 -39.734451 21.083344
v 13.490948 -45.550686 15.333400
v 16.819597 -44.553196 17.250050
v 16.566654 -48.043324 14.055656
v 16.387259 -40.479816 20.444460
v 12.234127 -40.023140 19.166685
v 16.040998 -41.937428 19.166693
v 15.868993 -51.766167 10.055670
v 16.070707 -48.580257 13.416778
v 10.484539 -48.726192 11.500121
v 15.563046 -49.104195 12.777900
v 14.513940 -50.112091 11.500145
v 15.080797 -39.042362 21.083344
v 14.952556 -36.439171 23.000000
v 15.245835 -43.186615 17.888927
v 14.827239 -43.794880 17.250044
v 14.395023 -44.391850 16.611162
v 9.686481 -43.631626 15.333385
v 14.031846 -47.957699 13.416768
v 12.065888 -52.629330 8.139030
v 12.911315 -51.835239 9.259400
v 12.891530 -42.901821 17.250038
v 12.536098 -46.660793 14.055638
v 12.040440 -47.196884 13.416759
v 11.849257 -37.151569 21.083340
v 12.217863 -34.726418 23.000000
v 8.724753 -37.606316 19.166679
v 11.533068 -47.719982 12.777879
v 6.682479 -46.802368 11.500098
v 12.382278 -53.161953 7.607492
v 9.996440 -52.979664 7.105638
v 11.439765 -41.270737 17.888918
v 11.021569 -41.878212 17.250034
v 10.589754 -42.474384 16.611151
v 10.105851 -46.301399 13.416749
v 10.822975 -50.895325 9.583502
v 9.393285 -49.677509 10.222365
v 8.832523 -50.132019 9.583488
v 8.262156 -50.572147 8.944611
v 3.294427 -49.479889 7.666827
v 7.094074 -51.408482 7.666858
v 9.226150 -40.728863 17.250029
v 6.180139 -41.210403 15.333371
v 8.732433 -44.740147 14.055621
v 8.868433 -34.886040 21.083338
v 9.675419 -32.739445 23.000000
v 5.578794 -34.732346 19.166674
v 8.237176 -45.275444 13.416739
v 6.136231 -53.414726 5.188998
v 6.465458 -52.778866 6.014950
v 7.730205 -45.797749 12.777859
v 3.179176 -44.376751 11.500076
v 6.899058 -49.234104 9.583474
v 7.931401 -38.852448 17.888908
v 7.513711 -39.459187 17.250023
v 4.457646 -55.150627 2.402642
v 4.181595 -54.103424 3.570371
v 8.751053 -54.807735 4.474901
v 6.995966 -53.922108 4.950965
v 3.037786 -38.332493 15.333358
v 7.082402 -40.054626 16.611139
v 4.046105 -53.533375 4.154237
v 6.443198 -44.123848 13.416730
v 6.587175 -31.694803 21.722223
v 7.352610 -30.499662 23.000000
v 3.346881 -51.650127 5.750215
v 5.892305 -38.075146 17.250019
v 2.855341 -31.455219 19.166668
v 6.181551 -32.278625 21.083336
v 1.953036 -53.570526 3.118105
v 1.966801 -55.196259 1.201509
v 0.471738 -54.588333 1.201493
v -0.205834 -47.049881 7.666796
v 3.239136 -47.051964 9.583447
v 2.093188 -50.254852 6.389073
v 5.124404 -31.059111 21.083334
v 5.274457 -28.031189 23.000000
v 4.786644 -35.977161 17.888901
v 1.480782 -50.619488 5.750197
v 0.166131 -53.679256 2.078851
v 4.369554 -36.583244 17.250013
v -0.519442 -55.129795 0.000376
v -0.758740 -54.536812 0.600926
v -3.896156 -49.185848 3.833532
v 0.861032 -50.968693 5.111321
v -0.398942 -51.620243 3.833571
v 3.938846 -37.178028 16.611128
v 0.318445 -35.051956 15.333346
v 0.040433 -41.494904 11.500055
v 3.112683 -41.465950 13.416713
v 2.089739 -45.325012 10.222314
v 1.529887 -45.777996 9.583434
v 0.960428 -46.216599 8.944554
v -3.340962 -44.164101 7.666766
v -0.310304 -49.463398 5.750179
v 2.952618 -34.990505 17.250010
v 2.085953 -39.438236 14.055589
v 1.591804 -39.972145 13.416705
v -2.674793 -38.210957 11.500035
v 1.085941 -40.493057 12.777821
v 2.924687 -28.029390 21.083332
v 3.463345 -25.360619 23.000000
v 0.605552 -27.836485 19.166664
v -0.088044 -44.389893 9.583421
v 2.064561 -32.698898 17.888893
v 1.648157 -33.304413 17.250006
v 1.218134 -33.898624 16.611120
v -1.926804 -31.430407 15.333337
v 0.176866 -38.377628 13.416697
v -1.047799 -42.441853 10.222290
v -3.264058 -51.898472 1.916937
v -4.594854 -50.985367 1.916921
v -4.361534 -50.408245 2.555790
v -1.607049 -42.894180 9.583408
v -8.694984 -50.011395 0.000270
v -5.110040 -51.339855 1.278049
v -6.152194 -51.997921 0.000306
v -2.175905 -43.332130 8.944528
v -6.052068 -40.876755 7.666739
v -7.027664 -46.296135 3.833493
v -3.634145 -46.797157 5.750144
v 0.462305 -31.532890 17.250002
v -0.632016 -36.156559 14.055574
v -1.125479 -36.689899 13.416690
v 1.171975 -22.788782 22.067566
v 2.041584 -22.732819 23.000000
v -1.630656 -37.210247 12.777804
v -4.915499 -34.586597 11.500018
v -3.019988 -41.297894 9.583397
v 0.691809 -24.509228 20.789787
v -4.539979 -44.936291 6.389007
v 0.736592 -22.804474 21.601349
v -5.151274 -45.299541 5.750128
v -5.769912 -45.647358 5.111249
v -9.734647 -43.005394 3.833456
v -11.018182 -47.772015 0.000234
v -7.488236 -48.609177 1.916883
v -2.309109 -34.916893 13.416682
v -3.761652 -39.156773 10.222268
v 0.191309 -21.413204 21.601349
v -4.320216 -39.608536 9.583385
v -8.288229 -37.249588 7.666713
v -4.888385 -40.045918 8.944503
v -8.099306 -47.102734 2.555742
v -0.620243 -23.973614 19.684679
v -6.562210 -43.701485 5.750111
v -8.642648 -47.481297 1.916867
v -13.096765 -45.303905 0.000199
v -9.430971 -47.595333 1.277989
v -5.501622 -37.834045 9.583374
v -7.249712 -41.647808 6.388976
v -7.860319 -42.010494 5.750095
v -10.075006 -45.902412 1.916846
v -11.966258 -39.375423 3.833421
v -8.478271 -42.357746 5.111215
v -1.806624 -22.589567 18.925089
v -1.983415 -23.888361 18.286285
v -6.639598 -30.689901 11.500004
v -4.298545 -31.148750 13.416670
v -10.632316 -44.115719 2.555705
v -11.085470 -44.643948 1.916830
v -9.039499 -40.234528 5.750080
v -11.751476 -44.880196 1.277953
v -4.603107 -28.638817 14.055552
v -5.094999 -29.171328 13.416665
v -7.814705 -26.594061 11.499991
v -5.598605 -29.690847 12.777778
v -7.486332 -34.063412 9.583354
v -10.007442 -33.350735 7.666690
v -9.484357 -38.019707 6.388947
v -3.655788 -27.535872 15.333328
v -3.840088 -23.642851 16.369616
v -2.511841 -25.132353 17.301966
v -12.317652 -42.904331 1.916810
v -10.094206 -38.381927 5.750065
v -10.711398 -38.728714 5.111183
v -13.680580 -35.474419 3.833389
v -13.169515 -41.533527 1.916794
v -4.638226 -22.163502 15.843778
v -5.091971 -23.394653 15.062714
v -11.019481 -36.461407 5.750051
v -5.959197 -24.505955 13.875138
v -11.177412 -29.253428 7.666670
v -8.936839 -30.056818 9.583337
v -11.201940 -34.120136 6.388921
v -11.810973 -34.481998 5.750038
v -12.427351 -34.828423 5.111154
v -14.845412 -31.375648 3.833360
v -14.864558 -38.195152 1.916761
v -8.896709 -27.537731 10.222217
v -9.452845 -27.988419 9.583329
v -10.018586 -28.424728 8.944443
v -14.867575 -36.306679 2.555627
v -12.464963 -32.452999 5.750025
v -15.468616 -36.698524 1.916747
v -18.561514 -33.706654 0.000071
v -16.194588 -36.750332 1.277865
v -7.392080 -21.386244 12.764312
v -12.370197 -30.022341 6.388898
v -8.189453 -22.471054 11.750419
v -12.978374 -30.383957 5.750013
v -16.146019 -34.677227 1.916730
v -15.438874 -27.156103 3.833335
v -13.593896 -30.730141 5.111129
v -15.989627 -32.554428 2.555598
v -16.565794 -33.118839 1.916717
v -13.348795 -28.284594 5.750003
v -9.246339 -22.046175 10.584459
v -8.870537 -20.806370 11.056589
v -10.071198 -23.076044 9.611856
v -10.936190 -21.247265 8.667789
v -11.776164 -25.034626 7.666654
v -17.224720 -29.433226 1.916690
v -19.389660 -27.315228 0.000020
v -11.931396 -20.693295 7.502052
v -11.222192 -19.624165 8.224344
v -17.435835 -25.695127 1.916667
v -12.946528 -20.068283 6.279135
v -12.479705 -18.843431 6.631907
v -13.073138 -15.154356 4.891619
v -16.736635 -23.702278 2.555543
v -17.387764 -24.081913 1.916658
v -18.023527 -24.100609 1.277771
v -14.471991 -18.990479 4.362464
v -13.777758 -21.035099 5.463861
v -16.954439 -20.363016 1.916640
v -15.449818 -22.895039 3.833315
v -18.132299 -17.751965 -0.000036
v -14.637350 -17.221565 3.723570
v -15.399924 -18.242655 3.139546
v -16.308994 -18.119503 2.093019
v 31.458279 -43.262005 20.125038
v 31.400103 -43.759880 19.613083
v 30.156427 -46.720257 16.471716
v 24.745567 -47.147270 16.225264
v 24.523087 -47.619972 15.712860
v 22.614727 -50.441559 12.427485
v 20.517004 -44.512264 18.208380
v 20.371899 -44.119106 18.527821
v 19.055845 -41.883514 20.125021
v 17.514320 -49.977066 12.345101
v 17.186007 -50.420135 11.809258
v 13.011484 -54.131863 6.544418
v 14.624564 -52.970001 8.375116
v 9.988792 -54.122692 5.747692
v 9.982003 -51.714912 8.463130
v 9.551163 -52.107487 7.902945
v 4.027407 -52.719795 5.012507
v 6.314705 -42.695702 14.375050
v 2.993838 -52.323406 4.924262
v 2.814276 -52.647633 4.511285
v 1.785231 -52.654114 3.993904
v -0.693634 -52.815388 2.517522
v -0.259894 -48.288116 6.708487
v -0.242264 -47.882305 7.027923
v -3.035613 -52.942207 1.039579
v -0.787143 -25.908287 18.726475
v -1.204787 -28.417900 17.275984
v -1.027798 -26.534721 18.234316
v -0.594047 -28.237841 17.906210
v -1.730658 -29.619884 16.291666
v -2.035770 -28.147589 16.628431
v -2.976591 -21.794025 17.846096
v -7.068197 -32.399162 10.541677
v -8.639268 -24.337772 11.042225
v -9.029835 -24.863312 10.555924
v -9.580299 -25.321342 9.917036
v -9.859228 -25.545019 9.597592
v -9.634198 -19.738213 10.126694
v -14.556951 -25.613560 4.791659
v -13.784648 -24.664864 5.606930
v -12.492733 -22.557486 6.972894
v -13.115292 -24.806126 6.293505
v -12.878850 -23.056015 6.565258
v -14.359982 -24.087849 5.015725
v -15.525092 -20.556208 3.486430
v -15.077345 -15.970648 2.792664
v 13.998080 -50.762321 10.696381
v 1.044305 -29.907763 18.536440
v -12.255048 -27.052622 6.980087
v -6.329254 -18.980503 14.960403
v -8.517236 -18.118366 12.142783
v -10.814273 -16.871895 9.013091
v -12.731280 -15.506375 6.197209
v -14.479556 -13.928396 3.382293
v -15.439319 -12.886333 1.691116
v -16.325367 -11.779536 -0.000062
v 41.075737 -38.621403 23.000000
v -0.652851 -28.414709 19.166662
v -1.989309 -30.333378 17.249996
v 0.326646 -30.428112 19.166664
v -2.827231 -28.257059 17.249992
v 1.461062 -32.358475 19.166666
v -0.991098 -32.337566 17.249998
v 2.743404 -34.193901 19.166668
v -4.981936 -27.934940 15.333323
v -4.289601 -30.064230 15.333327
v 0.161250 -34.257275 17.250002
v 4.165769 -35.923084 19.166672
v -7.104644 -27.450382 13.416655
v -3.432374 -32.132648 15.333331
v 1.460633 -36.080677 17.250006
v -6.561212 -29.622452 13.416658
v -2.415536 -34.127453 15.333336
v 2.899045 -37.796532 17.250010
v 5.719391 -37.535362 19.166674
v -5.849072 -31.745199 13.416663
v -1.245355 -36.036343 15.333341
v -8.791302 -29.010790 11.499990
v -9.183229 -26.806339 11.499985
v 4.467619 -39.394268 17.250015
v 7.394698 -39.020802 19.166677
v 9.181363 -40.370247 19.166679
v -4.972614 -33.805542 13.416670
v 0.070957 -37.847557 15.333346
v -8.227659 -31.177700 11.499996
v 6.156691 -40.864037 17.250019
v -3.937238 -35.790783 13.416676
v -10.967278 -28.232931 9.583321
v -11.205826 -26.006657 9.583315
v 1.525290 -39.549938 15.333353
v -7.495776 -33.293720 11.500003
v 7.955849 -42.196781 17.250025
v 11.068377 -41.575386 19.166683
v -2.749326 -37.688690 13.416683
v -10.554832 -30.433632 9.583327
v 3.108680 -41.132992 15.333360
v -6.600162 -35.345806 11.500010
v -13.076864 -27.293497 7.666651
v -13.160889 -25.056055 7.666644
v 9.854008 -43.384289 17.250031
v 13.044111 -42.628788 19.166687
v -1.416198 -39.487568 13.416691
v -9.971026 -32.595200 9.583336
v -15.037267 -23.960110 5.749974
v 4.811370 -42.586964 15.333366
v -5.546338 -37.321316 11.500019
v -12.817588 -29.517452 7.666659
v 0.053931 -41.176323 13.416698
v -9.219463 -34.704308 9.583344
v -15.108167 -26.198006 5.749982
v 6.622866 -43.902889 15.333374
v -4.340797 -39.208076 11.500028
v -12.384658 -31.714214 7.666669
v 1.651999 -42.744560 13.416707
v -8.304772 -36.747963 9.583355
v -15.003303 -28.434565 5.749991
v -2.990969 -40.994453 11.500038
v -11.780743 -33.870247 7.666679
v 17.212563 -44.255398 19.166695
v 16.022892 -46.006947 17.250048
v 19.379591 -44.818577 19.166698
v 13.899997 -45.295258 17.250042
v -17.049742 -24.952845 3.833312
v -16.824257 -22.725208 3.833303
v 3.368160 -44.182606 13.416717
v -7.232591 -38.713570 9.583365
v -14.723320 -30.656008 5.750001
v 11.839469 -44.419239 17.250036
v 10.527021 -46.089073 15.333389
v 8.532005 -45.072662 15.333381
v -1.505173 -42.669441 11.500049
v -11.009564 -35.972260 7.666690
v 18.195074 -46.549915 17.250053
v 21.584120 -45.210037 19.166702
v -17.099792 -27.191301 3.833322
v -6.009526 -40.589012 9.583377
v -14.269945 -32.848640 5.750013
v 12.595620 -46.945862 15.333397
v -10.075875 -38.007305 7.666703
v 20.403154 -46.920822 17.250061
v 23.812563 -45.427361 19.166706
v -16.974096 -29.426786 3.833334
v 7.111789 -46.633537 13.416736
v 5.191836 -45.481598 13.416726
v -4.643115 -42.362740 9.583389
v -13.645971 -34.998951 5.750026
v 14.725054 -47.637741 15.333405
v -8.985429 -39.962837 7.666716
v 22.633528 -47.117374 17.250067
v 26.051189 -45.469208 19.166712
v -16.673431 -31.645523 3.833347
v 9.116188 -47.631321 13.416745
v -3.141779 -44.023815 9.583402
v 0.107436 -44.222721 11.500059
v -12.855245 -37.093693 5.750040
v 16.902201 -48.160454 15.333413
v 3.672616 -46.926666 11.500082
v 1.836918 -45.644718 11.500071
v -7.744946 -41.826809 7.666729
v 24.872448 -47.138367 17.250072
v 28.286201 -45.335323 19.166716
v -16.199652 -33.833836 3.833361
v 11.192679 -48.468800 13.416756
v -11.902638 -39.119949 5.750054
v 19.113642 -48.510773 15.333422
v -6.362072 -43.587730 7.666744
v -15.555674 -35.978241 3.833376
v 13.328467 -49.140812 13.416766
v -1.514771 -45.562004 9.583415
v 0.227883 -46.967827 9.583428
v -10.794023 -41.065239 5.750070
v 21.345751 -48.686539 15.333430
v 5.603218 -48.060669 11.500094
v 7.616825 -49.039738 11.500107
v -4.845327 -45.234745 7.666759
v -14.745468 -38.065525 3.833393
v 2.075444 -48.232620 9.583443
v -9.536230 -42.917572 5.750086
v 9.701029 -49.857838 11.500118
v -3.204060 -46.757713 7.666775
v -13.774027 -40.082821 3.833410
v 17.725000 -49.972923 13.416787
v 15.510390 -49.643219 13.416777
v 4.016527 -49.348591 9.583457
v 11.842986 -50.509926 11.500132
v -1.448385 -48.147240 7.666790
v -12.647338 -42.017700 3.833428
v 6.039168 -50.308857 9.583471
v -8.137012 -44.665535 5.750103
v -6.604990 -46.298351 5.750121
v 14.029496 -50.991985 11.500144
v 0.410879 -49.394768 7.666807
v -11.372344 -43.858234 3.833447
v -4.949606 -47.805962 5.750139
v 2.362274 -50.492607 7.666823
v -9.956903 -45.593086 3.833466
v 8.130904 -51.107506 9.583486
v 10.278845 -51.739613 9.583500
v 4.393775 -51.433990 7.666840
v -8.409737 -47.211559 3.833486
v -3.181062 -49.179073 5.750157
v -1.310257 -50.409229 5.750175
v 6.492861 -52.213120 7.666857
v -6.740381 -48.703686 3.833507
v -4.959121 -50.060265 3.833527
v 0.651282 -51.488842 5.750194
v 2.691466 -52.411263 5.750213
v -1.105423 -52.334232 3.833569
v -3.076936 -51.272938 3.833548
v -0.412666 -21.493736 21.772699
v 1.162722 -22.957748 23.000000
v 0.392261 -22.979963 22.181801
v 2.367515 -25.803734 23.000000
v 0.006896 -22.981518 21.772699
v -0.224512 -24.827618 20.904020
v -2.370336 -22.746397 19.267717
v -1.443907 -24.243969 19.856030
v -2.652965 -24.133539 18.628878
v 1.602869 -28.547237 21.083332
v 3.873142 -28.502619 23.000000
v -3.592148 -24.006670 17.670542
v -4.685979 -22.376541 16.767162
v -2.739563 -25.524921 18.169249
v 2.961560 -30.839651 21.083332
v 5.661939 -31.022757 23.000000
v -5.113271 -23.721989 16.105198
v 4.528271 -32.995255 21.083334
v 7.712904 -33.334557 23.000000
v 5.245203 -33.855362 21.083334
v -5.119433 -25.139212 15.847906
v -6.034434 -23.500704 15.146863
v -7.627416 -21.547869 13.506613
v -6.410613 -24.833233 14.570126
v -6.946287 -23.244118 14.188527
v 7.083402 -35.784668 21.083336
v 10.001958 -35.410881 23.000000
v -8.267054 -22.803648 12.779717
v 9.093639 -37.533997 21.083338
v 12.502225 -37.227345 23.000000
v -9.150207 -22.461617 11.821382
v 11.687403 -38.478783 21.722225
v 15.184350 -38.762630 23.000000
v -9.896949 -20.605566 10.885284
v 9.985204 -38.211411 21.083338
v -8.607138 -24.147493 12.353139
v 11.258367 -39.088070 21.083340
v -10.561864 -21.830809 10.256536
v 12.209263 -39.679317 21.083340
v 13.182634 -40.232788 21.083342
v 18.016842 -39.998703 23.000000
v -10.831361 -23.224339 10.032128
v -11.405729 -21.401117 9.298201
v 14.560615 -40.933250 21.083342
v -12.559876 -19.107450 7.625646
v 17.365795 -41.318851 21.722229
v 20.966444 -40.921059 23.000000
v 15.581392 -41.393459 21.083344
v -12.232399 -20.939232 8.339865
v -12.016171 -22.629299 8.754348
v 15.096389 -43.523964 19.166691
v 17.018732 -41.962257 21.083344
v -13.413169 -20.203697 6.931924
v 20.044632 -42.156368 21.722231
v 23.998528 -41.518860 23.000000
v 18.078005 -42.325188 21.083345
v -14.192230 -19.665329 5.973588
v 19.562157 -42.757355 21.083347
v -13.993461 -21.456520 6.537940
v -14.928827 -17.335749 4.470932
v 20.650679 -43.019840 21.083347
v 18.791393 -43.272743 20.444462
v -14.949997 -19.097317 5.015253
v 23.531784 -42.832367 21.722233
v 27.077490 -41.785091 23.000000
v 21.748665 -43.239399 21.083349
v -15.083488 -20.702320 5.260159
v 12.455836 -43.538628 18.208361
v 23.276957 -43.471355 21.083349
v -15.973365 -16.389072 2.968901
v -16.021955 -18.211123 3.607795
v 26.329527 -43.056515 21.722235
v 30.167183 -41.716629 23.000000
v 24.390642 -43.587479 21.083351
v 14.512260 -44.424236 18.208366
v -16.641312 -17.649986 2.762207
v 9.205883 -44.243996 16.291706
v 25.933910 -43.675789 21.083353
v 27.053574 -43.687466 21.083353
v -17.493382 -17.547369 1.841455
v -17.910158 -14.432733 -0.000057
v 25.240311 -44.273911 20.444471
v 29.879827 -42.944328 21.722237
v 33.231331 -41.314274 23.000000
v 28.172832 -43.655186 21.083355
v 5.919001 -44.708576 14.375050
v 29.714216 -43.538486 21.083357
v -18.190502 -20.009182 1.916628
v 32.657837 -42.543995 21.722239
v 36.233959 -40.582748 23.000000
v 0.890071 -43.500675 12.458383
v 30.825577 -43.401882 21.083357
v 32.349342 -43.141838 21.083359
v 34.665142 -42.077209 21.722240
v 39.139809 -39.530647 23.000000
v -18.749268 -22.614752 1.916638
v 2.612911 -44.930714 12.458393
v 33.856777 -42.799618 21.083361
v -19.062418 -25.261097 1.916651
v 35.899380 -42.227394 21.039633
v -0.694615 -44.910034 10.541737
v -18.378469 -29.188637 2.555559
v 6.367917 -47.364182 12.458414
v -19.127216 -27.925116 1.916666
v 34.208935 -43.478657 20.059448
v -19.080153 -29.043850 1.916672
v -21.141619 -29.358223 0.000019
v 29.968374 -45.675350 18.440382
v 32.464405 -44.696987 19.035534
v 34.984081 -43.502754 19.674417
v -18.943100 -30.583555 1.916683
v 16.218056 -48.918213 14.375094
v 30.792480 -45.774311 18.077215
v -18.791830 -31.693012 1.916690
v -20.796177 -32.429306 0.000043
v 26.445068 -47.630733 16.478216
v 28.962034 -46.859428 17.050608
v -7.243229 -44.145241 6.708423
v 31.522686 -45.877174 17.668524
v -18.257521 -34.303703 1.916710
v 27.219025 -47.806736 16.092287
v -16.304651 -37.973274 2.555624
v 22.794647 -49.317436 14.515147
v -17.481888 -36.853134 1.916731
v 25.315229 -48.751194 15.064326
v 27.897263 -47.981602 15.659932
v 8.925123 -50.500404 10.541801
v -19.122471 -38.369854 0.000099
v -17.085653 -37.900402 1.916741
v 23.511126 -49.563786 14.106007
v -16.471703 -39.319046 1.916754
v 19.037424 -50.727196 12.551176
v -2.308358 -48.681816 6.708473
v -15.979456 -40.324764 1.916764
v 21.544699 -50.362564 13.076691
v 24.130293 -49.803635 13.649536
v -17.813856 -41.169571 0.000129
v -15.235784 -41.679913 1.916778
v 19.689804 -51.036491 12.118371
v -16.210003 -43.811268 0.000162
v -14.651821 -42.635303 1.916788
v 15.194243 -51.853279 10.586301
v 17.671810 -51.685383 11.087700
v 1.513185 -51.009407 6.708508
v 20.243544 -51.333607 11.637333
v -11.589652 -45.669987 2.555705
v -13.114340 -44.811848 1.916814
v 15.776680 -52.217484 10.129380
v -12.409080 -45.681553 1.916825
v 11.286373 -52.690517 8.620520
v -9.864832 -47.511177 2.555729
v 13.718469 -52.713120 9.097350
v -2.188599 -50.860088 4.791861
v -11.380432 -46.835400 1.916840
v 16.259460 -52.563515 9.623320
v -13.047279 -45.892746 1.277948
v -14.329745 -46.263924 0.000195
v -10.597081 -47.635487 1.916851
v 11.793862 -53.101032 8.139030
v 7.335387 -53.235325 6.653830
v -9.465235 -48.688293 1.916867
v -12.195155 -48.498745 0.000229
v 9.707006 -53.440891 7.105637
v -6.803875 -50.107018 2.555769
v 12.201028 -53.487072 7.607492
v -8.610630 -49.411777 1.916878
v -7.728285 -50.101162 1.916890
v 7.763817 -53.683060 6.147317
v -4.705678 -51.507935 2.555794
v 3.363051 -53.485718 4.686228
v -6.467067 -50.994923 1.916905
v -8.427148 -50.247578 1.278014
v 5.660054 -53.865498 5.112556
v 8.091656 -54.099739 5.589844
v -5.524232 -51.598949 1.916917
v 3.709253 -53.961197 4.154236
v -4.185105 -52.371101 1.916933
v -6.102917 -51.820972 1.278043
v 1.600417 -53.985451 3.118105
v 3.955040 -54.398766 3.570371
v 0.588867 -54.828930 1.201495
v -0.092785 -54.619545 1.201488
v -1.323807 -54.555779 0.600921
v -2.552086 -54.464329 0.000354
v -5.599114 -20.695585 15.863783
v -6.277263 -21.243557 15.053633
v -10.451214 -18.736488 9.949188
v -11.207917 -19.118683 9.155645
v -16.573547 -15.166433 1.766284
v -16.517872 -20.446947 3.720549
v -16.864130 -20.161333 3.297755
v 31.100924 -44.161079 20.125038
v 38.536102 -40.511509 22.019817
v 32.146084 -43.973511 20.103174
v 31.275394 -44.535191 19.613083
v 37.438347 -42.142895 20.313297
v 34.031815 -44.728989 18.286440
v 30.441404 -47.047070 16.255537
v -1.333241 -53.283077 2.517519
v -0.448703 -53.950802 2.078847
v -4.000375 -52.938347 1.332026
v -3.903806 -53.206871 1.039573
v 1.977752 -54.646194 2.240745
v 48.999454 29.226877 23.000000
v 50.937538 25.313850 20.952177
v 49.195522 26.006054 23.000000
v 8.899083 -20.925428 -0.000047
v 6.702497 -18.900166 -0.000055
v 8.583068 -18.099878 2.445782
v 50.778423 21.568155 21.039633
v 50.056374 20.742710 21.722240
v 49.056702 22.782248 23.000000
v 52.565723 21.275345 18.904354
v 51.839554 19.969234 19.674417
v 50.523170 19.706409 21.083361
v 51.421730 19.314453 20.059448
v 49.706543 18.619612 21.722239
v 48.584496 19.590210 23.000000
v 50.247692 18.116152 21.083359
v 53.879169 17.124722 16.851141
v 52.690186 17.250938 18.307404
v 52.049644 17.297161 19.035536
v 49.890060 16.542343 21.083357
v 52.600117 15.254599 18.008926
v 48.804260 15.163802 21.722237
v 47.783989 16.464310 23.000000
v 49.293365 14.495762 21.083355
v 49.875954 14.144457 20.444475
v 49.460861 9.434465 19.166708
v 50.996174 13.409336 19.166716
v 48.749149 12.976355 21.083353
v 46.663807 13.438212 23.000000
v 53.413857 11.398387 16.092287
v 52.648529 12.092697 17.117096
v 53.933151 11.893550 15.659932
v 53.734669 9.312947 15.064326
v 55.527634 8.602016 12.736596
v 54.365025 9.084284 14.288415
v 54.868259 12.891878 14.795222
v 51.693871 9.663809 17.250072
v 47.396477 5.706854 19.166700
v 47.187859 9.573368 21.083351
v 53.974632 7.216767 14.035010
v 50.406174 8.290271 17.888947
v 50.856808 7.703231 17.250067
v 51.292488 7.106731 16.611189
v 46.391041 8.169853 21.083349
v 45.236015 10.544517 23.000000
v 49.887363 5.804624 17.250061
v 50.049156 2.161849 15.333415
v 44.671158 6.872038 21.722231
v 43.515991 7.814391 23.000000
v 45.228832 6.382732 21.083347
v 54.204353 3.303078 12.118372
v 53.555229 4.183987 13.190057
v 44.269081 5.085176 21.083345
v 52.268253 2.098361 13.416788
v 52.118214 5.886871 15.333430
v 54.786674 3.623048 11.637333
v 54.211136 1.198671 11.087701
v 55.845551 -0.046253 8.611201
v 54.790779 0.788662 10.262199
v 55.853874 4.280709 10.675258
v 42.454784 4.071252 21.722229
v 41.522263 5.277243 23.000000
v 42.900482 3.450717 21.083344
v 47.570148 2.228692 17.250050
v 43.562534 3.076258 20.444460
v 41.844822 -0.732484 19.166685
v 44.841805 2.296518 19.166693
v 54.136341 -0.904316 10.055670
v 41.791714 2.277938 21.083344
v 39.276306 2.960402 23.000000
v 45.784134 1.154253 17.888927
v 46.233276 0.568180 17.250044
v 44.489429 -4.270525 15.333385
v 46.667465 -0.027355 16.611162
v 47.490208 -1.245282 15.333400
v 49.946560 -1.474665 13.416768
v 52.144485 -1.681910 11.500145
v 49.581264 -5.085833 11.500121
v 53.782028 -4.788015 8.139030
v 53.288055 -3.738580 9.259400
v 44.785759 -0.996818 17.250038
v 38.994865 -0.211153 21.083340
v 36.802311 0.888825 23.000000
v 38.461830 -3.323257 19.166679
v 54.386356 -4.651700 7.607492
v 53.475723 -6.864437 7.105638
v 42.785885 -1.873496 17.888918
v 43.234398 -2.458943 17.250034
v 43.667953 -3.053851 16.611151
v 41.103191 -6.857054 15.333371
v 47.158127 -4.696683 13.416749
v 46.576698 -8.107312 11.500098
v 50.148804 -6.417649 10.222365
v 51.748814 -5.434259 9.583502
v 50.407784 -7.091416 9.583488
v 50.650116 -7.769876 8.944611
v 48.076206 -12.156941 7.666827
v 51.084560 -9.139230 7.666858
v 41.586487 -3.811321 17.250029
v 45.248878 -5.520429 14.055621
v 35.919094 -2.345998 21.083338
v 34.126934 -0.915175 23.000000
v 34.756367 -5.427137 19.166674
v 45.604935 -6.156862 13.416739
v 52.696621 -10.670156 5.188998
v 52.193619 -10.160550 6.014950
v 45.945011 -6.800421 12.777859
v 43.187218 -10.689594 11.500076
v 48.956341 -8.652781 9.583474
v 39.401810 -4.462855 17.888908
v 39.849781 -5.047595 17.250023
v 53.828854 -12.803007 2.402642
v 52.747597 -12.741943 3.570371
v 54.829475 -8.613775 4.474901
v 53.444843 -10.009288 4.950965
v 40.282795 -5.641796 16.611139
v 37.395096 -8.956286 15.333358
v 52.163578 -12.694648 4.154237
v 43.955330 -7.507173 13.416730
v 32.179096 -3.529457 21.722223
v 31.278984 -2.432166 23.000000
v 50.156433 -12.777694 5.750215
v 38.032436 -6.161952 17.250019
v 32.609001 -4.095640 21.083336
v 30.798040 -7.004606 19.166668
v 41.861557 -8.105543 14.055604
v 51.552120 -14.696755 3.118105
v 42.217072 -8.741268 13.416721
v 42.556610 -9.384119 12.777840
v 39.476494 -12.784176 11.500055
v 53.102535 -15.186043 1.201509
v 52.062366 -16.420074 1.201493
v 45.750027 -11.459255 9.583447
v 44.683491 -14.734973 7.666796
v 48.442032 -13.538863 6.389073
v 31.122498 -4.724195 21.083334
v 28.289143 -3.645808 23.000000
v 35.695469 -6.565187 17.888901
v 48.599583 -14.233975 5.750197
v 51.103344 -16.429802 2.078851
v 36.143002 -7.149152 17.250013
v 52.271034 -17.530064 0.000376
v 51.633129 -17.574408 0.600926
v 48.740181 -14.931302 5.111321
v 45.574543 -18.904726 3.833532
v 48.970490 -16.330950 3.833571
v 36.575577 -7.742578 16.611128
v 33.434795 -10.528790 15.333346
v 40.398335 -9.853345 13.416713
v 43.752415 -12.018739 10.222314
v 44.010223 -12.691170 9.583434
v 40.970142 -16.824902 7.666766
v 44.251389 -13.368294 8.944554
v 46.946598 -15.580147 5.750179
v 34.190357 -8.004555 17.250010
v 38.152584 -10.203225 14.055589
v 38.507664 -10.838176 13.416705
v 38.846760 -11.480251 12.777821
v 35.514225 -14.351714 11.500035
v 27.561314 -5.880015 21.083332
v 25.189613 -4.543026 23.000000
v 26.661196 -8.026032 19.166664
v 42.190090 -13.800966 9.583421
v 45.048241 -16.115477 6.389040
v 45.205250 -16.809881 5.750162
v 45.345310 -17.506498 5.111285
v 41.858574 -20.989998 3.833493
v 36.553947 -11.691130 13.416697
v 40.040813 -14.111771 10.222290
v 48.349728 -19.141813 1.916937
v 47.070080 -20.125311 1.916921
v 46.593300 -19.725069 2.555790
v 40.298183 -14.783425 9.583408
v 44.876762 -23.723791 0.000270
v 47.248016 -20.724825 1.278049
v 47.551830 -21.919325 0.000306
v 37.005913 -18.387470 7.666739
v 40.538914 -15.459774 8.944528
v 43.383728 -17.917395 5.750144
v 30.132420 -9.304521 17.250002
v 29.296677 -11.545030 15.333337
v 34.191628 -11.774075 14.055574
v 34.546375 -12.408197 13.416690
v 22.035580 -5.927506 22.067566
v 22.251080 -5.083166 23.000000
v 34.885147 -13.049445 12.777804
v 31.374836 -15.362764 11.500018
v 38.343403 -15.633929 9.583397
v 23.523441 -6.915819 20.789787
v 21.915962 -6.346429 21.601349
v 42.029079 -25.241278 0.000234
v 43.916080 -22.142797 1.916883
v 32.494385 -12.986007 13.416682
v 36.077888 -15.677652 10.222268
v 20.424286 -6.435098 21.601349
v 36.334934 -16.348480 9.583385
v 32.865261 -19.393330 7.666713
v 36.575336 -17.024000 8.944503
v 42.294537 -22.258442 2.555742
v 22.608597 -7.998140 19.684679
v 39.534744 -19.745533 5.750111
v 42.486671 -22.892176 1.916867
v 30.053085 -12.788583 14.055563
v 30.407623 -13.421842 13.416677
v 42.351521 -23.677153 1.277989
v 39.039452 -26.455439 0.000199
v 27.136082 -15.798334 11.500004
v 30.746181 -14.062224 12.777790
v 34.282219 -16.923716 9.583374
v 40.542439 -23.766525 1.916846
v 20.925678 -8.698762 18.925089
v 22.106272 -9.268249 18.286285
v 28.295898 -13.713653 13.416670
v 31.938080 -16.686972 10.222248
v 32.194912 -17.356934 9.583364
v 39.033318 -24.338648 1.916830
v 38.670979 -23.744440 2.555705
v 32.435104 -18.031590 8.944480
v 28.625965 -19.823586 7.666690
v 35.471951 -21.030228 5.750080
v 35.940079 -27.353197 0.000165
v 39.052197 -25.045061 1.277953
v 25.814695 -13.227695 14.055552
v 26.169140 -13.860068 13.416665
v 22.877579 -15.650243 11.499991
v 26.507608 -14.499566 12.777778
v 30.082827 -17.646097 9.583354
v 33.228065 -20.768896 6.388947
v 23.126085 -10.155227 17.301966
v 21.299034 -10.958183 16.369616
v 25.058470 -11.985913 15.333328
v 36.998081 -24.972950 1.916810
v 37.892387 -22.547596 3.833456
v 32.764351 -27.924883 0.000132
v 33.384102 -21.460829 5.750065
v 29.510645 -23.973204 3.833389
v 33.523190 -22.154976 5.111183
v 33.750477 -23.548264 3.833421
v 35.431129 -25.359518 1.916794
v 19.645452 -11.260114 15.843778
v 20.676132 -12.072097 15.062714
v 31.271652 -21.747343 5.750051
v 21.465055 -13.240290 13.875138
v 24.367653 -19.670156 7.666670
v 25.824097 -17.787506 9.583337
v 28.988588 -21.197380 6.388921
v 29.144537 -21.888426 5.750038
v 29.283537 -22.581688 5.111154
v 25.252531 -23.814434 3.833360
v 31.732346 -25.939985 1.916761
v 29.546474 -28.164335 0.000100
v 23.440702 -16.970900 10.222217
v 23.697479 -17.639088 9.583329
v 23.937611 -18.311966 8.944443
v 20.170309 -18.935923 7.666654
v 29.935369 -25.359285 2.555627
v 27.012753 -21.883413 5.750025
v 30.122307 -26.051996 1.916747
v 29.947241 -26.758446 1.277865
v 18.055248 -13.638998 12.764312
v 18.840563 -14.732570 11.750419
v 27.990606 -26.071629 1.916730
v 26.020035 -25.266911 2.555598
v 26.378778 -25.989292 1.916717
v 23.122999 -27.639835 0.000044
v 17.046888 -14.865904 11.056589
v 18.109882 -15.606433 10.584459
v 20.533306 -20.306183 6.388880
v 22.775244 -21.435879 5.750003
v 20.689442 -20.995462 5.749993
v 17.000219 -21.768606 3.833315
v 20.828629 -21.686956 5.111107
v 21.056114 -23.074940 3.833335
v 16.827883 -16.966700 8.667789
v 18.834450 -16.709167 9.611856
v 22.669930 -25.477049 1.916690
v 15.195841 -16.737139 8.224344
v 15.993489 -17.742012 7.502052
v 16.945671 -25.802237 -0.000002
v 19.049549 -24.522696 1.916667
v 14.064727 -17.691845 6.631907
v 15.085375 -18.514320 6.279135
v 10.372828 -17.116247 4.891619
v 17.370302 -23.241892 2.555543
v 17.530146 -23.978466 1.916658
v 17.351465 -24.588890 1.277771
v 13.588928 -19.632063 4.362464
v 15.748006 -19.603628 5.463861
v 14.127170 -22.417149 1.916640
v 12.590957 -20.283489 3.139546
v 11.855492 -19.242702 3.723570
v 12.192914 -21.110010 2.093019
v 50.865753 16.549906 20.125038
v 51.321285 16.340725 19.613083
v 53.752453 14.243114 16.471716
v 52.486519 8.965127 16.225264
v 52.867336 8.607461 15.712860
v 54.961105 5.920586 12.427485
v 45.722172 5.180469 20.125021
v 51.191803 2.129540 14.375100
v 50.818218 2.140198 14.694538
v 52.943237 1.213346 12.345101
v 53.263165 0.764185 11.809258
v 48.841511 2.194998 16.291731
v 48.424740 2.206183 16.611170
v 55.503231 -4.353008 6.544418
v 54.896702 -2.459843 8.375116
v 54.560444 -7.224925 5.747692
v 52.268414 -6.487338 8.463130
v 52.508636 -7.018404 7.902945
v 47.797371 -8.387160 10.541785
v 47.397274 -8.295431 10.861222
v 51.384041 -12.461021 5.012507
v 50.687664 -13.321512 4.924262
v 50.940533 -13.592479 4.511285
v 50.628704 -14.573160 3.993904
v 50.016075 -16.980537 2.517522
v 32.516735 -7.510192 18.208338
v 49.412975 -19.247082 1.039579
v 24.397005 -8.754718 18.726475
v 40.722878 -20.382435 4.791801
v 40.332603 -20.173349 5.111238
v 26.672213 -9.290945 17.906210
v 24.918411 -9.177174 18.234316
v 26.654730 -9.927434 17.275984
v 27.635382 -10.799002 16.291666
v 26.140860 -10.634216 16.628431
v 36.706070 -21.804401 4.791767
v 36.299950 -21.549732 5.111204
v 19.807533 -9.565630 17.846096
v 25.707952 -20.791492 6.708346
v 20.476917 -15.737217 11.042225
v 20.856043 -16.271069 10.555924
v 21.121552 -16.936131 9.917036
v 21.248087 -17.270529 9.597592
v 24.030472 -22.641130 4.791680
v 15.795024 -15.262110 10.126694
v 17.592978 -18.851942 6.972894
v 17.947790 -19.373215 6.565258
v 18.108755 -20.061279 5.926370
v 18.182886 -20.406212 5.606926
v 14.752598 -21.117456 3.486430
v 10.529833 -19.274609 2.792664
v 52.603481 -2.373455 10.696381
v 28.766680 -8.248814 18.536440
v 16.095684 -11.884776 14.960403
v 14.599619 -13.699256 12.142783
v 12.704331 -15.498687 9.013091
v 10.813257 -16.899900 6.197209
v 8.772263 -18.074987 3.382293
v 7.484619 -18.665760 1.691116
v 49.424240 27.130678 23.000000
v 26.822252 -9.401526 19.166662
v 26.000399 -11.420769 17.249992
v 29.039793 -9.092145 19.166664
v 28.234026 -11.265474 17.249996
v 25.028204 -13.370473 15.333323
v 30.448587 -10.935448 17.249998
v 31.226231 -8.609766 19.166666
v 33.368092 -7.957365 19.166668
v 27.267221 -13.370011 15.333327
v 32.630436 -10.432723 17.250002
v 29.499304 -13.193916 15.333331
v 34.766125 -9.760397 17.250006
v 35.452175 -7.138962 19.166672
v 23.911409 -15.239552 13.416655
v 26.145100 -15.393925 13.416658
v 31.710693 -12.843274 15.333336
v 36.842491 -8.922615 17.250010
v 37.465637 -6.159600 19.166674
v 28.384016 -15.372604 13.416663
v 33.887764 -12.320246 15.333341
v 24.874239 -17.325851 11.499990
v 22.656570 -17.017385 11.499985
v 38.846745 -7.924540 17.250015
v 39.396072 -5.025315 19.166677
v 30.614359 -15.175724 13.416670
v 21.271009 -18.693872 9.583315
v 36.017094 -11.628055 15.333346
v 27.109268 -17.459408 11.499996
v 40.766529 -6.772321 17.250019
v 41.231583 -3.743097 19.166679
v 32.822384 -14.804497 13.416676
v 23.462038 -19.154957 9.583321
v 38.085567 -10.770967 15.333353
v 29.347887 -17.417233 11.500003
v 19.762787 -20.259497 7.666644
v 42.590015 -5.473060 17.250025
v 42.960857 -2.320848 19.166683
v 34.994488 -14.261210 13.416683
v 25.682482 -19.442751 9.583327
v 40.080437 -9.754263 15.333360
v 31.576300 -17.199583 11.500010
v 21.916685 -20.870991 7.666651
v 44.305965 -4.034763 17.250031
v 44.573238 -0.767333 19.166687
v 37.117279 -13.549213 13.416691
v 27.918659 -19.555481 9.583336
v 18.140646 -21.705372 5.749974
v 41.989403 -8.584210 15.333366
v 33.780769 -16.807802 11.500019
v 24.111912 -21.311644 7.666659
v 45.903805 -2.466296 17.250036
v 46.058792 0.907874 19.166691
v 39.177677 -12.672893 13.416698
v 30.156786 -19.492451 9.583344
v 20.247103 -22.464350 5.749982
v 43.800709 -7.268019 15.333374
v 35.947716 -16.244305 11.500028
v 26.334940 -21.578741 7.666669
v 47.373688 -0.777323 17.250042
v 47.408360 2.694449 19.166695
v 16.413977 -23.023294 3.833303
v 41.162987 -11.637650 13.416707
v 32.383072 -19.254053 9.583355
v 22.406603 -23.055752 5.749991
v 45.503185 -5.813800 15.333381
v 38.063782 -15.512564 11.500038
v 28.572069 -21.670633 7.666679
v 48.706551 1.021747 17.250048
v 48.613625 4.581383 19.166698
v 18.462904 -23.926121 3.833312
v 43.060970 -10.449865 13.416717
v 34.583797 -18.841753 9.583365
v 24.605839 -23.475937 5.750001
v 47.086342 -4.230515 15.333389
v 40.115929 -14.617087 11.500049
v 30.809511 -21.586758 7.666690
v 20.576338 -24.665443 3.833322
v 44.859936 -9.116858 13.416726
v 36.745399 -18.258093 9.583377
v 26.831257 -23.722311 5.750013
v 42.091507 -13.563396 11.500059
v 33.033478 -21.327629 7.666703
v 49.667160 6.557047 19.166702
v 50.929272 4.905222 17.250061
v 50.562473 8.609267 19.166706
v 49.894188 2.919828 17.250053
v 22.741253 -25.236702 3.833334
v 46.548794 -7.646842 13.416736
v 38.854557 -17.506672 9.583389
v 29.069143 -23.793360 5.750026
v 49.856476 -0.716513 15.333405
v 48.540428 -2.527922 15.333397
v 35.230267 -20.894848 7.666716
v 51.805431 6.965694 17.250067
v 51.294048 10.725395 19.166712
v 24.944307 -25.636381 3.833347
v 48.117134 -6.048878 13.416745
v 40.898273 -16.592117 9.583402
v 31.305708 -23.688646 5.750040
v 51.026379 1.192550 15.333413
v 37.386337 -20.291077 7.666729
v 52.517262 9.088547 17.250072
v 51.857372 12.892391 19.166716
v 27.171923 -25.862015 3.833361
v 49.555294 -4.332812 13.416756
v 42.863949 -15.520066 9.583415
v 43.978344 -12.357981 11.500071
v 33.527164 -23.408812 5.750054
v 52.042927 3.187501 15.333422
v 29.410374 -25.912212 3.833376
v 50.854412 -2.509221 13.416766
v 44.739479 -14.297127 9.583428
v 45.764812 -11.008272 11.500082
v 35.719826 -22.955584 5.750070
v 52.899853 5.256048 15.333430
v 39.488403 -19.520039 7.666744
v 41.523514 -18.586485 7.666759
v 31.645864 -25.786667 3.833393
v 52.006481 -0.589341 13.416777
v 46.513294 -12.930835 9.583443
v 47.439903 -9.522587 11.500094
v 37.870178 -22.331753 5.750086
v 50.415405 -6.180692 11.500118
v 48.993290 -7.910081 11.500107
v 33.864620 -25.486151 3.833410
v 53.004398 1.414995 13.416787
v 39.964973 -21.541166 5.750103
v 51.697479 -4.345076 11.500132
v 49.712772 -9.802702 9.583471
v 48.174473 -11.429609 9.583457
v 52.831612 -2.414546 11.500144
v 47.104183 -14.873054 7.666807
v 45.343170 -16.255812 7.666790
v 36.052963 -25.012516 3.833428
v 38.197411 -24.368683 3.833447
v 41.991295 -20.588696 5.750121
v 43.936661 -19.480209 5.750139
v 43.479118 -17.496170 7.666775
v 52.383633 -6.212657 9.583500
v 51.118713 -8.060138 9.583486
v 45.789078 -18.222540 5.750157
v 48.751305 -13.356418 7.666823
v 50.274384 -11.715249 7.666840
v 40.284748 -23.558617 3.833466
v 42.302113 -22.587311 3.833486
v 47.537132 -16.823437 5.750175
v 51.664032 -9.959663 7.666857
v 44.237064 -21.460749 3.833507
v 49.170055 -15.291521 5.750194
v 50.677780 -13.636234 5.750213
v 47.812637 -18.770550 3.833548
v 46.077690 -20.185877 3.833527
v 49.431217 -17.223488 3.833569
v 20.314238 -7.034399 21.772699
v 22.193417 -5.988520 23.000000
v 21.976460 -6.728137 22.181801
v 25.272411 -5.722152 23.000000
v 21.858852 -7.095120 21.772699
v 23.543091 -7.885679 20.904020
v 20.900635 -9.283347 19.267717
v 22.611193 -8.865036 19.856030
v 22.132547 -9.980793 18.628878
v 27.645350 -7.297163 21.083332
v 28.304468 -5.124217 23.000000
v 21.721666 -10.834805 17.670542
v 19.833309 -11.371363 16.767162
v 23.429071 -10.493114 18.169249
v 30.245424 -6.713366 21.083332
v 31.254030 -4.201735 23.000000
v 20.980864 -12.193507 16.105198
v 32.779663 -5.889452 21.083334
v 34.086464 -2.965536 23.000000
v 33.819221 -5.473398 21.083334
v 22.326818 -12.637314 15.847906
v 20.485754 -13.001204 15.146863
v 18.136240 -13.912761 13.506613
v 19.959949 -13.789139 14.188527
v 21.636820 -13.770746 14.570126
v 36.222134 -4.321355 21.083336
v 36.768524 -1.430136 23.000000
v 19.132898 -14.909150 12.779717
v 38.507038 -2.950078 21.083338
v 39.268711 0.386440 23.000000
v 18.534698 -15.643385 11.821382
v 40.207104 -0.775217 21.722225
v 41.557674 2.462864 23.000000
v 16.538733 -15.780027 10.885284
v 39.426807 -2.311481 21.083338
v 20.305880 -15.647861 12.353139
v 40.653992 -1.371535 21.083340
v 17.498537 -16.791021 10.256536
v 41.510143 -0.649885 21.083340
v 42.337315 0.104815 21.083342
v 43.608540 4.774755 23.000000
v 18.740585 -17.477951 10.032128
v 16.829107 -17.460802 9.298201
v 43.429310 1.198897 21.083342
v 14.291049 -17.849680 7.625646
v 44.662891 3.747625 21.722229
v 45.397224 7.294971 23.000000
v 44.182434 2.027502 21.083344
v 17.808542 -18.420897 8.754348
v 16.134373 -18.104280 8.339865
v 45.167557 3.218725 21.083344
v 15.069962 -18.999968 6.931924
v 46.287220 6.036544 21.722231
v 46.902733 9.993922 23.000000
v 45.840057 4.114002 21.083345
v 14.317199 -19.574533 5.973588
v 46.709702 5.391967 21.083347
v 16.082148 -19.939001 6.537940
v 11.874016 -19.555199 4.470932
v 47.295712 6.346101 21.083347
v 46.961685 4.499664 20.444462
v 13.542824 -20.119688 5.015253
v 48.007725 9.144127 21.722233
v 48.107388 12.839920 23.000000
v 47.843819 7.322502 21.083349
v 15.028023 -20.742619 5.260159
v 48.536690 8.704313 21.083349
v 10.650893 -20.256075 2.968901
v 12.368750 -20.865332 3.607795
v 49.085449 11.735673 21.722235
v 48.997044 15.799550 23.000000
v 48.991280 9.727608 21.083351
v 11.643685 -21.280973 2.762207
v 49.552162 11.168054 21.083353
v 49.909264 12.229309 21.083353
v 10.465279 -23.586964 -0.000049
v 11.282787 -22.059629 1.841455
v 8.191801 -21.493532 -0.000057
v 49.906673 10.323572 20.444471
v 50.075855 15.146877 21.722237
v 49.561256 18.838062 23.000000
v 50.224430 13.303762 21.083355
v 49.272186 3.759506 18.208376
v 50.589756 14.805767 21.083357
v 12.951880 -25.422098 -0.000037
v 13.408688 -23.483374 1.916628
v 47.975830 -1.645137 16.291719
v 50.553570 17.912632 21.722239
v 49.793396 21.919785 23.000000
v 50.803272 15.904946 21.083357
v 51.026821 17.434490 21.083359
v 50.729923 19.965935 21.722240
v 49.690746 25.008528 23.000000
v 15.714065 -24.819956 1.916638
v 15.622437 -26.977415 -0.000022
v 43.539082 -11.399327 12.458393
v 51.167175 18.973898 21.083361
v 18.134119 -25.935545 1.916651
v 45.331818 -10.057955 12.458404
v 51.254158 21.093355 21.039633
v 22.080784 -26.498747 2.555559
v 47.013809 -8.580089 12.458414
v 39.191139 -18.511667 8.625066
v 20.647728 -26.820398 1.916666
v 51.921803 19.098988 20.059448
v 21.726252 -27.121346 1.916672
v 21.388208 -29.179064 0.000019
v 52.700577 14.387158 18.440382
v 48.574688 -6.974836 12.458426
v 52.541412 17.063356 19.035534
v 52.184254 19.828747 19.674417
v 23.232948 -27.466797 1.916683
v 53.049358 15.140349 18.077215
v 24.334852 -27.665771 1.916690
v 24.415731 -29.799547 0.000043
v 43.191235 -16.506409 8.625094
v 53.471497 10.432048 16.478216
v 47.826851 -10.472906 10.541775
v 53.515724 13.064172 17.050608
v 53.372833 15.803029 17.668524
v 26.982878 -27.964361 1.916710
v 27.492615 -30.088820 0.000070
v 45.061047 -15.274746 8.625109
v 35.905884 -23.985235 4.791749
v 53.878052 11.113736 16.092287
v 41.777073 -19.587328 6.708439
v 31.076317 -27.241032 2.555624
v 53.947601 6.439072 14.515147
v 29.647211 -28.014507 1.916731
v 54.187977 9.011267 15.064326
v 54.253941 11.704743 15.659932
v 50.786755 -7.117187 10.541801
v 30.765669 -27.961290 1.916741
v 54.403297 7.044357 14.106007
v 48.482647 -12.391259 8.625139
v 40.144398 -22.551062 4.791784
v 32.304596 -27.815773 1.916754
v 54.127316 2.430101 12.551176
v 33.413208 -27.658403 1.916764
v 54.555325 4.927338 13.076691
v 54.822742 7.559103 13.649536
v 34.931835 -27.369892 1.916778
v 33.649807 -29.664082 0.000129
v 54.623070 2.954973 12.118371
v 36.020920 -27.109743 1.916788
v 36.657825 -28.955055 0.000162
v 54.010677 -1.572960 10.586301
v 54.616611 0.835227 11.087700
v 48.980431 -14.323649 6.708508
v 55.076759 3.389798 11.637333
v 39.853340 -25.135216 2.555705
v 38.566044 -26.320101 1.916814
v 45.952980 -19.205343 4.791842
v 54.537041 -1.131576 10.129380
v 39.611122 -25.918112 1.916825
v 53.599342 -5.548287 8.620520
v 42.137413 -24.063774 2.555729
v 54.372395 -3.242211 9.097350
v 41.026363 -25.296368 1.916840
v 55.015324 -0.779354 9.623320
v 39.614761 -26.590338 1.277948
v 39.571472 -27.924736 0.000195
v 42.029362 -24.798597 1.916851
v 54.146584 -5.192492 8.139030
v 52.896561 -9.474253 6.653830
v 42.356537 -26.585218 0.000229
v 43.380402 -24.047483 1.916867
v 53.824936 -7.282231 7.105637
v 45.552094 -21.954790 2.555769
v 54.639553 -4.924547 7.607492
v 44.332565 -23.458275 1.916878
v 45.260868 -22.832148 1.916890
v 53.454777 -9.205150 6.147317
v 47.532822 -20.392193 2.555794
v 51.907181 -13.329544 4.686228
v 46.500622 -21.908844 1.916905
v 45.184155 -23.542049 1.278014
v 44.980320 -24.952230 0.000263
v 52.978188 -11.262323 5.112556
v 53.952370 -9.022117 5.589844
v 47.366436 -21.198811 1.916917
v 52.466370 -13.147217 4.154236
v 48.514606 -20.163832 1.916933
v 47.398766 -21.817780 1.278043
v 47.412018 -23.044945 0.000298
v 51.837769 -15.160335 3.118105
v 52.958477 -13.048676 3.570371
v 52.327381 -16.383026 1.201495
v 51.476547 -18.117678 0.600921
v 51.917603 -16.966612 1.201488
v 17.952450 -11.720361 15.863783
v 18.264044 -12.534653 15.053633
v 14.589857 -15.729589 9.949188
v 14.719512 -16.567360 9.155645
v 9.302628 -20.449066 1.766284
v 14.341900 -22.027885 3.720549
v 13.963264 -22.268936 3.297755
v 51.610397 15.932213 20.125038
v 50.437046 24.131268 22.019817
v 51.754982 16.984180 20.103174
v 52.020111 15.982535 19.613083
v 51.649361 22.583113 20.313297
v 53.056202 18.544163 18.286440
v 54.151333 14.413151 16.255537
v 50.263226 -17.733364 2.517519
v 51.171604 -17.098455 2.078847
v 49.111176 -20.163433 1.332026
v 49.396397 -20.154568 1.039573
v 52.582775 -15.005649 2.240745
v 34.078011 42.562489 0.000354
v 34.334629 41.443901 0.000341
v 32.824718 44.295620 0.000376
v 37.630665 35.068165 0.000263
v 36.993580 32.172047 0.000234
v 38.372932 32.068176 0.000229
v 37.224472 28.953543 0.000199
v 37.120533 25.728443 0.000165
v 36.682884 22.531487 0.000132
v 37.111855 16.849073 0.000070
v 34.360260 11.324569 0.000019
v 32.552757 8.817814 -0.000003
v 30.484644 6.521340 -0.000022
v 20.046310 0.533981 -0.000055
v -52.587292 -14.403224 0.000354
v -52.137413 -13.347431 0.000341
v -51.056396 -6.251992 0.000263
v -46.676159 1.878203 0.000162
v -42.920750 3.333302 0.000132
v -39.927757 8.182613 0.000070
v -37.792755 7.237120 0.000071
v -31.518715 12.000270 -0.000003
v -25.702869 11.502608 -0.000021
v -22.330658 12.930919 -0.000049
v -19.499166 11.698277 -0.000047
v -19.260889 12.573613 -0.000057
v -16.247822 11.886271 -0.000062
v -3.417185 -53.710209 0.000341
v -4.529160 -53.648407 0.000331
v -7.265924 -52.212788 0.000298
v -9.831297 -50.489491 0.000263
v -14.908341 -42.633648 0.000165
v -16.433399 -39.790012 0.000132
v -17.655512 -36.803623 0.000100
v -20.120483 -35.444984 0.000070
v -19.141645 -30.532457 0.000044
v -21.152754 -26.267792 -0.000003
v -19.302885 -24.089621 -0.000002
v -20.829449 -23.194300 -0.000022
v -18.882254 -20.890379 -0.000021
v -20.175501 -20.173830 -0.000037
v -19.198587 -17.241844 -0.000049
v -17.151297 -14.929844 -0.000047
v 51.010017 -19.257582 0.000354
v 50.025475 -19.847303 0.000341
v 49.623077 -20.885756 0.000331
v 30.582733 -30.043488 0.000099
v 26.321110 -28.068977 0.000071
v 19.986591 -26.881533 0.000020
v 18.445595 -28.234657 -0.000003
v 14.032993 -24.413572 -0.000021
v 11.279934 -22.730501 -0.000036
v 6.158189 -19.166424 -0.000062
vn 0.997945 0.064070 -0.000000
vn 0.997945 0.064070 0.000000
vn 0.981559 0.191158 0.000000
vn 0.981559 0.191158 -0.000000
vn 0.949053 0.315107 0.002377
vn 0.956920 0.290352 -0.000000
vn 0.930417 0.366502 -0.001031
vn 0.949037 0.315102 -0.006251
vn 0.900960 0.433880 -0.004342
vn 0.838086 0.545534 0.002107
vn 0.761442 0.648225 0.003373
vn 0.838087 0.545534 -0.001522
vn 0.672262 0.740236 0.010710
vn 0.764721 0.644360 -0.001199
vn 0.761446 0.648228 -0.000279
vn 0.572092 0.819207 0.040126
vn 0.555771 0.831107 0.019493
vn 0.564006 0.825244 0.029488
vn 0.571639 0.819488 0.040854
vn 0.535140 0.844764 0.000000
vn 0.462538 0.886599 -0.000000
vn 0.462538 0.886599 0.000000
vn 0.345365 0.938468 -0.000000
vn 0.345365 0.938468 0.000000
vn 0.222521 0.974928 0.000000
vn 0.222521 0.974928 -0.000000
vn 0.096024 0.995379 0.000000
vn 0.096024 0.995379 0.000000
vn -0.032052 0.999483 0.002357
vn 0.006740 0.999977 -0.000000
vn -0.060035 0.998196 -0.000251
vn -0.032052 0.999467 -0.006197
vn -0.159599 0.987178 0.002882
vn -0.284525 0.958660 0.004010
vn -0.159599 0.987179 -0.002486
vn -0.404775 0.914395 0.006253
vn -0.373665 0.927563 0.001361
vn -0.518357 0.855083 0.011809
vn -0.602752 0.797804 0.014134
vn -0.404782 0.914410 -0.002200
vn -0.610677 0.791551 0.022806
vn -0.618451 0.785109 0.033505
vn -0.622964 0.781173 0.041049
vn -0.518392 0.855141 -0.002080
vn -0.623488 0.781830 -0.001867
vn -0.647872 0.761749 0.000000
vn -0.718349 0.695682 0.000000
vn -0.718349 0.695682 0.000000
vn -0.801414 0.598111 0.000000
vn -0.801414 0.598111 0.000000
vn -0.871319 0.490717 0.000000
vn -0.871319 0.490717 0.000000
vn -0.931532 0.363659 0.000000
vn -0.926914 0.375266 -0.002295
vn -0.926900 0.375260 0.006034
vn -0.967300 0.253628 0.001548
vn -0.967294 0.253654 0.001544
vn -0.991785 0.127876 0.003315
vn -0.967287 0.253652 -0.004068
vn -0.999990 0.000000 0.004474
vn -0.991766 -0.127874 0.006907
vn -0.997682 -0.068026 0.001962
vn -0.945112 -0.326743 0.001254
vn -0.941754 -0.336268 0.004755
vn -0.938273 -0.345744 0.010293
vn -0.991787 -0.127877 -0.002498
vn -0.926381 -0.375050 0.034008
vn -0.967293 -0.253654 -0.002024
vn -0.919711 -0.392596 0.000000
vn -0.926916 -0.375267 -0.001547
vn -0.871319 -0.490717 0.000000
vn -0.871319 -0.490717 0.000000
vn -0.801414 -0.598111 0.000000
vn -0.801414 -0.598111 0.000000
vn -0.718349 -0.695682 -0.000000
vn -0.718349 -0.695682 0.000000
vn -0.623748 -0.781626 0.000000
vn -0.623489 -0.781832 0.000051
vn -0.623490 -0.781832 -0.000133
vn -0.538395 -0.842692 -0.000032
vn -0.518391 -0.855140 0.002618
vn -0.404780 -0.914406 -0.003732
vn -0.159597 -0.987168 0.005335
vn -0.137237 -0.990536 -0.001937
vn -0.243265 -0.969958 0.001670
vn -0.284526 -0.958664 -0.002911
vn 0.018697 -0.999824 0.001530
vn -0.032046 -0.999282 0.020203
vn 0.028791 -0.999585 -0.000149
vn 0.038886 -0.999244 0.000213
vn -0.159599 -0.987180 -0.001995
vn 0.096014 -0.995284 0.013822
vn -0.032052 -0.999485 -0.001284
vn 0.096023 -0.995379 -0.000628
vn 0.101939 -0.994791 0.000000
vn 0.222521 -0.974928 0.000000
vn 0.345365 -0.938468 0.000000
vn 0.222521 -0.974928 0.000000
vn 0.345365 -0.938468 0.000000
vn 0.462538 -0.886599 0.000000
vn 0.462538 -0.886599 0.000000
vn 0.561280 -0.827626 0.000000
vn 0.572116 -0.820171 0.001608
vn 0.635969 -0.771714 -0.000922
vn 0.572111 -0.820165 -0.004229
vn 0.761442 -0.648225 -0.003224
vn 0.897916 -0.440164 0.001361
vn 0.900954 -0.433877 0.005804
vn 0.838086 -0.545534 -0.002071
vn 0.848002 -0.529992 0.000587
vn 0.948404 -0.314892 0.037042
vn 0.962350 -0.271794 0.003280
vn 0.959526 -0.281503 0.008103
vn 0.956561 -0.291149 0.014954
vn 0.900969 -0.433884 -0.000691
vn 0.965527 -0.260305 0.000000
vn 0.981559 -0.191158 0.000000
vn 0.981559 -0.191158 0.000000
vn 0.997945 -0.064070 0.000000
vn 0.997945 -0.064070 0.000000
vn 0.600504 0.799621 0.001239
vn 0.572116 0.820171 -0.001590
vn 0.689192 0.724578 0.000963
vn 0.672300 0.740277 -0.001450
vn 0.833357 0.552735 0.000255
vn 0.888109 0.459631 0.001146
vn 0.929493 0.368828 0.003121
vn 0.607590 0.794179 -0.010686
vn 0.692512 0.721401 -0.002789
vn 0.771055 0.636765 -0.002199
vn 0.845898 0.533342 -0.001404
vn 0.898351 0.439277 0.001239
vn 0.900967 0.433883 0.002047
vn -0.574518 0.818490 0.001645
vn -0.475265 0.879841 0.001795
vn -0.267277 0.963619 0.001021
vn -0.284527 0.958666 -0.001728
vn -0.165284 0.986245 -0.001047
vn -0.065022 0.997882 0.001884
vn -0.569606 0.821818 -0.012781
vn -0.474722 0.880120 -0.005282
vn -0.370054 0.928999 -0.004514
vn -0.247917 0.968776 -0.003070
vn -0.141398 0.989953 0.000283
vn -0.955882 -0.293748 0.001405
vn -0.983653 -0.180064 0.001840
vn -0.998970 0.045303 0.002461
vn -0.999996 0.000000 -0.002796
vn -0.988759 0.149519 0.000598
vn -0.991785 0.127876 -0.003044
vn -0.969886 0.243557 -0.000673
vn -0.960028 -0.279842 -0.005868
vn -0.967255 -0.253644 0.009101
vn -0.983715 -0.179654 -0.005400
vn -0.997801 -0.066059 -0.005458
vn -0.998022 0.062764 -0.003710
vn -0.985462 0.169895 -0.000923
vn -0.015014 -0.999887 0.000573
vn -0.131924 -0.991259 0.001176
vn -0.352059 -0.935974 0.002706
vn -0.449458 -0.893299 0.002201
vn -0.532132 -0.846662 0.000101
vn -0.518390 -0.855137 -0.003505
vn -0.040232 -0.999188 0.002238
vn -0.246523 -0.969126 -0.004635
vn -0.284526 -0.958662 0.003499
vn -0.368804 -0.929502 -0.003120
vn -0.404782 -0.914409 0.002686
vn -0.465715 -0.884934 -0.001262
vn 0.946484 -0.322750 0.000123
vn 0.949056 -0.315108 -0.000715
vn 0.902651 -0.430372 -0.000128
vn 0.781957 -0.623329 0.001924
vn 0.710606 -0.703586 0.002296
vn 0.638404 -0.769697 0.002688
vn 0.672294 -0.740270 -0.004682
vn 0.940853 -0.338776 -0.005087
vn 0.843381 -0.537314 -0.001481
vn 0.838088 -0.545535 0.001084
vn 0.768337 -0.640045 -0.001040
vn 0.761446 -0.648228 0.000994
vn 0.697091 -0.716983 -0.000597
vn 0.672298 -0.740275 0.002785
vn 0.522611 -0.103954 -0.846210
vn 0.531708 -0.034850 -0.846210
vn 0.531710 -0.034850 -0.846209
vn 0.110046 -0.021889 -0.993685
vn 0.111961 -0.007338 -0.993685
vn 0.110046 -0.021889 -0.993685
vn 0.324552 -0.064557 -0.943662
vn 0.324552 -0.064557 -0.943662
vn 0.330202 -0.021643 -0.943662
vn 0.330202 -0.021643 -0.943662
vn 0.111962 -0.007338 -0.993685
vn 0.991696 -0.063669 -0.111737
vn 0.940871 -0.079827 -0.329226
vn 0.991696 0.063669 -0.111737
vn 0.991696 0.063669 -0.111737
vn 0.942155 0.060489 -0.329675
vn 0.942154 0.060488 -0.329678
vn 0.845477 0.054282 -0.531246
vn 0.845478 0.054282 -0.531245
vn 0.706378 0.045351 -0.706381
vn 0.706380 0.045351 -0.706379
vn 0.531723 0.034138 -0.846230
vn 0.531722 0.034138 -0.846231
vn 0.330205 0.021200 -0.943671
vn 0.111962 0.007188 -0.993686
vn 0.330205 0.021200 -0.943671
vn 0.144095 0.725093 -0.673407
vn 0.110346 0.007233 -0.993867
vn 0.975413 0.189961 -0.111736
vn 0.975413 0.189961 -0.111737
vn 0.926684 0.180472 -0.329677
vn 0.926684 0.180471 -0.329678
vn 0.831595 0.161953 -0.531245
vn 0.831595 0.161953 -0.531245
vn 0.694781 0.135309 -0.706379
vn 0.694779 0.135308 -0.706381
vn 0.522991 0.101853 -0.846231
vn 0.220384 0.042920 -0.974468
vn 0.522991 0.101853 -0.846231
vn 0.329768 0.043399 -0.943064
vn 0.174758 0.502021 -0.847015
vn 0.106980 0.021280 -0.994033
vn 0.943112 0.313135 -0.111743
vn 0.943112 0.313135 -0.111737
vn 0.895998 0.297492 -0.329676
vn 0.895998 0.297492 -0.329675
vn 0.804057 0.266966 -0.531245
vn 0.804057 0.266966 -0.531246
vn 0.671772 0.223044 -0.706381
vn 0.671772 0.223044 -0.706381
vn 0.214532 0.071230 -0.974116
vn 0.505673 0.167895 -0.846231
vn 0.093503 0.787988 -0.608549
vn 0.505673 0.167895 -0.846231
vn 0.321516 0.085203 -0.943063
vn 0.173706 0.407085 -0.896721
vn 0.101957 0.034610 -0.994187
vn 0.895326 0.431167 -0.111741
vn 0.895326 0.431166 -0.111743
vn 0.850600 0.409627 -0.329674
vn 0.850600 0.409627 -0.329674
vn 0.763317 0.367594 -0.531245
vn 0.763317 0.367594 -0.531246
vn 0.302068 0.145468 -0.942122
vn 0.637735 0.307116 -0.706381
vn 0.637736 0.307117 -0.706379
vn 0.508570 0.176153 -0.842809
vn 0.086472 0.723467 -0.684922
vn 0.307995 0.125592 -0.943062
vn 0.161610 0.366430 -0.916303
vn 0.095395 0.047044 -0.994327
vn 0.832839 0.542119 -0.111740
vn 0.832839 0.542118 -0.111741
vn 0.791235 0.515037 -0.329674
vn 0.791235 0.515037 -0.329672
vn 0.710041 0.462185 -0.531250
vn 0.710043 0.462187 -0.531245
vn 0.593227 0.386148 -0.706379
vn 0.282120 0.183640 -0.941639
vn 0.593228 0.386149 -0.706378
vn 0.067242 0.678446 -0.731567
vn 0.482281 0.239130 -0.842746
vn 0.143138 0.349839 -0.925810
vn 0.087427 0.058417 -0.994457
vn 0.289437 0.163904 -0.943060
vn 0.756677 0.644169 -0.111741
vn 0.756677 0.644169 -0.111739
vn 0.718877 0.611989 -0.329673
vn 0.718877 0.611989 -0.329673
vn 0.645109 0.549189 -0.531250
vn 0.645110 0.549190 -0.531247
vn 0.538978 0.458838 -0.706378
vn 0.257309 0.219050 -0.941174
vn -0.109451 0.851097 -0.513472
vn 0.538976 0.458837 -0.706380
vn 0.039049 0.647259 -0.761269
vn 0.448270 0.298234 -0.842681
vn 0.119936 0.344482 -0.931100
vn 0.266152 0.199516 -0.943057
vn 0.078204 0.068583 -0.994576
vn 0.668091 0.735642 -0.111741
vn 0.634716 0.698893 -0.329673
vn 0.668091 0.735642 -0.111741
vn 0.634716 0.698893 -0.329672
vn 0.569585 0.627176 -0.531247
vn 0.297457 0.327533 -0.896795
vn 0.569584 0.627175 -0.531249
vn 0.568667 0.437474 -0.696588
vn -0.151285 0.822300 -0.548575
vn 0.407108 0.352528 -0.842607
vn 0.004024 0.624485 -0.781027
vn 0.238530 0.231850 -0.943053
vn 0.092907 0.344078 -0.934333
vn 0.067892 0.077416 -0.994685
vn 0.568534 0.815036 -0.111737
vn 0.540133 0.774321 -0.329672
vn 0.568534 0.815036 -0.111741
vn 0.540132 0.774320 -0.329677
vn 0.484707 0.694864 -0.531247
vn 0.253765 0.363791 -0.896247
vn 0.484706 0.694863 -0.531249
vn -0.198250 0.793316 -0.575627
vn 0.509813 0.505214 -0.696311
vn -0.036264 0.605915 -0.794702
vn 0.359473 0.401157 -0.842527
vn 0.062752 0.345143 -0.936450
vn 0.207030 0.260382 -0.943048
vn 0.056666 0.084807 -0.994785
vn 0.459641 0.881047 -0.111738
vn 0.436679 0.837033 -0.329677
vn 0.459641 0.881047 -0.111737
vn 0.436680 0.837034 -0.329673
vn 0.391870 0.751142 -0.531247
vn 0.205646 0.394186 -0.895727
vn 0.391870 0.751142 -0.531247
vn 0.443070 0.565023 -0.696016
vn -0.249181 0.762818 -0.596671
vn 0.306146 0.443364 -0.842439
vn -0.080522 0.588463 -0.804504
vn 0.044715 0.090673 -0.994876
vn 0.172175 0.284655 -0.943041
vn 0.030115 0.345577 -0.937907
vn 0.343202 0.932591 -0.111741
vn 0.343202 0.932591 -0.111738
vn 0.326057 0.886004 -0.329673
vn 0.326057 0.886004 -0.329673
vn 0.292599 0.795087 -0.531246
vn 0.153893 0.418176 -0.895235
vn 0.292600 0.795088 -0.531244
vn -0.472252 0.789831 -0.391337
vn 0.369522 0.616009 -0.695691
vn -0.302873 0.729542 -0.613218
vn -0.127593 0.569911 -0.811740
vn 0.247997 0.478496 -0.842342
vn 0.032231 0.094950 -0.994960
vn -0.004358 0.344013 -0.938955
vn 0.134537 0.304278 -0.943035
vn 0.221127 0.968823 -0.111733
vn 0.221128 0.968822 -0.111740
vn 0.210081 0.920424 -0.329676
vn 0.210081 0.920425 -0.329673
vn 0.121035 0.530289 -0.839133
vn 0.398668 0.760897 -0.511957
vn -0.531203 0.742815 -0.407491
vn 0.290345 0.657427 -0.695334
vn -0.358080 0.692408 -0.626379
vn 0.185963 0.506018 -0.842237
vn -0.176367 0.548675 -0.817221
vn 0.094737 0.318946 -0.943026
vn -0.040017 0.339564 -0.939731
vn 0.019414 0.097599 -0.995036
vn 0.095422 0.989145 -0.111744
vn 0.095421 0.989146 -0.111733
vn 0.090654 0.939732 -0.329675
vn 0.090654 0.939732 -0.329676
vn 0.052306 0.542212 -0.838612
vn -0.589136 0.689573 -0.421198
vn 0.302790 0.804336 -0.511235
vn -0.413531 0.650572 -0.636984
vn 0.206786 0.688679 -0.694954
vn -0.225772 0.523665 -0.821463
vn 0.121048 0.525530 -0.842120
vn -0.076198 0.331646 -0.940322
vn 0.053427 0.328432 -0.943015
vn 0.006463 0.098604 -0.995106
vn -0.031852 0.993227 -0.111735
vn -0.031851 0.993227 -0.111744
vn -0.030259 0.943609 -0.329675
vn -0.017483 0.545195 -0.838127
vn -0.030260 0.943611 -0.329669
vn 0.202575 0.835700 -0.510459
vn 0.120164 0.709352 -0.694536
vn -0.159512 0.986637 0.033221
vn -0.112580 0.987316 -0.111946
vn 0.054286 0.536751 -0.841993
vn -0.106938 0.937823 -0.330230
vn -0.106936 0.937822 -0.330234
vn 0.011281 0.332591 -0.943004
vn -0.006421 0.097971 -0.995169
vn -0.095932 0.841307 -0.531976
vn -0.080116 0.702607 -0.707053
vn -0.095932 0.841308 -0.531975
vn -0.080116 0.702609 -0.707052
vn -0.060281 0.528663 -0.846689
vn -0.060281 0.528663 -0.846689
vn -0.037423 0.328196 -0.943868
vn -0.012687 0.111260 -0.993710
vn -0.037423 0.328197 -0.943868
vn -0.175607 0.978087 -0.111840
vn -0.166820 0.929139 -0.329957
vn -0.166819 0.929138 -0.329960
vn -0.149676 0.833656 -0.531615
vn -0.125026 0.696360 -0.706718
vn -0.149676 0.833657 -0.531614
vn -0.125026 0.696360 -0.706719
vn -0.284300 0.957903 0.039930
vn -0.239201 0.964496 -0.111942
vn -0.094092 0.524068 -0.846463
vn -0.058423 0.325398 -0.943771
vn -0.094092 0.524069 -0.846463
vn -0.227208 0.916147 -0.330230
vn -0.227210 0.916148 -0.330224
vn -0.019807 0.110321 -0.993699
vn -0.019042 0.095732 -0.995225
vn -0.058422 0.325397 -0.943771
vn -0.203827 0.821869 -0.531964
vn -0.203826 0.821868 -0.531966
vn -0.170225 0.686376 -0.707044
vn -0.170224 0.686375 -0.707045
vn -0.128083 0.516452 -0.846683
vn -0.128083 0.516453 -0.846682
vn -0.079515 0.320618 -0.943865
vn -0.026956 0.108691 -0.993710
vn -0.079514 0.320617 -0.943866
vn -0.300506 0.947198 -0.111857
vn -0.285467 0.899794 -0.329969
vn -0.285466 0.899793 -0.329972
vn -0.256127 0.807316 -0.531639
vn -0.256127 0.807316 -0.531639
vn -0.213941 0.674345 -0.706744
vn -0.213942 0.674347 -0.706742
vn -0.404355 0.913445 0.046001
vn -0.361807 0.925507 -0.111949
vn -0.161008 0.507499 -0.846476
vn -0.161007 0.507497 -0.846477
vn -0.343675 0.879117 -0.330213
vn -0.343671 0.879114 -0.330225
vn -0.099970 0.315105 -0.943777
vn -0.099969 0.315103 -0.943778
vn -0.031209 0.091939 -0.995275
vn -0.033893 0.106831 -0.993699
vn -0.308308 0.788650 -0.531956
vn -0.308310 0.788652 -0.531952
vn -0.257481 0.658635 -0.707038
vn -0.257481 0.658635 -0.707038
vn -0.193741 0.495587 -0.846675
vn -0.193740 0.495586 -0.846676
vn -0.120274 0.307663 -0.943863
vn -0.040774 0.104300 -0.993710
vn -0.120276 0.307665 -0.943862
vn -0.420367 0.900432 -0.111862
vn -0.399325 0.855360 -0.329998
vn -0.399325 0.855363 -0.329990
vn -0.358281 0.767446 -0.531658
vn -0.299266 0.641033 -0.706765
vn -0.358281 0.767445 -0.531661
vn -0.299266 0.641033 -0.706765
vn -0.517707 0.854011 0.051428
vn -0.478353 0.871004 -0.111944
vn -0.225218 0.482421 -0.846491
vn -0.225218 0.482421 -0.846491
vn -0.454378 0.827347 -0.330208
vn -0.454376 0.827346 -0.330213
vn -0.047409 0.101550 -0.993700
vn -0.139837 0.299533 -0.943783
vn -0.139836 0.299531 -0.943784
vn -0.042739 0.086667 -0.995320
vn -0.407622 0.742213 -0.531944
vn -0.340425 0.619857 -0.707028
vn -0.407622 0.742212 -0.531945
vn -0.340425 0.619857 -0.707028
vn -0.256152 0.466410 -0.846669
vn -0.159022 0.289552 -0.943860
vn -0.256151 0.466409 -0.846669
vn -0.159022 0.289554 -0.943859
vn -0.053909 0.098160 -0.993709
vn -0.533181 0.838573 -0.111862
vn -0.506490 0.796593 -0.330012
vn -0.506490 0.796593 -0.330012
vn -0.454426 0.714710 -0.531683
vn -0.454428 0.714712 -0.531678
vn -0.379569 0.596977 -0.706786
vn -0.379570 0.596979 -0.706783
vn -0.622504 0.780596 0.056210
vn -0.586880 0.801900 -0.111935
vn -0.285648 0.449260 -0.846505
vn -0.285647 0.449259 -0.846506
vn -0.500106 0.683335 -0.531929
vn -0.557465 0.761708 -0.330203
vn -0.557464 0.761708 -0.330205
vn -0.177355 0.278939 -0.943789
vn -0.060129 0.094569 -0.993701
vn -0.053461 0.080010 -0.995359
vn -0.177356 0.278940 -0.943789
vn -0.500105 0.683331 -0.531934
vn -0.417666 0.570688 -0.707015
vn -0.417666 0.570688 -0.707015
vn -0.314271 0.429413 -0.846663
vn -0.314271 0.429412 -0.846663
vn -0.195105 0.266586 -0.943857
vn -0.195105 0.266587 -0.943857
vn -0.066142 0.090375 -0.993709
vn -0.637056 0.762656 -0.111871
vn -0.605162 0.724473 -0.330027
vn -0.605162 0.724473 -0.330026
vn -0.542950 0.649996 -0.531705
vn -0.542950 0.649996 -0.531706
vn -0.453508 0.542919 -0.706802
vn -0.453506 0.542917 -0.706805
vn -0.341285 0.408571 -0.846519
vn -0.341286 0.408572 -0.846518
vn -0.685568 0.719352 -0.111933
vn -0.717040 0.694414 0.060350
vn -0.211897 0.253674 -0.943795
vn -0.071839 0.086003 -0.993702
vn -0.063215 0.072083 -0.995393
vn -0.211897 0.253674 -0.943795
vn -0.651209 0.683300 -0.330194
vn -0.651209 0.683300 -0.330192
vn -0.584205 0.612995 -0.531922
vn -0.584206 0.612995 -0.531922
vn -0.487904 0.511949 -0.707006
vn -0.487906 0.511950 -0.707004
vn -0.367128 0.385219 -0.846654
vn -0.227919 0.239151 -0.943854
vn -0.367125 0.385218 -0.846656
vn -0.077267 0.081075 -0.993709
vn -0.227919 0.239151 -0.943854
vn -0.730253 0.673955 -0.111875
vn -0.693689 0.640210 -0.330041
vn -0.693689 0.640209 -0.330044
vn -0.622371 0.574389 -0.531726
vn -0.519838 0.479761 -0.706822
vn -0.622371 0.574389 -0.531726
vn -0.391197 0.361037 -0.846533
vn -0.519838 0.479760 -0.706823
vn -0.391198 0.361039 -0.846531
vn -0.242885 0.224160 -0.943801
vn -0.799778 0.596890 0.063854
vn -0.772764 0.624747 -0.111928
vn -0.734037 0.593437 -0.330186
vn -0.082344 0.075996 -0.993702
vn -0.242884 0.224159 -0.943801
vn -0.071858 0.063017 -0.995422
vn -0.734037 0.593438 -0.330184
vn -0.658515 0.532382 -0.531909
vn -0.549970 0.444628 -0.706993
vn -0.658515 0.532382 -0.531910
vn -0.413831 0.334565 -0.846647
vn -0.549971 0.444628 -0.706992
vn -0.413830 0.334564 -0.846648
vn -0.256915 0.207704 -0.943850
vn -0.087097 0.070414 -0.993708
vn -0.256915 0.207705 -0.943850
vn -0.811208 0.573955 -0.111884
vn -0.770587 0.545214 -0.330058
vn -0.770586 0.545214 -0.330061
vn -0.691355 0.489156 -0.531746
vn -0.691358 0.489157 -0.531742
vn -0.577452 0.408565 -0.706840
vn -0.577449 0.408564 -0.706844
vn -0.434552 0.307459 -0.846542
vn -0.434548 0.307457 -0.846545
vn -0.869377 0.489624 0.066722
vn -0.847005 0.519669 -0.111927
vn -0.804559 0.493627 -0.330177
vn -0.269797 0.190890 -0.943806
vn -0.091468 0.064717 -0.993703
vn -0.269798 0.190891 -0.943806
vn -0.079262 0.052961 -0.995446
vn -0.804560 0.493627 -0.330175
vn -0.721787 0.442843 -0.531896
vn -0.721790 0.442844 -0.531892
vn -0.602816 0.369849 -0.706983
vn -0.453602 0.278301 -0.846637
vn -0.602815 0.369849 -0.706983
vn -0.453600 0.278299 -0.846639
vn -0.281606 0.172775 -0.943847
vn -0.095468 0.058573 -0.993708
vn -0.281608 0.172776 -0.943846
vn -0.878564 0.464334 -0.111886
vn -0.834565 0.441080 -0.330076
vn -0.834565 0.441080 -0.330075
vn -0.748750 0.395726 -0.531765
vn -0.748753 0.395727 -0.531761
vn -0.625380 0.330523 -0.706863
vn -0.625381 0.330523 -0.706862
vn -0.470614 0.248727 -0.846556
vn -0.470616 0.248728 -0.846555
vn -0.907048 0.405879 -0.111920
vn -0.924711 0.374374 0.068949
vn -0.099058 0.052354 -0.993703
vn -0.292188 0.154426 -0.943811
vn -0.292187 0.154426 -0.943811
vn -0.085319 0.042075 -0.995465
vn -0.861597 0.385540 -0.330165
vn -0.861596 0.385540 -0.330169
vn -0.772964 0.345879 -0.531878
vn -0.772963 0.345879 -0.531879
vn -0.645560 0.288869 -0.706970
vn -0.645559 0.288869 -0.706971
vn -0.485769 0.217368 -0.846628
vn -0.301579 0.134948 -0.943843
vn -0.485768 0.217367 -0.846629
vn -0.301580 0.134948 -0.943842
vn -0.102239 0.045749 -0.993707
vn -0.931192 0.346929 -0.111898
vn -0.884552 0.329554 -0.330093
vn -0.793594 0.295666 -0.531781
vn -0.884555 0.329554 -0.330084
vn -0.793592 0.295665 -0.531783
vn -0.662827 0.246947 -0.706879
vn -0.662827 0.246947 -0.706879
vn -0.498787 0.185831 -0.846568
vn -0.498788 0.185831 -0.846568
vn -0.309678 0.115375 -0.943816
vn -0.104986 0.039114 -0.993704
vn -0.309678 0.115375 -0.943816
vn -0.089941 0.030531 -0.995479
vn -0.964886 0.253023 0.070532
vn -0.951886 0.285284 -0.111922
vn -0.904194 0.270991 -0.330148
vn -0.904194 0.270991 -0.330149
vn -0.811181 0.243114 -0.531866
vn -0.811180 0.243114 -0.531868
vn -0.509793 0.152787 -0.846621
vn -0.677484 0.203045 -0.706956
vn -0.677487 0.203045 -0.706954
vn -0.509793 0.152787 -0.846621
vn -0.316499 0.094856 -0.943838
vn -0.107297 0.032157 -0.993707
vn -0.316498 0.094856 -0.943839
vn -0.968211 0.223711 -0.111901
vn -0.919716 0.212505 -0.330097
vn -0.919714 0.212505 -0.330103
vn -0.825129 0.190651 -0.531802
vn -0.825131 0.190651 -0.531799
vn -0.689163 0.159235 -0.706894
vn -0.689162 0.159235 -0.706894
vn -0.518599 0.119825 -0.846580
vn -0.321974 0.074394 -0.943821
vn -0.518599 0.119825 -0.846580
vn -0.321975 0.074394 -0.943821
vn -0.093061 0.018511 -0.995488
vn -0.109155 0.025221 -0.993705
vn -0.989253 0.127550 0.071485
vn -0.980767 0.159907 -0.111916
vn -0.931630 0.151896 -0.330142
vn -0.931631 0.151896 -0.330139
vn -0.835801 0.136272 -0.531852
vn -0.835803 0.136271 -0.531849
vn -0.698058 0.113813 -0.706938
vn -0.698055 0.113813 -0.706941
vn -0.326113 0.053171 -0.943834
vn -0.525275 0.085643 -0.846612
vn -0.525276 0.085643 -0.846611
vn -0.110557 0.018025 -0.993706
vn -0.326112 0.053170 -0.943835
vn -0.939457 0.091896 -0.330114
vn -0.988999 0.096742 -0.111903
vn -0.939457 0.091896 -0.330114
vn -0.842835 0.082444 -0.531820
vn -0.842835 0.082444 -0.531820
vn -0.703946 0.068858 -0.706908
vn -0.529716 0.051815 -0.846591
vn -0.703945 0.068858 -0.706909
vn -0.529716 0.051816 -0.846591
vn -0.111494 0.010906 -0.993705
vn -0.328873 0.032169 -0.943826
vn -0.328872 0.032169 -0.943826
vn -0.094632 0.006203 -0.995493
vn -0.993208 0.031850 -0.111908
vn -0.997419 0.000000 0.071807
vn -0.943452 0.030254 -0.330127
vn -0.943451 0.030254 -0.330129
vn -0.846412 0.027143 -0.531836
vn -0.846413 0.027142 -0.531834
vn -0.706925 0.022669 -0.706925
vn -0.706924 0.022670 -0.706927
vn -0.531954 0.017059 -0.846601
vn -0.531955 0.017058 -0.846601
vn -0.330259 0.010591 -0.943831
vn -0.111964 0.003591 -0.993706
vn -0.330260 0.010591 -0.943830
vn -0.993208 -0.031850 -0.111908
vn -0.943451 -0.030254 -0.330129
vn -0.943452 -0.030254 -0.330127
vn -0.846413 -0.027143 -0.531834
vn -0.846412 -0.027142 -0.531836
vn -0.706924 -0.022669 -0.706926
vn -0.531955 -0.017058 -0.846601
vn -0.706925 -0.022670 -0.706925
vn -0.330260 -0.010591 -0.943830
vn -0.531954 -0.017059 -0.846601
vn -0.111964 -0.003591 -0.993706
vn -0.330259 -0.010591 -0.943831
vn -0.094632 -0.006203 -0.995493
vn -0.989253 -0.127550 0.071485
vn -0.988999 -0.096742 -0.111903
vn -0.939457 -0.091896 -0.330114
vn -0.939457 -0.091896 -0.330114
vn -0.842835 -0.082444 -0.531820
vn -0.842835 -0.082444 -0.531820
vn -0.703945 -0.068858 -0.706909
vn -0.703946 -0.068858 -0.706908
vn -0.529716 -0.051816 -0.846591
vn -0.529716 -0.051815 -0.846591
vn -0.328872 -0.032169 -0.943826
vn -0.111494 -0.010906 -0.993705
vn -0.328873 -0.032170 -0.943826
vn -0.931631 -0.151896 -0.330139
vn -0.980767 -0.159907 -0.111916
vn -0.931630 -0.151896 -0.330142
vn -0.835803 -0.136272 -0.531849
vn -0.835801 -0.136271 -0.531852
vn -0.698058 -0.113813 -0.706938
vn -0.698055 -0.113813 -0.706941
vn -0.525275 -0.085643 -0.846612
vn -0.525276 -0.085643 -0.846611
vn -0.326113 -0.053171 -0.943834
vn -0.093061 -0.018511 -0.995488
vn -0.110557 -0.018025 -0.993706
vn -0.326112 -0.053170 -0.943835
vn -0.964886 -0.253023 0.070532
vn -0.968211 -0.223711 -0.111901
vn -0.919714 -0.212505 -0.330103
vn -0.919716 -0.212505 -0.330097
vn -0.825131 -0.190651 -0.531799
vn -0.825130 -0.190650 -0.531802
vn -0.689162 -0.159235 -0.706894
vn -0.689163 -0.159235 -0.706894
vn -0.518599 -0.119825 -0.846580
vn -0.321975 -0.074394 -0.943821
vn -0.518599 -0.119825 -0.846580
vn -0.109155 -0.025221 -0.993705
vn -0.321974 -0.074394 -0.943821
vn -0.951886 -0.285284 -0.111922
vn -0.904194 -0.270991 -0.330148
vn -0.811180 -0.243114 -0.531868
vn -0.904194 -0.270991 -0.330149
vn -0.811181 -0.243114 -0.531866
vn -0.677486 -0.203046 -0.706954
vn -0.677485 -0.203045 -0.706957
vn -0.509793 -0.152787 -0.846621
vn -0.509793 -0.152787 -0.846621
vn -0.316498 -0.094856 -0.943839
vn -0.107297 -0.032157 -0.993707
vn -0.316499 -0.094856 -0.943838
vn -0.089941 -0.030531 -0.995479
vn -0.931192 -0.346929 -0.111898
vn -0.924711 -0.374374 0.068949
vn -0.884555 -0.329555 -0.330084
vn -0.884553 -0.329553 -0.330093
vn -0.793592 -0.295665 -0.531783
vn -0.793594 -0.295666 -0.531781
vn -0.498787 -0.185831 -0.846568
vn -0.662827 -0.246947 -0.706879
vn -0.662827 -0.246947 -0.706879
vn -0.498788 -0.185831 -0.846568
vn -0.907048 -0.405879 -0.111920
vn -0.861596 -0.385540 -0.330169
vn -0.309678 -0.115375 -0.943816
vn -0.104986 -0.039114 -0.993704
vn -0.309678 -0.115375 -0.943816
vn -0.861597 -0.385540 -0.330166
vn -0.772964 -0.345879 -0.531879
vn -0.772964 -0.345879 -0.531878
vn -0.645560 -0.288870 -0.706970
vn -0.485768 -0.217367 -0.846629
vn -0.645560 -0.288869 -0.706971
vn -0.485769 -0.217367 -0.846628
vn -0.102239 -0.045749 -0.993707
vn -0.301580 -0.134949 -0.943842
vn -0.301579 -0.134948 -0.943843
vn -0.085319 -0.042075 -0.995465
vn -0.869377 -0.489624 0.066722
vn -0.878564 -0.464334 -0.111886
vn -0.834565 -0.441080 -0.330074
vn -0.834565 -0.441080 -0.330076
vn -0.748752 -0.395727 -0.531761
vn -0.748750 -0.395726 -0.531765
vn -0.625380 -0.330523 -0.706862
vn -0.625381 -0.330524 -0.706862
vn -0.470616 -0.248728 -0.846555
vn -0.470614 -0.248727 -0.846556
vn -0.847005 -0.519669 -0.111927
vn -0.804560 -0.493627 -0.330175
vn -0.292187 -0.154425 -0.943811
vn -0.099058 -0.052354 -0.993703
vn -0.292188 -0.154426 -0.943811
vn -0.804559 -0.493627 -0.330177
vn -0.721789 -0.442845 -0.531892
vn -0.721788 -0.442842 -0.531896
vn -0.602816 -0.369849 -0.706983
vn -0.602816 -0.369849 -0.706983
vn -0.453600 -0.278300 -0.846639
vn -0.453602 -0.278300 -0.846637
vn -0.281608 -0.172776 -0.943846
vn -0.095468 -0.058573 -0.993708
vn -0.281606 -0.172775 -0.943847
vn -0.079262 -0.052961 -0.995446
vn -0.799778 -0.596890 0.063854
vn -0.811208 -0.573955 -0.111884
vn -0.770586 -0.545213 -0.330061
vn -0.770586 -0.545214 -0.330058
vn -0.691356 -0.489156 -0.531746
vn -0.691358 -0.489158 -0.531742
vn -0.577449 -0.408563 -0.706844
vn -0.434552 -0.307459 -0.846542
vn -0.577452 -0.408566 -0.706840
vn -0.434548 -0.307457 -0.846545
vn -0.772764 -0.624747 -0.111928
vn -0.269798 -0.190891 -0.943806
vn -0.269797 -0.190890 -0.943806
vn -0.091468 -0.064717 -0.993703
vn -0.734037 -0.593438 -0.330184
vn -0.734037 -0.593437 -0.330186
vn -0.658515 -0.532381 -0.531910
vn -0.658515 -0.532382 -0.531909
vn -0.549971 -0.444629 -0.706992
vn -0.549970 -0.444628 -0.706993
vn -0.413830 -0.334564 -0.846648
vn -0.413830 -0.334565 -0.846647
vn -0.256915 -0.207705 -0.943850
vn -0.087097 -0.070414 -0.993708
vn -0.256915 -0.207704 -0.943850
vn -0.071858 -0.063017 -0.995422
vn -0.730253 -0.673955 -0.111875
vn -0.717040 -0.694414 0.060350
vn -0.693688 -0.640209 -0.330044
vn -0.693689 -0.640209 -0.330041
vn -0.622371 -0.574389 -0.531726
vn -0.622371 -0.574389 -0.531726
vn -0.519838 -0.479761 -0.706823
vn -0.391198 -0.361038 -0.846531
vn -0.519838 -0.479761 -0.706822
vn -0.391196 -0.361037 -0.846533
vn -0.685568 -0.719352 -0.111933
vn -0.242884 -0.224159 -0.943801
vn -0.082344 -0.075996 -0.993702
vn -0.242885 -0.224160 -0.943801
vn -0.651209 -0.683301 -0.330192
vn -0.651209 -0.683300 -0.330194
vn -0.584205 -0.612995 -0.531922
vn -0.584205 -0.612995 -0.531922
vn -0.487906 -0.511951 -0.707004
vn -0.487905 -0.511949 -0.707006
vn -0.367126 -0.385217 -0.846656
vn -0.227919 -0.239151 -0.943853
vn -0.367127 -0.385220 -0.846654
vn -0.077267 -0.081075 -0.993709
vn -0.227919 -0.239151 -0.943854
vn -0.063215 -0.072083 -0.995393
vn -0.622504 -0.780596 0.056210
vn -0.637056 -0.762656 -0.111871
vn -0.605162 -0.724473 -0.330027
vn -0.605162 -0.724474 -0.330026
vn -0.542950 -0.649996 -0.531705
vn -0.542950 -0.649996 -0.531706
vn -0.453506 -0.542917 -0.706805
vn -0.453507 -0.542919 -0.706803
vn -0.586880 -0.801900 -0.111935
vn -0.557465 -0.761708 -0.330203
vn -0.341285 -0.408571 -0.846519
vn -0.341286 -0.408572 -0.846518
vn -0.557464 -0.761708 -0.330205
vn -0.211897 -0.253674 -0.943795
vn -0.211897 -0.253674 -0.943795
vn -0.071839 -0.086003 -0.993702
vn -0.500105 -0.683331 -0.531934
vn -0.500106 -0.683335 -0.531929
vn -0.417666 -0.570689 -0.707015
vn -0.417666 -0.570688 -0.707015
vn -0.314271 -0.429413 -0.846663
vn -0.195105 -0.266586 -0.943857
vn -0.314271 -0.429412 -0.846663
vn -0.066142 -0.090375 -0.993709
vn -0.195105 -0.266587 -0.943857
vn -0.053461 -0.080010 -0.995359
vn -0.517707 -0.854011 0.051428
vn -0.533181 -0.838573 -0.111862
vn -0.506490 -0.796593 -0.330012
vn -0.506490 -0.796593 -0.330011
vn -0.454427 -0.714709 -0.531683
vn -0.454427 -0.714712 -0.531678
vn -0.379570 -0.596979 -0.706783
vn -0.379569 -0.596977 -0.706786
vn -0.478352 -0.871004 -0.111944
vn -0.454376 -0.827346 -0.330213
vn -0.285648 -0.449260 -0.846505
vn -0.285647 -0.449259 -0.846506
vn -0.454378 -0.827347 -0.330208
vn -0.177355 -0.278939 -0.943789
vn -0.060129 -0.094569 -0.993701
vn -0.177356 -0.278941 -0.943789
vn -0.407622 -0.742212 -0.531945
vn -0.340425 -0.619857 -0.707028
vn -0.407622 -0.742213 -0.531944
vn -0.256151 -0.466409 -0.846669
vn -0.340425 -0.619857 -0.707028
vn -0.256152 -0.466410 -0.846669
vn -0.053909 -0.098160 -0.993709
vn -0.159022 -0.289554 -0.943859
vn -0.159022 -0.289552 -0.943860
vn -0.042739 -0.086667 -0.995320
vn -0.420367 -0.900432 -0.111862
vn -0.404355 -0.913445 0.046001
vn -0.399325 -0.855363 -0.329990
vn -0.399325 -0.855360 -0.329999
vn -0.358281 -0.767445 -0.531661
vn -0.358281 -0.767446 -0.531658
vn -0.299266 -0.641033 -0.706765
vn -0.225218 -0.482421 -0.846491
vn -0.299266 -0.641033 -0.706765
vn -0.361807 -0.925507 -0.111949
vn -0.225218 -0.482421 -0.846491
vn -0.343674 -0.879113 -0.330225
vn -0.343672 -0.879118 -0.330214
vn -0.139836 -0.299530 -0.943784
vn -0.047409 -0.101550 -0.993700
vn -0.139837 -0.299533 -0.943783
vn -0.308309 -0.788650 -0.531956
vn -0.308309 -0.788652 -0.531952
vn -0.257481 -0.658635 -0.707038
vn -0.257481 -0.658635 -0.707038
vn -0.193740 -0.495586 -0.846676
vn -0.193740 -0.495587 -0.846675
vn -0.040774 -0.104300 -0.993710
vn -0.120275 -0.307666 -0.943862
vn -0.120275 -0.307662 -0.943863
vn -0.031209 -0.091939 -0.995275
vn -0.284300 -0.957903 0.039930
vn -0.300506 -0.947198 -0.111857
vn -0.285467 -0.899794 -0.329969
vn -0.285466 -0.899793 -0.329972
vn -0.256127 -0.807316 -0.531639
vn -0.256127 -0.807316 -0.531639
vn -0.213942 -0.674345 -0.706744
vn -0.161008 -0.507499 -0.846476
vn -0.213942 -0.674347 -0.706742
vn -0.239201 -0.964496 -0.111942
vn -0.161007 -0.507497 -0.846477
vn -0.099969 -0.315103 -0.943778
vn -0.227208 -0.916149 -0.330223
vn -0.227210 -0.916146 -0.330230
vn -0.099970 -0.315105 -0.943777
vn -0.033893 -0.106831 -0.993699
vn -0.203827 -0.821868 -0.531966
vn -0.203826 -0.821869 -0.531964
vn -0.170224 -0.686375 -0.707045
vn -0.170224 -0.686376 -0.707044
vn -0.128083 -0.516453 -0.846682
vn -0.128083 -0.516452 -0.846683
vn -0.079514 -0.320618 -0.943865
vn -0.026956 -0.108691 -0.993710
vn -0.079514 -0.320617 -0.943866
vn -0.019042 -0.095732 -0.995225
vn -0.166819 -0.929138 -0.329960
vn -0.175607 -0.978087 -0.111840
vn -0.159512 -0.986637 0.033221
vn -0.166820 -0.929139 -0.329957
vn -0.149676 -0.833657 -0.531614
vn -0.149676 -0.833656 -0.531615
vn -0.094092 -0.524069 -0.846462
vn -0.125026 -0.696360 -0.706718
vn -0.125026 -0.696360 -0.706719
vn -0.112580 -0.987316 -0.111946
vn -0.058422 -0.325397 -0.943771
vn -0.094092 -0.524068 -0.846463
vn -0.106938 -0.937822 -0.330234
vn -0.106936 -0.937824 -0.330230
vn -0.058423 -0.325398 -0.943771
vn -0.019807 -0.110321 -0.993699
vn -0.095932 -0.841308 -0.531975
vn -0.095932 -0.841307 -0.531977
vn -0.080116 -0.702609 -0.707052
vn -0.080116 -0.702607 -0.707053
vn -0.060281 -0.528663 -0.846689
vn -0.060281 -0.528663 -0.846689
vn -0.037423 -0.328197 -0.943868
vn -0.012687 -0.111260 -0.993710
vn -0.037423 -0.328196 -0.943868
vn -0.006421 -0.097971 -0.995169
vn -0.032042 -0.999152 0.025863
vn -0.047766 -0.992578 -0.111835
vn -0.045375 -0.942913 -0.329934
vn 0.092464 -0.939839 -0.328865
vn -0.045376 -0.942911 -0.329940
vn -0.040713 -0.846021 -0.531593
vn -0.040712 -0.846023 -0.531589
vn 0.236008 -0.822806 -0.517001
vn -0.034008 -0.706698 -0.706698
vn -0.025594 -0.531857 -0.846447
vn -0.034008 -0.706696 -0.706699
vn 0.416732 -0.642779 -0.642782
vn -0.025594 -0.531858 -0.846446
vn 0.588947 -0.429974 -0.684298
vn -0.015892 -0.330237 -0.943764
vn -0.005388 -0.111963 -0.993698
vn -0.015892 -0.330237 -0.943764
vn 0.094800 -0.982694 -0.159139
vn -0.004808 -0.848940 -0.528467
vn 0.358693 -0.778806 -0.514588
vn 0.524667 -0.569320 -0.632929
vn -0.084984 -0.713095 -0.695898
vn 0.054532 -0.831999 -0.552091
vn 0.670660 -0.332070 -0.663283
vn -0.182491 -0.543350 -0.819432
vn 0.007338 -0.111962 -0.993685
vn 0.021643 -0.330202 -0.943662
vn 0.021643 -0.330202 -0.943662
vn 0.007338 -0.111961 -0.993685
vn 0.219531 -0.961828 -0.163384
vn 0.106837 -0.842173 -0.528517
vn 0.476672 -0.714976 -0.511462
vn 0.011545 -0.717712 -0.696245
vn 0.623485 -0.475471 -0.620640
vn 0.738366 -0.217431 -0.638388
vn 0.162817 -0.818539 -0.550894
vn -0.105076 -0.561899 -0.820505
vn 0.021889 -0.110046 -0.993685
vn 0.064557 -0.324552 -0.943662
vn 0.064557 -0.324552 -0.943662
vn 0.021889 -0.110046 -0.993685
vn 0.340460 -0.925140 -0.167937
vn 0.216529 -0.820819 -0.528556
vn 0.587265 -0.630670 -0.507320
vn 0.107599 -0.709381 -0.696564
vn 0.709564 -0.361054 -0.605111
vn 0.268539 -0.791089 -0.549604
vn -0.026292 -0.569603 -0.821499
vn 0.036066 -0.106247 -0.993686
vn 0.106368 -0.313349 -0.943662
vn 0.106368 -0.313350 -0.943662
vn 0.036066 -0.106247 -0.993685
vn 0.455581 -0.873264 -0.172789
vn 0.322374 -0.785277 -0.528597
vn 0.687471 -0.525056 -0.501697
vn 0.393465 -0.797869 -0.456716
vn 0.235674 -0.477899 -0.846209
vn 0.201476 -0.688332 -0.696855
vn 0.778680 -0.226192 -0.585231
vn 0.235674 -0.477899 -0.846210
vn 0.049625 -0.100631 -0.993685
vn 0.049625 -0.100630 -0.993685
vn 0.146359 -0.296786 -0.943662
vn 0.146358 -0.296786 -0.943662
vn 0.562986 -0.807083 -0.177942
vn 0.422567 -0.736199 -0.528629
vn 0.773680 -0.396943 -0.493817
vn 0.494828 -0.740562 -0.454657
vn 0.296035 -0.443049 -0.846210
vn 0.825768 -0.071546 -0.559454
vn 0.291524 -0.655009 -0.697121
vn 0.296035 -0.443048 -0.846210
vn 0.062336 -0.093292 -0.993685
vn 0.062336 -0.093292 -0.993685
vn 0.183845 -0.275143 -0.943662
vn 0.183844 -0.275142 -0.943662
vn 0.660899 -0.727723 -0.183390
vn 0.515395 -0.674456 -0.528656
vn 0.841151 -0.244514 -0.482366
vn 0.587994 -0.670479 -0.452460
vn 0.844651 0.101263 -0.525653
vn 0.376167 -0.610063 -0.697368
vn 0.351332 -0.400617 -0.846210
vn 0.351331 -0.400616 -0.846211
vn 0.073980 -0.084358 -0.993685
vn 0.073980 -0.084358 -0.993685
vn 0.218184 -0.248791 -0.943662
vn 0.218184 -0.248792 -0.943662
vn 0.760723 -0.647613 -0.043574
vn 0.850553 -0.413988 -0.324304
vn 0.700542 -0.633076 -0.329328
vn 0.882910 -0.065059 -0.465012
vn 0.599278 -0.601135 -0.528680
vn 0.671367 -0.588773 -0.450126
vn 0.400616 -0.351331 -0.846211
vn 0.453937 -0.554348 -0.697596
vn 0.400617 -0.351332 -0.846210
vn 0.084358 -0.073980 -0.993685
vn 0.084358 -0.073980 -0.993685
vn 0.248792 -0.218184 -0.943662
vn 0.248791 -0.218184 -0.943662
vn 0.836772 -0.544679 -0.056010
vn 0.911039 -0.258417 -0.321291
vn 0.776749 -0.536857 -0.329311
vn 0.887506 0.144873 -0.437431
vn 0.778700 -0.520311 -0.350576
vn 0.672796 -0.517517 -0.528697
vn 0.588566 -0.393267 -0.706351
vn 0.588568 -0.393269 -0.706348
vn 0.443048 -0.296035 -0.846210
vn 0.443049 -0.296036 -0.846210
vn 0.093292 -0.062336 -0.993685
vn 0.275143 -0.183845 -0.943662
vn 0.093292 -0.062336 -0.993685
vn 0.275141 -0.183844 -0.943662
vn 0.898818 -0.432848 -0.069061
vn 0.946688 -0.067239 -0.315055
vn 0.839822 -0.431584 -0.329295
vn 0.834743 0.387257 -0.391454
vn 0.734708 -0.425054 -0.528710
vn 0.841209 -0.414839 -0.346808
vn 0.477899 -0.235673 -0.846210
vn 0.634862 -0.313079 -0.706351
vn 0.634862 -0.313079 -0.706351
vn 0.477899 -0.235674 -0.846209
vn 0.296786 -0.146358 -0.943662
vn 0.100630 -0.049625 -0.993685
vn 0.296786 -0.146359 -0.943662
vn 0.100631 -0.049626 -0.993685
vn 0.945804 -0.314028 -0.082711
vn 0.888707 -0.319038 -0.329265
vn 0.935371 0.188826 -0.299042
vn 0.889542 -0.301959 -0.342834
vn 0.670296 -0.227535 -0.706351
vn 0.783966 -0.325343 -0.528724
vn 0.504572 -0.171279 -0.846209
vn 0.670298 -0.227536 -0.706349
vn 0.504571 -0.171279 -0.846210
vn 0.106247 -0.036066 -0.993685
vn 0.106247 -0.036066 -0.993685
vn 0.313350 -0.106368 -0.943662
vn 0.313349 -0.106368 -0.943662
vn 0.976936 -0.190258 -0.096941
vn 0.773030 0.586649 -0.241386
vn 0.971257 -0.063660 -0.229363
vn 0.953006 -0.189564 -0.236317
vn 0.922576 -0.201122 -0.329247
vn 0.845424 -0.055412 -0.531213
vn 0.830958 -0.165287 -0.531215
vn 0.830958 -0.165287 -0.531215
vn 0.845423 -0.055412 -0.531215
vn 0.694265 -0.138098 -0.706347
vn 0.694262 -0.138097 -0.706349
vn 0.706350 -0.046297 -0.706347
vn 0.706347 -0.046296 -0.706350
vn 0.522610 -0.103954 -0.846211
vn 0.522609 -0.103953 0.846211
vn 0.522608 -0.103953 0.846212
vn 0.531706 -0.034850 0.846212
vn 0.531708 -0.034850 0.846211
vn 0.110046 -0.021889 0.993685
vn 0.111961 -0.007338 0.993685
vn 0.324553 -0.064558 0.943662
vn 0.110046 -0.021889 0.993685
vn 0.324553 -0.064558 0.943662
vn 0.330203 -0.021643 0.943662
vn 0.330203 -0.021643 0.943662
vn 0.111962 -0.007338 0.993685
vn 0.991696 -0.063669 0.111737
vn 0.940871 -0.079827 0.329226
vn 0.991696 0.063669 0.111737
vn 0.991696 0.063669 0.111737
vn 0.942155 0.060489 0.329675
vn 0.942154 0.060488 0.329678
vn 0.845477 0.054281 0.531246
vn 0.845477 0.054282 0.531245
vn 0.706379 0.045351 0.706379
vn 0.706381 0.045351 0.706377
vn 0.531721 0.034138 0.846231
vn 0.531720 0.034137 0.846232
vn 0.330206 0.021200 0.943671
vn 0.111962 0.007188 0.993686
vn 0.330207 0.021200 0.943671
vn 0.144095 0.725095 0.673405
vn 0.110346 0.007233 0.993867
vn 0.975412 0.189961 0.111737
vn 0.975412 0.189961 0.111737
vn 0.926684 0.180472 0.329676
vn 0.926684 0.180471 0.329678
vn 0.831594 0.161953 0.531246
vn 0.831595 0.161953 0.531245
vn 0.694782 0.135309 0.706377
vn 0.694780 0.135308 0.706379
vn 0.522990 0.101852 0.846232
vn 0.220385 0.042920 0.974468
vn 0.522990 0.101852 0.846232
vn 0.329770 0.043399 0.943063
vn 0.174759 0.502023 0.847014
vn 0.106980 0.021280 0.994033
vn 0.943112 0.313135 0.111743
vn 0.943112 0.313135 0.111737
vn 0.895998 0.297492 0.329676
vn 0.895998 0.297492 0.329674
vn 0.804057 0.266966 0.531246
vn 0.804057 0.266965 0.531246
vn 0.671773 0.223044 0.706379
vn 0.671773 0.223044 0.706379
vn 0.214532 0.071230 0.974116
vn 0.505671 0.167895 0.846232
vn 0.093504 0.787986 0.608552
vn 0.505671 0.167895 0.846232
vn 0.321517 0.085204 0.943062
vn 0.173706 0.407087 0.896720
vn 0.101957 0.034610 0.994187
vn 0.895326 0.431166 0.111741
vn 0.895326 0.431166 0.111743
vn 0.850600 0.409627 0.329674
vn 0.850600 0.409627 0.329674
vn 0.763317 0.367594 0.531246
vn 0.763317 0.367594 0.531246
vn 0.302068 0.145468 0.942122
vn 0.637736 0.307117 0.706379
vn 0.637738 0.307118 0.706378
vn 0.508568 0.176153 0.842810
vn 0.086473 0.723464 0.684924
vn 0.307996 0.125592 0.943062
vn 0.161611 0.366432 0.916302
vn 0.095395 0.047044 0.994327
vn 0.832840 0.542119 0.111740
vn 0.832839 0.542118 0.111741
vn 0.791235 0.515037 0.329674
vn 0.791235 0.515037 0.329672
vn 0.710041 0.462185 0.531251
vn 0.710043 0.462187 0.531246
vn 0.593228 0.386149 0.706377
vn 0.282120 0.183640 0.941639
vn 0.593229 0.386149 0.706377
vn 0.067243 0.678443 0.731569
vn 0.482280 0.239130 0.842748
vn 0.143139 0.349841 0.925809
vn 0.087427 0.058417 0.994457
vn 0.289438 0.163905 0.943059
vn 0.756677 0.644169 0.111741
vn 0.756677 0.644169 0.111739
vn 0.718878 0.611989 0.329673
vn 0.645108 0.549189 0.531251
vn 0.718878 0.611989 0.329673
vn 0.645110 0.549190 0.531247
vn 0.538979 0.458839 0.706377
vn 0.257309 0.219050 0.941175
vn 0.538978 0.458838 0.706379
vn -0.109452 0.851099 0.513470
vn 0.039050 0.647256 0.761272
vn 0.448268 0.298233 0.842682
vn 0.119937 0.344483 0.931100
vn 0.266153 0.199517 0.943057
vn 0.078204 0.068583 0.994576
vn 0.668091 0.735642 0.111741
vn 0.668091 0.735642 0.111741
vn 0.634716 0.698893 0.329673
vn 0.634716 0.698893 0.329672
vn 0.569585 0.627176 0.531248
vn 0.569583 0.627175 0.531250
vn 0.297457 0.327533 0.896795
vn 0.568668 0.437474 0.696587
vn -0.151287 0.822302 0.548573
vn 0.407106 0.352527 0.842609
vn 0.004026 0.624482 0.781029
vn 0.238531 0.231851 0.943052
vn 0.092907 0.344080 0.934333
vn 0.067892 0.077416 0.994685
vn 0.568534 0.815036 0.111737
vn 0.568534 0.815036 0.111741
vn 0.540133 0.774321 0.329672
vn 0.540132 0.774320 0.329677
vn 0.253765 0.363791 0.896247
vn 0.484707 0.694864 0.531247
vn 0.484706 0.694862 0.531250
vn 0.509814 0.505215 0.696310
vn -0.198251 0.793317 0.575625
vn 0.359472 0.401156 0.842528
vn -0.036262 0.605913 0.794704
vn 0.207031 0.260382 0.943048
vn 0.062752 0.345145 0.936449
vn 0.056666 0.084807 0.994785
vn 0.459641 0.881047 0.111738
vn 0.459641 0.881047 0.111737
vn 0.436680 0.837033 0.329677
vn 0.436680 0.837034 0.329672
vn 0.391870 0.751142 0.531247
vn 0.205647 0.394186 0.895727
vn 0.391870 0.751142 0.531248
vn 0.443071 0.565024 0.696014
vn -0.249183 0.762820 0.596669
vn 0.306144 0.443362 0.842440
vn -0.080521 0.588461 0.804506
vn 0.044715 0.090673 0.994876
vn 0.172176 0.284656 0.943041
vn 0.030115 0.345578 0.937907
vn 0.343202 0.932591 0.111740
vn 0.343202 0.932591 0.111738
vn 0.326058 0.886004 0.329673
vn 0.326057 0.886004 0.329673
vn 0.292599 0.795086 0.531247
vn 0.153893 0.418176 0.895235
vn 0.292600 0.795088 0.531245
vn -0.472252 0.789831 0.391338
vn 0.369523 0.616010 0.695690
vn -0.302874 0.729543 0.613216
vn -0.127592 0.569909 0.811741
vn 0.247995 0.478495 0.842343
vn 0.032231 0.094950 0.994960
vn -0.004358 0.344014 0.938954
vn 0.134537 0.304280 0.943034
vn 0.221127 0.968823 0.111733
vn 0.221128 0.968822 0.111740
vn 0.210081 0.920424 0.329676
vn 0.210081 0.920425 0.329673
vn 0.121035 0.530289 0.839133
vn 0.398667 0.760897 0.511958
vn -0.531203 0.742815 0.407491
vn 0.290346 0.657428 0.695333
vn -0.358082 0.692409 0.626377
vn 0.185962 0.506017 0.842238
vn -0.176365 0.548673 0.817223
vn 0.094737 0.318947 0.943026
vn -0.040017 0.339565 0.939731
vn 0.019414 0.097599 0.995036
vn 0.095422 0.989145 0.111744
vn 0.095421 0.989146 0.111733
vn 0.090654 0.939732 0.329675
vn 0.090654 0.939732 0.329676
vn 0.052306 0.542212 0.838612
vn -0.589136 0.689573 0.421199
vn 0.302790 0.804336 0.511235
vn -0.413532 0.650573 0.636982
vn 0.206787 0.688681 0.694952
vn -0.225771 0.523664 0.821464
vn 0.121047 0.525528 0.842121
vn -0.076199 0.331647 0.940321
vn 0.053427 0.328433 0.943015
vn 0.006463 0.098604 0.995106
vn -0.031852 0.993227 0.111735
vn -0.031851 0.993227 0.111744
vn -0.030259 0.943610 0.329675
vn -0.017483 0.545195 0.838127
vn -0.030260 0.943611 0.329669
vn 0.202574 0.835700 0.510460
vn 0.120165 0.709354 0.694534
vn -0.159512 0.986637 -0.033221
vn -0.112580 0.987317 0.111946
vn 0.054285 0.536749 0.841994
vn -0.106938 0.937823 0.330230
vn -0.106936 0.937822 0.330234
vn 0.011281 0.332592 0.943003
vn -0.006421 0.097971 0.995169
vn -0.095932 0.841307 0.531977
vn -0.080116 0.702609 0.707052
vn -0.095932 0.841308 0.531976
vn -0.080116 0.702611 0.707050
vn -0.060281 0.528661 0.846690
vn -0.060281 0.528661 0.846690
vn -0.037423 0.328198 0.943867
vn -0.012687 0.111260 0.993710
vn -0.037423 0.328198 0.943867
vn -0.175607 0.978087 0.111840
vn -0.166820 0.929139 0.329957
vn -0.166819 0.929138 0.329960
vn -0.149676 0.833655 0.531616
vn -0.149676 0.833656 0.531614
vn -0.125026 0.696362 0.706717
vn -0.125026 0.696361 0.706718
vn -0.284300 0.957903 -0.039930
vn -0.239201 0.964496 0.111942
vn -0.094092 0.524067 0.846464
vn -0.058423 0.325399 0.943770
vn -0.094092 0.524067 0.846464
vn -0.227208 0.916147 0.330230
vn -0.227210 0.916148 0.330223
vn -0.019807 0.110321 0.993699
vn -0.019042 0.095732 0.995225
vn -0.058423 0.325398 0.943771
vn -0.203827 0.821869 0.531965
vn -0.170225 0.686378 0.707043
vn -0.203826 0.821868 0.531966
vn -0.170225 0.686376 0.707044
vn -0.128082 0.516451 0.846684
vn -0.128082 0.516451 0.846684
vn -0.026956 0.108691 0.993710
vn -0.079514 0.320618 0.943865
vn -0.079515 0.320619 0.943865
vn -0.300506 0.947198 0.111857
vn -0.285467 0.899794 0.329969
vn -0.285466 0.899793 0.329972
vn -0.256127 0.807315 0.531640
vn -0.256127 0.807315 0.531640
vn -0.213942 0.674347 0.706743
vn -0.213943 0.674349 0.706741
vn -0.404355 0.913445 -0.046001
vn -0.361807 0.925507 0.111949
vn -0.161008 0.507497 0.846477
vn -0.161007 0.507495 0.846478
vn -0.343675 0.879117 0.330213
vn -0.343671 0.879114 0.330225
vn -0.099970 0.315106 0.943777
vn -0.099969 0.315104 0.943777
vn -0.031209 0.091939 0.995275
vn -0.033893 0.106831 0.993699
vn -0.308310 0.788651 0.531953
vn -0.308308 0.788650 0.531957
vn -0.257482 0.658637 0.707037
vn -0.257482 0.658637 0.707037
vn -0.193739 0.495584 0.846677
vn -0.193740 0.495585 0.846676
vn -0.120277 0.307666 0.943862
vn -0.120274 0.307664 0.943863
vn -0.040774 0.104300 0.993710
vn -0.399325 0.855360 0.329998
vn -0.420367 0.900432 0.111862
vn -0.399325 0.855363 0.329989
vn -0.358281 0.767446 0.531659
vn -0.299266 0.641034 0.706764
vn -0.358281 0.767444 0.531661
vn -0.299266 0.641034 0.706764
vn -0.517707 0.854011 -0.051428
vn -0.478352 0.871004 0.111944
vn -0.225217 0.482420 0.846492
vn -0.225217 0.482420 0.846492
vn -0.454378 0.827347 0.330208
vn -0.454376 0.827346 0.330213
vn -0.139838 0.299534 0.943782
vn -0.047409 0.101550 0.993700
vn -0.139836 0.299532 0.943783
vn -0.042739 0.086667 0.995320
vn -0.407622 0.742212 0.531945
vn -0.407622 0.742212 0.531946
vn -0.340425 0.619858 0.707027
vn -0.340425 0.619858 0.707027
vn -0.256151 0.466408 0.846670
vn -0.159022 0.289553 0.943860
vn -0.256151 0.466408 0.846670
vn -0.159023 0.289555 0.943859
vn -0.053909 0.098160 0.993709
vn -0.533181 0.838573 0.111863
vn -0.506490 0.796593 0.330012
vn -0.506490 0.796593 0.330012
vn -0.454426 0.714709 0.531684
vn -0.454428 0.714711 0.531679
vn -0.379569 0.596978 0.706784
vn -0.379571 0.596980 0.706782
vn -0.622504 0.780596 -0.056210
vn -0.586880 0.801900 0.111935
vn -0.285647 0.449259 0.846506
vn -0.285646 0.449257 0.846507
vn -0.557464 0.761708 0.330205
vn -0.557465 0.761708 0.330202
vn -0.500105 0.683334 0.531930
vn -0.060129 0.094569 0.993701
vn -0.053461 0.080010 0.995359
vn -0.177355 0.278940 0.943789
vn -0.177356 0.278942 0.943788
vn -0.500105 0.683330 0.531935
vn -0.417666 0.570689 0.707014
vn -0.417667 0.570690 0.707013
vn -0.314270 0.429411 0.846664
vn -0.314270 0.429411 0.846664
vn -0.195105 0.266587 0.943856
vn -0.066142 0.090375 0.993709
vn -0.195106 0.266588 0.943856
vn -0.637056 0.762656 0.111871
vn -0.605162 0.724473 0.330027
vn -0.605162 0.724473 0.330026
vn -0.542950 0.649996 0.531706
vn -0.542950 0.649995 0.531706
vn -0.453507 0.542919 0.706803
vn -0.453509 0.542920 0.706801
vn -0.341283 0.408569 0.846520
vn -0.341285 0.408571 0.846519
vn -0.685568 0.719352 0.111934
vn -0.717040 0.694414 -0.060350
vn -0.211898 0.253675 0.943795
vn -0.071839 0.086003 0.993702
vn -0.211898 0.253675 0.943795
vn -0.063215 0.072083 0.995393
vn -0.651209 0.683300 0.330194
vn -0.651209 0.683300 0.330192
vn -0.584205 0.612995 0.531923
vn -0.584205 0.612995 0.531922
vn -0.487905 0.511950 0.707004
vn -0.487907 0.511952 0.707002
vn -0.367126 0.385218 0.846655
vn -0.227920 0.239152 0.943853
vn -0.367124 0.385217 0.846657
vn -0.077267 0.081075 0.993709
vn -0.227920 0.239152 0.943853
vn -0.730253 0.673955 0.111875
vn -0.693689 0.640209 0.330041
vn -0.693688 0.640209 0.330044
vn -0.622370 0.574389 0.531727
vn -0.519839 0.479762 0.706821
vn -0.622370 0.574389 0.531726
vn -0.519839 0.479762 0.706821
vn -0.391195 0.361036 0.846534
vn -0.242886 0.224161 0.943800
vn -0.391196 0.361037 0.846533
vn -0.799778 0.596890 -0.063854
vn -0.772764 0.624746 0.111928
vn -0.734037 0.593437 0.330186
vn -0.082344 0.075996 0.993702
vn -0.242885 0.224160 0.943801
vn -0.071858 0.063017 0.995422
vn -0.734037 0.593438 0.330183
vn -0.658515 0.532381 0.531910
vn -0.549971 0.444629 0.706991
vn -0.658515 0.532381 0.531910
vn -0.413829 0.334564 0.846648
vn -0.549972 0.444629 0.706990
vn -0.413828 0.334563 0.846649
vn -0.256916 0.207705 0.943850
vn -0.087097 0.070414 0.993708
vn -0.256916 0.207706 0.943850
vn -0.811208 0.573955 0.111884
vn -0.770587 0.545214 0.330057
vn -0.770585 0.545214 0.330061
vn -0.691355 0.489156 0.531747
vn -0.691358 0.489157 0.531743
vn -0.577453 0.408566 0.706839
vn -0.577450 0.408565 0.706842
vn -0.434550 0.307458 0.846544
vn -0.434547 0.307456 0.846546
vn -0.869377 0.489624 -0.066722
vn -0.847005 0.519669 0.111927
vn -0.269798 0.190891 0.943806
vn -0.091468 0.064717 0.993703
vn -0.269799 0.190891 0.943806
vn -0.079262 0.052961 0.995446
vn -0.804560 0.493627 0.330175
vn -0.804559 0.493627 0.330177
vn -0.721789 0.442843 0.531892
vn -0.721787 0.442843 0.531897
vn -0.602817 0.369850 0.706981
vn -0.453600 0.278300 0.846638
vn -0.602817 0.369850 0.706982
vn -0.453598 0.278298 0.846640
vn -0.281607 0.172776 0.943846
vn -0.095468 0.058573 0.993708
vn -0.281609 0.172777 0.943846
vn -0.878564 0.464334 0.111886
vn -0.834565 0.441080 0.330075
vn -0.834565 0.441080 0.330074
vn -0.748750 0.395726 0.531766
vn -0.748752 0.395727 0.531762
vn -0.625381 0.330524 0.706861
vn -0.625382 0.330524 0.706860
vn -0.470612 0.248726 0.846558
vn -0.470614 0.248727 0.846556
vn -0.907048 0.405879 0.111920
vn -0.861597 0.385540 0.330165
vn -0.924711 0.374374 -0.068949
vn -0.099058 0.052354 0.993703
vn -0.292189 0.154427 0.943810
vn -0.292188 0.154426 0.943811
vn -0.085319 0.042075 0.995465
vn -0.861596 0.385539 0.330168
vn -0.772964 0.345879 0.531878
vn -0.772963 0.345879 0.531880
vn -0.645561 0.288870 0.706969
vn -0.645562 0.288870 0.706968
vn -0.485768 0.217367 0.846629
vn -0.301580 0.134948 0.943842
vn -0.485766 0.217366 0.846631
vn -0.102239 0.045749 0.993707
vn -0.301581 0.134949 0.943842
vn -0.931192 0.346929 0.111898
vn -0.884556 0.329554 0.330084
vn -0.884552 0.329554 0.330093
vn -0.793593 0.295666 0.531781
vn -0.793592 0.295665 0.531784
vn -0.662828 0.246947 0.706878
vn -0.662828 0.246947 0.706878
vn -0.498787 0.185831 0.846569
vn -0.498786 0.185830 0.846570
vn -0.104986 0.039114 0.993704
vn -0.309679 0.115376 0.943815
vn -0.309679 0.115376 0.943815
vn -0.089941 0.030531 0.995479
vn -0.951886 0.285284 0.111923
vn -0.964886 0.253023 -0.070532
vn -0.904194 0.270991 0.330149
vn -0.904194 0.270991 0.330148
vn -0.811179 0.243114 0.531868
vn -0.811180 0.243114 0.531867
vn -0.677486 0.203046 0.706955
vn -0.509792 0.152787 0.846622
vn -0.677488 0.203046 0.706953
vn -0.509791 0.152787 0.846622
vn -0.316500 0.094856 0.943838
vn -0.107297 0.032157 0.993707
vn -0.316499 0.094856 0.943838
vn -0.968211 0.223711 0.111901
vn -0.919714 0.212505 0.330103
vn -0.919716 0.212505 0.330097
vn -0.825131 0.190651 0.531800
vn -0.825129 0.190651 0.531803
vn -0.689164 0.159235 0.706892
vn -0.689164 0.159235 0.706893
vn -0.518597 0.119825 0.846581
vn -0.321975 0.074394 0.943821
vn -0.518597 0.119825 0.846581
vn -0.321976 0.074395 0.943820
vn -0.093061 0.018511 0.995488
vn -0.109155 0.025221 0.993705
vn -0.989253 0.127550 -0.071485
vn -0.980767 0.159907 0.111916
vn -0.931630 0.151896 0.330142
vn -0.931631 0.151896 0.330139
vn -0.835800 0.136272 0.531853
vn -0.835802 0.136271 0.531850
vn -0.698057 0.113813 0.706939
vn -0.698059 0.113814 0.706937
vn -0.525274 0.085642 0.846612
vn -0.326114 0.053171 0.943834
vn -0.525273 0.085642 0.846613
vn -0.110557 0.018025 0.993706
vn -0.326113 0.053170 0.943834
vn -0.988999 0.096742 0.111903
vn -0.939457 0.091896 0.330114
vn -0.939457 0.091896 0.330114
vn -0.842834 0.082444 0.531820
vn -0.842835 0.082444 0.531820
vn -0.703947 0.068858 0.706906
vn -0.529714 0.051815 0.846592
vn -0.703946 0.068859 0.706908
vn -0.529714 0.051815 0.846592
vn -0.328873 0.032170 0.943826
vn -0.111494 0.010906 0.993705
vn -0.328875 0.032169 0.943826
vn -0.094632 0.006203 0.995493
vn -0.993208 0.031850 0.111908
vn -0.997419 0.000000 -0.071807
vn -0.943452 0.030254 0.330127
vn -0.943451 0.030254 0.330129
vn -0.846412 0.027143 0.531837
vn -0.846413 0.027142 0.531835
vn -0.706927 0.022669 0.706923
vn -0.706925 0.022670 0.706925
vn -0.531953 0.017058 0.846602
vn -0.531954 0.017058 0.846602
vn -0.330260 0.010591 0.943831
vn -0.111964 0.003591 0.993706
vn -0.330262 0.010591 0.943830
vn -0.993208 -0.031850 0.111908
vn -0.943451 -0.030254 0.330129
vn -0.943452 -0.030254 0.330127
vn -0.846413 -0.027143 0.531835
vn -0.846412 -0.027142 0.531837
vn -0.706925 -0.022669 0.706925
vn -0.531954 -0.017058 0.846602
vn -0.706927 -0.022670 0.706923
vn -0.330262 -0.010591 0.943830
vn -0.531953 -0.017058 0.846602
vn -0.111964 -0.003591 0.993706
vn -0.330260 -0.010591 0.943831
vn -0.094632 -0.006203 0.995493
vn -0.989253 -0.127550 -0.071485
vn -0.988999 -0.096742 0.111903
vn -0.939457 -0.091896 0.330114
vn -0.939457 -0.091896 0.330114
vn -0.842834 -0.082444 0.531820
vn -0.842835 -0.082444 0.531820
vn -0.703946 -0.068858 0.706908
vn -0.703947 -0.068859 0.706906
vn -0.529714 -0.051815 0.846592
vn -0.529714 -0.051815 0.846592
vn -0.328873 -0.032169 0.943826
vn -0.111494 -0.010906 0.993705
vn -0.328875 -0.032170 0.943826
vn -0.980767 -0.159907 0.111916
vn -0.931631 -0.151896 0.330139
vn -0.931630 -0.151896 0.330142
vn -0.835800 -0.136271 0.531853
vn -0.698059 -0.113813 0.706937
vn -0.835802 -0.136272 0.531850
vn -0.525273 -0.085642 0.846613
vn -0.698057 -0.113814 0.706939
vn -0.525274 -0.085642 0.846612
vn -0.326114 -0.053171 0.943834
vn -0.093061 -0.018511 0.995488
vn -0.110557 -0.018025 0.993706
vn -0.326113 -0.053170 0.943834
vn -0.964886 -0.253023 -0.070532
vn -0.968211 -0.223711 0.111901
vn -0.919714 -0.212505 0.330103
vn -0.919716 -0.212505 0.330097
vn -0.825129 -0.190650 0.531803
vn -0.825131 -0.190651 0.531800
vn -0.689164 -0.159235 0.706893
vn -0.689164 -0.159235 0.706892
vn -0.518597 -0.119825 0.846581
vn -0.321976 -0.074394 0.943820
vn -0.518597 -0.119825 0.846581
vn -0.321975 -0.074394 0.943821
vn -0.109155 -0.025221 0.993705
vn -0.951886 -0.285284 0.111923
vn -0.904194 -0.270991 0.330148
vn -0.811179 -0.243114 0.531868
vn -0.904194 -0.270991 0.330149
vn -0.811180 -0.243114 0.531867
vn -0.677488 -0.203046 0.706953
vn -0.677486 -0.203045 0.706955
vn -0.509791 -0.152787 0.846622
vn -0.316499 -0.094856 0.943838
vn -0.509791 -0.152787 0.846622
vn -0.107297 -0.032157 0.993707
vn -0.316500 -0.094856 0.943838
vn -0.089941 -0.030531 0.995479
vn -0.931192 -0.346929 0.111898
vn -0.924711 -0.374374 -0.068949
vn -0.884555 -0.329555 0.330084
vn -0.884553 -0.329553 0.330093
vn -0.793592 -0.295665 0.531784
vn -0.793593 -0.295666 0.531781
vn -0.662828 -0.246947 0.706878
vn -0.498786 -0.185830 0.846570
vn -0.662828 -0.246947 0.706878
vn -0.498787 -0.185831 0.846569
vn -0.907048 -0.405879 0.111920
vn -0.861596 -0.385540 0.330168
vn -0.309679 -0.115376 0.943815
vn -0.104986 -0.039114 0.993704
vn -0.309679 -0.115376 0.943815
vn -0.861597 -0.385540 0.330165
vn -0.772963 -0.345878 0.531880
vn -0.772964 -0.345879 0.531878
vn -0.645562 -0.288870 0.706968
vn -0.485766 -0.217366 0.846631
vn -0.645561 -0.288870 0.706969
vn -0.485768 -0.217367 0.846629
vn -0.102239 -0.045749 0.993707
vn -0.301581 -0.134949 0.943842
vn -0.301580 -0.134948 0.943842
vn -0.085319 -0.042075 0.995465
vn -0.869377 -0.489624 -0.066722
vn -0.878564 -0.464334 0.111886
vn -0.834565 -0.441080 0.330074
vn -0.834565 -0.441080 0.330075
vn -0.748752 -0.395727 0.531762
vn -0.625381 -0.330524 0.706861
vn -0.748750 -0.395725 0.531766
vn -0.625382 -0.330524 0.706860
vn -0.470614 -0.248727 0.846556
vn -0.470612 -0.248726 0.846557
vn -0.847005 -0.519669 0.111927
vn -0.292189 -0.154427 0.943810
vn -0.292188 -0.154426 0.943811
vn -0.099058 -0.052354 0.993703
vn -0.804560 -0.493627 0.330175
vn -0.804559 -0.493627 0.330177
vn -0.721789 -0.442844 0.531892
vn -0.721787 -0.442842 0.531896
vn -0.602817 -0.369850 0.706982
vn -0.602817 -0.369850 0.706981
vn -0.453598 -0.278299 0.846640
vn -0.453601 -0.278300 0.846638
vn -0.281609 -0.172777 0.943846
vn -0.095468 -0.058573 0.993708
vn -0.281607 -0.172776 0.943846
vn -0.079262 -0.052961 0.995446
vn -0.799778 -0.596890 -0.063854
vn -0.811208 -0.573955 0.111884
vn -0.770586 -0.545214 0.330058
vn -0.770586 -0.545213 0.330061
vn -0.691355 -0.489155 0.531747
vn -0.691357 -0.489158 0.531743
vn -0.577453 -0.408567 0.706839
vn -0.577450 -0.408564 0.706843
vn -0.434550 -0.307458 0.846544
vn -0.434547 -0.307456 0.846546
vn -0.772764 -0.624746 0.111928
vn -0.269798 -0.190891 0.943806
vn -0.091468 -0.064717 0.993703
vn -0.269799 -0.190891 0.943806
vn -0.734037 -0.593438 0.330184
vn -0.734037 -0.593437 0.330186
vn -0.658515 -0.532381 0.531910
vn -0.658515 -0.532382 0.531910
vn -0.549971 -0.444629 0.706991
vn -0.549972 -0.444629 0.706990
vn -0.413828 -0.334563 0.846649
vn -0.413829 -0.334564 0.846648
vn -0.087097 -0.070414 0.993708
vn -0.256916 -0.207706 0.943850
vn -0.256916 -0.207705 0.943850
vn -0.071858 -0.063017 0.995422
vn -0.730253 -0.673955 0.111875
vn -0.717040 -0.694414 -0.060350
vn -0.622370 -0.574389 0.531726
vn -0.693689 -0.640209 0.330044
vn -0.693689 -0.640210 0.330041
vn -0.622370 -0.574389 0.531726
vn -0.519839 -0.479762 0.706822
vn -0.391197 -0.361037 0.846533
vn -0.519839 -0.479762 0.706820
vn -0.391195 -0.361036 0.846534
vn -0.651209 -0.683300 0.330192
vn -0.685568 -0.719352 0.111933
vn -0.242885 -0.224160 0.943801
vn -0.082344 -0.075996 0.993702
vn -0.242886 -0.224161 0.943800
vn -0.651209 -0.683300 0.330194
vn -0.584205 -0.612995 0.531922
vn -0.584205 -0.612995 0.531923
vn -0.487907 -0.511952 0.707002
vn -0.487906 -0.511950 0.707004
vn -0.367124 -0.385216 0.846657
vn -0.227920 -0.239152 0.943853
vn -0.367126 -0.385219 0.846655
vn -0.077267 -0.081075 0.993709
vn -0.227920 -0.239152 0.943853
vn -0.063215 -0.072083 0.995393
vn -0.622504 -0.780596 -0.056210
vn -0.637056 -0.762656 0.111871
vn -0.605162 -0.724474 0.330026
vn -0.605162 -0.724473 0.330027
vn -0.542950 -0.649996 0.531706
vn -0.542950 -0.649996 0.531706
vn -0.453507 -0.542918 0.706803
vn -0.453508 -0.542920 0.706801
vn -0.586880 -0.801900 0.111935
vn -0.557465 -0.761708 0.330202
vn -0.341284 -0.408569 0.846520
vn -0.341285 -0.408571 0.846519
vn -0.557464 -0.761708 0.330205
vn -0.211898 -0.253675 0.943795
vn -0.211898 -0.253675 0.943795
vn -0.071839 -0.086003 0.993702
vn -0.500105 -0.683331 0.531935
vn -0.500105 -0.683334 0.531929
vn -0.417667 -0.570690 0.707013
vn -0.417667 -0.570689 0.707014
vn -0.314270 -0.429411 0.846664
vn -0.195105 -0.266587 0.943856
vn -0.314270 -0.429411 0.846664
vn -0.066142 -0.090375 0.993709
vn -0.195106 -0.266588 0.943856
vn -0.053461 -0.080010 0.995359
vn -0.517707 -0.854011 -0.051428
vn -0.533181 -0.838573 0.111863
vn -0.506490 -0.796593 0.330012
vn -0.506490 -0.796593 0.330011
vn -0.454426 -0.714709 0.531684
vn -0.454427 -0.714712 0.531679
vn -0.379571 -0.596980 0.706782
vn -0.379570 -0.596978 0.706784
vn -0.478352 -0.871004 0.111944
vn -0.454376 -0.827346 0.330213
vn -0.285647 -0.449259 0.846506
vn -0.285646 -0.449257 0.846507
vn -0.454378 -0.827347 0.330208
vn -0.177356 -0.278940 0.943789
vn -0.060129 -0.094569 0.993701
vn -0.177356 -0.278942 0.943788
vn -0.407622 -0.742212 0.531945
vn -0.340425 -0.619858 0.707027
vn -0.407622 -0.742212 0.531945
vn -0.256151 -0.466407 0.846671
vn -0.340425 -0.619858 0.707027
vn -0.256151 -0.466408 0.846670
vn -0.053909 -0.098160 0.993709
vn -0.159023 -0.289555 0.943859
vn -0.159022 -0.289553 0.943860
vn -0.042739 -0.086667 0.995320
vn -0.420367 -0.900432 0.111862
vn -0.399326 -0.855363 0.329990
vn -0.404355 -0.913445 -0.046001
vn -0.399324 -0.855360 0.329998
vn -0.358281 -0.767444 0.531661
vn -0.358281 -0.767446 0.531659
vn -0.299266 -0.641034 0.706764
vn -0.225217 -0.482420 0.846492
vn -0.299266 -0.641034 0.706764
vn -0.361807 -0.925507 0.111949
vn -0.225217 -0.482420 0.846492
vn -0.343674 -0.879113 0.330225
vn -0.343672 -0.879118 0.330213
vn -0.139836 -0.299532 0.943783
vn -0.047409 -0.101550 0.993700
vn -0.139837 -0.299534 0.943782
vn -0.308309 -0.788649 0.531957
vn -0.308308 -0.788652 0.531953
vn -0.257482 -0.658637 0.707037
vn -0.257482 -0.658637 0.707037
vn -0.193739 -0.495584 0.846677
vn -0.193740 -0.495585 0.846676
vn -0.040774 -0.104300 0.993710
vn -0.120276 -0.307667 0.943862
vn -0.120275 -0.307663 0.943863
vn -0.031209 -0.091939 0.995275
vn -0.284300 -0.957903 -0.039930
vn -0.300506 -0.947198 0.111857
vn -0.285467 -0.899794 0.329969
vn -0.285466 -0.899793 0.329972
vn -0.256127 -0.807315 0.531640
vn -0.256127 -0.807315 0.531640
vn -0.213942 -0.674347 0.706743
vn -0.161008 -0.507497 0.846477
vn -0.213942 -0.674349 0.706741
vn -0.239201 -0.964496 0.111942
vn -0.161007 -0.507495 0.846478
vn -0.099969 -0.315104 0.943777
vn -0.227208 -0.916149 0.330223
vn -0.227210 -0.916146 0.330230
vn -0.099970 -0.315106 0.943777
vn -0.033893 -0.106831 0.993699
vn -0.203827 -0.821868 0.531966
vn -0.170224 -0.686377 0.707044
vn -0.203826 -0.821869 0.531965
vn -0.170225 -0.686378 0.707043
vn -0.128082 -0.516451 0.846684
vn -0.128082 -0.516451 0.846684
vn -0.079515 -0.320619 0.943865
vn -0.026956 -0.108691 0.993710
vn -0.079515 -0.320618 0.943865
vn -0.019042 -0.095732 0.995225
vn -0.175607 -0.978087 0.111840
vn -0.159512 -0.986637 -0.033221
vn -0.166819 -0.929138 0.329960
vn -0.166819 -0.929139 0.329957
vn -0.149676 -0.833656 0.531614
vn -0.149676 -0.833655 0.531616
vn -0.125026 -0.696361 0.706718
vn -0.094092 -0.524067 0.846464
vn -0.125026 -0.696362 0.706717
vn -0.106936 -0.937822 0.330234
vn -0.112580 -0.987317 0.111946
vn -0.094092 -0.524067 0.846464
vn -0.058423 -0.325398 0.943771
vn -0.106938 -0.937823 0.330230
vn -0.019807 -0.110321 0.993699
vn -0.058423 -0.325399 0.943770
vn -0.095932 -0.841308 0.531976
vn -0.095932 -0.841307 0.531977
vn -0.080116 -0.702611 0.707050
vn -0.080116 -0.702609 0.707052
vn -0.060281 -0.528661 0.846690
vn -0.060281 -0.528661 0.846690
vn -0.012687 -0.111260 0.993710
vn -0.037423 -0.328198 0.943867
vn -0.037423 -0.328198 0.943867
vn -0.006421 -0.097971 0.995169
vn -0.047766 -0.992578 0.111835
vn -0.032042 -0.999152 -0.025863
vn -0.045375 -0.942913 0.329934
vn 0.092464 -0.939839 0.328865
vn -0.045376 -0.942911 0.329940
vn 0.236009 -0.822806 0.517002
vn -0.040713 -0.846020 0.531594
vn -0.040712 -0.846023 0.531590
vn -0.034008 -0.706699 0.706696
vn -0.025594 -0.531855 0.846448
vn -0.034008 -0.706698 0.706698
vn 0.416730 -0.642781 0.642781
vn -0.025594 -0.531857 0.846448
vn 0.588949 -0.429972 0.684298
vn -0.015892 -0.330238 0.943764
vn -0.005388 -0.111963 0.993698
vn -0.015892 -0.330239 0.943764
vn 0.094800 -0.982694 0.159139
vn -0.004808 -0.848940 0.528468
vn 0.358694 -0.778805 0.514589
vn 0.524665 -0.569322 0.632929
vn -0.084983 -0.713096 0.695896
vn 0.054532 -0.831999 0.552091
vn 0.670661 -0.332068 0.663283
vn -0.182491 -0.543348 0.819433
vn 0.007338 -0.111962 0.993685
vn 0.021643 -0.330203 0.943662
vn 0.021643 -0.330203 0.943662
vn 0.007338 -0.111961 0.993685
vn 0.219531 -0.961828 0.163384
vn 0.106837 -0.842173 0.528517
vn 0.476673 -0.714975 0.511462
vn 0.011546 -0.717713 0.696243
vn 0.623484 -0.475474 0.620639
vn 0.738367 -0.217429 0.638388
vn 0.162817 -0.818539 0.550895
vn -0.105077 -0.561897 0.820506
vn 0.021889 -0.110046 0.993685
vn 0.064558 -0.324553 0.943662
vn 0.064558 -0.324553 0.943662
vn 0.021889 -0.110046 0.993685
vn 0.340460 -0.925140 0.167937
vn 0.216529 -0.820819 0.528557
vn 0.587266 -0.630670 0.507321
vn 0.107600 -0.709382 0.696563
vn 0.709563 -0.361057 0.605110
vn 0.268539 -0.791089 0.549604
vn -0.026293 -0.569602 0.821500
vn 0.036066 -0.106247 0.993685
vn 0.106368 -0.313350 0.943662
vn 0.106369 -0.313351 0.943661
vn 0.036066 -0.106247 0.993685
vn 0.455581 -0.873264 0.172789
vn 0.322374 -0.785277 0.528598
vn 0.687471 -0.525056 0.501698
vn 0.393466 -0.797869 0.456716
vn 0.235673 -0.477898 0.846211
vn 0.201477 -0.688333 0.696854
vn 0.778679 -0.226195 0.585230
vn 0.235673 -0.477897 0.846211
vn 0.049626 -0.100631 0.993685
vn 0.049625 -0.100630 0.993685
vn 0.146359 -0.296787 0.943661
vn 0.146359 -0.296787 0.943661
vn 0.562986 -0.807083 0.177942
vn 0.422567 -0.736198 0.528630
vn 0.773680 -0.396942 0.493818
vn 0.494828 -0.740562 0.454657
vn 0.296034 -0.443047 0.846211
vn 0.825768 -0.071550 0.559454
vn 0.291526 -0.655009 0.697119
vn 0.296034 -0.443046 0.846212
vn 0.062336 -0.093292 0.993685
vn 0.062336 -0.093292 0.993685
vn 0.183845 -0.275144 0.943661
vn 0.183844 -0.275143 0.943662
vn 0.660899 -0.727723 0.183390
vn 0.515395 -0.674456 0.528657
vn 0.841151 -0.244513 0.482367
vn 0.587994 -0.670479 0.452460
vn 0.844651 0.101260 0.525653
vn 0.376168 -0.610064 0.697367
vn 0.351330 -0.400616 0.846211
vn 0.351330 -0.400615 0.846212
vn 0.073980 -0.084358 0.993685
vn 0.073980 -0.084358 0.993685
vn 0.218185 -0.248792 0.943662
vn 0.218185 -0.248792 0.943662
vn 0.760723 -0.647613 0.043574
vn 0.850553 -0.413988 0.324304
vn 0.700541 -0.633076 0.329328
vn 0.882910 -0.065058 0.465013
vn 0.599278 -0.601135 0.528680
vn 0.671367 -0.588773 0.450126
vn 0.400615 -0.351330 0.846212
vn 0.453938 -0.554348 0.697594
vn 0.400616 -0.351330 0.846212
vn 0.084358 -0.073980 0.993685
vn 0.084358 -0.073980 0.993685
vn 0.248792 -0.218185 0.943662
vn 0.248792 -0.218185 0.943662
vn 0.836772 -0.544679 0.056010
vn 0.911039 -0.258418 0.321291
vn 0.776749 -0.536857 0.329311
vn 0.887505 0.144874 0.437431
vn 0.778700 -0.520311 0.350576
vn 0.672796 -0.517517 0.528698
vn 0.588567 -0.393268 0.706349
vn 0.588570 -0.393269 0.706346
vn 0.443046 -0.296034 0.846212
vn 0.443047 -0.296035 0.846211
vn 0.093292 -0.062336 0.993685
vn 0.275144 -0.183845 0.943661
vn 0.093292 -0.062336 0.993685
vn 0.275142 -0.183844 0.943662
vn 0.898818 -0.432848 0.069061
vn 0.946688 -0.067240 0.315055
vn 0.839822 -0.431584 0.329295
vn 0.834742 0.387258 0.391454
vn 0.734707 -0.425053 0.528710
vn 0.841209 -0.414839 0.346808
vn 0.477897 -0.235673 0.846211
vn 0.634863 -0.313080 0.706349
vn 0.634863 -0.313080 0.706349
vn 0.477897 -0.235673 0.846211
vn 0.296787 -0.146359 0.943661
vn 0.100630 -0.049625 0.993685
vn 0.296787 -0.146359 0.943661
vn 0.100631 -0.049626 0.993685
vn 0.945804 -0.314028 0.082711
vn 0.888707 -0.319038 0.329265
vn 0.935371 0.188826 0.299042
vn 0.889542 -0.301959 0.342835
vn 0.670297 -0.227535 0.706349
vn 0.783966 -0.325343 0.528724
vn 0.504570 -0.171279 0.846211
vn 0.670299 -0.227536 0.706347
vn 0.504569 -0.171278 0.846211
vn 0.106247 -0.036066 0.993685
vn 0.106247 -0.036066 0.993685
vn 0.313351 -0.106368 0.943661
vn 0.313350 -0.106368 0.943662
vn 0.976936 -0.190258 0.096941
vn 0.773030 0.586649 0.241386
vn 0.971257 -0.063660 0.229363
vn 0.953006 -0.189564 0.236317
vn 0.922576 -0.201122 0.329246
vn 0.845424 -0.055412 0.531214
vn 0.830957 -0.165287 0.531216
vn 0.694264 -0.138097 0.706347
vn 0.830957 -0.165287 0.531216
vn 0.845423 -0.055412 0.531216
vn 0.694266 -0.138098 0.706345
vn 0.706352 -0.046297 0.706345
vn 0.706349 -0.046296 0.706349
vn -0.193014 -0.745444 -0.638012
vn -0.389586 0.693562 -0.605967
vn -0.250654 -0.716333 -0.651183
vn -0.266368 -0.713738 -0.647785
vn -0.270568 -0.665577 -0.695557
vn -0.261352 -0.706178 -0.658033
vn -0.258216 -0.735013 -0.626961
vn -0.307470 -0.671859 -0.673846
vn -0.304094 -0.679177 -0.668016
vn -0.306848 -0.670651 -0.675331
vn -0.317755 -0.639696 -0.699872
vn -0.319866 -0.618223 -0.717974
vn -0.330619 -0.626337 -0.705970
vn -0.330858 -0.639468 -0.693984
vn -0.304725 -0.710297 -0.634524
vn -0.305934 -0.721609 -0.621035
vn -0.324411 -0.685494 -0.651809
vn -0.324522 -0.676800 -0.660778
vn -0.361989 -0.607181 -0.707316
vn -0.354223 -0.663078 -0.659434
vn -0.373620 -0.589550 -0.716128
vn -0.373472 -0.583246 -0.721348
vn -0.362865 -0.566681 -0.739731
vn -0.392546 -0.576435 -0.716680
vn -0.392211 -0.575943 -0.717259
vn -0.440574 -0.541752 -0.715821
vn -0.416200 -0.526750 -0.741155
vn -0.415745 -0.528523 -0.740148
vn -0.416923 -0.539311 -0.731655
vn -0.423091 -0.547289 -0.722128
vn -0.442140 -0.551014 -0.707740
vn -0.392122 -0.637999 -0.662720
vn -0.422653 -0.635014 -0.646623
vn -0.408893 -0.664692 -0.625293
vn -0.410918 -0.671625 -0.616495
vn -0.421792 -0.629128 -0.652908
vn -0.428419 -0.576309 -0.695934
vn -0.498556 -0.465266 -0.731416
vn -0.458125 -0.497411 -0.736685
vn -0.453874 -0.492795 -0.742395
vn -0.449014 -0.609116 -0.653732
vn -0.438774 -0.524388 -0.729722
vn -0.443300 -0.545103 -0.711581
vn -0.462818 -0.530163 -0.710441
vn -0.510244 -0.474977 -0.716971
vn -0.466467 -0.534343 -0.704901
vn -0.472152 -0.484467 -0.736454
vn -0.464971 -0.424800 -0.776754
vn -0.498940 -0.455835 -0.737070
vn -0.486374 -0.479795 -0.730231
vn -0.489043 -0.488201 -0.722840
vn -0.492502 -0.491654 -0.718135
vn -0.517464 -0.495635 -0.697550
vn -0.502218 -0.418260 -0.756860
vn -0.500667 -0.411632 -0.761506
vn -0.510390 -0.412760 -0.754408
vn -0.482816 -0.581252 -0.655007
vn -0.532226 -0.379788 -0.756635
vn -0.507786 -0.514797 -0.690751
vn -0.513207 -0.570414 -0.641285
vn -0.506472 -0.603429 -0.615922
vn -0.507980 -0.606417 -0.611730
vn -0.512214 -0.567269 -0.644858
vn -0.541804 -0.360574 -0.759233
vn -0.543142 -0.364141 -0.756570
vn -0.522076 -0.347445 -0.778922
vn -0.553800 -0.346847 -0.756970
vn -0.562853 -0.395450 -0.725821
vn -0.521202 -0.422912 -0.741278
vn -0.510862 -0.462384 -0.724721
vn -0.518266 -0.482445 -0.706149
vn -0.550422 -0.344731 -0.760392
vn -0.585706 -0.302362 -0.752014
vn -0.535712 -0.541582 -0.647844
vn -0.535671 -0.464819 -0.704983
vn -0.575352 -0.403153 -0.711645
vn -0.539884 -0.468475 -0.699326
vn -0.568577 -0.300919 -0.765617
vn -0.569226 -0.310444 -0.761319
vn -0.574458 -0.313298 -0.756203
vn -0.590643 -0.311206 -0.744507
vn -0.568409 -0.308698 -0.762638
vn -0.533713 -0.363716 -0.763454
vn -0.542804 -0.382382 -0.747762
vn -0.556743 -0.363801 -0.746784
vn -0.562092 -0.370866 -0.739264
vn -0.589728 -0.303500 -0.748404
vn -0.559221 -0.365420 -0.744137
vn -0.552195 -0.411282 -0.725209
vn -0.556030 -0.419301 -0.717647
vn -0.585427 -0.422771 -0.691766
vn -0.559962 -0.422265 -0.712835
vn -0.565389 -0.511434 -0.647125
vn -0.573829 -0.319036 -0.754279
vn -0.575741 -0.322207 -0.751468
vn -0.601486 -0.321662 -0.731264
vn -0.577779 -0.323348 -0.749411
vn -0.560351 -0.393692 -0.728706
vn -0.550724 -0.374942 -0.745736
vn -0.574709 -0.374514 -0.727632
vn -0.601346 -0.242238 -0.761383
vn -0.588730 -0.258040 -0.766036
vn -0.628018 -0.221722 -0.745944
vn -0.604426 -0.264920 -0.751324
vn -0.578296 -0.376851 -0.723573
vn -0.606560 -0.311201 -0.731600
vn -0.582602 -0.384653 -0.715972
vn -0.594019 -0.492854 -0.635795
vn -0.571361 -0.283218 -0.770282
vn -0.582607 -0.300762 -0.755057
vn -0.593705 -0.280691 -0.754140
vn -0.619960 -0.218002 -0.753740
vn -0.595260 -0.281426 -0.752639
vn -0.597344 -0.284453 -0.749844
vn -0.591115 -0.329836 -0.736065
vn -0.594293 -0.331610 -0.732701
vn -0.618816 -0.329294 -0.713184
vn -0.587774 -0.324567 -0.741066
vn -0.574197 -0.390477 -0.719601
vn -0.584381 -0.409480 -0.700589
vn -0.599302 -0.389468 -0.699394
vn -0.604003 -0.392523 -0.693618
vn -0.630353 -0.322409 -0.706192
vn -0.609050 -0.237582 -0.756712
vn -0.633853 -0.234792 -0.736955
vn -0.609924 -0.238711 -0.755652
vn -0.610952 -0.239113 -0.754694
vn -0.583191 -0.288786 -0.759270
vn -0.594891 -0.306158 -0.743217
vn -0.620477 -0.186906 -0.761626
vn -0.633382 -0.181520 -0.752248
vn -0.636528 -0.191741 -0.747039
vn -0.659484 -0.135215 -0.739458
vn -0.606219 -0.285675 -0.742218
vn -0.618825 -0.440190 -0.650606
vn -0.612589 -0.292022 -0.734478
vn -0.608941 -0.286958 -0.739490
vn -0.613317 -0.341216 -0.712330
vn -0.604170 -0.309975 -0.734094
vn -0.608373 -0.333746 -0.720067
vn -0.617651 -0.343627 -0.707409
vn -0.643132 -0.340591 -0.685842
vn -0.617111 -0.217872 -0.756112
vn -0.603716 -0.201524 -0.771307
vn -0.625300 -0.196496 -0.755242
vn -0.633417 -0.467342 -0.616745
vn -0.647960 -0.491756 -0.581656
vn -0.644897 -0.131381 -0.752892
vn -0.625767 -0.196642 -0.754816
vn -0.626675 -0.197677 -0.753792
vn -0.648575 -0.442361 -0.619409
vn -0.639726 -0.424824 -0.640527
vn -0.616933 -0.238551 -0.749991
vn -0.619324 -0.241493 -0.747074
vn -0.621546 -0.242360 -0.744944
vn -0.644993 -0.237379 -0.726385
vn -0.665969 -0.117938 -0.736597
vn -0.640156 -0.368479 -0.674110
vn -0.639518 -0.154104 -0.753172
vn -0.660908 -0.146706 -0.735988
vn -0.639027 -0.153601 -0.753692
vn -0.638903 -0.153572 -0.753803
vn -0.684733 -0.044617 -0.727427
vn -0.663745 -0.115364 -0.739009
vn -0.650427 -0.113049 -0.751109
vn -0.663523 -0.114917 -0.739278
vn -0.623100 -0.219106 -0.750825
vn -0.609403 -0.203168 -0.766388
vn -0.663231 -0.403803 -0.630132
vn -0.631384 -0.197538 -0.749888
vn -0.648794 -0.131326 -0.749546
vn -0.635621 -0.200842 -0.745418
vn -0.633073 -0.198066 -0.748324
vn -0.657865 -0.409037 -0.632378
vn -0.659646 -0.230098 -0.715487
vn -0.626587 -0.268492 -0.731643
vn -0.639671 -0.274099 -0.718116
vn -0.640225 -0.327458 -0.694898
vn -0.627417 -0.309899 -0.714360
vn -0.678579 -0.048561 -0.732921
vn -0.681044 -0.062110 -0.729603
vn -0.694044 -0.059752 -0.717449
vn -0.677480 -0.058326 -0.733225
vn -0.631259 -0.117582 -0.766607
vn -0.646834 -0.132622 -0.751010
vn -0.652337 -0.305408 -0.693673
vn -0.681617 -0.429302 -0.592535
vn -0.655881 -0.404986 -0.637030
vn -0.680376 -0.425718 -0.596534
vn -0.652004 -0.110116 -0.750176
vn -0.670174 -0.319754 -0.669794
vn -0.683537 -0.412321 -0.602302
vn -0.720132 -0.381284 -0.579682
vn -0.698235 -0.434138 -0.569202
vn -0.674026 -0.234165 -0.700610
vn -0.657434 -0.307795 -0.687781
vn -0.651264 -0.109991 -0.750838
vn -0.650685 -0.109469 -0.751416
vn -0.664823 -0.042482 -0.745792
vn -0.641615 -0.153371 -0.751537
vn -0.665015 -0.146133 -0.732393
vn -0.640527 -0.152311 -0.752680
vn -0.642740 -0.153639 -0.750520
vn -0.689298 -0.250536 -0.679780
vn -0.659644 -0.255310 -0.706885
vn -0.664297 -0.257111 -0.701858
vn -0.653670 -0.248541 -0.714803
vn -0.661958 -0.065569 -0.746667
vn -0.682961 -0.056210 -0.728289
vn -0.658084 -0.042881 -0.751723
vn -0.663333 -0.065705 -0.745434
vn -0.665456 -0.067425 -0.743386
vn -0.645754 -0.131555 -0.752127
vn -0.630084 -0.117128 -0.767642
vn -0.650952 -0.109098 -0.751239
vn -0.651488 -0.109188 -0.750760
vn -0.661350 -0.041426 -0.748933
vn -0.652603 -0.110148 -0.749651
vn -0.679608 0.000221 -0.733575
vn -0.701765 0.022739 -0.712046
vn -0.710115 0.000231 -0.704086
vn -0.714339 0.051588 -0.697895
vn -0.641640 -0.175970 -0.746547
vn -0.671831 -0.135112 -0.728277
vn -0.658526 -0.064394 -0.749798
vn -0.658455 -0.064387 -0.749861
vn -0.679472 -0.054460 -0.731677
vn -0.659009 -0.064766 -0.749342
vn -0.636246 -0.118019 -0.762406
vn -0.652162 -0.132008 -0.746498
vn -0.677974 -0.240669 -0.694571
vn -0.670199 -0.232835 -0.704713
vn -0.680723 -0.246515 -0.689816
vn -0.657431 -0.109336 -0.745540
vn -0.711665 -0.204081 -0.672223
vn -0.703570 -0.194120 -0.683599
vn -0.695687 -0.246958 -0.674560
vn -0.659226 -0.109635 -0.743910
vn -0.662206 -0.112088 -0.740891
vn -0.665522 -0.040848 -0.745260
vn -0.662768 -0.180871 -0.726653
vn -0.690417 -0.137948 -0.710137
vn -0.694211 0.002874 -0.719766
vn -0.645569 -0.029577 -0.763129
vn -0.663220 -0.042380 -0.747224
vn -0.665248 -0.019228 -0.746375
vn -0.755713 0.100626 -0.647126
vn -0.663990 -0.018825 -0.747504
vn -0.664558 -0.019208 -0.746990
vn -0.668507 0.049965 -0.742025
vn -0.660078 -0.062882 -0.748560
vn -0.661380 -0.063835 -0.747330
vn -0.662582 -0.063951 -0.746254
vn -0.683786 -0.053349 -0.727730
vn -0.731759 0.093832 -0.675073
vn -0.694445 0.094177 -0.713356
vn -0.717954 0.115108 -0.686507
vn -0.666022 -0.133943 -0.733807
vn -0.649716 -0.120229 -0.750609
vn -0.734254 0.169096 -0.657478
vn -0.671404 -0.110793 -0.732763
vn -0.674464 -0.111299 -0.729870
vn -0.679496 -0.115271 -0.724567
vn -0.677253 -0.040715 -0.734623
vn -0.709002 -0.125678 -0.693917
vn -0.696343 -0.181447 -0.694394
vn -0.696452 -0.176364 -0.695594
vn -0.708651 -0.184655 -0.680967
vn -0.668859 0.026558 -0.742915
vn -0.688514 0.038836 -0.724183
vn -0.672437 0.025253 -0.739724
vn -0.670175 0.026611 -0.741725
vn -0.644670 -0.029297 -0.763900
vn -0.662336 -0.041488 -0.748057
vn -0.725848 0.189045 -0.661368
vn -0.788847 0.205453 -0.579232
vn -0.722044 0.190075 -0.665225
vn -0.741648 0.172488 -0.648234
vn -0.748278 0.239806 -0.618525
vn -0.664402 -0.018368 -0.747150
vn -0.666318 -0.019232 -0.745419
vn -0.664999 -0.018385 -0.746618
vn -0.665268 0.050564 -0.744891
vn -0.682160 -0.136298 -0.718388
vn -0.672795 -0.128246 -0.728628
vn -0.720232 0.235654 -0.652482
vn -0.728568 0.159539 -0.666135
vn -0.674256 -0.064223 -0.735700
vn -0.695806 -0.052831 -0.716284
vn -0.671784 -0.063987 -0.737978
vn -0.657208 -0.040338 -0.752629
vn -0.668527 -0.061713 -0.741123
vn -0.690763 -0.117646 -0.713447
vn -0.655797 0.060648 -0.752497
vn -0.674183 0.073277 -0.734920
vn -0.691607 -0.049607 -0.720569
vn -0.700566 -0.119316 -0.703541
vn -0.710123 -0.127696 -0.692401
vn -0.672237 0.073065 -0.736722
vn -0.669806 0.074322 -0.738807
vn -0.666031 0.027012 -0.745435
vn -0.665585 0.027265 -0.745824
vn -0.665570 0.027264 -0.745837
vn -0.685172 0.040110 -0.727276
vn -0.687419 -0.071278 -0.722755
vn -0.693173 -0.075469 -0.716810
vn -0.691166 -0.075250 -0.718768
vn -0.703559 0.225129 -0.674033
vn -0.706701 0.223699 -0.671217
vn -0.667279 0.142580 -0.731033
vn -0.676253 0.120855 -0.726689
vn -0.673685 0.120396 -0.729146
vn -0.691831 0.134980 -0.709331
vn -0.680441 0.118957 -0.723083
vn -0.647624 0.060135 -0.759583
vn -0.667029 0.049855 -0.743362
vn -0.665835 0.073216 -0.742498
vn -0.673269 -0.040475 -0.738288
vn -0.668175 -0.032231 -0.743306
vn -0.679853 -0.045334 -0.731946
vn -0.659349 0.142618 -0.738187
vn -0.664681 0.073404 -0.743513
vn -0.665207 0.073147 -0.743067
vn -0.660861 0.005226 -0.750490
vn -0.681630 0.005390 -0.731677
vn -0.682098 0.052705 -0.729359
vn -0.686740 0.022140 -0.726566
vn -0.699355 -0.055266 -0.712634
vn -0.720844 -0.056964 -0.690753
vn -0.690791 -0.033322 -0.722286
vn -0.666524 0.118569 -0.735994
vn -0.662948 0.119337 -0.739093
vn -0.664184 0.119559 -0.737946
vn -0.680849 0.134339 -0.719998
vn -0.666368 0.050647 -0.743901
vn -0.647025 0.060327 -0.760079
vn -0.699008 0.245312 -0.671722
vn -0.708273 0.240604 -0.663672
vn -0.658405 0.090140 -0.747247
vn -0.695999 0.016003 -0.717865
vn -0.681388 0.012018 -0.731823
vn -0.687299 0.008282 -0.726327
vn -0.684658 0.008250 -0.728817
vn -0.665217 0.073994 -0.742975
vn -0.656402 0.142844 -0.740764
vn -0.665866 0.074066 -0.742386
vn -0.667379 0.073370 -0.741095
vn -0.717260 0.051946 -0.694867
vn -0.662549 0.051195 -0.747267
vn -0.665323 0.048186 -0.744999
vn -0.696621 0.373741 -0.612402
vn -0.680248 0.302178 -0.667795
vn -0.692154 0.374206 -0.617165
vn -0.709886 0.257611 -0.655514
vn -0.645186 0.139554 -0.751173
vn -0.659897 0.119643 -0.741769
vn -0.677717 0.135214 -0.722784
vn -0.659939 0.119651 -0.741730
vn -0.660284 0.119491 -0.741449
vn -0.677867 0.250207 -0.691298
vn -0.643012 0.185577 -0.743032
vn -0.661218 0.241498 -0.710260
vn -0.674400 0.107800 -0.730454
vn -0.662353 0.162014 -0.731464
vn -0.662072 0.105829 -0.741931
vn -0.653211 0.142149 -0.743713
vn -0.639029 0.147410 -0.754925
vn -0.636057 0.184436 -0.749276
vn -0.650415 0.238479 -0.721171
vn -0.663274 0.192327 -0.723242
vn -0.652000 0.162815 -0.740532
vn -0.661499 0.162863 -0.732048
vn -0.657826 0.164270 -0.735037
vn -0.630476 0.225669 -0.742680
vn -0.657396 0.360623 -0.661651
vn -0.672340 0.349976 -0.652285
vn -0.650897 0.448655 -0.612407
vn -0.658151 0.345321 -0.669022
vn -0.646873 0.352737 -0.676116
vn -0.645524 0.203383 -0.736162
vn -0.645834 0.203295 -0.735914
vn -0.640616 0.201652 -0.740910
vn -0.654300 0.218674 -0.723929
vn -0.627313 0.230009 -0.744026
vn -0.617822 0.236229 -0.749994
vn -0.612666 0.294108 -0.733581
vn -0.632963 0.242018 -0.735381
vn -0.628799 0.229564 -0.742908
vn -0.625042 0.332263 -0.706345
vn -0.614874 0.274134 -0.739446
vn -0.619399 0.415971 -0.665818
vn -0.613030 0.443022 -0.654160
vn -0.642090 0.413480 -0.645565
vn -0.598934 0.332585 -0.728467
vn -0.611282 0.351831 -0.708907
vn -0.579069 0.418454 -0.699697
vn -0.604086 0.350634 -0.715636
vn -0.608576 0.350274 -0.711999
vn -0.610202 0.430875 -0.664831
vn -0.619684 0.429041 -0.657203
vn -0.597485 0.317614 -0.736297
vn -0.590015 0.362870 -0.721254
vn -0.622473 0.301855 -0.722088
vn -0.609689 0.295576 -0.735468
vn -0.622674 0.301871 -0.721908
vn -0.572230 0.552052 -0.606459
vn -0.576330 0.479330 -0.661880
vn -0.561715 0.431664 -0.705792
vn -0.595401 0.383237 -0.706135
vn -0.575460 0.370402 -0.729142
vn -0.546719 0.510870 -0.663408
vn -0.543127 0.588013 -0.599378
vn -0.531057 0.541130 -0.652041
vn -0.574672 0.509699 -0.640280
vn -0.570639 0.412363 -0.710161
vn -0.551824 0.412447 -0.724829
vn -0.559143 0.432267 -0.707463
vn -0.519357 0.488464 -0.701193
vn -0.561163 0.433828 -0.704904
vn -0.514586 0.488162 -0.704911
vn -0.557887 0.433900 -0.707455
vn -0.551642 0.519681 -0.652398
vn -0.494877 0.585756 -0.641862
vn -0.549880 0.520866 -0.652940
vn -0.528707 0.486961 -0.695225
vn -0.534995 0.492753 -0.686276
vn -0.540197 0.494783 -0.680718
vn -0.479893 0.560685 -0.674785
vn -0.492698 0.567761 -0.659467
vn -0.485522 0.566258 -0.666048
vn -0.498246 0.557276 -0.664225
vn -0.428682 0.616063 -0.660832
vn -0.363716 -0.610078 -0.703929
vn -0.388983 -0.591514 -0.706260
vn -0.393941 -0.596090 -0.699634
vn -0.344497 -0.652626 -0.674834
vn -0.389091 -0.605575 -0.694181
vn -0.343225 -0.646625 -0.681229
vn -0.341781 -0.639298 -0.688828
vn -0.345566 -0.637694 -0.688426
vn -0.391420 -0.613922 -0.685485
vn -0.360638 -0.644062 -0.674629
vn -0.391422 -0.613918 -0.685488
vn -0.351000 -0.707835 -0.613000
vn -0.347555 -0.690687 -0.634159
vn -0.356152 -0.672938 -0.648313
vn -0.386669 -0.670386 -0.633300
vn -0.390098 -0.633694 -0.668024
vn -0.391757 -0.639287 -0.661694
vn -0.471322 -0.542445 -0.695420
vn -0.468024 -0.540576 -0.699093
vn -0.432837 -0.581133 -0.689156
vn -0.452485 -0.590427 -0.668322
vn -0.477359 -0.558329 -0.678526
vn -0.478039 -0.555218 -0.680596
vn -0.433988 -0.592435 -0.678731
vn -0.472212 -0.547518 -0.690825
vn -0.433840 -0.594193 -0.677286
vn -0.432495 -0.590705 -0.681187
vn -0.453139 -0.619795 -0.640718
vn -0.455098 -0.653843 -0.604463
vn -0.483535 -0.611780 -0.626034
vn -0.482982 -0.580034 -0.655964
vn -0.481718 -0.577536 -0.659090
vn -0.447974 -0.636090 -0.628259
vn -0.487752 -0.466930 -0.737614
vn -0.539249 -0.437556 -0.719552
vn -0.483921 -0.455401 -0.747282
vn -0.534735 -0.426833 -0.729295
vn -0.532666 -0.418429 -0.735652
vn -0.479849 -0.447808 -0.754462
vn -0.515035 -0.407003 -0.754379
vn -0.519018 -0.419738 -0.744607
vn -0.531518 -0.379283 -0.757386
vn -0.544726 -0.358261 -0.758237
vn -0.558485 -0.393429 -0.730279
vn -0.559176 -0.363819 -0.744955
vn -0.514267 -0.519300 -0.682537
vn -0.546137 -0.475164 -0.689894
vn -0.542020 -0.473775 -0.694084
vn -0.517175 -0.530591 -0.671567
vn -0.517155 -0.530248 -0.671853
vn -0.547609 -0.479547 -0.685681
vn -0.516418 -0.529036 -0.673374
vn -0.551124 -0.584145 -0.595850
vn -0.565368 -0.507794 -0.650004
vn -0.539994 -0.566857 -0.622157
vn -0.542362 -0.552435 -0.632976
vn -0.571709 -0.539189 -0.618404
vn -0.565353 -0.507775 -0.650031
vn -0.595379 -0.554705 -0.581228
vn -0.595224 -0.495238 -0.632809
vn -0.595837 -0.434105 -0.675670
vn -0.621798 -0.468245 -0.627785
vn -0.587631 -0.531046 -0.610475
vn -0.619031 -0.486395 -0.616620
vn -0.586859 -0.445863 -0.675872
vn -0.611356 -0.397555 -0.684247
vn -0.606526 -0.396917 -0.688900
vn -0.591585 -0.456913 -0.664272
vn -0.591619 -0.455226 -0.665399
vn -0.618054 -0.405871 -0.673259
vn -0.618528 -0.439443 -0.651393
vn -0.591135 -0.454687 -0.666198
vn -0.613285 -0.401299 -0.680324
vn -0.643126 -0.399161 -0.653498
vn -0.641391 -0.397656 -0.656116
vn -0.664732 -0.316746 -0.676612
vn -0.664221 -0.316590 -0.677186
vn -0.623127 -0.337873 -0.705376
vn -0.638424 -0.367075 -0.676514
vn -0.669611 -0.324901 -0.667878
vn -0.658345 -0.378722 -0.650501
vn -0.652071 -0.360325 -0.667061
vn -0.648641 -0.301839 -0.698683
vn -0.668027 -0.379361 -0.640175
vn -0.656307 -0.370480 -0.657271
vn -0.628031 -0.228143 -0.743994
vn -0.666370 -0.182753 -0.722878
vn -0.629348 -0.226806 -0.743290
vn -0.654720 -0.169552 -0.736610
vn -0.621053 -0.220155 -0.752213
vn -0.620540 -0.209384 -0.755704
vn -0.659121 -0.175641 -0.731239
vn -0.686180 -0.291592 -0.666432
vn -0.671104 -0.316251 -0.670525
vn -0.676616 -0.350577 -0.647524
vn -0.671272 -0.343869 -0.656619
vn -0.649630 -0.235916 -0.722721
vn -0.685728 -0.187137 -0.703389
vn -0.677026 -0.178929 -0.713877
vn -0.634250 -0.221239 -0.740798
vn -0.641241 -0.226685 -0.733092
vn -0.671572 -0.171880 -0.720728
vn -0.707380 -0.360811 -0.607807
vn -0.687978 -0.348753 -0.636442
vn -0.716787 -0.288878 -0.634638
vn -0.702433 -0.268124 -0.659316
vn -0.688016 -0.293588 -0.663656
vn -0.711637 -0.269809 -0.648672
vn -0.695144 -0.339271 -0.633775
vn -0.663076 -0.001538 -0.748551
vn -0.691602 0.040317 -0.721153
vn -0.676744 0.063801 -0.733449
vn -0.656765 0.002719 -0.754091
vn -0.692587 0.054879 -0.719243
vn -0.714595 0.177776 -0.676572
vn -0.722493 0.192883 -0.663928
vn -0.700394 0.195074 -0.686582
vn -0.716957 0.128797 -0.685116
vn -0.695165 0.134921 -0.706075
vn -0.694571 0.134553 -0.706730
vn -0.717980 0.177993 -0.672921
vn -0.711499 0.181909 -0.678733
vn -0.699608 0.131918 -0.702243
vn -0.707704 0.151218 -0.690137
vn -0.682684 0.088678 -0.725313
vn -0.675402 0.092480 -0.731628
vn -0.675754 0.166883 -0.717988
vn -0.695307 0.140629 -0.704821
vn -0.688463 0.176994 -0.703343
vn -0.708946 0.150677 -0.688979
vn -0.700944 0.298614 -0.647694
vn -0.688666 0.326321 -0.647498
vn -0.696772 0.259937 -0.668536
vn -0.713454 0.327772 -0.619314
vn -0.720109 0.261760 -0.642592
vn -0.722563 0.259415 -0.640786
vn -0.654992 0.136314 -0.743239
vn -0.678898 0.195934 -0.707607
vn -0.671898 0.198180 -0.713637
vn -0.652735 0.150901 -0.742406
vn -0.670198 0.130070 -0.730696
vn -0.683704 0.177012 -0.707966
vn -0.666190 0.253258 -0.701463
vn -0.666740 0.254036 -0.700659
vn -0.659640 0.185692 -0.728281
vn -0.649033 0.289363 -0.703580
vn -0.633705 0.226681 -0.739618
vn -0.641624 0.290638 -0.709823
vn -0.625915 0.228604 -0.745635
vn -0.619555 0.318911 -0.717250
vn -0.647828 0.386692 -0.656345
vn -0.624822 0.382787 -0.680494
vn -0.637234 0.322780 -0.699818
vn -0.637011 0.322536 -0.700133
vn -0.647272 0.370912 -0.665930
vn -0.639743 0.372953 -0.672038
vn -0.642194 0.321163 -0.696018
vn -0.638629 0.274776 -0.718784
vn -0.631030 0.276316 -0.724880
vn -0.642688 0.327296 -0.692697
vn -0.618254 0.345489 -0.705974
vn -0.609306 0.348760 -0.712118
vn -0.636437 0.328465 -0.697896
vn -0.647099 0.342011 -0.681389
vn -0.619030 0.362126 -0.696898
vn -0.599690 0.514866 -0.612605
vn -0.630610 0.451749 -0.631073
vn -0.617379 0.457788 -0.639744
vn -0.595867 0.482830 -0.641730
vn -0.602627 0.444714 -0.662623
vn -0.575683 0.506753 -0.641709
vn -0.587541 0.480442 -0.651131
vn -0.558930 0.475312 -0.679468
vn -0.601026 0.412918 -0.684300
vn -0.584525 0.472752 -0.659421
vn -0.588472 0.411687 -0.695855
vn -0.598849 0.409278 -0.688383
vn -0.583824 0.463633 -0.666479
vn -0.572822 0.465473 -0.674693
vn -0.595058 0.405905 -0.693648
vn -0.558753 0.457456 -0.691758
vn -0.569536 0.464422 -0.678189
vn -0.592237 0.405242 -0.696444
vn -0.601665 0.418516 -0.680326
vn -0.593843 0.405221 -0.695087
vn -0.590506 0.403449 -0.698950
vn -0.523591 0.522107 -0.673243
vn -0.492608 0.548659 -0.675508
vn -0.547500 0.492648 -0.676419
vn -0.516700 0.546934 -0.658698
vn -0.522880 0.550442 -0.650854
vn -0.552599 0.495047 -0.670494
vn -0.468795 0.591947 -0.655614
vn -0.489163 0.605760 -0.627515
vn -0.481852 0.606901 -0.632052
vn -0.471638 0.613833 -0.633062
vn -0.445873 0.656635 -0.608299
vn -0.427291 0.641816 -0.636785
vn -0.577553 -0.430218 -0.693790
vn -0.581534 -0.443786 -0.681816
vn -0.550139 -0.483066 -0.681171
vn -0.537125 -0.489652 -0.686832
vn -0.557151 -0.517240 -0.649650
vn -0.559177 -0.493403 -0.666240
vn -0.706598 0.086272 -0.702336
vn -0.700630 0.091282 -0.707662
vn -0.706880 0.086157 -0.702067
vn -0.656416 0.047405 -0.752909
vn -0.682449 0.034954 -0.730097
vn -0.655470 0.282185 -0.700522
vn -0.653819 0.222460 -0.723210
vn -0.647583 0.258015 -0.716983
vn -0.672672 0.219001 -0.706789
vn -0.662430 0.278962 -0.695246
vn -0.663168 0.278879 -0.694575
vn -0.755068 -0.655294 0.021506
vn -0.796783 -0.600693 0.065614
vn -0.794137 -0.603787 0.069195
vn -0.908984 -0.416314 -0.020762
vn -0.881833 -0.470101 0.037098
vn -0.879176 -0.468268 0.088170
vn -0.938518 -0.344425 0.023557
vn -0.914200 -0.393345 0.097564
vn -0.964983 -0.258479 0.044680
vn -0.950276 -0.296650 0.094736
vn -0.975247 -0.207017 0.077706
vn -0.964478 -0.233554 0.123427
vn -0.987053 -0.139891 0.078469
vn 0.099949 0.871220 0.480609
vn 0.701776 -0.124470 0.701439
vn 0.651970 -0.162832 0.740555
vn 0.670345 -0.065239 0.739176
vn 0.676911 -0.113567 0.727251
vn 0.666807 -0.216508 0.713087
vn 0.665641 -0.166247 0.727520
vn 0.672990 -0.059174 0.737281
vn 0.664808 -0.012295 0.746913
vn 0.665897 -0.111719 0.737632
vn 0.668976 -0.160474 0.725754
vn 0.691466 -0.060798 0.719846
vn 0.657522 0.039518 0.752398
vn 0.667204 -0.006123 0.744850
vn 0.654037 -0.212362 0.726043
vn 0.651576 -0.262639 0.711667
vn 0.642686 -0.101679 0.759352
vn 0.687718 -0.006312 0.725950
vn 0.659675 0.045819 0.750153
vn 0.648558 0.090440 0.755773
vn 0.658227 -0.157895 0.736075
vn 0.657791 -0.206827 0.724247
vn 0.687489 -0.108767 0.718003
vn 0.640871 -0.050338 0.765996
vn 0.674008 -0.211926 0.707673
vn 0.639238 -0.257666 0.724557
vn 0.633153 -0.307700 0.710238
vn 0.650466 0.096890 0.753330
vn 0.651267 0.198325 0.732474
vn 0.637938 0.140698 0.757125
vn 0.635714 -0.146247 0.757944
vn 0.687659 -0.054013 0.724022
vn 0.663219 0.000091 0.748426
vn 0.655294 0.045515 0.754002
vn 0.674824 0.100518 0.731101
vn 0.618014 -0.242445 0.747849
vn 0.614651 0.141579 0.775989
vn 0.637592 -0.094794 0.764520
vn 0.621301 -0.301941 0.723061
vn 0.611613 -0.351469 0.708801
vn 0.631980 0.049814 0.773382
vn 0.653318 -0.150296 0.742015
vn 0.651277 -0.198132 0.732517
vn 0.625034 -0.359182 0.693052
vn 0.627039 0.197347 0.753575
vn 0.611602 0.240123 0.753846
vn 0.663594 -0.045908 0.746683
vn 0.658920 0.000090 0.752213
vn 0.625841 -0.296972 0.721201
vn 0.633317 -0.248448 0.732928
vn 0.639506 0.147304 0.754542
vn 0.650396 0.103081 0.752568
vn 0.657019 -0.144718 0.739854
vn 0.657295 -0.097723 0.747271
vn 0.563833 -0.378160 0.734226
vn 0.595713 0.289708 0.749130
vn 0.612723 0.247175 0.750650
vn 0.661750 0.006255 0.749698
vn 0.655534 0.051670 0.753396
vn 0.637634 -0.243312 0.730905
vn 0.643114 -0.195649 0.740355
vn 0.600064 -0.402459 0.691340
vn 0.628978 0.197957 0.751798
vn 0.641392 0.154043 0.751589
vn 0.659400 -0.045618 0.750407
vn 0.660782 -0.091959 0.744924
vn 0.605200 -0.340324 0.719662
vn 0.616166 -0.292382 0.731336
vn 0.655676 -0.250196 0.712384
vn 0.577820 0.339462 0.742220
vn 0.596533 0.297009 0.745610
vn 0.658138 0.058049 0.750656
vn 0.650389 0.103080 0.752574
vn 0.650869 -0.143363 0.745531
vn 0.647220 -0.190330 0.738160
vn 0.537432 -0.417098 0.732937
vn 0.616580 0.248731 0.746969
vn 0.630600 0.204943 0.748560
vn 0.662676 -0.039646 0.747856
vn 0.659700 0.006236 0.751503
vn 0.596406 -0.276229 0.753656
vn 0.652758 0.109698 0.749582
vn 0.643449 0.154537 0.749728
vn 0.687840 -0.041151 0.724695
vn 0.654774 -0.137841 0.743149
vn 0.656711 -0.091392 0.748584
vn 0.581555 -0.382240 0.718113
vn 0.595967 -0.335132 0.729733
vn 0.617917 0.255988 0.743403
vn 0.602173 0.299817 0.739931
vn 0.658216 0.058056 0.750587
vn 0.681822 0.114582 0.722488
vn 0.662763 0.012439 0.748726
vn 0.641275 -0.188581 0.743776
vn 0.634256 -0.235279 0.736453
vn 0.677581 -0.142642 0.721483
vn 0.549455 -0.426429 0.718510
vn 0.529278 -0.472900 0.704436
vn 0.634632 0.206253 0.744783
vn 0.645570 0.161421 0.746447
vn 0.634561 -0.082293 0.768480
vn 0.601010 -0.330638 0.727644
vn 0.613310 -0.284058 0.736995
vn 0.635194 0.061993 0.769861
vn 0.685611 -0.088913 0.722518
vn 0.620258 -0.176141 0.764366
vn 0.509891 0.491207 0.706206
vn 0.534890 0.448277 0.716199
vn 0.555009 -0.422514 0.716552
vn 0.572803 -0.376488 0.728117
vn 0.636484 0.213430 0.741172
vn 0.623809 0.258429 0.737616
vn 0.662929 0.012442 0.748579
vn 0.664230 -0.033533 0.746776
vn 0.628542 -0.233160 0.742005
vn 0.618171 -0.279346 0.734732
vn 0.649760 0.162469 0.742574
vn 0.657538 0.116810 0.744311
vn 0.629306 -0.126370 0.766815
vn 0.691780 -0.034924 0.721264
vn 0.481499 0.542896 0.688058
vn 0.509128 0.499699 0.700778
vn 0.593819 -0.326682 0.735294
vn 0.578174 -0.372353 0.725994
vn 0.625366 0.265926 0.733622
vn 0.610803 0.311247 0.728042
vn 0.666237 0.018714 0.745505
vn 0.663331 0.064740 0.745521
vn 0.633231 -0.228212 0.739553
vn 0.680068 -0.136563 0.720318
vn 0.641813 -0.182262 0.744887
vn 0.566804 0.411810 0.713545
vn 0.544755 0.456544 0.703427
vn 0.652123 0.169529 0.738915
vn 0.642603 0.215482 0.735275
vn 0.636556 -0.076530 0.767424
vn 0.449600 0.595102 0.666118
vn 0.480199 0.551699 0.681937
vn 0.612710 -0.276878 0.740219
vn 0.599025 -0.322314 0.732996
vn 0.661870 0.117579 0.740340
vn 0.666427 0.071314 0.742152
vn 0.620991 -0.170115 0.765134
vn 0.519900 0.510271 0.685075
vn 0.544580 0.465102 0.697935
vn 0.668602 0.018780 0.743383
vn 0.668243 -0.027498 0.743435
vn 0.447687 0.604190 0.659189
vn 0.413739 0.647642 0.639828
vn 0.617761 -0.272260 0.737730
vn 0.629636 -0.226916 0.743013
vn 0.577264 0.419409 0.700616
vn 0.596235 0.373072 0.710860
vn 0.664736 0.124486 0.736634
vn 0.658444 0.171172 0.732907
vn 0.657590 -0.125689 0.742818
vn 0.698277 -0.028734 0.715251
vn 0.662848 -0.079690 0.744501
vn 0.519205 0.519174 0.678885
vn 0.491550 0.564740 0.662908
vn 0.635067 0.277063 0.721059
vn 0.621596 0.324076 0.713157
vn 0.644712 -0.176612 0.743744
vn 0.634539 -0.222027 0.740313
vn 0.577681 0.427990 0.695060
vn 0.556091 0.474933 0.682057
vn 0.640879 -0.071000 0.764351
vn 0.490258 0.573964 0.655905
vn 0.459240 0.619782 0.636371
vn 0.607243 0.379960 0.697772
vn 0.623019 0.332235 0.708144
vn 0.658012 -0.125770 0.742430
vn 0.649472 -0.171429 0.740809
vn 0.531451 0.531418 0.659663
vn 0.556009 0.483892 0.675798
vn 0.645016 0.281404 0.710469
vn 0.655221 0.233379 0.718485
vn 0.674717 -0.021471 0.737764
vn 0.676729 0.025319 0.735797
vn 0.608256 0.388526 0.692150
vn 0.589881 0.437029 0.679003
vn 0.669508 0.180723 0.720485
vn 0.674359 0.132801 0.726363
vn 0.662629 -0.120266 0.739229
vn 0.669566 -0.074178 0.739039
vn 0.502865 0.588724 0.632875
vn 0.530789 0.540738 0.652583
vn 0.647010 0.289477 0.705394
vn 0.634529 0.338372 0.694894
vn 0.680882 0.079283 0.728089
vn 0.680568 0.031813 0.731994
vn 0.569093 0.495279 0.656378
vn 0.590417 0.446003 0.672673
vn 0.665509 0.237044 0.707749
vn 0.672372 0.188232 0.715880
vn 0.668068 0.244991 0.702613
vn 0.658967 0.294827 0.691982
vn 0.683664 -0.015384 0.729635
vn 0.687325 0.032129 0.725639
vn 0.622242 0.405670 0.669512
vn 0.604277 0.456473 0.653056
vn 0.686415 0.141830 0.713245
vn 0.682952 0.191194 0.704997
vn 0.661166 0.303234 0.686228
vn 0.649542 0.354189 0.672789
vn 0.691448 0.038779 0.721384
vn 0.693345 0.087287 0.715300
vn 0.686068 0.198976 0.699799
vn 0.680418 0.249520 0.689036
vn 0.697258 0.094386 0.710579
vn 0.697239 0.144067 0.702213
vn 0.683202 0.257786 0.683214
vn 0.675083 0.309617 0.669626
vn 0.698755 0.202656 0.686055
vn 0.700900 0.151644 0.696952
vn 0.677465 0.318381 0.663080
vn 0.666525 0.371546 0.646295
vn 0.700551 0.271814 0.659807
vn 0.693246 0.325797 0.642857
vn 0.713019 -0.311460 0.628169
vn 0.706622 -0.246998 0.663082
vn 0.732129 -0.169773 0.659669
vn 0.692086 -0.256589 0.674669
vn 0.761712 -0.281030 0.583795
vn 0.694697 -0.256305 0.672089
vn 0.691693 -0.178570 0.699767
vn 0.706010 -0.233970 0.668437
vn 0.694651 -0.357555 0.624190
vn 0.674685 -0.303229 0.672943
vn 0.706775 -0.212321 0.674824
vn 0.699480 -0.220611 0.679749
vn 0.691969 -0.275123 0.667447
vn 0.674155 -0.279262 0.683760
vn 0.686194 -0.082360 0.722741
vn 0.686543 -0.121768 0.716821
vn 0.711119 -0.153421 0.686128
vn 0.673059 -0.148509 0.724525
vn 0.665796 -0.361737 0.652580
vn 0.676659 -0.285337 0.678760
vn 0.640284 -0.340890 0.688354
vn 0.659588 -0.204326 0.723322
vn 0.685949 -0.197936 0.700211
vn 0.679793 -0.269980 0.681904
vn 0.683182 -0.275116 0.676442
vn 0.674779 -0.007453 0.737982
vn 0.678769 -0.063508 0.731601
vn 0.693264 -0.064864 0.717759
vn 0.677415 -0.065927 0.732641
vn 0.647260 -0.338646 0.682915
vn 0.672953 0.000117 0.739685
vn 0.661076 0.064569 0.747536
vn 0.678221 0.000118 0.734858
vn 0.665389 -0.012306 0.746395
vn 0.665950 0.044377 0.744676
vn 0.650541 0.043350 0.758233
vn 0.664726 0.039951 0.746019
vn 0.655527 -0.327449 0.680487
vn 0.639051 -0.258832 0.724307
vn 0.688303 -0.243685 0.683269
vn 0.660129 -0.332369 0.673618
vn 0.666216 -0.277656 0.692144
vn 0.607216 -0.495512 0.621093
vn 0.671458 -0.289263 0.682254
vn 0.634596 -0.337464 0.695274
vn 0.643111 -0.362072 0.674768
vn 0.631118 -0.289724 0.719548
vn 0.636801 0.132917 0.759485
vn 0.649777 0.086868 0.755145
vn 0.660281 0.088273 0.745813
vn 0.651097 0.090794 0.753545
vn 0.604827 -0.413892 0.680351
vn 0.651702 -0.362700 0.666132
vn 0.616478 0.200321 0.761464
vn 0.640478 0.147512 0.753676
vn 0.637475 0.146820 0.756353
vn 0.634943 0.140037 0.759761
vn 0.575918 -0.495319 0.650367
vn 0.605624 -0.421814 0.674753
vn 0.593508 0.266890 0.759287
vn 0.617599 0.204365 0.759478
vn 0.554136 -0.470340 0.686814
vn 0.627045 0.188984 0.755711
vn 0.589840 0.177771 0.787709
vn 0.613888 -0.413605 0.672364
vn 0.648874 -0.336607 0.682392
vn 0.602777 -0.388436 0.696977
vn 0.605582 -0.339007 0.719961
vn 0.613757 0.216738 0.759162
vn 0.629782 0.222397 0.744254
vn 0.616371 0.187699 0.764759
vn 0.563670 -0.469311 0.679723
vn 0.587011 0.254070 0.768678
vn 0.603512 0.245398 0.758652
vn 0.610776 0.248351 0.751847
vn 0.574098 0.337144 0.746154
vn 0.588010 0.266448 0.763708
vn 0.600585 0.235798 0.764001
vn 0.614464 0.278435 0.738179
vn 0.596353 -0.412918 0.688376
vn 0.575424 -0.459145 0.676811
vn 0.627163 -0.382749 0.678358
vn 0.579332 -0.465042 0.669410
vn 0.573804 -0.388314 0.721084
vn 0.591870 0.302283 0.747204
vn 0.555852 0.283888 0.781304
vn 0.490720 -0.614696 0.617530
vn 0.529652 0.393862 0.751227
vn 0.561670 0.339285 0.754595
vn 0.578110 0.281147 0.765993
vn 0.541298 0.309153 0.781934
vn 0.597583 0.341300 0.725540
vn 0.559804 -0.416967 0.716071
vn 0.601154 -0.424090 0.677320
vn 0.552324 -0.465079 0.691838
vn 0.556234 -0.490672 0.670705
vn 0.566370 0.332735 0.753998
vn 0.571749 0.362980 0.735764
vn 0.557742 0.354088 0.750697
vn 0.506151 -0.534190 0.677091
vn 0.496128 0.460171 0.736274
vn 0.529669 0.393920 0.751185
vn 0.551554 0.387457 0.738692
vn 0.542614 0.381177 0.748515
vn 0.521157 0.387590 0.760375
vn 0.505410 -0.542340 0.671139
vn 0.460304 -0.608447 0.646462
vn 0.527997 0.409039 0.744249
vn 0.568933 -0.466061 0.677571
vn 0.524265 -0.460066 0.716579
vn 0.541214 -0.486625 0.685772
vn 0.516783 -0.535199 0.668205
vn 0.515122 -0.528249 0.674983
vn 0.417706 -0.666324 0.617684
vn 0.447150 -0.586863 0.675017
vn 0.514112 0.438203 0.737337
vn 0.492590 0.444958 0.747909
vn 0.528652 0.409546 0.743505
vn 0.520425 0.443584 0.729652
vn 0.543178 0.379388 0.749014
vn 0.531319 0.436924 0.725809
vn 0.550699 0.403131 0.730901
vn 0.435949 -0.587497 0.681759
vn 0.490133 0.472478 0.732485
vn 0.450661 0.519488 0.725973
vn 0.511935 0.447931 0.732995
vn 0.477080 0.440113 0.760720
vn 0.530543 0.489434 0.692083
vn 0.494765 -0.530033 0.688674
vn 0.537101 -0.503230 0.676966
vn 0.505997 -0.487643 0.711457
vn 0.490959 -0.557491 0.669450
vn 0.497271 0.479050 0.723348
vn 0.484819 0.491118 0.723708
vn 0.496744 0.503197 0.707133
vn 0.374320 -0.645940 0.665316
vn 0.443716 -0.590378 0.674218
vn 0.432462 -0.621071 0.653642
vn 0.406529 0.586434 0.700592
vn 0.451193 0.526777 0.720368
vn 0.474168 0.527491 0.704924
vn 0.464251 0.516458 0.719543
vn 0.444000 0.518379 0.730853
vn 0.555056 0.387685 0.735944
vn 0.577946 0.341348 0.741256
vn 0.580705 0.348474 0.735763
vn 0.409164 -0.613004 0.675878
vn 0.446936 0.546533 0.708202
vn 0.560583 0.399365 0.725434
vn 0.556604 0.392635 0.732140
vn 0.558982 0.394313 0.729422
vn 0.532229 0.437673 0.724690
vn 0.534879 0.448556 0.716032
vn 0.406289 0.576918 0.708586
vn 0.426719 0.574630 0.698363
vn 0.362482 -0.644332 0.673382
vn 0.467574 0.527195 0.709535
vn 0.469403 0.546461 0.693572
vn 0.448371 0.548288 0.705935
vn 0.432784 0.582797 0.687783
vn 0.350785 0.645548 0.678393
vn 0.397637 0.606711 0.688322
vn 0.602428 0.301676 0.738967
vn 0.605706 0.308650 0.733386
vn 0.582757 0.349705 0.733553
vn 0.433341 0.573581 0.695140
vn 0.429386 0.615156 0.661219
vn 0.432936 0.633519 0.641265
vn 0.392009 0.573630 0.719220
vn 0.398035 0.645217 0.652122
vn 0.388747 0.630161 0.672141
vn 0.420618 -0.588117 0.690796
vn 0.436073 -0.586787 0.682291
vn 0.563396 0.401369 0.722141
vn 0.589124 0.361032 0.722903
vn 0.566813 0.412099 0.713371
vn 0.584655 0.354557 0.729704
vn 0.587167 0.356081 0.726940
vn 0.349509 0.662910 0.662113
vn 0.292253 0.712307 0.638128
vn 0.348638 0.661259 0.664220
vn 0.345677 0.623805 0.700982
vn 0.384660 0.694153 0.608431
vn 0.394670 0.617793 0.680123
vn 0.339243 0.685950 0.643729
vn 0.229084 0.793862 0.563296
vn 0.294976 0.698001 0.652521
vn 0.303660 0.718549 0.625682
vn 0.473585 -0.527893 0.705015
vn 0.471923 -0.528124 0.705956
vn 0.473465 -0.527760 0.705195
vn 0.525964 -0.469938 0.708886
vn 0.304358 0.709793 0.635264
vn 0.615047 0.320661 0.720343
vn 0.592091 0.362850 0.719562
vn 0.610939 0.312103 0.727561
vn 0.596264 0.373369 0.710679
vn 0.508400 -0.469942 0.721584
vn 0.517700 -0.466226 0.717371
vn 0.549773 -0.418528 0.722900
vn 0.513082 -0.474269 0.715413
vn 0.634899 0.276320 0.721492
vn 0.647395 0.223818 0.728550
vn 0.630234 0.267996 0.728686
vn 0.643109 0.217262 0.734308
vn 0.270220 0.763323 0.586787
vn 0.569247 -0.366604 0.735907
vn 0.603064 -0.324487 0.728713
vn 0.670426 0.022027 0.741649
vn 0.668624 0.071549 0.740150
vn 0.673983 0.025216 0.738317
vn 0.548420 -0.419203 0.723536
vn 0.569705 -0.373250 0.732203
vn 0.540445 -0.413107 0.732981
vn 0.268933 0.760132 0.591502
vn 0.649737 0.224628 0.726212
vn 0.659068 0.172897 0.731940
vn 0.655005 0.232662 0.718914
vn 0.663840 0.179193 0.726090
vn 0.563755 -0.374436 0.736192
vn 0.583300 -0.387417 0.713911
vn 0.552147 -0.398133 0.732546
vn 0.396661 0.703383 0.589842
vn 0.672087 0.075087 0.736656
vn 0.673038 0.075194 0.735775
vn 0.668466 0.125185 0.733131
vn 0.676582 0.078782 0.732140
vn 0.673651 0.131184 0.727313
vn 0.255466 0.785911 0.563100
vn 0.275478 0.794258 0.541541
vn 0.584675 -0.350112 0.731831
vn 0.579260 -0.330912 0.744953
vn 0.581191 -0.348027 0.735591
vn 0.327593 0.735081 0.593581
vn 0.620013 -0.273253 0.735470
vn 0.607535 -0.326253 0.724196
vn 0.590213 -0.335052 0.734431
vn 0.593078 -0.318489 0.739475
vn 0.393307 0.663600 0.636352
vn 0.446448 0.674720 0.587738
vn 0.346974 0.742620 0.572822
vn 0.379928 0.705102 0.598737
vn 0.312430 0.768581 0.558275
vn 0.333181 0.774108 0.538281
vn 0.612114 -0.278104 0.740253
vn 0.624080 -0.269694 0.733341
vn 0.635300 -0.222293 0.739581
vn 0.611957 -0.278033 0.740410
vn 0.675889 -0.068511 0.733812
vn 0.682117 -0.017633 0.731030
vn 0.677042 -0.021545 0.735629
vn 0.671807 -0.071249 0.737291
vn 0.380418 0.713254 0.588686
vn 0.640156 0.349071 0.684361
vn 0.622553 0.408182 0.667693
vn 0.616852 0.394017 0.681354
vn 0.634295 0.337161 0.695695
vn 0.686112 0.141171 0.713668
vn 0.687421 0.086541 0.721085
vn 0.681728 0.080880 0.727121
vn 0.679699 0.133853 0.721175
vn 0.573314 0.508415 0.642515
vn 0.543338 0.569129 0.617151
vn 0.540125 0.550249 0.636781
vn 0.569082 0.491849 0.658961
vn 0.656604 -0.204701 0.725926
vn 0.646710 -0.170700 0.743389
vn 0.672470 -0.122052 0.729991
vn 0.440522 0.638384 0.631194
vn 0.494164 0.642553 0.585601
vn 0.634704 -0.219522 0.740919
vn 0.589649 -0.203940 0.781488
vn 0.400733 0.718211 0.568846
vn 0.430555 0.678491 0.595208
vn 0.389456 0.749756 0.534967
vn 0.647592 -0.199969 0.735280
vn 0.672770 -0.183751 0.716671
vn 0.647940 -0.176970 0.740847
vn 0.431825 0.687589 0.583736
vn 0.654748 -0.132213 0.744194
vn 0.664176 -0.148448 0.732689
vn 0.665509 -0.148746 0.731418
vn 0.579040 0.513493 0.633274
vn 0.583528 0.532108 0.613478
vn 0.609392 0.469318 0.639048
vn 0.604032 0.453060 0.655654
vn 0.539561 0.607030 0.583428
vn 0.486150 0.609774 0.625966
vn 0.683440 -0.069277 0.726712
vn 0.666249 -0.116533 0.736568
vn 0.688051 -0.120346 0.715613
vn 0.479333 0.648247 0.591621
vn 0.452815 0.689851 0.564858
vn 0.632138 0.412122 0.656168
vn 0.655811 0.365574 0.660505
vn 0.649078 0.351917 0.674427
vn 0.443982 0.721298 0.531609
vn 0.374495 0.768777 0.518397
vn 0.373887 0.798369 0.472033
vn 0.389615 0.761652 0.517771
vn 0.421794 0.721407 0.549238
vn 0.720322 -0.091555 0.687571
vn 0.658520 -0.127393 0.741703
vn 0.703470 -0.015829 0.710548
vn 0.667581 -0.084852 0.739686
vn 0.481533 0.658180 0.578727
vn 0.661539 -0.052833 0.748047
vn 0.701757 -0.056045 0.710208
vn 0.700004 -0.058010 0.711779
vn 0.634460 0.417859 0.650272
vn 0.640448 0.421803 0.641801
vn 0.615451 0.473984 0.629729
vn 0.621192 0.492249 0.609764
vn 0.642801 0.427659 0.635542
vn 0.582406 0.568323 0.581216
vn 0.529944 0.577864 0.620671
vn 0.502923 0.657654 0.560857
vn 0.526002 0.614501 0.587972
vn 0.473982 0.691929 0.544587
vn 0.496458 0.688860 0.528205
vn 0.431320 0.743231 0.511440
vn 0.445171 0.734139 0.512701
vn 0.432881 0.769455 0.469630
vn 0.711821 0.010581 0.702281
vn 0.696133 0.039042 0.716850
vn 0.712988 0.096515 0.694502
vn 0.648294 -0.008643 0.761341
vn 0.700703 -0.009340 0.713392
vn 0.698271 0.201504 0.686887
vn 0.692828 0.261419 0.672048
vn 0.701367 0.274205 0.657948
vn 0.706542 0.212069 0.675148
vn 0.529266 0.625133 0.573661
vn 0.665822 0.368211 0.648924
vn 0.649165 0.431893 0.626142
vn 0.656128 0.449719 0.606010
vn 0.673360 0.383621 0.631998
vn 0.703427 0.037342 0.709786
vn 0.571663 0.542765 0.615310
vn 0.622474 0.526618 0.578964
vn 0.704663 0.088150 0.704045
vn 0.714377 0.154560 0.682479
vn 0.550771 0.621751 0.556845
vn 0.570309 0.577394 0.584263
vn 0.714423 0.071514 0.696050
vn 0.698793 0.087416 0.709962
vn 0.498827 0.702504 0.507602
vn 0.486467 0.713384 0.504413
vn 0.546591 0.652585 0.524758
vn 0.524130 0.658674 0.539849
vn 0.489684 0.736180 0.467171
vn 0.711747 0.037783 0.701419
vn 0.722766 0.023284 0.690700
vn 0.716374 0.018433 0.697473
vn 0.715783 0.071650 0.694637
vn 0.715408 0.105564 0.690686
vn 0.726269 0.091364 0.681312
vn 0.760482 0.112216 0.639589
vn 0.574753 0.588569 0.568546
vn 0.558300 0.703358 0.439987
vn 0.692320 0.322524 0.645501
vn 0.679995 0.387401 0.622516
vn 0.688149 0.404708 0.602215
vn 0.700899 0.337400 0.628412
vn 0.659560 0.482117 0.576666
vn 0.611071 0.504608 0.609888
vn 0.611494 0.577399 0.541005
vn 0.710372 0.149540 0.687757
vn 0.714305 0.096392 0.693164
vn 0.727979 0.218504 0.649848
vn 0.765425 0.149777 0.625852
vn 0.721121 0.141106 0.678287
vn 0.596227 0.506677 0.622730
vn 0.723484 0.280712 0.630691
vn 0.702517 0.179478 0.688663
vn 0.539606 0.679333 0.497325
vn 0.543974 0.698711 0.464644
vn 0.555845 0.628042 0.544610
vn 0.594101 0.612647 0.521256
vn 0.741997 0.181554 0.645352
vn 0.687976 0.168335 0.705941
vn 0.720341 0.206535 0.662157
vn 0.617734 0.548645 0.563376
vn 0.609516 0.660911 0.437821
vn 0.715246 0.344307 0.608174
vn 0.710962 0.262561 0.652376
vn 0.647939 0.463538 0.604407
vn 0.693470 0.435035 0.574320
vn 0.653086 0.532711 0.538235
vn 0.729274 0.246509 0.638273
vn 0.710141 0.262258 0.653392
vn 0.730955 0.209579 0.649447
vn 0.732741 0.247680 0.633834
vn 0.738651 0.182752 0.648843
vn 0.747132 0.191860 0.636383
vn 0.633709 0.466438 0.617129
vn 0.602033 0.589624 0.538423
vn 0.638716 0.569230 0.517705
vn 0.590408 0.641203 0.490180
vn 0.595440 0.657238 0.462050
vn 0.723320 0.282794 0.629948
vn 0.657955 0.505527 0.558155
vn 0.657541 0.614704 0.435636
vn 0.709649 0.333785 0.620473
vn 0.725951 0.323693 0.606809
vn 0.751786 0.272194 0.600607
vn 0.743984 0.269369 0.611497
vn 0.729424 0.325242 0.601795
vn 0.746876 0.273438 0.606142
vn 0.733929 0.286942 0.615640
vn 0.678027 0.493451 0.544781
vn 0.643785 0.611970 0.459384
vn 0.680181 0.522549 0.514097
vn 0.638552 0.599146 0.482986
vn 0.645586 0.547750 0.532155
vn 0.674214 0.547390 0.495781
vn 0.699968 0.568301 0.432525
vn 0.700657 0.418725 0.577710
vn 0.713314 0.531345 0.457007
vn 0.714922 0.537253 0.447488
vn 0.717760 0.441121 0.538733
vn 0.727197 0.525858 0.441200
vn 0.661226 -0.391665 0.639828
vn 0.629626 -0.457058 0.628227
vn 0.654404 -0.393546 0.645661
vn 0.604556 -0.451241 0.656425
vn 0.617590 -0.459359 0.638414
vn 0.627063 -0.412063 0.661056
vn 0.620415 -0.388436 0.681324
vn 0.639684 -0.383089 0.666369
vn 0.616398 -0.386358 0.686135
vn 0.558037 -0.524808 0.642783
vn 0.567490 -0.524176 0.634976
vn 0.519486 -0.582105 0.625531
vn 0.528624 -0.536770 0.657598
vn 0.546328 -0.511205 0.663472
vn 0.507955 -0.581930 0.635090
vn 0.522581 -0.509827 0.683363
vn 0.496513 -0.571729 0.653147
vn 0.526455 -0.512762 0.678174
vn 0.297676 -0.696225 0.653192
vn 0.418985 -0.645273 0.638807
vn 0.346770 -0.704198 0.619561
vn 0.395699 -0.647533 0.651248
vn 0.350745 -0.711162 0.609284
vn 0.387429 -0.635633 0.667734
vn 0.376228 -0.653751 0.656553
vn 0.501636 -0.525293 0.687334
vn 0.476649 -0.548654 0.686865
vn 0.467585 -0.578299 0.668531
vn 0.493503 -0.524154 0.694059
vn 0.507206 -0.530078 0.679529
vn 0.461508 -0.589073 0.663327
vn 0.449847 -0.582713 0.676819
vn 0.449922 -0.560329 0.695415
vn 0.432317 -0.582306 0.688492
vn 0.366577 0.679386 0.635654
vn 0.341241 0.689990 0.638333
vn 0.315461 0.735687 0.599375
vn 0.232064 0.749288 0.620253
vn 0.152227 0.838782 0.522754
vn 0.158150 0.825758 0.541399
vn 0.234684 0.766385 0.597978
vn 0.298317 0.751515 0.588415
vn 0.322096 0.695860 0.641898
vn 0.362281 0.691796 0.624637
vn 0.304055 0.737422 0.603124
vn 0.327318 0.745787 0.580228
vn 0.331587 0.714262 0.616344
vn 0.364275 0.702154 0.611788
vn 0.307065 0.770983 0.557940
vn 0.223342 0.812942 0.537813
vn 0.155927 0.874586 0.459114
vn 0.219776 0.829548 0.513369
vn 0.166190 0.842262 0.512811
vn 0.213112 0.807592 0.549890
vn 0.220514 0.863557 0.453478
vn 0.280494 0.814006 0.508642
vn 0.227710 0.833075 0.504117
vn 0.275637 0.793099 0.543156
vn 0.282890 0.796143 0.534911
vn 0.284500 0.847596 0.447929
vn 0.289296 0.816547 0.499558
vn 0.340211 0.794001 0.503805
vn 0.333198 0.773810 0.538699
vn 0.354170 0.779255 0.517035
vn 0.342074 0.742951 0.575334
vn 0.685753 0.424635 0.591124
vn 0.688398 0.437043 0.578880
vn 0.694177 0.445529 0.565352
vn 0.715824 0.379331 0.586263
vn 0.743050 0.348183 0.571530
vn 0.738980 0.346032 0.578076
vn 0.731202 0.438948 0.522176
vn 0.713857 0.376904 0.590214
vn 0.748795 0.369487 0.550260
vn 0.737060 0.467477 0.488064
vn 0.719552 0.454028 0.525455
vn 0.749544 0.370766 0.548376
vn 0.708962 0.407854 0.575350
vn 0.700410 0.506443 0.502933
vn 0.680013 0.522248 0.514625
vn 0.672165 0.575561 0.465750
vn 0.696137 0.502291 0.512929
vn 0.697357 0.524052 0.488941
vn 0.683627 0.589095 0.430837
vn 0.000000 0.000000 1.000000
vn 0.000000 0.000000 1.000000
vn 0.000000 0.000000 1.000000
vn 0.000000 0.000000 1.000000
vn 0.000000 0.000000 1.000000
vn 0.000000 0.000000 1.000000
vn 0.000000 0.000000 1.000000
vn 0.000000 0.000000 1.000000
vn 0.000000 0.000000 1.000000
vn 0.000000 0.000000 1.000000
vn 0.000000 0.000000 1.000000
vn 0.000000 0.000000 1.000000
vn 0.000000 0.000000 1.000000
vn 0.000000 0.000000 1.000000
vn 0.000000 0.000000 1.000000
vn 0.000000 0.000000 1.000000
vn 0.000000 0.000000 1.000000
vn 0.000000 0.000000 1.000000
vn 0.000000 0.000000 1.000000
vn 0.000000 0.000000 1.000000
vn 0.000000 0.000000 1.000000
vn 0.000000 0.000000 1.000000
vn 0.000000 0.000000 1.000000
vn 0.000000 0.000000 1.000000
vn 0.000000 0.000000 1.000000
vn 0.000000 0.000000 1.000000
vn 0.000000 0.000000 1.000000
vn 0.000000 -0.000000 1.000000
vn 0.000000 0.000000 1.000000
vn 0.000000 -0.000000 1.000000
vn 0.000000 -0.000000 1.000000
vn 0.000000 0.000000 1.000000
vn 0.000000 -0.000000 1.000000
vn 0.000000 -0.000000 1.000000
vn 0.000000 -0.000000 1.000000
vn 0.649315 -0.413921 -0.638012
vn -0.780005 -0.156196 -0.605967
vn 0.603817 -0.459745 -0.651183
vn 0.596493 -0.473889 -0.647785
vn 0.549392 -0.463000 -0.695557
vn 0.590854 -0.466781 -0.658032
vn 0.619245 -0.472709 -0.626963
vn 0.543962 -0.500037 -0.673846
vn 0.551965 -0.499087 -0.668017
vn 0.543006 -0.499071 -0.675332
vn 0.510196 -0.499881 -0.699871
vn 0.489120 -0.495252 -0.717974
vn 0.493515 -0.507986 -0.705970
vn 0.505928 -0.512271 -0.693985
vn 0.581367 -0.509304 -0.634525
vn 0.591753 -0.513951 -0.621034
vn 0.551695 -0.520364 -0.651809
vn 0.543391 -0.517782 -0.660779
vn 0.465602 -0.531900 -0.707317
vn 0.521163 -0.541788 -0.659435
vn 0.445239 -0.537514 -0.716129
vn 0.439292 -0.535426 -0.721347
vn 0.426815 -0.520219 -0.739731
vn 0.426920 -0.551463 -0.716679
vn 0.426554 -0.550991 -0.717259
vn 0.379092 -0.586422 -0.715821
vn 0.372357 -0.558605 -0.741155
vn 0.374181 -0.558719 -0.740150
vn 0.384079 -0.563175 -0.731654
vn 0.389760 -0.571505 -0.722128
vn 0.387417 -0.590773 -0.707740
vn 0.485599 -0.570083 -0.662721
vn 0.473327 -0.598198 -0.646623
vn 0.505804 -0.594281 -0.625294
vn 0.511773 -0.598350 -0.616494
vn 0.467996 -0.595560 -0.652907
vn 0.415715 -0.585540 -0.695934
vn 0.288432 -0.617930 -0.731416
vn 0.331497 -0.589411 -0.736684
vn 0.328421 -0.583942 -0.742396
vn 0.440552 -0.615264 -0.653731
vn 0.363134 -0.579343 -0.729723
vn 0.381437 -0.590050 -0.711580
vn 0.361196 -0.603995 -0.710442
vn 0.294055 -0.632047 -0.716972
vn 0.364045 -0.608759 -0.704900
vn 0.314853 -0.598752 -0.736454
vn 0.260325 -0.573484 -0.776754
vn 0.279344 -0.615381 -0.737070
vn 0.306014 -0.610834 -0.730231
vn 0.313183 -0.615969 -0.722841
vn 0.315399 -0.620328 -0.718134
vn 0.311472 -0.645297 -0.697551
vn 0.242595 -0.606887 -0.756860
vn 0.236771 -0.603364 -0.761506
vn 0.234840 -0.612959 -0.754408
vn 0.403606 -0.638803 -0.655006
vn 0.287417 -0.615755 -0.733647
vn 0.270777 -0.603120 -0.750284
vn 0.196733 -0.623538 -0.756635
vn 0.266188 -0.626455 -0.732597
vn 0.274725 -0.635917 -0.721205
vn 0.267846 -0.630356 -0.728636
vn 0.332686 -0.642015 -0.690751
vn 0.383904 -0.664356 -0.641286
vn 0.417387 -0.668153 -0.615922
vn 0.381222 -0.662441 -0.644858
vn 0.419764 -0.670512 -0.611729
vn 0.175499 -0.626710 -0.759233
vn 0.178478 -0.629084 -0.756571
vn 0.169109 -0.603890 -0.778922
vn 0.158738 -0.633875 -0.756971
vn 0.219705 -0.634763 -0.740814
vn 0.215159 -0.630612 -0.745678
vn 0.214362 -0.661705 -0.718467
vn 0.220880 -0.638160 -0.737539
vn 0.281889 -0.628744 -0.724721
vn 0.298679 -0.641984 -0.706149
vn 0.106570 -0.650474 -0.752015
vn 0.157770 -0.630011 -0.760391
vn 0.349532 -0.676850 -0.647844
vn 0.276538 -0.653090 -0.704982
vn 0.205628 -0.671773 -0.711645
vn 0.278713 -0.658228 -0.699325
vn 0.110491 -0.633737 -0.765617
vn 0.117942 -0.635982 -0.762638
vn 0.119349 -0.637297 -0.761320
vn 0.113456 -0.657904 -0.744507
vn 0.120447 -0.643158 -0.756201
vn 0.195932 -0.634400 -0.747761
vn 0.180987 -0.619985 -0.763454
vn 0.173952 -0.641914 -0.746785
vn 0.179020 -0.649186 -0.739263
vn 0.174726 -0.644772 -0.744137
vn 0.220515 -0.652262 -0.725209
vn 0.221173 -0.687419 -0.691764
vn 0.226957 -0.658388 -0.717646
vn 0.228561 -0.663043 -0.712835
vn 0.311686 -0.695759 -0.647126
vn 0.126099 -0.644332 -0.754278
vn 0.128978 -0.649420 -0.749412
vn 0.128523 -0.647129 -0.751469
vn 0.120049 -0.671446 -0.731265
vn 0.063483 -0.639655 -0.766036
vn 0.044556 -0.646770 -0.761382
vn 0.016802 -0.665796 -0.745945
vn 0.065175 -0.656708 -0.751324
vn 0.285172 -0.717248 -0.635793
vn 0.106006 -0.647033 -0.755057
vn 0.092796 -0.630915 -0.770282
vn 0.083488 -0.651385 -0.754140
vn 0.083706 -0.653090 -0.752640
vn 0.085942 -0.656009 -0.749844
vn 0.015754 -0.656983 -0.753740
vn 0.110363 -0.684391 -0.720714
vn 0.153608 -0.658748 -0.736516
vn 0.193928 -0.666758 -0.719601
vn 0.208855 -0.682315 -0.700589
vn 0.185211 -0.690322 -0.699395
vn 0.186664 -0.695736 -0.693619
vn 0.037747 -0.652657 -0.756712
vn 0.038551 -0.653838 -0.755652
vn 0.038616 -0.654939 -0.754694
vn 0.027430 -0.675385 -0.736955
vn -0.014341 -0.664625 -0.747039
vn -0.013979 -0.647866 -0.761626
vn -0.023091 -0.658475 -0.752249
vn -0.075194 -0.668990 -0.739458
vn 0.227419 -0.724564 -0.650605
vn 0.129414 -0.681730 -0.720067
vn 0.134990 -0.688740 -0.712330
vn 0.135944 -0.693607 -0.707410
vn 0.125182 -0.716903 -0.685843
vn 0.005103 -0.636442 -0.771307
vn 0.016511 -0.654234 -0.756112
vn -0.006350 -0.655416 -0.755241
vn 0.248732 -0.746831 -0.616746
vn 0.267457 -0.768208 -0.581655
vn -0.074334 -0.653933 -0.752892
vn -0.005651 -0.657089 -0.753792
vn -0.006355 -0.655905 -0.754817
vn 0.220289 -0.753528 -0.619410
vn 0.206345 -0.739693 -0.640528
vn 0.060612 -0.657485 -0.751025
vn 0.015554 -0.648622 -0.760952
vn 0.015451 -0.679939 -0.733106
vn 0.097122 -0.664356 -0.741079
vn 0.109875 -0.681366 -0.723649
vn 0.086165 -0.685929 -0.722549
vn -0.093630 -0.669819 -0.736597
vn 0.091874 -0.697556 -0.710616
vn 0.086703 -0.690215 -0.718391
vn 0.014745 -0.686877 -0.726624
vn 0.152625 -0.722691 -0.674109
vn -0.051061 -0.655839 -0.753172
vn -0.064707 -0.673895 -0.735988
vn -0.051387 -0.655216 -0.753691
vn -0.051377 -0.655089 -0.753803
vn -0.095391 -0.666908 -0.739009
vn -0.093477 -0.653527 -0.751109
vn -0.095746 -0.666560 -0.739277
vn -0.169160 -0.665007 -0.727427
vn 0.179090 -0.755552 -0.630133
vn 0.185726 -0.752067 -0.632377
vn 0.035123 -0.675693 -0.736346
vn 0.038441 -0.681077 -0.731202
vn 0.038648 -0.684753 -0.727749
vn 0.025739 -0.705967 -0.707777
vn -0.163508 -0.660373 -0.732920
vn -0.151385 -0.666904 -0.729603
vn -0.153882 -0.662347 -0.733224
vn -0.157644 -0.678539 -0.717449
vn -0.073752 -0.656159 -0.751010
vn -0.083243 -0.636698 -0.766607
vn 0.182486 -0.748927 -0.637030
vn 0.194633 -0.778630 -0.596535
vn 0.197660 -0.780920 -0.592532
vn -0.096753 -0.654120 -0.750177
vn 0.180915 -0.777496 -0.602303
vn 0.140090 -0.802709 -0.579684
vn 0.197124 -0.798217 -0.569202
vn 0.097011 -0.736184 -0.669792
vn -0.096961 -0.652666 -0.751416
vn -0.165039 -0.645412 -0.745792
vn -0.096643 -0.653378 -0.750837
vn -0.029446 -0.650534 -0.758906
vn -0.076997 -0.669864 -0.738481
vn -0.030379 -0.671150 -0.740699
vn 0.004736 -0.655720 -0.754989
vn 0.015316 -0.674007 -0.738566
vn -0.008237 -0.675247 -0.737545
vn -0.008275 -0.678304 -0.734735
vn -0.077731 -0.668851 -0.739322
vn -0.005281 -0.683874 -0.729581
vn 0.014650 -0.724842 -0.688760
vn 0.063472 -0.707958 -0.703397
vn -0.141511 -0.653722 -0.743386
vn -0.142492 -0.651170 -0.745435
vn -0.142197 -0.649822 -0.746667
vn -0.157588 -0.666904 -0.728289
vn -0.074432 -0.654801 -0.752127
vn -0.083311 -0.635441 -0.767642
vn -0.097396 -0.652806 -0.751238
vn -0.096908 -0.654700 -0.749651
vn -0.097476 -0.653343 -0.750760
vn -0.164970 -0.641782 -0.748933
vn -0.210221 -0.646277 -0.733575
vn -0.219657 -0.675288 -0.704086
vn -0.238484 -0.660391 -0.712045
vn -0.269806 -0.663435 -0.697896
vn -0.054241 -0.670003 -0.740374
vn -0.069098 -0.689071 -0.721392
vn -0.055679 -0.664056 -0.745606
vn -0.054045 -0.667576 -0.742578
vn 0.004565 -0.676626 -0.736313
vn 0.014928 -0.695395 -0.718473
vn -0.009373 -0.696654 -0.717346
vn -0.009431 -0.701010 -0.713089
vn -0.080792 -0.687654 -0.721529
vn -0.005291 -0.709058 -0.705130
vn -0.142253 -0.646194 -0.749798
vn -0.142238 -0.646125 -0.749861
vn -0.158174 -0.663046 -0.731677
vn -0.142049 -0.646768 -0.749342
vn -0.075982 -0.661036 -0.746498
vn -0.084368 -0.641576 -0.762406
vn 0.019385 -0.719163 -0.694571
vn 0.014336 -0.709346 -0.704714
vn 0.024096 -0.723585 -0.689815
vn -0.099173 -0.659041 -0.745540
vn -0.025824 -0.739897 -0.672224
vn -0.032794 -0.729122 -0.683597
vn 0.019892 -0.737953 -0.674558
vn -0.098031 -0.664433 -0.740891
vn -0.099443 -0.660839 -0.743910
vn -0.166809 -0.645572 -0.745260
vn -0.058906 -0.679275 -0.731516
vn -0.056637 -0.688855 -0.722683
vn -0.056332 -0.685143 -0.726227
vn -0.072479 -0.708240 -0.702241
vn -0.206992 -0.628196 -0.750016
vn -0.263062 -0.644533 -0.717897
vn -0.164641 -0.643856 -0.747223
vn -0.171363 -0.623112 -0.763129
vn -0.187286 -0.638629 -0.746376
vn -0.329229 -0.687631 -0.647126
vn -0.187281 -0.637310 -0.747504
vn -0.187092 -0.637967 -0.746990
vn -0.254100 -0.620348 -0.742025
vn -0.144171 -0.647204 -0.748560
vn -0.143667 -0.648736 -0.747329
vn -0.143928 -0.649915 -0.746255
vn -0.160564 -0.666805 -0.727730
vn -0.331334 -0.647245 -0.686507
vn -0.315365 -0.666949 -0.675073
vn -0.304163 -0.631354 -0.713356
vn -0.086428 -0.655070 -0.750609
vn -0.078424 -0.674816 -0.733807
vn -0.266476 -0.619887 -0.738059
vn -0.261358 -0.642662 -0.720193
vn -0.387718 -0.646063 -0.657478
vn -0.102105 -0.672781 -0.732762
vn -0.283957 -0.633869 -0.719429
vn -0.170561 -0.656687 -0.734623
vn -0.102570 -0.675848 -0.729869
vn -0.100348 -0.681859 -0.724568
vn -0.282588 -0.630813 -0.722647
vn -0.283486 -0.626072 -0.726408
vn -0.352723 -0.609429 -0.710059
vn -0.047484 -0.716864 -0.695595
vn -0.099567 -0.713137 -0.693918
vn -0.042615 -0.718331 -0.694395
vn -0.043368 -0.731031 -0.680965
vn -0.231947 -0.627915 -0.742915
vn -0.249698 -0.642815 -0.724182
vn -0.231811 -0.631723 -0.739723
vn -0.232403 -0.629151 -0.741726
vn -0.171351 -0.622170 -0.763900
vn -0.165216 -0.642740 -0.748057
vn -0.404092 -0.631904 -0.661367
vn -0.439165 -0.686750 -0.579231
vn -0.393227 -0.652047 -0.648234
vn -0.459300 -0.637550 -0.618525
vn -0.403896 -0.627967 -0.665225
vn -0.187842 -0.637559 -0.747150
vn -0.187613 -0.639650 -0.745419
vn -0.188011 -0.638132 -0.746618
vn -0.085936 -0.679497 -0.728628
vn -0.081172 -0.690891 -0.718388
vn -0.446684 -0.612160 -0.652482
vn -0.376871 -0.643609 -0.666135
vn -0.147893 -0.654877 -0.741123
vn -0.164771 -0.678078 -0.716283
vn -0.146737 -0.658679 -0.737977
vn -0.147277 -0.661103 -0.735699
vn -0.164725 -0.637507 -0.752629
vn -0.101569 -0.693309 -0.713447
vn -0.260332 -0.604959 -0.752497
vn -0.255928 -0.627055 -0.735732
vn -0.278025 -0.618543 -0.734919
vn -0.097993 -0.714827 -0.692401
vn -0.166539 -0.673086 -0.720569
vn -0.103010 -0.703149 -0.703541
vn -0.277222 -0.616757 -0.736722
vn -0.277666 -0.614056 -0.738807
vn -0.344013 -0.592663 -0.728289
vn -0.231504 -0.625087 -0.745434
vn -0.231607 -0.624583 -0.745824
vn -0.231602 -0.624569 -0.745838
vn -0.249877 -0.639243 -0.727276
vn -0.144635 -0.675800 -0.722755
vn -0.142428 -0.682567 -0.716810
vn -0.142015 -0.680591 -0.718768
vn -0.431522 -0.599556 -0.674034
vn -0.431133 -0.602986 -0.671217
vn -0.323914 -0.605809 -0.726688
vn -0.323403 -0.610378 -0.723083
vn -0.322683 -0.603508 -0.729146
vn -0.342161 -0.616260 -0.709330
vn -0.257318 -0.597345 -0.759583
vn -0.253538 -0.618976 -0.743362
vn -0.275387 -0.610622 -0.742498
vn -0.169558 -0.652825 -0.738288
vn -0.166971 -0.660587 -0.731947
vn -0.175825 -0.645431 -0.743306
vn -0.275128 -0.610047 -0.743067
vn -0.275209 -0.609466 -0.743512
vn -0.339387 -0.583007 -0.738186
vn -0.209187 -0.626902 -0.750490
vn -0.215761 -0.646603 -0.731677
vn -0.260905 -0.632428 -0.729358
vn -0.233271 -0.646287 -0.726566
vn -0.163552 -0.682205 -0.712634
vn -0.168576 -0.703165 -0.690754
vn -0.181775 -0.667277 -0.722288
vn -0.351196 -0.580145 -0.734911
vn -0.349310 -0.603532 -0.716750
vn -0.370589 -0.591644 -0.715976
vn -0.434758 -0.568497 -0.698424
vn -0.368851 -0.588869 -0.719154
vn -0.435794 -0.563716 -0.701646
vn -0.369071 -0.584154 -0.722876
vn -0.318358 -0.593625 -0.739093
vn -0.338158 -0.606014 -0.719998
vn -0.318733 -0.597261 -0.735994
vn -0.318952 -0.594731 -0.737946
vn -0.449311 -0.588990 -0.671722
vn -0.447696 -0.599256 -0.663672
vn -0.219417 -0.648598 -0.728819
vn -0.289187 -0.598325 -0.747247
vn -0.220264 -0.651100 -0.726328
vn -0.230296 -0.656988 -0.717865
vn -0.221990 -0.644325 -0.731823
vn -0.343268 -0.566551 -0.749124
vn -0.341994 -0.589185 -0.732053
vn -0.251423 -0.617871 -0.744998
vn -0.253427 -0.614301 -0.747267
vn -0.271049 -0.666104 -0.694865
vn -0.362827 -0.577637 -0.731226
vn -0.424876 -0.542570 -0.724636
vn -0.361879 -0.573401 -0.735021
vn -0.361819 -0.576034 -0.732988
vn -0.570717 -0.547034 -0.612402
vn -0.497597 -0.553577 -0.667795
vn -0.569779 -0.542642 -0.617164
vn -0.464369 -0.595536 -0.655514
vn -0.291738 -0.589983 -0.752868
vn -0.345305 -0.591462 -0.728654
vn -0.439118 -0.558214 -0.703969
vn -0.447357 -0.570713 -0.688592
vn -0.447434 -0.567371 -0.691298
vn -0.426349 -0.566322 -0.705341
vn -0.406631 -0.558385 -0.723089
vn -0.405136 -0.556332 -0.725507
vn -0.339427 -0.559734 -0.755968
vn -0.338704 -0.581833 -0.739425
vn -0.359326 -0.570473 -0.738543
vn -0.419209 -0.533951 -0.734275
vn -0.359021 -0.569503 -0.739439
vn -0.359021 -0.569988 -0.739066
vn -0.305241 -0.596965 -0.741930
vn -0.310925 -0.608081 -0.730454
vn -0.358763 -0.579871 -0.731463
vn -0.337667 -0.562199 -0.754926
vn -0.337045 -0.577314 -0.743713
vn -0.400560 -0.550852 -0.732198
vn -0.399724 -0.547453 -0.735198
vn -0.400428 -0.548418 -0.734095
vn -0.421216 -0.557048 -0.715734
vn -0.356324 -0.569775 -0.740533
vn -0.409451 -0.529882 -0.742681
vn -0.359308 -0.578794 -0.732049
vn -0.359510 -0.574870 -0.735035
vn -0.627835 -0.480397 -0.612407
vn -0.546119 -0.513782 -0.661651
vn -0.540612 -0.531284 -0.652286
vn -0.422483 -0.539514 -0.728308
vn -0.420564 -0.516788 -0.745691
vn -0.531800 -0.519228 -0.669022
vn -0.535368 -0.506211 -0.676116
vn -0.441635 -0.525119 -0.727468
vn -0.392905 -0.551082 -0.736162
vn -0.410160 -0.554704 -0.723928
vn -0.392917 -0.551402 -0.735916
vn -0.389744 -0.546949 -0.740909
vn -0.498468 -0.481458 -0.720922
vn -0.440162 -0.521208 -0.731164
vn -0.440458 -0.523720 -0.729187
vn -0.412601 -0.525534 -0.744026
vn -0.425770 -0.527195 -0.735381
vn -0.469038 -0.491795 -0.733581
vn -0.415585 -0.514584 -0.749995
vn -0.412638 -0.527085 -0.742907
vn -0.503271 -0.504895 -0.701284
vn -0.482430 -0.499680 -0.719431
vn -0.480715 -0.497904 -0.721806
vn -0.587016 -0.460542 -0.665818
vn -0.610776 -0.446125 -0.654160
vn -0.591659 -0.482892 -0.645565
vn -0.598349 -0.447189 -0.664831
vn -0.599536 -0.456773 -0.657203
vn -0.469514 -0.488511 -0.735468
vn -0.479513 -0.498915 -0.721908
vn -0.479436 -0.498729 -0.722088
vn -0.486702 -0.470093 -0.736297
vn -0.527435 -0.449005 -0.721254
vn -0.633966 -0.400002 -0.661881
vn -0.701861 -0.373629 -0.606458
vn -0.548469 -0.447832 -0.706136
vn -0.530101 -0.432834 -0.729142
vn -0.584116 -0.400831 -0.705792
vn -0.662336 -0.389040 -0.640280
vn -0.654812 -0.362093 -0.663408
vn -0.678751 -0.337846 -0.652041
vn -0.727069 -0.334838 -0.599378
vn -0.562784 -0.397363 -0.724829
vn -0.583894 -0.398199 -0.707464
vn -0.585060 -0.396500 -0.707455
vn -0.625047 -0.342994 -0.701192
vn -0.586004 -0.399638 -0.704904
vn -0.623286 -0.338550 -0.704910
vn -0.664713 -0.364052 -0.652398
vn -0.665296 -0.362010 -0.652939
vn -0.710012 -0.289648 -0.641862
vn -0.633958 -0.356542 -0.686276
vn -0.637496 -0.360862 -0.680718
vn -0.626507 -0.352351 -0.695225
vn -0.681538 -0.283144 -0.674785
vn -0.692225 -0.293136 -0.659466
vn -0.688578 -0.286775 -0.666048
vn -0.683967 -0.301653 -0.664225
vn -0.718381 -0.217327 -0.660832
vn 0.467824 -0.534439 -0.703929
vn 0.442361 -0.552733 -0.706260
vn 0.445181 -0.558862 -0.699633
vn 0.514230 -0.529308 -0.674833
vn 0.455700 -0.557180 -0.694181
vn 0.508913 -0.526245 -0.681230
vn 0.502393 -0.522607 -0.688827
vn 0.499697 -0.525712 -0.688426
vn 0.462919 -0.561975 -0.685485
vn 0.501097 -0.542012 -0.674629
vn 0.462913 -0.561976 -0.685489
vn 0.564727 -0.552554 -0.612999
vn 0.549482 -0.543978 -0.634159
vn 0.529946 -0.546670 -0.648313
vn 0.518088 -0.574905 -0.633300
vn 0.482131 -0.566827 -0.668024
vn 0.486938 -0.570134 -0.661694
vn 0.370248 -0.615878 -0.695421
vn 0.369490 -0.612165 -0.699093
vn 0.418937 -0.591232 -0.689156
vn 0.421704 -0.612790 -0.668322
vn 0.383491 -0.626528 -0.678526
vn 0.380321 -0.626214 -0.680597
vn 0.429330 -0.595819 -0.678730
vn 0.374800 -0.618293 -0.690825
vn 0.431047 -0.596222 -0.677287
vn 0.428145 -0.593865 -0.681187
vn 0.449434 -0.622488 -0.640717
vn 0.481209 -0.634873 -0.604462
vn 0.400409 -0.636609 -0.659092
vn 0.466525 -0.622611 -0.628260
vn 0.432418 -0.648920 -0.626033
vn 0.402395 -0.638584 -0.655964
vn 0.227929 -0.615599 -0.754378
vn 0.238810 -0.623322 -0.744607
vn 0.196471 -0.622708 -0.757386
vn 0.172396 -0.628774 -0.758237
vn 0.201592 -0.652728 -0.730279
vn 0.173218 -0.644234 -0.744955
vn 0.334967 -0.649570 -0.682537
vn 0.283142 -0.666240 -0.689895
vn 0.283093 -0.661896 -0.694083
vn 0.344487 -0.655701 -0.671852
vn 0.344807 -0.655825 -0.671566
vn 0.343561 -0.654624 -0.673375
vn 0.286857 -0.668996 -0.685680
vn 0.308233 -0.694614 -0.650003
vn 0.385249 -0.704661 -0.595849
vn 0.372246 -0.688734 -0.622157
vn 0.357800 -0.686529 -0.632975
vn 0.336131 -0.710347 -0.618404
vn 0.308220 -0.694595 -0.650029
vn 0.158929 -0.681566 -0.714290
vn 0.208246 -0.647834 -0.732765
vn 0.188558 -0.636454 -0.747912
vn 0.204349 -0.645964 -0.735508
vn 0.144474 -0.667135 -0.730793
vn 0.151190 -0.672730 -0.724276
vn 0.199480 -0.639265 -0.742662
vn 0.343575 -0.737653 -0.581226
vn 0.287064 -0.719128 -0.632810
vn 0.271298 -0.739039 -0.616619
vn 0.228734 -0.700821 -0.675671
vn 0.253180 -0.736060 -0.627786
vn 0.323468 -0.722972 -0.610476
vn 0.242692 -0.695915 -0.675872
vn 0.190063 -0.699494 -0.688900
vn 0.189178 -0.704285 -0.684247
vn 0.192145 -0.707279 -0.680321
vn 0.249761 -0.702708 -0.666199
vn 0.195018 -0.713225 -0.673259
vn 0.250125 -0.703336 -0.665399
vn 0.226799 -0.724050 -0.651393
vn 0.251743 -0.703826 -0.664269
vn 0.113936 -0.653222 -0.748545
vn 0.062950 -0.682844 -0.727847
vn 0.107354 -0.645051 -0.756561
vn 0.057273 -0.674563 -0.735993
vn 0.052103 -0.669237 -0.741220
vn 0.096913 -0.642724 -0.759944
vn 0.112435 -0.654334 -0.747800
vn 0.180888 -0.734997 -0.653497
vn 0.179992 -0.732882 -0.656115
vn 0.151825 -0.720610 -0.676514
vn 0.128778 -0.697036 -0.705377
vn 0.095419 -0.729602 -0.677183
vn 0.156746 -0.743155 -0.650501
vn 0.102078 -0.737236 -0.667879
vn 0.141187 -0.731502 -0.667062
vn 0.122891 -0.705742 -0.697730
vn 0.065438 -0.729875 -0.680441
vn 0.114280 -0.694209 -0.710643
vn 0.051302 -0.710334 -0.701992
vn 0.103599 -0.687907 -0.718367
vn 0.117102 -0.699624 -0.704850
vn 0.058051 -0.718203 -0.693408
vn 0.154363 -0.752560 -0.640176
vn 0.086625 -0.710167 -0.698684
vn 0.149537 -0.738669 -0.657272
vn 0.119606 -0.744681 -0.656617
vn 0.093391 -0.735985 -0.670526
vn 0.124332 -0.751834 -0.647524
vn 0.065279 -0.742703 -0.666432
vn -0.220564 -0.656806 -0.721081
vn -0.158863 -0.641739 -0.750289
vn -0.218645 -0.663560 -0.715459
vn -0.161442 -0.634664 -0.755737
vn 0.066610 -0.745067 -0.663655
vn 0.053240 -0.770972 -0.634640
vn 0.124559 -0.784255 -0.607807
vn 0.107855 -0.765963 -0.633773
vn 0.037937 -0.750906 -0.659318
vn 0.036696 -0.760184 -0.648671
vn 0.119086 -0.762075 -0.636443
vn -0.344046 -0.642067 -0.685115
vn -0.389897 -0.624685 -0.676572
vn -0.406705 -0.627528 -0.663928
vn -0.401960 -0.605833 -0.686582
vn -0.340349 -0.629070 -0.698881
vn -0.392872 -0.620460 -0.678735
vn -0.341653 -0.624600 -0.702245
vn -0.394740 -0.612209 -0.685113
vn -0.337280 -0.625772 -0.703315
vn -0.387151 -0.599240 -0.700733
vn -0.334494 -0.619812 -0.709892
vn -0.350428 -0.631421 -0.691742
vn -0.336540 -0.622792 -0.706308
vn -0.393606 -0.608782 -0.688809
vn -0.336521 -0.623385 -0.705794
vn -0.305391 -0.617594 -0.724785
vn -0.245033 -0.611937 -0.751992
vn -0.256131 -0.601706 -0.756536
vn -0.306342 -0.606692 -0.733539
vn -0.243536 -0.620769 -0.745209
vn -0.462529 -0.582345 -0.668536
vn -0.532198 -0.577248 -0.619314
vn -0.500602 -0.574360 -0.647694
vn -0.523159 -0.554121 -0.647498
vn -0.471475 -0.603976 -0.642592
vn -0.470002 -0.607035 -0.640786
vn -0.494756 -0.490683 -0.717249
vn -0.567956 -0.496626 -0.656345
vn -0.557132 -0.475954 -0.680494
vn -0.503899 -0.506301 -0.699818
vn -0.552776 -0.500974 -0.665930
vn -0.503598 -0.506164 -0.700133
vn -0.552391 -0.493183 -0.672038
vn -0.503894 -0.511518 -0.696018
vn -0.458675 -0.522462 -0.718784
vn -0.457791 -0.514759 -0.724879
vn -0.535693 -0.476829 -0.696898
vn -0.519976 -0.471712 -0.712118
vn -0.525236 -0.509741 -0.681389
vn -0.509058 -0.503787 -0.697896
vn -0.609170 -0.435709 -0.662623
vn -0.626163 -0.445698 -0.639744
vn -0.643331 -0.417502 -0.641730
vn -0.659847 -0.390911 -0.641709
vn -0.674981 -0.411237 -0.612605
vn -0.624508 -0.460149 -0.631073
vn -0.527150 -0.449067 -0.721423
vn -0.527732 -0.451286 -0.719611
vn -0.575353 -0.437772 -0.690887
vn -0.582964 -0.404487 -0.704658
vn -0.630241 -0.409828 -0.659421
vn -0.638487 -0.410320 -0.651131
vn -0.578436 -0.444011 -0.684300
vn -0.624767 -0.384695 -0.679467
vn -0.573214 -0.430569 -0.697163
vn -0.622217 -0.418062 -0.661869
vn -0.573531 -0.430682 -0.696833
vn -0.573386 -0.432452 -0.695855
vn -0.621353 -0.411980 -0.666478
vn -0.600590 -0.393562 -0.695989
vn -0.585094 -0.388774 -0.711703
vn -0.578076 -0.430765 -0.693015
vn -0.594139 -0.436638 -0.675534
vn -0.641580 -0.372575 -0.670495
vn -0.658352 -0.336625 -0.673243
vn -0.685080 -0.327192 -0.650854
vn -0.637723 -0.368467 -0.676419
vn -0.674030 -0.298953 -0.675508
vn -0.679834 -0.322398 -0.658699
vn -0.762279 -0.221139 -0.608300
vn -0.726098 -0.270725 -0.632052
vn -0.727272 -0.278032 -0.627514
vn -0.729533 -0.258869 -0.633062
vn -0.707841 -0.262928 -0.655615
vn -0.742443 -0.208046 -0.636785
vn 0.230689 -0.682231 -0.693789
vn 0.242362 -0.690209 -0.681816
vn 0.289422 -0.672489 -0.681170
vn 0.299705 -0.662146 -0.686833
vn 0.319755 -0.689718 -0.649651
vn 0.296458 -0.684278 -0.666240
vn -0.434215 -0.532488 -0.726577
vn -0.415374 -0.566093 -0.712042
vn -0.414493 -0.559488 -0.717753
vn -0.470011 -0.543805 -0.695246
vn -0.406523 -0.554976 -0.725769
vn -0.470160 -0.544532 -0.694575
vn -0.470926 -0.536189 -0.700522
vn -0.544802 -0.468419 -0.695539
vn -0.490845 -0.499224 -0.714035
vn -0.544473 -0.475140 -0.691224
vn -0.481655 -0.495227 -0.723021
vn -0.517683 -0.471989 -0.713604
vn -0.493959 -0.511743 -0.702939
vn -0.545018 -0.476803 -0.689648
vn 0.000000 0.000000 1.000000
vn 0.000000 0.000000 1.000000
vn 0.000000 0.000000 1.000000
vn 0.000000 0.000000 1.000000
vn 0.000000 0.000000 1.000000
vn 0.000000 0.000000 1.000000
vn 0.000000 0.000000 1.000000
vn 0.000000 0.000000 1.000000
vn 0.000000 0.000000 1.000000
vn 0.000000 0.000000 1.000000
vn 0.000000 0.000000 1.000000
vn 0.000000 0.000000 1.000000
vn 0.000000 0.000000 1.000000
vn 0.000000 0.000000 1.000000
vn 0.000000 0.000000 1.000000
vn 0.000000 0.000000 1.000000
vn 0.000000 0.000000 1.000000
vn 0.000000 0.000000 1.000000
vn 0.000000 0.000000 1.000000
vn 0.000000 0.000000 1.000000
vn 0.000000 0.000000 1.000000
vn 0.000000 0.000000 1.000000
vn 0.000000 0.000000 1.000000
vn 0.000000 0.000000 1.000000
vn 0.000000 0.000000 1.000000
vn 0.000000 0.000000 1.000000
vn 0.000000 0.000000 1.000000
vn 0.000000 0.000000 1.000000
vn 0.000000 0.000000 1.000000
vn 0.000000 0.000000 1.000000
vn 0.000000 0.000000 1.000000
vn 0.000000 0.000000 1.000000
vn 0.000000 0.000000 1.000000
vn 0.000000 0.000000 1.000000
vn 0.000000 0.000000 1.000000
vn 0.389893 -0.920609 0.021506
vn 0.325073 -0.943410 0.065615
vn 0.328835 -0.941849 0.069197
vn 0.115052 -0.993143 -0.020758
vn 0.174594 -0.983941 0.037100
vn 0.173674 -0.980848 0.088174
vn 0.037552 -0.999017 0.023560
vn 0.091590 -0.991006 0.097564
vn -0.052368 -0.997628 0.044679
vn -0.011520 -0.995436 0.094735
vn -0.104484 -0.991486 0.077705
vn -0.075919 -0.989446 0.123425
vn -0.171973 -0.981972 0.078467
vn -0.797694 0.364278 0.480609
vn 0.335239 0.628965 0.701440
vn 0.356332 0.569743 0.740555
vn 0.269194 0.617376 0.739176
vn 0.317185 0.608686 0.727251
vn 0.411966 0.567267 0.713087
vn 0.363804 0.581689 0.727519
vn 0.264242 0.621766 0.737281
vn 0.217131 0.628470 0.746913
vn 0.312024 0.598782 0.737632
vn 0.359345 0.586644 0.725755
vn 0.271497 0.638836 0.719846
vn 0.165601 0.637552 0.752399
vn 0.212002 0.632657 0.744850
vn 0.404076 0.556402 0.726043
vn 0.451133 0.538525 0.711667
vn 0.295303 0.579810 0.759352
vn 0.218520 0.652108 0.725951
vn 0.460828 0.550098 0.696441
vn 0.160274 0.641547 0.750153
vn 0.065915 0.676818 0.733194
vn 0.114402 0.644762 0.755773
vn 0.353571 0.577218 0.736075
vn 0.399973 0.561683 0.724247
vn 0.245915 0.593949 0.765996
vn 0.409834 0.575531 0.707673
vn 0.468992 0.487033 0.736781
vn 0.012634 0.680677 0.732475
vn 0.104609 0.623261 0.774986
vn 0.303417 0.595740 0.743661
vn 0.263868 0.637312 0.724022
vn 0.349271 0.582307 0.734117
vn 0.204859 0.630787 0.748426
vn 0.159210 0.637286 0.754001
vn 0.421556 0.512847 0.747849
vn 0.055288 0.628318 0.775989
vn 0.287181 0.577093 0.764520
vn 0.449783 0.547188 0.705890
vn 0.479155 0.497588 0.723061
vn 0.523265 0.473069 0.708801
vn 0.108488 0.646373 0.755270
vn 0.153929 0.641498 0.751523
vn 0.344827 0.574899 0.742015
vn 0.389690 0.558176 0.732517
vn 0.534748 0.483450 0.693051
vn 0.006077 0.657334 0.753575
vn -0.095197 0.683015 0.724174
vn -0.039375 0.655871 0.753845
vn 0.159720 0.665633 0.728987
vn 0.203532 0.626698 0.752213
vn 0.248723 0.616930 0.746682
vn 0.457057 0.483575 0.746495
vn 0.057524 0.653726 0.754542
vn 0.102948 0.650417 0.752568
vn 0.340665 0.580142 0.739853
vn 0.296056 0.594927 0.747271
vn 0.487772 0.516072 0.704093
vn 0.533885 0.419379 0.734226
vn -0.043948 0.633361 0.772608
vn 0.190783 0.606616 0.771764
vn 0.107168 0.677084 0.728061
vn 0.428444 0.531238 0.730905
vn 0.384806 0.551179 0.740355
vn 0.568191 0.446328 0.691340
vn 0.051697 0.657603 0.751589
vn 0.006096 0.659365 0.751798
vn 0.291651 0.600024 0.744924
vn 0.247151 0.613030 0.750407
vn 0.206048 0.655156 0.726852
vn 0.440566 0.546269 0.712384
vn 0.490526 0.451845 0.745131
vn 0.142378 0.618706 0.772613
vn 0.301755 0.620812 0.723558
vn 0.381016 0.556728 0.738160
vn 0.337476 0.574712 0.745531
vn 0.562759 0.382237 0.732937
vn -0.046023 0.663264 0.746969
vn -0.000046 0.663067 0.748560
vn 0.232997 0.593814 0.770128
vn 0.447009 0.481857 0.753656
vn -0.198136 0.650805 0.732936
vn -0.151343 0.657245 0.738325
vn 0.051863 0.659711 0.749728
vn 0.097384 0.654709 0.749582
vn 0.320361 0.557390 0.765953
vn 0.502893 0.463237 0.729733
vn 0.543243 0.434973 0.718113
vn 0.148185 0.643941 0.750587
vn 0.192975 0.634169 0.748726
vn 0.345045 0.600338 0.721483
vn 0.377516 0.551615 0.743776
vn 0.419760 0.530508 0.736453
vn -0.253180 0.644987 0.721035
vn -0.205581 0.653353 0.728606
vn 0.613310 0.357240 0.704436
vn 0.575349 0.390789 0.718510
vn -0.000046 0.667306 0.744783
vn 0.045971 0.663856 0.746446
vn 0.241767 0.616166 0.749592
vn 0.285534 0.601630 0.745997
vn 0.500177 0.469422 0.727644
vn 0.459678 0.495514 0.736995
vn -0.105929 0.668657 0.735987
vn -0.153242 0.665494 0.730503
vn 0.097708 0.656882 0.747635
vn 0.142919 0.648643 0.747554
vn 0.359190 0.535471 0.764365
vn 0.535066 0.428427 0.728117
vn 0.573342 0.397280 0.716552
vn 0.237150 0.621358 0.746776
vn 0.193023 0.634327 0.748579
vn 0.456699 0.501592 0.734732
vn 0.415978 0.525728 0.742006
vn -0.208779 0.663518 0.718439
vn -0.160523 0.668568 0.726119
vn 0.046269 0.668164 0.742574
vn 0.092098 0.661452 0.744311
vn 0.284733 0.599941 0.747661
vn 0.327483 0.582271 0.744120
vn 0.246986 0.647130 0.721263
vn -0.367533 0.625697 0.688058
vn -0.317913 0.638625 0.700778
vn 0.532794 0.434814 0.725994
vn 0.494193 0.463806 0.735294
vn -0.107265 0.677089 0.728042
vn -0.059661 0.676934 0.733622
vn 0.188082 0.639412 0.745505
vn 0.143409 0.650870 0.745521
vn 0.412721 0.531717 0.739553
vn 0.371672 0.554078 0.744887
vn -0.216502 0.666319 0.713545
vn -0.265861 0.659172 0.703427
vn 0.269491 0.581752 0.767424
vn -0.376306 0.627181 0.681937
vn -0.427041 0.611492 0.666118
vn 0.452665 0.497162 0.740219
vn 0.427250 0.550436 0.717271
vn 0.491648 0.470105 0.732996
vn -0.114344 0.680678 0.723604
vn -0.163026 0.678995 0.715813
vn 0.138113 0.655846 0.742153
vn 0.092705 0.665809 0.740340
vn 0.326611 0.580721 0.745713
vn 0.368121 0.559989 0.742226
vn -0.324639 0.652136 0.685075
vn -0.274054 0.661650 0.697935
vn -0.060417 0.685510 0.725552
vn -0.012753 0.682012 0.731230
vn 0.188749 0.641681 0.743384
vn 0.232651 0.627039 0.743435
vn -0.488093 0.593622 0.639827
vn -0.436276 0.612481 0.659189
vn 0.432165 0.483619 0.761147
vn -0.170566 0.682338 0.710860
vn -0.220497 0.678615 0.700616
vn 0.087022 0.670669 0.736634
vn 0.040676 0.679112 0.732907
vn 0.322743 0.586564 0.742818
vn 0.280621 0.605780 0.744501
vn -0.385202 0.642006 0.662909
vn -0.333320 0.654227 0.678885
vn -0.067257 0.689602 0.721059
vn -0.116131 0.691319 0.713156
vn 0.183795 0.647043 0.739970
vn 0.139037 0.660231 0.738081
vn 0.367196 0.558581 0.743743
vn 0.407244 0.534873 0.740313
vn -0.279847 0.675636 0.682057
vn -0.228529 0.681664 0.695060
vn 0.034569 0.683842 0.728810
vn -0.012916 0.690692 0.723033
vn 0.276410 0.611563 0.741342
vn 0.233504 0.629337 0.741223
vn -0.447535 0.628287 0.636371
vn -0.394374 0.643628 0.655905
vn 0.133685 0.665502 0.734326
vn 0.087872 0.677223 0.730511
vn 0.363737 0.564710 0.740809
vn 0.322951 0.586942 0.742429
vn -0.288393 0.678327 0.675798
vn -0.341181 0.669657 0.659663
vn -0.019482 0.695270 0.718484
vn -0.068311 0.700406 0.710468
vn 0.185041 0.651431 0.735797
vn 0.228920 0.635059 0.737764
vn -0.233355 0.696060 0.679004
vn -0.181548 0.698547 0.692151
vn 0.035011 0.692587 0.720484
vn 0.082086 0.682392 0.726363
vn 0.319143 0.593034 0.739228
vn 0.277454 0.613874 0.739038
vn -0.404516 0.660180 0.632874
vn -0.350251 0.671908 0.652582
vn -0.125731 0.708036 0.694894
vn -0.075373 0.704796 0.705394
vn 0.135002 0.672057 0.728089
vn 0.180051 0.657090 0.731993
vn -0.019788 0.706187 0.707749
vn 0.028755 0.697631 0.715880
vn 0.230495 0.639428 0.733488
vn 0.273268 0.619931 0.735534
vn -0.185378 0.713284 0.675914
vn -0.133325 0.712193 0.689206
vn 0.129570 0.677641 0.723888
vn 0.083140 0.691156 0.717908
vn -0.359225 0.689123 0.629338
vn -0.304100 0.697162 0.649222
vn -0.026556 0.711076 0.702613
vn -0.076766 0.717822 0.691982
vn 0.077225 0.696648 0.713245
vn 0.029207 0.708608 0.704997
vn -0.136134 0.727202 0.672789
vn -0.084081 0.722510 0.686228
vn 0.131241 0.686383 0.715300
vn 0.176788 0.669590 0.721384
vn -0.311862 0.714957 0.625763
vn -0.256131 0.719243 0.645822
vn 0.022769 0.713976 0.699799
vn -0.027047 0.724222 0.689036
vn -0.144030 0.731628 0.666315
vn -0.198063 0.733939 0.649696
vn -0.085851 0.737719 0.669627
vn -0.034048 0.729424 0.683215
vn -0.262643 0.737531 0.622147
vn -0.206560 0.738022 0.642384
vn 0.023190 0.727180 0.686055
vn 0.072369 0.713456 0.696953
vn 0.016540 0.732872 0.680165
vn -0.034764 0.744759 0.666428
vn -0.155616 0.753381 0.638906
vn -0.211791 0.756712 0.618491
vn -0.095628 0.759994 0.642857
vn -0.042028 0.750259 0.659807
vn 0.516551 0.581875 0.628169
vn 0.453268 0.595711 0.663082
vn 0.387704 0.643833 0.659670
vn 0.457897 0.578922 0.674670
vn 0.502657 0.637589 0.583794
vn 0.458434 0.581495 0.672088
vn 0.383575 0.602658 0.699767
vn 0.440689 0.599155 0.668436
vn 0.554715 0.550162 0.624190
vn 0.496877 0.547961 0.672943
vn 0.420335 0.606573 0.674824
vn 0.425965 0.597072 0.679749
vn 0.475488 0.573084 0.667447
vn 0.473919 0.554864 0.683759
vn 0.290375 0.627159 0.722741
vn 0.327962 0.615312 0.716821
vn 0.365660 0.628904 0.686128
vn 0.349227 0.594226 0.724525
vn 0.549775 0.521427 0.652580
vn 0.480470 0.555368 0.678760
vn 0.522064 0.503605 0.688354
vn 0.398149 0.564165 0.723322
vn 0.400218 0.591211 0.700211
vn 0.466834 0.563093 0.681903
vn 0.472766 0.564730 0.676442
vn 0.215606 0.639450 0.737983
vn 0.270151 0.625923 0.731601
vn 0.275919 0.639289 0.717759
vn 0.272033 0.623888 0.732641
vn 0.522086 0.510934 0.682915
vn 0.207843 0.640052 0.739685
vn 0.142875 0.648673 0.747536
vn 0.209470 0.645063 0.734858
vn 0.217321 0.629020 0.746395
vn 0.163584 0.647069 0.744676
vn 0.159799 0.632097 0.758233
vn 0.167416 0.644537 0.746019
vn 0.513992 0.522255 0.680487
vn 0.443641 0.527790 0.724306
vn 0.444456 0.579312 0.683269
vn 0.520093 0.525111 0.673618
vn 0.469938 0.547809 0.692144
vn 0.658900 0.424375 0.621093
vn 0.482597 0.549207 0.682254
vn 0.517048 0.499255 0.695274
vn 0.543083 0.499749 0.674768
vn 0.470570 0.510700 0.719548
vn 0.070370 0.646708 0.759485
vn 0.118175 0.644818 0.755145
vn 0.120086 0.655242 0.745813
vn 0.114850 0.647287 0.753545
vn 0.580536 0.447326 0.680351
vn 0.546336 0.507726 0.666132
vn -0.000014 0.648208 0.761464
vn 0.057627 0.654714 0.753677
vn 0.057357 0.651644 0.756353
vn 0.063025 0.647141 0.759761
vn 0.649045 0.394669 0.650367
vn 0.588317 0.445636 0.674753
vn -0.070424 0.646934 0.759287
vn -0.003514 0.650524 0.759478
vn 0.618558 0.381671 0.686814
vn 0.014033 0.654754 0.755711
vn 0.013200 0.615905 0.787710
vn 0.583064 0.456030 0.672364
vn 0.520645 0.513098 0.682392
vn 0.555693 0.453242 0.696977
vn 0.509550 0.471184 0.719961
vn -0.016469 0.650694 0.759162
vn -0.016899 0.667683 0.744254
vn 0.011957 0.644205 0.764759
vn 0.620525 0.391056 0.679724
vn -0.060238 0.636793 0.768678
vn -0.046892 0.649806 0.758652
vn -0.047456 0.657628 0.751847
vn -0.143237 0.650182 0.746154
vn -0.071701 0.641567 0.763709
vn -0.038666 0.644056 0.764000
vn -0.074927 0.670430 0.738180
vn 0.576991 0.439567 0.688376
vn 0.614489 0.405377 0.676811
vn 0.557820 0.478192 0.678358
vn 0.621305 0.407272 0.669409
vn 0.546623 0.425724 0.721084
vn -0.104591 0.656313 0.747204
vn -0.098226 0.616373 0.781304
vn 0.736251 0.276751 0.617529
vn -0.210913 0.625440 0.751226
vn -0.149114 0.639025 0.754594
vn -0.088741 0.636695 0.765992
vn -0.139932 0.673803 0.725540
vn -0.126752 0.610338 0.781935
vn 0.569549 0.403556 0.716071
vn 0.589100 0.440680 0.677320
vn 0.612994 0.381573 0.691838
vn 0.638542 0.377383 0.670706
vn -0.168534 0.655932 0.735764
vn -0.164406 0.639863 0.750697
vn -0.141432 0.641471 0.753998
vn 0.664454 0.316304 0.677091
vn -0.284337 0.614047 0.736273
vn -0.210964 0.625473 0.751184
vn -0.198053 0.644290 0.738692
vn -0.194843 0.633847 0.748515
vn -0.207573 0.615421 0.760375
vn 0.671977 0.313081 0.671139
vn 0.720909 0.249754 0.646462
vn -0.225859 0.628555 0.744249
vn 0.668699 0.326105 0.668205
vn 0.619060 0.397067 0.677571
vn 0.630052 0.364350 0.685772
vn 0.661576 0.326672 0.674983
vn 0.599555 0.356437 0.716579
vn 0.762790 0.191356 0.617684
vn 0.696317 0.243914 0.675017
vn -0.270961 0.605981 0.747909
vn -0.257887 0.624362 0.737338
vn -0.226139 0.629334 0.743505
vn -0.261053 0.632028 0.729652
vn -0.192968 0.633830 0.749015
vn -0.251353 0.640331 0.725809
vn -0.213224 0.648320 0.730901
vn 0.693459 0.233066 0.681759
vn -0.354801 0.589134 0.725973
vn -0.297894 0.612148 0.732485
vn -0.301532 0.655819 0.692083
vn -0.267811 0.625297 0.732995
vn -0.271147 0.589733 0.760719
vn 0.681920 0.294656 0.669450
vn 0.620138 0.330542 0.711457
vn 0.644573 0.355307 0.676965
vn 0.656982 0.306761 0.688674
vn -0.094047 0.657267 0.747767
vn -0.098463 0.661331 0.743603
vn -0.149634 0.656569 0.739275
vn -0.143710 0.651803 0.744648
vn -0.301939 0.620967 0.723348
vn -0.325067 0.627928 0.707134
vn -0.317264 0.612855 0.723707
vn 0.729997 0.156393 0.665316
vn 0.698599 0.239562 0.674218
vn 0.724312 0.219374 0.653642
vn -0.432107 0.567851 0.700592
vn -0.361569 0.591893 0.720368
vn -0.355805 0.582458 0.730853
vn -0.347720 0.601125 0.719542
vn -0.355147 0.613964 0.704924
vn 0.709440 0.199709 0.675878
vn -0.104284 0.667869 0.736937
vn -0.052690 0.669034 0.741362
vn -0.098661 0.662657 0.742396
vn -0.048524 0.664624 0.745601
vn -0.381671 0.593948 0.708204
vn -0.423130 0.564681 0.708588
vn -0.414641 0.583404 0.698364
vn 0.724809 0.145631 0.673382
vn -0.420536 0.591697 0.687782
vn -0.356904 0.607601 0.709536
vn -0.374662 0.615294 0.693572
vn -0.382898 0.595858 0.705934
vn -0.505554 0.533102 0.678393
vn -0.454140 0.565659 0.688322
vn -0.468731 0.607517 0.641260
vn -0.452359 0.598464 0.661221
vn -0.424419 0.550085 0.719218
vn -0.411597 0.589378 0.695141
vn -0.307678 0.632772 0.710587
vn -0.319272 0.638930 0.699881
vn -0.262519 0.650884 0.712344
vn -0.253042 0.644947 0.721119
vn -0.052797 0.670399 0.740120
vn -0.002430 0.668829 0.743412
vn -0.006320 0.673572 0.739095
vn -0.058089 0.676040 0.734572
vn -0.479191 0.564451 0.672139
vn -0.490639 0.577936 0.652122
vn 0.689311 0.218294 0.690796
vn 0.692822 0.233403 0.682291
vn -0.587132 0.498064 0.638129
vn -0.521159 0.535915 0.664220
vn -0.522462 0.537254 0.662112
vn -0.541311 0.580338 0.608433
vn -0.486454 0.521525 0.700981
vn -0.465597 0.566262 0.680123
vn -0.547544 0.534610 0.643729
vn -0.684217 0.463189 0.563297
vn -0.572687 0.496233 0.652520
vn -0.589545 0.510841 0.625682
vn 0.648238 0.287205 0.705195
vn 0.648108 0.285626 0.705956
vn 0.648402 0.287278 0.705015
vn 0.609470 0.355003 0.708886
vn 0.044011 0.669841 0.741199
vn -0.006333 0.674971 0.737817
vn -0.011261 0.681019 0.732179
vn 0.040423 0.674899 0.736802
vn -0.581001 0.508799 0.635265
vn 0.609608 0.341413 0.715413
vn 0.567933 0.393532 0.722900
vn 0.603385 0.348290 0.717371
vn 0.604045 0.338297 0.721584
vn -0.642461 0.492873 0.586788
vn 0.494962 0.473275 0.728713
vn 0.524567 0.428100 0.735908
vn 0.559895 0.386337 0.732981
vn 0.531031 0.426481 0.732202
vn 0.568157 0.392038 0.723536
vn -0.639825 0.490664 0.591501
vn 0.548706 0.435033 0.713911
vn 0.530320 0.420456 0.736191
vn 0.549270 0.402093 0.732546
vn -0.546381 0.594604 0.589843
vn -0.172636 0.690620 0.702311
vn -0.115978 0.691237 0.713260
vn -0.124149 0.699124 0.704139
vn -0.182829 0.699131 0.691223
vn -0.670256 0.507435 0.541541
vn -0.668502 0.485823 0.563100
vn 0.513652 0.447868 0.731831
vn 0.510591 0.445199 0.735591
vn 0.493718 0.448652 0.744952
vn -0.597873 0.538711 0.593581
vn 0.498023 0.476984 0.724196
vn 0.451474 0.505228 0.735470
vn 0.486172 0.465633 0.739474
vn 0.501039 0.457789 0.734431
vn -0.509584 0.579121 0.636351
vn -0.503738 0.633098 0.587737
vn -0.553189 0.579221 0.598736
vn -0.599054 0.559474 0.572820
vn -0.634419 0.534643 0.558274
vn -0.633264 0.556087 0.538280
vn -0.293001 0.689166 0.662722
vn -0.231201 0.695203 0.680617
vn -0.243402 0.704190 0.666987
vn -0.307609 0.698269 0.646373
vn 0.453530 0.496089 0.740410
vn 0.453647 0.496216 0.740253
vn 0.449345 0.510195 0.733342
vn 0.407732 0.535514 0.739581
vn -0.560788 0.582206 0.588688
vn 0.323883 0.601842 0.729991
vn 0.397584 0.561212 0.725926
vn 0.362191 0.562309 0.743388
vn -0.471011 0.616233 0.631194
vn -0.458399 0.668538 0.585600
vn 0.404912 0.535803 0.740920
vn 0.376169 0.497767 0.781489
vn -0.512234 0.619148 0.595208
vn -0.559225 0.603060 0.568846
vn 0.228828 0.641618 0.732096
vn 0.226688 0.647719 0.727374
vn 0.181083 0.660857 0.728339
vn 0.177912 0.668266 0.722335
vn -0.592714 0.602082 0.534965
vn -0.183287 0.712282 0.677540
vn -0.194870 0.722109 0.663765
vn -0.259547 0.720583 0.642959
vn -0.245580 0.710491 0.659464
vn 0.390299 0.554103 0.735280
vn 0.382655 0.583059 0.716671
vn 0.368532 0.561539 0.740849
vn -0.520495 0.623167 0.583736
vn 0.328071 0.581846 0.744194
vn 0.347119 0.586972 0.731418
vn 0.346422 0.585795 0.732691
vn -0.410586 0.700736 0.583428
vn -0.429701 0.650787 0.625966
vn 0.277081 0.628582 0.726712
vn 0.316711 0.597629 0.736568
vn 0.327075 0.617187 0.715613
vn -0.516160 0.643828 0.564858
vn -0.468397 0.656193 0.591621
vn -0.615425 0.593731 0.518398
vn -0.643756 0.602297 0.472034
vn -0.603977 0.605909 0.517771
vn -0.555758 0.624077 0.549237
vn -0.548798 0.645146 0.531609
vn 0.072120 0.713693 0.696736
vn 0.126325 0.695749 0.707089
vn 0.130690 0.686975 0.714833
vn 0.078006 0.703698 0.706205
vn 0.324651 0.586923 0.741703
vn 0.232438 0.664150 0.710548
vn 0.309665 0.656776 0.687570
vn 0.286993 0.608687 0.739686
vn -0.477164 0.661354 0.578727
vn 0.254674 0.612835 0.748047
vn 0.271485 0.647817 0.711779
vn 0.270156 0.650092 0.710208
vn -0.360535 0.729522 0.581216
vn -0.385820 0.682577 0.620670
vn -0.470054 0.681534 0.560857
vn -0.421880 0.690149 0.587973
vn -0.146315 0.743236 0.652834
vn -0.094095 0.747814 0.657207
vn -0.083917 0.736440 0.671278
vn -0.158803 0.755163 0.636011
vn -0.511595 0.664602 0.544587
vn -0.501731 0.685029 0.528205
vn -0.573571 0.639881 0.511438
vn -0.598027 0.649469 0.469631
vn -0.560642 0.650244 0.512701
vn 0.128534 0.707917 0.694502
vn 0.177986 0.674127 0.716850
vn 0.209901 0.680252 0.702281
vn 0.225412 0.663522 0.713392
vn 0.208553 0.613894 0.761340
vn -0.430983 0.696538 0.573662
vn 0.181858 0.680536 0.709787
vn -0.339547 0.711407 0.615312
vn -0.308488 0.754742 0.578965
vn 0.133917 0.697414 0.704046
vn 0.073760 0.727174 0.682480
vn -0.372900 0.720820 0.584263
vn -0.421122 0.715946 0.556847
vn 0.152755 0.701554 0.696052
vn 0.132802 0.691604 0.709963
vn -0.548829 0.693210 0.467169
vn -0.513975 0.691498 0.507602
vn -0.528142 0.683106 0.504412
vn -0.464470 0.702019 0.539848
vn -0.451739 0.721499 0.524758
vn 0.201202 0.694585 0.690701
vn 0.184009 0.688587 0.701419
vn 0.203841 0.687008 0.697473
vn 0.153046 0.702891 0.694637
vn 0.120677 0.713014 0.690687
vn 0.137537 0.718956 0.681311
vn 0.128279 0.757938 0.639590
vn -0.382156 0.728501 0.568544
vn -0.496408 0.748325 0.439988
vn -0.158311 0.766427 0.622517
vn -0.172252 0.779530 0.602215
vn -0.092800 0.758100 0.645502
vn -0.104297 0.770857 0.628412
vn -0.360179 0.759992 0.541002
vn -0.291080 0.737095 0.609888
vn -0.254705 0.776262 0.576665
vn 0.077296 0.721814 0.687757
vn 0.088638 0.729431 0.678287
vn 0.129059 0.709131 0.693165
vn 0.017149 0.759870 0.649849
vn 0.094083 0.774247 0.625851
vn -0.297634 0.723616 0.622730
vn -0.043405 0.774819 0.630692
vn 0.046397 0.723595 0.688664
vn -0.479336 0.723121 0.497325
vn -0.496417 0.733264 0.464643
vn -0.425538 0.722715 0.544610
vn -0.399075 0.754342 0.521256
vn 0.052501 0.706322 0.705941
vn 0.056622 0.761783 0.645353
vn 0.026169 0.748910 0.662154
vn -0.330903 0.757042 0.563375
vn -0.440216 0.783918 0.437816
vn -0.106432 0.786637 0.608173
vn -0.030012 0.757301 0.652376
vn -0.199448 0.793962 0.574321
vn -0.240626 0.759467 0.604407
vn -0.304825 0.785739 0.538234
vn -0.009086 0.769758 0.638271
vn -0.029977 0.756427 0.653391
vn 0.054447 0.758973 0.648842
vn 0.048406 0.769854 0.636382
vn 0.026555 0.759944 0.649446
vn -0.009129 0.773416 0.633833
vn -0.247779 0.746828 0.617133
vn -0.427374 0.759654 0.490181
vn -0.374728 0.754771 0.538423
vn -0.441069 0.769394 0.462051
vn -0.343997 0.783356 0.517706
vn -0.045436 0.775309 0.629946
vn -0.381431 0.815314 0.435629
vn -0.277466 0.781970 0.558154
vn -0.083519 0.790449 0.606807
vn -0.098155 0.778062 0.620472
vn -0.046103 0.786678 0.615640
vn -0.083919 0.794228 0.601796
vn -0.029257 0.794818 0.606142
vn -0.026281 0.790811 0.611496
vn -0.026557 0.799103 0.600607
vn -0.259778 0.797327 0.544780
vn -0.286786 0.808367 0.514098
vn -0.372498 0.792445 0.482986
vn -0.321443 0.783253 0.532155
vn -0.383077 0.801385 0.459385
vn -0.312258 0.810370 0.495778
vn -0.324186 0.841324 0.432523
vn -0.181716 0.795758 0.577709
vn -0.290034 0.845952 0.447488
vn -0.284912 0.842597 0.457007
vn -0.197731 0.818944 0.538733
vn -0.275404 0.854105 0.441200
vn 0.576825 0.507833 0.639827
vn 0.629253 0.457571 0.628227
vn 0.576506 0.500762 0.645661
vn 0.615973 0.435526 0.656425
vn 0.627722 0.445414 0.638414
vn 0.585669 0.469038 0.661057
vn 0.562012 0.489995 0.666369
vn 0.561143 0.470016 0.681324
vn 0.557925 0.466838 0.686135
vn 0.671565 0.368551 0.642783
vn 0.673885 0.377735 0.634977
vn 0.714144 0.314180 0.625531
vn 0.710415 0.303268 0.635090
vn 0.646361 0.339459 0.683363
vn 0.655010 0.361617 0.663472
vn 0.697178 0.295538 0.653147
vn 0.673852 0.336880 0.657598
vn 0.650349 0.342236 0.678175
vn 0.754136 0.067961 0.653192
vn 0.743165 0.199078 0.638807
vn 0.776890 0.112188 0.619561
vn 0.738118 0.176233 0.651248
vn 0.784741 0.113817 0.609284
vn 0.724245 0.172046 0.667734
vn 0.738015 0.155794 0.656553
vn 0.669094 0.283777 0.686865
vn 0.654597 0.314760 0.687334
vn 0.694487 0.265996 0.668531
vn 0.660869 0.318578 0.679529
vn 0.702856 0.256886 0.663327
vn 0.671937 0.254750 0.695415
vn 0.693203 0.247762 0.676819
vn 0.651001 0.307376 0.694059
vn 0.687400 0.231215 0.688492
vn -0.532855 0.558577 0.635655
vn -0.550769 0.537759 0.638333
vn -0.602197 0.527361 0.599374
vn -0.640904 0.452249 0.620252
vn -0.750687 0.403975 0.522755
vn -0.736473 0.405583 0.541396
vn -0.656355 0.460024 0.597976
vn -0.562270 0.521365 0.641897
vn -0.622549 0.515948 0.588414
vn -0.638358 0.530282 0.557942
vn -0.608141 0.541758 0.580227
vn -0.607374 0.517050 0.603122
vn -0.555219 0.563423 0.611790
vn -0.576837 0.536076 0.616346
vn -0.545985 0.558327 0.624637
vn -0.702210 0.452241 0.549890
vn -0.783597 0.418558 0.459114
vn -0.721033 0.465364 0.513369
vn -0.749683 0.418330 0.512812
vn -0.704137 0.463624 0.537814
vn -0.753149 0.476575 0.453479
vn -0.721935 0.474000 0.504117
vn -0.669105 0.507228 0.543156
vn -0.687488 0.518308 0.508643
vn -0.669759 0.515066 0.534912
vn -0.718197 0.532497 0.447928
vn -0.650008 0.568920 0.503806
vn -0.687185 0.527463 0.499559
vn -0.632972 0.556010 0.538701
vn -0.631671 0.577638 0.517036
vn -0.600883 0.554918 0.575331
vn -0.202927 0.789759 0.578879
vn -0.191943 0.783410 0.591123
vn -0.139563 0.798009 0.586262
vn -0.209211 0.797877 0.565351
vn -0.101526 0.814275 0.571531
vn -0.100738 0.809741 0.578075
vn -0.137862 0.795387 0.590215
vn -0.191512 0.831057 0.522175
vn -0.120014 0.826325 0.550257
vn -0.216833 0.845444 0.488065
vn -0.209453 0.824638 0.525454
vn -0.120998 0.827432 0.548375
vn -0.168813 0.800298 0.575348
vn -0.265218 0.822629 0.502932
vn -0.339680 0.817125 0.465750
vn -0.262589 0.817282 0.512930
vn -0.282907 0.825165 0.488944
vn -0.349008 0.832208 0.430841
vn -0.286552 0.808115 0.514625
vn 0.594312 0.489627 -0.638012
vn -0.092484 -0.790096 -0.605967
vn 0.623834 0.432195 -0.651183
vn 0.635021 0.420858 -0.647786
vn 0.610111 0.379428 -0.695557
vn 0.626520 0.417693 -0.658032
vn 0.640930 0.442862 -0.626962
vn 0.643658 0.362819 -0.673845
vn 0.645227 0.370723 -0.668017
vn 0.642443 0.362207 -0.675332
vn 0.633074 0.330754 -0.699871
vn 0.622159 0.312139 -0.717974
vn 0.635629 0.312385 -0.705969
vn 0.643539 0.322866 -0.693985
vn 0.664029 0.395530 -0.634525
vn 0.671658 0.403971 -0.621034
vn 0.665378 0.363892 -0.651809
vn 0.660357 0.356793 -0.660778
vn 0.649746 0.278448 -0.707316
vn 0.676320 0.328234 -0.659434
vn 0.648793 0.257346 -0.716129
vn 0.644969 0.252335 -0.721347
vn 0.626650 0.245168 -0.739731
vn 0.656397 0.235613 -0.716680
vn 0.655836 0.235412 -0.717259
vn 0.674865 0.179323 -0.715821
vn 0.646329 0.181514 -0.741155
vn 0.647002 0.183214 -0.740149
vn 0.654297 0.191250 -0.731655
vn 0.663976 0.194079 -0.722128
vn 0.681577 0.185897 -0.707740
vn 0.692240 0.285669 -0.662720
vn 0.715186 0.265307 -0.646623
vn 0.721497 0.297405 -0.625293
vn 0.727212 0.301825 -0.616494
vn 0.711029 0.261051 -0.652909
vn 0.685345 0.214426 -0.695934
vn 0.676816 0.083364 -0.731417
vn 0.663002 0.133134 -0.736684
vn 0.656850 0.131899 -0.742396
vn 0.721288 0.228861 -0.653732
vn 0.663203 0.166334 -0.729722
vn 0.679042 0.180433 -0.711580
vn 0.686049 0.156874 -0.710442
vn 0.691981 0.084351 -0.716971
vn 0.691460 0.158111 -0.704900
vn 0.666741 0.114418 -0.736454
vn 0.625861 0.070369 -0.776753
vn 0.671585 0.075510 -0.737069
vn 0.675501 0.102279 -0.730231
vn 0.682600 0.107510 -0.722840
vn 0.687430 0.108271 -0.718135
vn 0.709964 0.096820 -0.697550
vn 0.652149 0.043183 -0.756860
vn 0.646999 0.038732 -0.761506
vn 0.655529 0.033930 -0.754407
vn 0.732258 0.186451 -0.655007
vn 0.674435 0.083071 -0.733646
vn 0.657275 0.071149 -0.750285
vn 0.653815 -0.005580 -0.756634
vn 0.678049 0.059574 -0.732598
vn 0.689687 0.064768 -0.721205
vn 0.682274 0.059945 -0.728635
vn 0.713398 0.118010 -0.690751
vn 0.750474 0.159817 -0.641286
vn 0.764431 0.190488 -0.615922
vn 0.747823 0.157857 -0.644859
vn 0.767408 0.192019 -0.611730
vn 0.650268 -0.026754 -0.759233
vn 0.653447 -0.024655 -0.756571
vn 0.626592 -0.025780 -0.778921
vn 0.651905 -0.044910 -0.756970
vn 0.671587 0.012799 -0.740815
vn 0.666236 0.009760 -0.745677
vn 0.695561 -0.000607 -0.718467
vn 0.675182 0.012868 -0.737539
vn 0.685079 0.073799 -0.724721
vn 0.702861 0.085677 -0.706148
vn 0.651569 -0.099654 -0.752015
vn 0.647929 -0.044636 -0.760392
vn 0.751733 0.123266 -0.647845
vn 0.706581 0.061187 -0.704982
vn 0.702436 -0.012026 -0.711645
vn 0.712137 0.061668 -0.699327
vn 0.636864 -0.090752 -0.765616
vn 0.641300 -0.084361 -0.762638
vn 0.642988 -0.083428 -0.761319
vn 0.660763 -0.095401 -0.744507
vn 0.648899 -0.084195 -0.756202
vn 0.663897 -0.009698 -0.747761
vn 0.645568 -0.019457 -0.763455
vn 0.664250 -0.032925 -0.746785
vn 0.672732 -0.030353 -0.739263
vn 0.667208 -0.033071 -0.744137
vn 0.688482 0.008163 -0.725208
vn 0.722120 -0.002076 -0.691765
vn 0.696298 0.012396 -0.717646
vn 0.701220 0.012484 -0.712836
vn 0.758023 0.081431 -0.647125
vn 0.651763 -0.079181 -0.754278
vn 0.657492 -0.078016 -0.749411
vn 0.655172 -0.077741 -0.751469
vn 0.675681 -0.093314 -0.731264
vn 0.627965 -0.137288 -0.766036
vn 0.628883 -0.157488 -0.761382
vn 0.638402 -0.189762 -0.745944
vn 0.644707 -0.140948 -0.751323
vn 0.770266 0.049573 -0.635793
vn 0.648122 -0.099127 -0.755057
vn 0.628711 -0.106710 -0.770283
vn 0.645303 -0.121889 -0.754140
vn 0.646993 -0.122208 -0.752639
vn 0.650458 -0.120984 -0.749845
vn 0.629696 -0.188036 -0.753741
vn 0.684998 -0.106527 -0.720714
vn 0.673973 -0.057475 -0.736517
vn 0.694052 -0.021602 -0.719601
vn 0.713460 -0.012214 -0.700589
vn 0.713769 -0.037175 -0.699394
vn 0.719367 -0.037467 -0.693619
vn 0.632378 -0.165782 -0.756712
vn 0.633750 -0.165383 -0.755652
vn 0.634818 -0.165661 -0.754693
vn 0.650805 -0.182618 -0.736955
vn 0.627665 -0.219020 -0.747039
vn 0.611837 -0.213497 -0.761626
vn 0.619112 -0.225440 -0.752248
vn 0.613011 -0.278243 -0.739458
vn 0.759378 -0.007615 -0.650605
vn 0.688355 -0.087587 -0.720067
vn 0.696747 -0.084449 -0.712329
vn 0.701669 -0.085046 -0.707410
vn 0.720499 -0.102480 -0.685842
vn 0.606870 -0.191818 -0.771307
vn 0.627315 -0.186467 -0.756113
vn 0.621376 -0.208574 -0.755241
vn 0.787141 0.005774 -0.616746
vn 0.813258 0.016977 -0.581655
vn 0.598957 -0.272772 -0.752892
vn 0.623183 -0.208425 -0.753792
vn 0.621838 -0.208729 -0.754817
vn 0.784721 -0.023345 -0.619409
vn 0.767256 -0.032330 -0.640525
vn 0.644036 -0.145529 -0.751025
vn 0.621683 -0.185643 -0.760952
vn 0.651435 -0.195419 -0.733106
vn 0.661852 -0.112929 -0.741079
vn 0.681970 -0.106056 -0.723650
vn 0.678984 -0.130017 -0.722548
vn 0.608102 -0.296034 -0.736597
vn 0.691807 -0.128178 -0.710615
vn 0.683224 -0.130829 -0.718394
vn 0.657816 -0.198233 -0.726623
vn 0.734484 -0.078169 -0.674109
vn 0.607961 -0.251227 -0.753173
vn 0.620917 -0.269785 -0.735988
vn 0.607269 -0.251344 -0.753691
vn 0.607150 -0.251295 -0.753804
vn 0.604790 -0.296808 -0.739009
vn 0.592655 -0.290853 -0.751109
vn 0.604348 -0.297039 -0.739277
vn 0.580186 -0.366380 -0.727427
vn 0.773917 -0.063152 -0.630131
vn 0.772651 -0.055766 -0.632377
vn 0.653475 -0.175398 -0.736346
vn 0.659622 -0.173905 -0.731202
vn 0.663180 -0.174843 -0.727751
vn 0.679367 -0.193678 -0.707778
vn 0.577525 -0.359572 -0.732920
vn 0.587484 -0.350060 -0.729603
vn 0.582376 -0.351026 -0.733225
vn 0.596614 -0.359608 -0.717449
vn 0.601254 -0.272907 -0.751010
vn 0.579811 -0.275919 -0.766608
vn 0.768664 -0.057876 -0.637029
vn 0.800665 -0.055502 -0.596536
vn 0.803779 -0.053330 -0.592533
vn 0.592207 -0.294153 -0.750177
vn 0.795349 -0.068199 -0.602304
vn 0.806711 -0.114818 -0.579684
vn 0.820066 -0.059187 -0.569200
vn 0.730132 -0.135230 -0.669791
vn 0.590759 -0.293902 -0.751416
vn 0.562823 -0.356405 -0.745792
vn 0.591535 -0.293819 -0.750838
vn 0.609596 -0.229031 -0.758906
vn 0.613286 -0.280228 -0.738480
vn 0.628914 -0.236289 -0.740699
vn 0.625091 -0.198124 -0.754989
vn 0.645751 -0.193714 -0.738567
vn 0.639654 -0.216497 -0.737545
vn 0.642548 -0.217476 -0.734735
vn 0.612095 -0.280613 -0.739321
vn 0.648773 -0.216350 -0.729580
vn 0.693893 -0.210055 -0.688760
vn 0.692922 -0.158405 -0.703397
vn 0.577997 -0.336596 -0.743386
vn 0.575268 -0.336740 -0.745435
vn 0.574076 -0.336043 -0.746667
vn 0.585567 -0.355960 -0.728288
vn 0.599752 -0.273134 -0.752127
vn 0.578595 -0.275596 -0.767642
vn 0.590758 -0.294357 -0.751238
vn 0.592711 -0.294478 -0.749651
vn 0.591244 -0.294600 -0.750760
vn 0.559393 -0.355218 -0.748932
vn 0.549685 -0.399643 -0.733575
vn 0.574359 -0.417582 -0.704086
vn 0.554374 -0.430883 -0.712046
vn 0.547590 -0.461613 -0.697895
vn 0.620449 -0.258629 -0.740374
vn 0.633992 -0.278651 -0.721392
vn 0.614348 -0.258159 -0.745607
vn 0.618202 -0.257692 -0.742577
vn 0.644919 -0.204747 -0.736313
vn 0.665973 -0.200691 -0.718473
vn 0.659661 -0.224192 -0.717346
vn 0.663785 -0.225594 -0.713090
vn 0.629031 -0.289334 -0.721530
vn 0.672719 -0.224143 -0.705131
vn 0.570608 -0.334976 -0.749798
vn 0.570547 -0.334940 -0.749861
vn 0.581715 -0.355325 -0.731677
vn 0.571218 -0.334959 -0.749341
vn 0.605202 -0.276534 -0.746498
vn 0.584104 -0.278496 -0.762406
vn 0.689957 -0.203796 -0.694569
vn 0.679060 -0.205566 -0.704713
vn 0.695613 -0.200685 -0.689817
vn 0.596139 -0.297973 -0.745540
vn 0.695703 -0.253202 -0.672224
vn 0.683305 -0.256500 -0.683595
vn 0.707985 -0.209121 -0.674556
vn 0.601620 -0.298554 -0.740891
vn 0.597767 -0.298787 -0.743910
vn 0.562429 -0.358137 -0.745260
vn 0.627826 -0.265931 -0.731516
vn 0.637638 -0.266733 -0.722683
vn 0.634203 -0.265296 -0.726226
vn 0.651179 -0.287790 -0.702241
vn 0.533487 -0.390985 -0.750015
vn 0.531697 -0.449358 -0.717897
vn 0.561466 -0.355545 -0.747224
vn 0.539662 -0.355528 -0.763129
vn 0.549499 -0.375466 -0.746375
vn 0.552237 -0.525605 -0.647127
vn 0.548245 -0.375054 -0.747504
vn 0.548929 -0.375077 -0.746990
vn 0.511465 -0.433362 -0.742025
vn 0.570975 -0.337112 -0.748561
vn 0.572589 -0.337106 -0.747330
vn 0.573630 -0.337719 -0.746254
vn 0.584552 -0.358759 -0.727730
vn 0.513178 -0.515128 -0.686507
vn 0.536853 -0.506029 -0.675073
vn 0.506462 -0.484376 -0.713356
vn 0.596301 -0.284626 -0.750609
vn 0.617554 -0.283115 -0.733807
vn 0.507201 -0.444989 -0.738059
vn 0.530444 -0.447159 -0.720193
vn 0.494631 -0.568386 -0.657478
vn 0.608300 -0.305008 -0.732763
vn 0.515097 -0.465935 -0.719430
vn 0.571841 -0.365140 -0.734622
vn 0.611073 -0.306398 -0.729870
vn 0.617479 -0.306142 -0.724567
vn 0.512615 -0.463690 -0.722647
vn 0.507828 -0.463078 -0.726408
vn 0.470604 -0.523783 -0.710059
vn 0.667106 -0.266683 -0.695593
vn 0.647466 -0.315065 -0.693918
vn 0.670004 -0.262507 -0.694395
vn 0.681847 -0.267146 -0.680968
vn 0.525508 -0.414631 -0.742915
vn 0.534193 -0.436117 -0.724182
vn 0.529169 -0.415679 -0.739724
vn 0.526542 -0.415448 -0.741726
vn 0.538768 -0.355226 -0.763900
vn 0.560227 -0.355747 -0.748057
vn 0.476106 -0.579584 -0.661367
vn 0.517429 -0.629888 -0.579232
vn 0.498620 -0.575475 -0.648234
vn 0.464415 -0.633834 -0.618525
vn 0.472421 -0.578181 -0.665226
vn 0.548308 -0.375665 -0.747151
vn 0.550367 -0.376093 -0.745419
vn 0.548802 -0.376003 -0.746618
vn 0.619685 -0.291706 -0.728628
vn 0.631992 -0.290696 -0.718388
vn 0.444166 -0.613990 -0.652482
vn 0.495649 -0.557311 -0.666135
vn 0.577124 -0.343023 -0.741123
vn 0.593973 -0.366244 -0.716284
vn 0.581096 -0.343098 -0.737978
vn 0.583234 -0.344360 -0.735700
vn 0.555402 -0.353663 -0.752629
vn 0.627990 -0.310840 -0.713447
vn 0.494903 -0.434533 -0.752497
vn 0.517279 -0.437173 -0.735733
vn 0.502355 -0.455557 -0.734920
vn 0.649559 -0.314091 -0.692402
vn 0.588679 -0.366383 -0.720570
vn 0.636904 -0.315253 -0.703540
vn 0.500905 -0.454242 -0.736721
vn 0.498199 -0.453830 -0.738807
vn 0.457351 -0.510319 -0.728289
vn 0.522954 -0.413336 -0.745435
vn 0.522443 -0.413278 -0.745825
vn 0.522432 -0.413270 -0.745837
vn 0.530740 -0.435184 -0.727276
vn 0.598029 -0.346390 -0.722755
vn 0.605147 -0.346381 -0.716810
vn 0.603396 -0.345379 -0.718767
vn 0.436864 -0.595676 -0.674033
vn 0.440246 -0.596365 -0.671217
vn 0.476063 -0.495266 -0.726688
vn 0.480567 -0.496192 -0.723083
vn 0.474256 -0.493385 -0.729145
vn 0.480364 -0.515850 -0.709330
vn 0.488593 -0.429314 -0.759583
vn 0.510333 -0.432403 -0.743362
vn 0.495636 -0.450601 -0.742498
vn 0.568477 -0.362992 -0.738289
vn 0.576661 -0.362931 -0.731945
vn 0.559508 -0.366669 -0.743307
vn 0.495169 -0.450176 -0.743068
vn 0.494593 -0.450074 -0.743512
vn 0.449596 -0.502936 -0.738186
vn 0.531576 -0.392672 -0.750490
vn 0.548283 -0.405013 -0.731677
vn 0.520850 -0.443566 -0.729359
vn 0.542570 -0.421567 -0.726566
vn 0.598275 -0.366360 -0.712634
vn 0.616657 -0.377616 -0.690753
vn 0.578446 -0.379078 -0.722288
vn 0.443225 -0.513281 -0.734911
vn 0.466051 -0.518715 -0.716750
vn 0.448169 -0.535279 -0.715975
vn 0.406326 -0.589154 -0.698424
vn 0.446067 -0.532768 -0.719154
vn 0.401458 -0.588663 -0.701647
vn 0.441515 -0.531521 -0.722876
vn 0.466192 -0.486216 -0.739094
vn 0.471856 -0.508876 -0.719998
vn 0.469536 -0.487697 -0.735994
vn 0.467062 -0.487123 -0.737946
vn 0.421318 -0.609328 -0.671722
vn 0.431582 -0.610964 -0.663671
vn 0.549050 -0.409105 -0.728819
vn 0.479677 -0.459926 -0.747247
vn 0.551170 -0.410685 -0.726326
vn 0.553668 -0.422045 -0.717865
vn 0.544191 -0.410233 -0.731824
vn 0.432747 -0.501541 -0.749124
vn 0.454666 -0.507323 -0.732053
vn 0.509934 -0.430051 -0.744999
vn 0.505922 -0.430854 -0.747267
vn 0.549741 -0.463621 -0.694867
vn 0.437246 -0.523567 -0.731227
vn 0.384721 -0.571744 -0.724637
vn 0.433510 -0.521358 -0.735021
vn 0.436034 -0.522115 -0.732987
vn 0.343899 -0.711826 -0.612402
vn 0.372717 -0.644307 -0.667795
vn 0.340011 -0.709577 -0.617165
vn 0.422890 -0.625672 -0.655514
vn 0.470955 -0.459774 -0.752868
vn 0.455809 -0.511176 -0.728654
vn 0.395198 -0.590124 -0.703969
vn 0.404539 -0.601822 -0.688592
vn 0.401337 -0.600863 -0.691298
vn 0.406855 -0.580485 -0.705341
vn 0.405399 -0.559279 -0.723090
vn 0.403909 -0.557224 -0.725506
vn 0.427449 -0.495782 -0.755968
vn 0.448691 -0.501924 -0.739425
vn 0.431513 -0.518024 -0.738544
vn 0.378274 -0.563692 -0.734275
vn 0.430686 -0.517435 -0.739439
vn 0.431147 -0.517585 -0.739066
vn 0.473423 -0.474773 -0.741931
vn 0.482239 -0.483614 -0.730454
vn 0.440626 -0.520394 -0.731464
vn 0.430340 -0.494869 -0.754925
vn 0.444905 -0.498949 -0.743713
vn 0.400112 -0.551178 -0.732198
vn 0.397137 -0.549332 -0.735198
vn 0.397837 -0.550299 -0.734096
vn 0.399621 -0.572738 -0.715733
vn 0.431779 -0.514955 -0.740532
vn 0.377421 -0.553154 -0.742680
vn 0.439435 -0.520579 -0.732048
vn 0.435639 -0.519558 -0.735036
vn 0.262873 -0.745557 -0.612407
vn 0.319876 -0.678157 -0.661651
vn 0.338223 -0.678328 -0.652285
vn 0.382554 -0.568524 -0.728309
vn 0.361534 -0.559676 -0.745691
vn 0.329480 -0.666222 -0.669022
vn 0.315997 -0.665593 -0.676115
vn 0.362945 -0.582290 -0.727468
vn 0.402695 -0.543969 -0.736162
vn 0.400808 -0.561499 -0.723928
vn 0.402997 -0.544080 -0.735915
vn 0.399742 -0.539686 -0.740909
vn 0.303859 -0.622850 -0.720921
vn 0.359681 -0.579681 -0.731163
vn 0.361979 -0.580740 -0.729186
vn 0.372311 -0.554806 -0.744026
vn 0.369822 -0.567843 -0.735381
vn 0.322785 -0.598054 -0.733581
vn 0.360976 -0.554260 -0.749995
vn 0.373775 -0.555320 -0.742908
vn 0.324664 -0.634660 -0.701284
vn 0.326145 -0.613228 -0.719431
vn 0.324986 -0.611049 -0.721805
vn 0.256603 -0.700601 -0.665818
vn 0.235550 -0.718742 -0.654160
vn 0.276425 -0.711923 -0.645565
vn 0.240402 -0.707253 -0.664831
vn 0.249150 -0.711343 -0.657203
vn 0.319513 -0.597493 -0.735468
vn 0.326318 -0.610217 -0.721908
vn 0.326165 -0.610086 -0.722088
vn 0.296686 -0.608148 -0.736297
vn 0.264043 -0.640370 -0.721254
vn 0.184518 -0.726544 -0.661881
vn 0.138456 -0.782967 -0.606459
vn 0.256428 -0.660013 -0.706136
vn 0.247839 -0.637909 -0.729142
vn 0.200711 -0.679392 -0.705792
vn 0.165326 -0.750139 -0.640280
vn 0.142023 -0.734656 -0.663408
vn 0.111566 -0.749931 -0.652041
vn 0.093773 -0.794954 -0.599378
vn 0.204005 -0.658031 -0.724829
vn 0.198277 -0.678367 -0.707464
vn 0.196301 -0.678950 -0.707455
vn 0.133057 -0.700447 -0.701192
vn 0.198993 -0.680818 -0.704904
vn 0.129375 -0.697398 -0.704910
vn 0.140827 -0.744678 -0.652398
vn 0.138705 -0.744601 -0.652940
vn 0.056065 -0.764768 -0.641862
vn 0.143187 -0.713108 -0.686276
vn 0.146203 -0.717808 -0.680718
vn 0.141504 -0.704726 -0.695225
vn 0.058679 -0.735678 -0.674785
vn 0.064880 -0.748929 -0.659467
vn 0.059957 -0.743495 -0.666048
vn 0.075532 -0.743707 -0.664225
vn -0.015302 -0.750378 -0.660831
vn 0.652847 0.279777 -0.703928
vn 0.662377 0.249907 -0.706260
vn 0.669079 0.250695 -0.699633
vn 0.662308 0.325496 -0.674833
vn 0.670729 0.261219 -0.694181
vn 0.657751 0.321387 -0.681230
vn 0.652276 0.316309 -0.688828
vn 0.654397 0.312787 -0.688425
vn 0.677520 0.266603 -0.685484
vn 0.670332 0.309079 -0.674629
vn 0.677519 0.266598 -0.685488
vn 0.700020 0.366338 -0.612999
vn 0.687153 0.354490 -0.634159
vn 0.683676 0.335078 -0.648313
vn 0.706865 0.315076 -0.633300
vn 0.688071 0.283375 -0.668025
vn 0.692702 0.286925 -0.661694
vn 0.700148 0.161810 -0.695421
vn 0.696382 0.162237 -0.699093
vn 0.691754 0.215731 -0.689156
vn 0.713113 0.211704 -0.668320
vn 0.714369 0.171113 -0.678526
vn 0.713091 0.168198 -0.680595
vn 0.699327 0.224197 -0.678733
vn 0.703850 0.165391 -0.690827
vn 0.700242 0.225709 -0.677286
vn 0.697105 0.223677 -0.681185
vn 0.730903 0.235075 -0.640718
vn 0.752501 0.261470 -0.604463
vn 0.729184 0.184090 -0.659092
vn 0.736302 0.251295 -0.628259
vn 0.750784 0.210727 -0.626034
vn 0.731676 0.185368 -0.655964
vn 0.655904 0.026543 -0.754378
vn 0.666610 0.034503 -0.744608
vn 0.652943 -0.005572 -0.757387
vn 0.651272 -0.030344 -0.758237
vn 0.683077 -0.009978 -0.730279
vn 0.666229 -0.034340 -0.744956
vn 0.721288 0.117845 -0.682537
vn 0.721128 0.063405 -0.689895
vn 0.716982 0.064701 -0.694083
vn 0.730060 0.125003 -0.671854
vn 0.730278 0.125270 -0.671566
vn 0.728751 0.124456 -0.673375
vn 0.724896 0.066086 -0.685680
vn 0.755866 0.078499 -0.650004
vn 0.789221 0.148641 -0.595850
vn 0.770055 0.141197 -0.622157
vn 0.763493 0.128137 -0.632976
vn 0.779450 0.100169 -0.618405
vn 0.755845 0.078493 -0.650028
vn 0.697318 -0.059465 -0.714291
vn 0.680477 -0.002139 -0.732766
vn 0.663571 -0.017345 -0.747912
vn 0.677495 -0.005267 -0.735509
vn 0.679128 -0.068753 -0.730793
vn 0.686527 -0.064094 -0.724274
vn 0.669622 -0.007827 -0.742661
vn 0.807720 0.098810 -0.581228
vn 0.772640 0.050792 -0.632810
vn 0.786703 0.029644 -0.616620
vn 0.737204 0.000974 -0.675670
vn 0.778272 0.013334 -0.627786
vn 0.787543 0.084224 -0.610477
vn 0.736850 0.015764 -0.675872
vn 0.723991 -0.035395 -0.688900
vn 0.728273 -0.037717 -0.684248
vn 0.732037 -0.035821 -0.680322
vn 0.745496 0.020388 -0.666198
vn 0.738581 -0.034925 -0.673259
vn 0.746206 0.020540 -0.665399
vn 0.758698 -0.008045 -0.651393
vn 0.747170 0.021927 -0.664271
vn 0.656460 -0.093497 -0.748545
vn 0.668877 -0.151142 -0.727846
vn 0.646651 -0.097233 -0.756564
vn 0.659243 -0.153983 -0.735995
vn 0.652583 -0.157252 -0.741220
vn 0.641215 -0.106443 -0.759943
vn 0.657052 -0.095269 -0.747801
vn 0.754922 -0.055091 -0.653497
vn 0.752632 -0.055290 -0.656116
vn 0.732257 -0.078287 -0.676514
vn 0.702715 -0.092921 -0.705377
vn 0.723379 -0.134710 -0.677183
vn 0.755219 -0.080573 -0.650501
vn 0.732696 -0.130737 -0.667881
vn 0.739327 -0.091770 -0.667063
vn 0.709176 -0.101209 -0.697729
vn 0.714375 -0.163309 -0.680440
vn 0.695546 -0.105836 -0.710644
vn 0.691420 -0.170715 -0.701994
vn 0.686251 -0.114048 -0.718368
vn 0.701567 -0.104825 -0.704851
vn 0.700990 -0.166728 -0.693408
vn 0.763428 -0.085746 -0.640176
vn 0.702178 -0.137068 -0.698683
vn 0.748726 -0.086043 -0.657271
vn 0.745192 -0.116367 -0.656618
vn 0.728822 -0.138612 -0.670526
vn 0.753457 -0.114082 -0.647524
vn 0.726524 -0.167425 -0.666432
vn 0.556501 -0.412733 -0.721081
vn 0.561239 -0.349396 -0.750289
vn 0.563519 -0.412995 -0.715459
vn 0.553712 -0.349662 -0.755737
vn 0.729183 -0.166890 -0.663657
vn 0.749691 -0.187609 -0.634638
vn 0.784362 -0.123885 -0.607806
vn 0.761802 -0.134119 -0.633774
vn 0.725877 -0.195963 -0.659318
vn 0.734315 -0.200010 -0.648673
vn 0.761578 -0.122236 -0.636441
vn 0.504326 -0.525616 -0.685116
vn 0.473626 -0.563852 -0.676572
vn 0.471136 -0.580716 -0.663928
vn 0.451969 -0.569499 -0.686582
vn 0.488455 -0.517944 -0.702244
vn 0.493107 -0.518085 -0.698880
vn 0.468690 -0.565376 -0.678733
vn 0.490918 -0.514146 -0.703316
vn 0.460263 -0.564603 -0.685114
vn 0.450274 -0.553377 -0.700733
vn 0.486112 -0.509656 -0.709891
vn 0.492229 -0.528396 -0.691743
vn 0.488314 -0.512522 -0.706307
vn 0.457355 -0.562466 -0.688809
vn 0.488883 -0.512687 -0.705795
vn 0.492996 -0.481291 -0.724785
vn 0.506267 -0.422140 -0.751992
vn 0.493108 -0.429533 -0.756535
vn 0.482334 -0.478827 -0.733538
vn 0.515128 -0.423445 -0.745209
vn 0.410914 -0.619846 -0.668536
vn 0.384537 -0.684530 -0.619314
vn 0.391554 -0.653588 -0.647694
vn 0.365335 -0.668787 -0.647498
vn 0.428722 -0.635038 -0.642592
vn 0.432085 -0.634582 -0.640787
vn 0.313779 -0.622170 -0.717250
vn 0.296812 -0.693624 -0.656345
vn 0.280496 -0.676942 -0.680493
vn 0.330770 -0.637299 -0.696018
vn 0.325808 -0.635691 -0.699818
vn 0.305637 -0.680532 -0.665930
vn 0.325771 -0.635364 -0.700133
vn 0.298346 -0.677757 -0.672038
vn 0.355152 -0.597675 -0.718785
vn 0.348100 -0.594454 -0.724879
vn 0.287953 -0.656823 -0.696898
vn 0.287943 -0.640294 -0.712118
vn 0.322485 -0.657048 -0.681390
vn 0.321821 -0.639822 -0.697896
vn 0.226140 -0.713997 -0.662623
vn 0.230389 -0.733245 -0.639744
vn 0.198267 -0.740859 -0.641730
vn 0.167875 -0.748350 -0.641709
vn 0.182529 -0.769024 -0.612605
vn 0.244644 -0.736136 -0.631073
vn 0.264190 -0.640119 -0.721423
vn 0.266120 -0.641357 -0.719611
vn 0.238552 -0.682472 -0.690887
vn 0.204544 -0.679425 -0.704658
vn 0.195015 -0.726039 -0.659421
vn 0.192934 -0.734033 -0.651131
vn 0.243533 -0.687332 -0.684300
vn 0.172803 -0.713066 -0.679467
vn 0.232363 -0.678212 -0.697163
vn 0.205325 -0.720952 -0.661869
vn 0.232372 -0.678548 -0.696833
vn 0.234100 -0.678957 -0.695855
vn 0.199807 -0.718250 -0.666478
vn 0.188707 -0.692813 -0.695989
vn 0.188942 -0.676594 -0.711703
vn 0.231047 -0.682896 -0.693015
vn 0.231668 -0.699988 -0.675534
vn 0.156081 -0.725311 -0.670494
vn 0.116707 -0.730153 -0.673243
vn 0.099477 -0.752658 -0.650854
vn 0.153365 -0.720373 -0.676419
vn 0.076034 -0.733422 -0.675508
vn 0.096539 -0.746188 -0.658699
vn -0.025241 -0.793306 -0.608299
vn 0.033098 -0.774219 -0.632052
vn 0.039684 -0.777593 -0.627515
vn 0.020761 -0.773823 -0.633062
vn 0.031325 -0.754446 -0.655615
vn -0.031564 -0.770395 -0.636785
vn 0.720128 0.008578 -0.693789
vn 0.731321 0.017214 -0.681816
vn 0.729012 0.067447 -0.681170
vn 0.722353 0.080422 -0.686832
vn 0.754770 0.090971 -0.649651
vn 0.742398 0.070496 -0.666240
vn 0.372246 -0.577511 -0.726577
vn 0.410029 -0.569977 -0.712041
vn 0.404019 -0.567097 -0.717753
vn 0.371948 -0.615051 -0.695246
vn 0.402191 -0.558123 -0.725769
vn 0.372593 -0.615419 -0.694575
vn 0.364422 -0.613568 -0.700522
vn 0.277140 -0.662887 -0.695539
vn 0.323111 -0.621090 -0.714035
vn 0.283634 -0.664651 -0.691224
vn 0.322149 -0.611115 -0.723020
vn 0.288915 -0.638199 -0.713604
vn 0.334055 -0.627920 -0.702939
vn 0.285047 -0.665683 -0.689648
vn 0.996035 0.086323 0.021504
vn 0.997689 0.017631 0.065612
vn 0.997367 0.021689 0.069194
vn 0.980088 -0.197476 -0.020757
vn 0.989736 -0.138009 0.037097
vn 0.986510 -0.137925 0.088174
vn 0.961726 -0.273000 0.023559
vn 0.970805 -0.219130 0.097564
vn 0.932618 -0.358090 0.044679
vn 0.943156 -0.318562 0.094736
vn 0.910673 -0.405755 0.077706
vn 0.917559 -0.377958 0.123425
vn 0.880768 -0.467002 0.078467
vn -0.592950 -0.646085 0.480608
vn -0.475018 0.492888 0.728985
vn -0.449503 0.536134 0.714498
vn -0.458958 0.547410 0.699785
vn -0.480880 0.489755 0.727251
vn -0.503974 0.446799 0.739176
vn -0.552410 0.417171 0.721673
vn -0.492524 0.501614 0.711199
vn -0.395909 0.544688 0.739304
vn -0.489656 0.426025 0.760749
vn -0.420962 0.579155 0.698119
vn -0.429273 0.502423 0.750531
vn -0.555174 0.354511 0.752399
vn -0.536180 0.397127 0.744850
vn -0.601527 0.320665 0.731668
vn -0.358026 0.571931 0.738046
vn -0.479007 0.478842 0.735705
vn -0.503002 0.437637 0.745294
vn -0.380770 0.608263 0.696441
vn -0.538709 0.336973 0.772167
vn -0.439708 0.514636 0.736075
vn -0.410594 0.553966 0.724247
vn -0.530881 0.393203 0.750704
vn -0.508833 0.434449 0.743198
vn -0.420717 0.567624 0.707673
vn -0.318269 0.596539 0.736780
vn -0.583189 0.303948 0.753330
vn -0.598803 0.261144 0.757125
vn -0.472822 0.472660 0.743661
vn -0.445876 0.512119 0.734117
vn -0.556897 0.348350 0.754001
vn -0.605028 0.315330 0.731100
vn -0.536609 0.389757 0.748425
vn -0.458306 0.526395 0.716146
vn -0.357479 0.559402 0.747849
vn -0.618141 0.213609 0.756488
vn -0.604040 0.256757 0.754461
vn -0.478888 0.469888 0.741533
vn -0.503892 0.430231 0.748995
vn -0.325167 0.609467 0.723061
vn -0.288218 0.643842 0.708801
vn -0.381416 0.596859 0.705890
vn -0.540562 0.331168 0.773382
vn -0.394286 0.521735 0.756526
vn -0.294542 0.657970 0.693052
vn -0.623283 0.208908 0.753575
vn -0.635938 0.165227 0.753846
vn -0.509875 0.427191 0.746683
vn -0.583698 0.357595 0.728987
vn -0.533130 0.387231 0.752213
vn -0.318669 0.584120 0.746495
vn -0.421962 0.558357 0.714273
vn -0.603955 0.256721 0.754542
vn -0.650856 0.218150 0.727185
vn -0.586771 0.298898 0.752569
vn -0.527444 0.441912 0.725615
vn -0.474323 0.465408 0.747270
vn -0.446477 0.503264 0.739853
vn -0.233874 0.637350 0.734226
vn -0.652227 0.115773 0.749130
vn -0.640989 0.160181 0.750650
vn -0.517973 0.368899 0.771763
vn -0.358164 0.549134 0.755096
vn -0.585639 0.242521 0.773440
vn -0.461708 0.444666 0.767527
vn -0.289579 0.631055 0.719662
vn -0.326631 0.598715 0.731336
vn -0.586765 0.298895 0.752574
vn -0.566565 0.339881 0.750656
vn -0.636491 0.263579 0.724848
vn -0.411740 0.534407 0.738160
vn -0.442298 0.498554 0.745531
vn -0.197437 0.680238 0.705900
vn -0.239052 0.651460 0.720037
vn -0.645024 0.161190 0.746969
vn -0.630629 0.204856 0.748560
vn -0.512813 0.421585 0.747856
vn -0.537374 0.382717 0.751503
vn -0.333264 0.597565 0.729281
vn -0.368238 0.564579 0.738682
vn -0.680180 0.012671 0.732935
vn -0.671845 0.059164 0.738325
vn -0.569406 0.283404 0.771660
vn -0.477571 0.459943 0.748585
vn -0.448702 0.496382 0.743149
vn -0.285161 0.621428 0.729733
vn -0.245813 0.651069 0.718113
vn -0.650372 0.156104 0.743403
vn -0.663397 0.111390 0.739930
vn -0.566632 0.339921 0.750588
vn -0.543497 0.379499 0.748726
vn -0.407958 0.529498 0.743776
vn -0.374831 0.563151 0.736453
vn -0.464332 0.513672 0.721482
vn -0.691656 -0.041476 0.721035
vn -0.684903 0.006378 0.728606
vn -0.193870 0.667950 0.718510
vn -0.150232 0.693686 0.704436
vn -0.634660 0.206165 0.744784
vn -0.617157 0.248864 0.746447
vn -0.511298 0.420340 0.749592
vn -0.483949 0.457473 0.745997
vn -0.291883 0.620757 0.727644
vn -0.329213 0.590302 0.736995
vn -0.572731 0.336365 0.747555
vn -0.594538 0.295913 0.747636
vn -0.398266 0.507080 0.764365
vn -0.242113 0.641270 0.728117
vn -0.200664 0.668047 0.716552
vn -0.300264 0.638579 0.708561
vn -0.640377 0.201448 0.741172
vn -0.656572 0.157592 0.737616
vn -0.543633 0.379594 0.748580
vn -0.517662 0.417553 0.746776
vn -0.598314 0.351390 0.720101
vn -0.335915 0.589347 0.734732
vn -0.371453 0.558077 0.742006
vn -0.695560 0.006477 0.718439
vn -0.685450 0.053932 0.726119
vn -0.539133 0.434872 0.721264
vn -0.452575 0.491387 0.744120
vn -0.482591 0.456189 0.747662
vn -0.705608 -0.105007 0.700778
vn -0.708646 -0.156193 0.688058
vn -0.239079 0.615813 0.750743
vn -0.677096 0.107218 0.728042
vn -0.662238 0.152442 0.733622
vn -0.528458 0.361722 0.768043
vn -0.412106 0.524701 0.744888
vn -0.378155 0.556831 0.739553
vn -0.709065 -0.049154 0.703427
vn -0.700609 -0.000001 0.713545
vn -0.627225 0.246156 0.738915
vn -0.646534 0.203384 0.735274
vn -0.470002 0.436072 0.767424
vn -0.295170 0.612855 0.732996
vn -0.332948 0.584142 0.740219
vn -0.682698 0.101594 0.723604
vn -0.696140 0.054773 0.715813
vn -0.604576 0.293914 0.740340
vn -0.581068 0.334022 0.742152
vn -0.418826 0.523150 0.742226
vn -0.451371 0.490079 0.745712
vn -0.720537 -0.107228 0.685075
vn -0.713953 -0.056179 0.697936
vn -0.670630 0.154374 0.725551
vn -0.652574 0.198623 0.731229
vn -0.551950 0.377801 0.743383
vn -0.524458 0.415030 0.743434
vn -0.376008 0.553670 0.743012
vn -0.339749 0.583374 0.737730
vn -0.701650 0.048636 0.710860
vn -0.713538 -0.000001 0.700617
vn -0.610955 0.290010 0.736633
vn -0.633305 0.248542 0.732906
vn -0.458123 0.488206 0.742818
vn -0.548029 0.433683 0.715251
vn -0.489415 0.454084 0.744501
vn -0.725208 -0.114839 0.678885
vn -0.729618 -0.167958 0.662908
vn -0.676633 0.149135 0.721060
vn -0.693369 0.103182 0.713157
vn -0.558578 0.374747 0.739970
vn -0.584952 0.336254 0.738081
vn -0.382849 0.552597 0.740313
vn -0.417773 0.521835 0.743743
vn -0.729046 -0.057367 0.682057
vn -0.718921 -0.006699 0.695059
vn -0.639690 0.244197 0.728810
vn -0.660880 0.201151 0.723033
vn -0.476749 0.434140 0.764351
vn -0.735833 -0.231481 0.636370
vn -0.733996 -0.176181 0.655905
vn -0.424671 0.520440 0.740808
vn -0.458418 0.488520 0.742429
vn -0.742313 -0.117548 0.659662
vn -0.734246 -0.064663 0.675797
vn -0.667262 0.196321 0.718484
vn -0.687234 0.151471 0.710469
vn -0.533237 0.413960 0.737764
vn -0.562367 0.377288 0.735797
vn -0.720460 0.043200 0.692150
vn -0.734104 -0.006841 0.679003
vn -0.465387 0.486781 0.739229
vn -0.498090 0.453573 0.739039
vn -0.752870 -0.180711 0.632874
vn -0.747256 -0.125476 0.652583
vn -0.735659 0.044111 0.675914
vn -0.718536 0.093281 0.689206
vn -0.631637 0.292650 0.717907
vn -0.604437 0.332630 0.723888
vn -0.766401 -0.128691 0.629339
vn -0.757011 -0.073780 0.649223
vn -0.706410 0.148812 0.691982
vn -0.684481 0.194478 0.702613
vn -0.544054 0.414293 0.729634
vn -0.574942 0.378007 0.725639
vn -0.638686 0.288722 0.713246
vn -0.664901 0.246750 0.704998
vn -0.582187 0.375050 0.721384
vn -0.612234 0.336921 0.715300
vn -0.776334 -0.075664 0.625763
vn -0.763189 -0.021335 0.645823
vn -0.697135 0.198073 0.689035
vn -0.671997 0.242285 0.699799
vn -0.740328 0.089105 0.666314
vn -0.759224 0.038429 0.649694
vn -0.728142 0.146319 0.669627
vn -0.704245 0.193023 0.683214
vn -0.782594 -0.021878 0.622148
vn -0.765730 0.031612 0.642385
vn -0.684424 0.246765 0.686055
vn -0.656175 0.289297 0.696952
vn -0.785122 0.032412 0.618492
vn -0.764595 0.084809 0.638907
vn -0.783879 0.086947 0.614795
vn -0.759761 0.137999 0.635390
vn -0.393773 0.671078 0.628169
vn -0.426487 0.615168 0.663082
vn -0.492515 0.567684 0.659670
vn -0.409090 0.614383 0.674670
vn -0.451053 0.675081 0.583795
vn -0.411370 0.615689 0.672088
vn -0.454630 0.551033 0.699767
vn -0.433650 0.604269 0.668436
vn -0.351819 0.697574 0.624190
vn -0.367598 0.641888 0.672943
vn -0.446994 0.587204 0.674824
vn -0.436219 0.589622 0.679749
vn -0.398101 0.629309 0.667447
vn -0.381257 0.622186 0.683760
vn -0.506733 0.469966 0.722741
vn -0.483851 0.502053 0.716820
vn -0.485128 0.542105 0.686128
vn -0.457226 0.515761 0.724524
vn -0.326017 0.683997 0.652580
vn -0.379712 0.628573 0.678760
vn -0.317630 0.652135 0.688354
vn -0.413518 0.552999 0.723322
vn -0.438601 0.563324 0.700211
vn -0.391274 0.617990 0.681904
vn -0.390997 0.624138 0.676441
vn -0.541527 0.402655 0.737983
vn -0.511807 0.450349 0.731601
vn -0.522736 0.459966 0.717760
vn -0.509289 0.451510 0.732641
vn -0.324594 0.654420 0.682915
vn -0.544499 0.395457 0.739686
vn -0.572774 0.336333 0.747536
vn -0.548762 0.398553 0.734858
vn -0.531078 0.401062 0.746395
vn -0.561257 0.358395 0.746019
vn -0.551779 0.347308 0.758233
vn -0.564848 0.355534 0.744676
vn -0.364866 0.585024 0.724306
vn -0.337863 0.650220 0.680487
vn -0.338693 0.656906 0.673618
vn -0.413614 0.601720 0.683269
vn -0.375778 0.616221 0.692144
vn -0.199993 0.757790 0.621093
vn -0.315044 0.646020 0.695274
vn -0.307468 0.670934 0.674768
vn -0.340290 0.605354 0.719548
vn -0.373196 0.628692 0.682254
vn -0.576740 0.311651 0.755146
vn -0.593310 0.266770 0.759485
vn -0.586063 0.316689 0.745813
vn -0.580116 0.309251 0.753544
vn -0.246036 0.690354 0.680351
vn -0.314049 0.676492 0.666132
vn -0.616487 0.200294 0.761463
vn -0.602027 0.255918 0.756353
vn -0.604863 0.257124 0.753676
vn -0.595992 0.259918 0.759761
vn -0.174786 0.739238 0.650367
vn -0.242025 0.697232 0.674753
vn -0.637033 0.132937 0.759287
vn -0.619770 0.197681 0.759478
vn -0.171846 0.706226 0.686814
vn -0.618372 0.215676 0.755711
vn -0.581683 0.202880 0.787708
vn -0.327097 0.653719 0.682392
vn -0.253534 0.695448 0.672364
vn -0.259340 0.668555 0.696977
vn -0.290663 0.630215 0.719961
vn -0.640225 0.190254 0.744255
vn -0.623935 0.185413 0.759162
vn -0.608980 0.210443 0.764759
vn -0.180163 0.710997 0.679723
vn -0.632493 0.156204 0.758652
vn -0.640106 0.158084 0.751847
vn -0.624241 0.139490 0.768678
vn -0.662623 0.064691 0.746154
vn -0.632323 0.130064 0.763709
vn -0.660770 0.135915 0.738180
vn -0.624483 0.162251 0.764000
vn -0.195649 0.709682 0.676811
vn -0.239753 0.684585 0.688376
vn -0.282412 0.678287 0.678358
vn -0.235972 0.651425 0.721084
vn -0.195345 0.716750 0.669410
vn -0.656512 0.103340 0.747204
vn -0.616559 0.097051 0.781304
vn -0.035692 0.785738 0.617530
vn -0.660004 -0.007319 0.751226
vn -0.653828 0.055653 0.754594
vn -0.632956 0.112352 0.765992
vn -0.684066 0.075133 0.725540
vn -0.619633 0.068057 0.781936
vn -0.207804 0.666378 0.716071
vn -0.237070 0.696445 0.677320
vn -0.173472 0.700905 0.691838
vn -0.161593 0.723907 0.670706
vn -0.653780 0.063715 0.753998
vn -0.675910 0.042407 0.735763
vn -0.659350 0.041368 0.750697
vn -0.095496 0.729677 0.677091
vn -0.671859 -0.080670 0.736273
vn -0.660052 -0.007356 0.751184
vn -0.673957 0.010739 0.738693
vn -0.663034 0.010565 0.748515
vn -0.649442 -0.007238 0.760376
vn -0.014757 0.762803 0.646462
vn -0.090106 0.735835 0.671139
vn -0.667585 -0.020571 0.744249
vn -0.153719 0.680356 0.716579
vn -0.186333 0.711462 0.677571
vn -0.151821 0.711805 0.685772
vn -0.106246 0.730143 0.674983
vn -0.103505 0.736742 0.668205
vn 0.053725 0.784589 0.617684
vn -0.016802 0.737610 0.675017
vn -0.673494 -0.052327 0.737338
vn -0.660053 -0.070441 0.747909
vn -0.668413 -0.020596 0.743505
vn -0.662439 0.012340 0.749014
vn -0.682480 -0.002447 0.730900
vn -0.686663 -0.041177 0.725808
vn -0.681764 -0.052969 0.729652
vn -0.007369 0.731540 0.681759
vn -0.674241 -0.094149 0.732486
vn -0.669939 -0.155382 0.725974
vn -0.716901 -0.084115 0.692083
vn -0.677451 -0.061476 0.732995
vn -0.644659 -0.075639 0.760719
vn -0.088728 0.719622 0.688674
vn -0.069510 0.739598 0.669450
vn -0.138733 0.722821 0.676965
vn -0.122731 0.691929 0.711457
vn -0.654160 0.113663 0.747767
vn -0.664310 0.064742 0.744648
vn -0.670674 0.060580 0.739274
vn -0.659391 0.110718 0.743603
vn -0.683880 -0.095272 0.723347
vn -0.680899 -0.112353 0.723708
vn -0.697646 -0.115116 0.707134
vn 0.076843 0.742596 0.665316
vn -0.011959 0.738436 0.674218
vn 0.015188 0.756652 0.653642
vn -0.673587 -0.235483 0.700591
vn -0.674656 -0.160968 0.720367
vn -0.693662 -0.148040 0.704923
vn -0.679154 -0.144944 0.719542
vn -0.663899 -0.158402 0.730853
vn 0.029295 0.736431 0.675878
vn -0.682822 -0.179453 0.708203
vn -0.667798 -0.227924 0.708588
vn -0.682981 -0.214065 0.698364
vn 0.085475 0.734337 0.673382
vn -0.700957 -0.166188 0.693571
vn -0.685015 -0.180029 0.705934
vn -0.692689 -0.217107 0.687784
vn -0.688152 -0.151675 0.709536
vn -0.663235 -0.316074 0.678393
vn -0.678311 -0.257115 0.688322
vn -0.664694 0.110039 0.738967
vn -0.671446 0.106323 0.733387
vn -0.684937 0.054528 0.726559
vn -0.677011 0.059619 0.733554
vn -0.687723 -0.209325 0.695141
vn -0.722627 -0.258056 0.641262
vn -0.708959 -0.245283 0.661221
vn -0.654314 -0.233660 0.719219
vn -0.696879 -0.097083 0.710587
vn -0.700151 -0.048536 0.712343
vn -0.706320 -0.106207 0.699880
vn -0.691575 -0.041357 0.721120
vn -0.701266 -0.288034 0.652122
vn -0.684903 -0.281313 0.672139
vn 0.005399 0.723030 0.690796
vn -0.007886 0.731038 0.682291
vn -0.655121 -0.404486 0.638128
vn -0.670732 -0.330045 0.664220
vn -0.672409 -0.330870 0.662111
vn -0.597700 0.293879 0.745916
vn -0.619102 0.249648 0.744573
vn -0.602205 0.292762 0.742724
vn -0.624948 0.247786 0.740299
vn -0.646320 -0.301483 0.700984
vn -0.719208 -0.335482 0.608434
vn -0.682425 -0.267824 0.680122
vn -0.677645 -0.355543 0.643729
vn -0.651953 -0.507594 0.563298
vn -0.648915 -0.391312 0.652521
vn -0.668018 -0.402832 0.625682
vn -0.149291 0.689342 0.708886
vn -0.071370 0.704650 0.705956
vn -0.072850 0.705440 0.705015
vn -0.072832 0.705262 0.705195
vn -0.708225 -0.215566 0.672272
vn -0.707565 -0.154147 0.689631
vn -0.717732 -0.165222 0.676433
vn -0.663435 -0.395336 0.635266
vn -0.144787 0.681481 0.717371
vn -0.136324 0.685274 0.715413
vn -0.198771 0.661745 0.722900
vn -0.135080 0.679021 0.721584
vn -0.722719 -0.227356 0.652676
vn -0.720430 -0.294429 0.627927
vn -0.709733 -0.278542 0.647066
vn -0.712015 -0.220347 0.666695
vn -0.718852 -0.222463 0.658607
vn -0.667281 -0.458710 0.586789
vn -0.297160 0.616987 0.728713
vn -0.245046 0.631184 0.735907
vn -0.197279 0.661496 0.723536
vn -0.241510 0.636830 0.732203
vn -0.194411 0.651876 0.732981
vn -0.664366 -0.456886 0.591500
vn -0.235999 0.634292 0.736192
vn -0.244182 0.656283 0.713911
vn -0.212679 0.646640 0.732546
vn -0.734343 -0.335897 0.589842
vn -0.721407 0.042166 0.691226
vn -0.693247 0.103300 0.713258
vn -0.710167 0.049227 0.702310
vn -0.703269 0.097969 0.704142
vn -0.593673 0.333948 0.732141
vn -0.587427 0.334975 0.736696
vn -0.614384 0.291638 0.733130
vn -0.668624 -0.485655 0.563100
vn -0.689719 -0.480645 0.541542
vn -0.274126 0.608194 0.744953
vn -0.267221 0.626910 0.731831
vn -0.265629 0.623175 0.735591
vn -0.697097 -0.402138 0.593583
vn -0.292607 0.606266 0.739475
vn -0.340987 0.585501 0.735470
vn -0.280554 0.617981 0.734431
vn -0.299740 0.621044 0.724196
vn -0.619365 0.290477 0.729390
vn -0.621175 0.291327 0.727509
vn -0.626265 0.290162 0.723601
vn -0.644726 0.246119 0.723709
vn -0.708246 -0.305684 0.636352
vn -0.757775 -0.283444 0.587739
vn -0.687098 0.151585 0.710576
vn -0.707813 0.098602 0.699485
vn -0.719556 0.092311 0.688271
vn -0.697516 0.146938 0.701342
vn -0.721816 -0.347123 0.598738
vn -0.717209 -0.396845 0.572823
vn -0.594975 0.334681 0.730749
vn -0.564909 0.376193 0.734409
vn -0.571279 0.375599 0.729771
vn -0.602867 0.333407 0.724839
vn -0.704522 -0.438158 0.558271
vn -0.724560 -0.430432 0.538276
vn -0.745978 -0.065697 0.662722
vn -0.732622 -0.005056 0.680616
vn -0.744940 -0.013882 0.666988
vn -0.759149 -0.076776 0.646373
vn -0.331745 0.584782 0.740253
vn -0.346369 0.585012 0.733342
vn -0.331660 0.584632 0.740410
vn -0.383307 0.553259 0.739581
vn -0.652658 0.245670 0.716717
vn -0.649808 0.244597 0.719668
vn -0.673977 0.198297 0.711642
vn -0.657849 0.244133 0.712484
vn -0.684740 0.194287 0.702413
vn -0.541479 0.415204 0.731031
vn -0.501624 0.452520 0.737291
vn -0.535074 0.415386 0.735629
vn -0.506535 0.452704 0.733813
vn -0.727005 -0.353430 0.588685
vn -0.472299 0.494010 0.729992
vn -0.422864 0.518226 0.743389
vn -0.410883 0.551549 0.725926
vn -0.731622 -0.257531 0.631195
vn -0.777470 -0.229373 0.585601
vn -0.384454 0.550666 0.740920
vn -0.357162 0.511577 0.781489
vn -0.746354 -0.345501 0.568845
vn -0.747134 -0.295838 0.595207
vn -0.755772 -0.377648 0.534968
vn -0.765519 -0.024170 0.642959
vn -0.734060 0.045789 0.677539
vn -0.746985 0.037810 0.663765
vn -0.751606 -0.014006 0.659463
vn -0.406374 0.542424 0.735280
vn -0.436275 0.544102 0.716671
vn -0.420173 0.524021 0.740849
vn -0.753510 -0.302453 0.583734
vn -0.705450 0.149592 0.692793
vn -0.742177 0.087381 0.664483
vn -0.717634 0.144207 0.681326
vn -0.728681 0.094598 0.678288
vn -0.450979 0.511514 0.731417
vn -0.451990 0.491814 0.744194
vn -0.450075 0.510488 0.732690
vn -0.793318 -0.173952 0.583428
vn -0.751720 -0.207566 0.625966
vn -0.470508 0.485889 0.736569
vn -0.485905 0.501789 0.715614
vn -0.512194 0.457762 0.726712
vn -0.768820 -0.242699 0.591619
vn -0.771820 -0.291945 0.564856
vn -0.765271 -0.335706 0.549237
vn -0.783158 -0.322576 0.531609
vn -0.771751 -0.426129 0.472033
vn -0.754848 -0.401831 0.518397
vn -0.762893 -0.387179 0.517771
vn -0.645149 0.291644 0.706206
vn -0.622659 0.335140 0.707090
vn -0.656474 0.289135 0.696737
vn -0.612965 0.336580 0.714834
vn -0.528940 0.497464 0.687569
vn -0.490210 0.461041 0.739686
vn -0.457874 0.490131 0.741703
vn -0.559816 0.426295 0.710548
vn -0.776438 -0.249443 0.578724
vn -0.534792 0.457824 0.710208
vn -0.532217 0.458384 0.711779
vn -0.504142 0.431586 0.748047
vn -0.805228 -0.117454 0.581216
vn -0.768394 -0.156009 0.620671
vn -0.793433 -0.236445 0.560855
vn -0.786739 -0.187966 0.587972
vn -0.740290 0.141598 0.657207
vn -0.726327 0.147763 0.671279
vn -0.767276 0.082327 0.636011
vn -0.752073 0.090518 0.652835
vn -0.790164 -0.281178 0.544591
vn -0.791666 -0.332265 0.512703
vn -0.785806 -0.347764 0.511439
vn -0.802482 -0.368061 0.469631
vn -0.806543 -0.265486 0.528210
vn -0.586132 0.377592 0.716850
vn -0.582095 0.409837 0.702281
vn -0.633550 0.341002 0.694502
vn -0.561390 0.419419 0.713392
vn -0.519400 0.388049 0.761342
vn -0.714168 0.195742 0.672049
vn -0.683354 0.247413 0.686887
vn -0.696256 0.243727 0.675148
vn -0.795628 -0.194648 0.573663
vn -0.591032 0.383253 0.709787
vn -0.781515 -0.103091 0.615310
vn -0.813131 -0.060162 0.578964
vn -0.621897 0.342876 0.704045
vn -0.668791 0.294859 0.682479
vn -0.800774 -0.131902 0.584263
vn -0.811039 -0.179271 0.556846
vn -0.746855 0.142854 0.649462
vn -0.719800 0.193686 0.666614
vn -0.725778 0.195295 0.659625
vn -0.731525 0.193192 0.653872
vn -0.762595 0.135712 0.632480
vn -0.620014 0.362070 0.696052
vn -0.616716 0.340020 0.709963
vn -0.812877 -0.291201 0.504413
vn -0.828879 -0.307753 0.467169
vn -0.816481 -0.275134 0.507602
vn -0.811190 -0.224805 0.539846
vn -0.825783 -0.206676 0.524755
vn -0.598416 0.405994 0.690701
vn -0.590393 0.406161 0.697473
vn -0.598024 0.387786 0.701419
vn -0.621196 0.362760 0.694637
vn -0.640828 0.335104 0.690685
vn -0.641267 0.352975 0.681312
vn -0.681202 0.356216 0.639589
vn -0.810938 -0.138331 0.568546
vn -0.865099 -0.240869 0.439985
vn -0.816977 -0.002361 0.576665
vn -0.834095 -0.107698 0.541005
vn -0.790968 -0.049059 0.609887
vn -0.662601 0.296565 0.687757
vn -0.634542 0.341876 0.693165
vn -0.717381 0.251121 0.649848
vn -0.707277 0.328734 0.625854
vn -0.666340 0.309708 0.678286
vn -0.780175 -0.059457 0.622729
vn -0.750309 0.198152 0.630692
vn -0.673842 0.267729 0.688664
vn -0.818841 -0.181379 0.544611
vn -0.835852 -0.232419 0.497326
vn -0.850776 -0.245529 0.464645
vn -0.840742 -0.146438 0.521256
vn -0.707002 0.289255 0.645353
vn -0.655529 0.268197 0.705941
vn -0.704167 0.256315 0.662156
vn -0.822242 -0.080768 0.563379
vn -0.881581 -0.176423 0.437824
vn -0.781025 0.141861 0.608173
vn -0.729510 0.205476 0.652376
vn -0.796655 0.005839 0.604406
vn -0.816737 0.055661 0.574320
vn -0.841476 -0.047096 0.538237
vn -0.728667 0.205239 0.653393
vn -0.734889 0.229228 0.638273
vn -0.738382 0.230317 0.633835
vn -0.705001 0.286318 0.648842
vn -0.714542 0.260091 0.649447
vn -0.717215 0.283935 0.636383
vn -0.786847 -0.004871 0.617128
vn -0.833629 -0.123152 0.538421
vn -0.854540 -0.171710 0.490181
vn -0.851319 -0.085091 0.517702
vn -0.868035 -0.181725 0.462051
vn -0.751401 0.196371 0.629949
vn -0.829439 -0.022244 0.558154
vn -0.893278 -0.110815 0.435632
vn -0.770311 0.147084 0.620474
vn -0.777568 0.164830 0.606810
vn -0.762421 0.199251 0.615640
vn -0.781289 0.165619 0.601796
vn -0.760227 0.219379 0.611496
vn -0.764959 0.217787 0.606141
vn -0.768199 0.221680 0.600607
vn -0.838579 -0.000677 0.544780
vn -0.880539 -0.116687 0.459385
vn -0.857423 -0.022949 0.514100
vn -0.868769 -0.109388 0.482986
vn -0.844248 -0.063671 0.532157
vn -0.867199 -0.046555 0.495782
vn -0.900325 -0.048334 0.432527
vn -0.812968 0.073079 0.577704
vn -0.839963 0.065014 0.538736
vn -0.897405 0.002009 0.441203
vn -0.889399 -0.010590 0.457009
vn -0.894178 -0.014429 0.447479
vn -0.304729 0.705522 0.639827
vn -0.298103 0.703034 0.645660
vn -0.240726 0.739853 0.628227
vn -0.292341 0.685922 0.666369
vn -0.265100 0.701945 0.661057
vn -0.223863 0.720410 0.656425
vn -0.273609 0.678922 0.681324
vn -0.271581 0.674879 0.686135
vn -0.229637 0.734639 0.638414
vn -0.142988 0.752585 0.642783
vn -0.151006 0.757629 0.634977
vn -0.078120 0.776279 0.625531
vn -0.112160 0.744973 0.657598
vn -0.068895 0.769360 0.635090
vn -0.141509 0.734697 0.663472
vn -0.065634 0.754381 0.653147
vn -0.124517 0.724276 0.678174
vn -0.123108 0.719625 0.683363
vn 0.060179 0.741963 0.667734
vn 0.079890 0.750037 0.656553
vn 0.168406 0.738228 0.653192
vn 0.040317 0.768310 0.638807
vn 0.060483 0.756451 0.651248
vn 0.133374 0.773534 0.619561
vn 0.134252 0.781505 0.609284
vn -0.097073 0.719825 0.687334
vn -0.063127 0.724038 0.686865
vn -0.038369 0.742693 0.668531
vn -0.021424 0.735838 0.676818
vn -0.098765 0.726970 0.679530
vn -0.027119 0.747838 0.663327
vn -0.007481 0.725206 0.688492
vn -0.091162 0.714123 0.694059
vn -0.034642 0.717772 0.695416
vn -0.695901 -0.334167 0.635653
vn -0.681637 -0.357638 0.638331
vn -0.687639 -0.409759 0.599374
vn -0.628164 -0.469782 0.620254
vn -0.616178 -0.589111 0.522754
vn -0.613315 -0.575094 0.541397
vn -0.640334 -0.482075 0.597977
vn -0.683074 -0.432642 0.588413
vn -0.669598 -0.373639 0.641898
vn -0.688091 -0.382946 0.616347
vn -0.703169 -0.410963 0.580227
vn -0.679432 -0.417869 0.603124
vn -0.707418 -0.353937 0.611791
vn -0.699719 -0.346731 0.624637
vn -0.701592 -0.443249 0.557942
vn -0.658523 -0.526408 0.537812
vn -0.640217 -0.615904 0.459113
vn -0.665399 -0.541938 0.513368
vn -0.647101 -0.528093 0.549889
vn -0.629520 -0.583720 0.512811
vn -0.685985 -0.569018 0.453478
vn -0.673891 -0.540128 0.504116
vn -0.689167 -0.479615 0.543155
vn -0.705385 -0.493673 0.508643
vn -0.696824 -0.477815 0.534910
vn -0.741939 -0.442389 0.503805
vn -0.728370 -0.518496 0.447927
vn -0.713999 -0.490556 0.499560
vn -0.744565 -0.422254 0.517034
vn -0.724396 -0.430177 0.538701
vn -0.713439 -0.399993 0.575335
vn -0.804380 0.059539 0.591124
vn -0.813813 0.051054 0.578880
vn -0.823475 0.047586 0.565353
vn -0.802079 0.113865 0.586263
vn -0.805797 0.155067 0.571529
vn -0.801241 0.154415 0.578074
vn -0.849562 0.074673 0.522177
vn -0.799061 0.114672 0.590213
vn -0.813297 0.086755 0.575345
vn -0.822970 0.141208 0.550255
vn -0.871071 0.055037 0.488064
vn -0.849000 0.055626 0.525456
vn -0.824324 0.140615 0.548377
vn -0.864323 0.001969 0.502934
vn -0.857111 -0.022805 0.514626
vn -0.882100 -0.070550 0.465750
vn -0.858426 0.002817 0.512930
vn -0.872205 -0.014074 0.488937
vn -0.899328 -0.074762 0.430836
vn 0.000000 0.000000 1.000000
vn 0.000000 0.000000 1.000000
vn 0.000000 0.000000 1.000000
vn 0.000000 0.000000 1.000000
vn 0.000000 0.000000 1.000000
vn 0.000000 0.000000 1.000000
vn 0.000000 0.000000 1.000000
vn -0.000000 0.000000 1.000000
vn 0.000000 0.000000 1.000000
vn -0.000000 0.000000 1.000000
vn -0.000000 0.000000 1.000000
vn 0.000000 0.000000 1.000000
vn -0.000000 0.000000 1.000000
vn 0.000000 0.000000 1.000000
vn -0.000000 0.000000 1.000000
vn 0.000000 0.000000 1.000000
vn -0.000000 0.000000 1.000000
vn 0.000000 0.000000 1.000000
vn -0.000000 0.000000 1.000000
vn 0.000000 0.000000 1.000000
vn -0.000000 0.000000 1.000000
vn 0.000000 0.000000 1.000000
vn -0.000000 0.000000 1.000000
vn 0.000000 0.000000 1.000000
vn -0.000000 0.000000 1.000000
vn 0.000000 0.000000 1.000000
vn -0.000000 0.000000 1.000000
vn 0.000000 0.000000 1.000000
vn -0.000000 0.000000 1.000000
vn 0.000000 0.000000 1.000000
vn 0.000000 0.000000 1.000000
vn -0.000000 0.000000 1.000000
vn 0.000000 0.000000 1.000000
vn 0.000000 0.000000 1.000000
vn 0.000000 0.000000 1.000000
vn -0.282010 0.716527 -0.638012
vn 0.722847 -0.332110 -0.605967
vn -0.218267 0.726856 -0.651183
vn -0.204028 0.733994 -0.647785
vn -0.172322 0.697499 -0.695558
vn -0.203644 0.724930 -0.658032
vn -0.223128 0.746413 -0.626962
vn -0.146159 0.724271 -0.673847
vn -0.153192 0.728207 -0.668017
vn -0.145953 0.722928 -0.675332
vn -0.118935 0.704297 -0.699871
vn -0.104606 0.688166 -0.717973
vn -0.100675 0.701050 -0.705970
vn -0.108201 0.711815 -0.693982
vn -0.170975 0.753755 -0.634525
vn -0.176646 0.763619 -0.621033
vn -0.140468 0.745260 -0.651810
vn -0.135268 0.738292 -0.660778
vn -0.064039 0.703993 -0.707314
vn -0.103175 0.744648 -0.659434
vn -0.044263 0.696563 -0.716129
vn -0.040679 0.691378 -0.721348
vn -0.039523 0.671741 -0.739731
vn -0.021243 0.697080 -0.716679
vn -0.021225 0.696484 -0.717259
vn 0.037998 0.697249 -0.715821
vn 0.027097 0.670787 -0.741155
vn 0.025688 0.671952 -0.740149
vn 0.020299 0.681374 -0.731654
vn 0.020599 0.691453 -0.722128
vn 0.033820 0.705663 -0.707740
vn -0.057773 0.746635 -0.662720
vn -0.031318 0.762167 -0.646623
vn -0.059894 0.778088 -0.625294
vn -0.062331 0.784888 -0.616494
vn -0.028555 0.756900 -0.652907
vn 0.007852 0.718063 -0.695934
vn 0.129864 0.669451 -0.731417
vn 0.078261 0.671693 -0.736684
vn 0.077534 0.665460 -0.742396
vn 0.005230 0.756710 -0.653730
vn 0.046748 0.682143 -0.729723
vn 0.038233 0.701564 -0.711580
vn 0.062806 0.700948 -0.710442
vn 0.133612 0.684179 -0.716971
vn 0.063301 0.706475 -0.704901
vn 0.097216 0.669466 -0.736454
vn 0.126478 0.616974 -0.776754
vn 0.135718 0.662049 -0.737070
vn 0.111468 0.674046 -0.730231
vn 0.108687 0.682414 -0.722841
vn 0.109456 0.687241 -0.718135
vn 0.127310 0.705134 -0.697551
vn 0.160456 0.633574 -0.756860
vn 0.163097 0.627302 -0.761506
vn 0.170300 0.633930 -0.754407
vn 0.048955 0.754036 -0.655006
vn 0.207346 0.620090 -0.756634
vn 0.108218 0.714949 -0.690751
vn 0.079913 0.763130 -0.641285
vn 0.055058 0.785881 -0.615922
vn 0.054522 0.789186 -0.611729
vn 0.080958 0.760003 -0.644857
vn 0.226389 0.610174 -0.759234
vn 0.225374 0.613847 -0.756570
vn 0.218146 0.587957 -0.778922
vn 0.244162 0.606119 -0.756971
vn 0.222918 0.650762 -0.725821
vn 0.173080 0.648498 -0.741278
vn 0.141513 0.674355 -0.724720
vn 0.135712 0.694936 -0.706149
vn 0.242673 0.602424 -0.760392
vn 0.296122 0.588885 -0.752015
vn 0.115065 0.753033 -0.647843
vn 0.160152 0.690906 -0.704982
vn 0.228502 0.664340 -0.711646
vn 0.161412 0.696342 -0.699324
vn 0.283112 0.577649 -0.765617
vn 0.278038 0.585736 -0.761320
vn 0.280595 0.591122 -0.756202
vn 0.294919 0.598943 -0.744507
vn 0.278403 0.583846 -0.762638
vn 0.217996 0.607960 -0.763454
vn 0.214379 0.628407 -0.747761
vn 0.236578 0.621567 -0.746784
vn 0.236752 0.630427 -0.739264
vn 0.298707 0.592170 -0.748404
vn 0.237631 0.624333 -0.744137
vn 0.204989 0.657306 -0.725209
vn 0.203379 0.666049 -0.717646
vn 0.225122 0.686136 -0.691764
vn 0.204817 0.670759 -0.712834
vn 0.156796 0.746086 -0.647125
vn 0.276712 0.595394 -0.754278
vn 0.276396 0.599084 -0.751467
vn 0.297544 0.613775 -0.731264
vn 0.277374 0.601204 -0.749412
vn 0.221927 0.647870 -0.728706
vn 0.225161 0.627041 -0.745736
vn 0.244818 0.640793 -0.727632
vn 0.344116 0.549437 -0.761382
vn 0.324621 0.554806 -0.766036
vn 0.377752 0.548516 -0.745945
vn 0.333275 0.569597 -0.751324
vn 0.246345 0.644790 -0.723574
vn 0.307798 0.608294 -0.731600
vn 0.245243 0.653636 -0.715972
vn 0.190879 0.747885 -0.635794
vn 0.295769 0.564965 -0.770282
vn 0.294556 0.585769 -0.755057
vn 0.315331 0.576054 -0.754141
vn 0.316157 0.577563 -0.752639
vn 0.316064 0.581238 -0.749844
vn 0.284348 0.614293 -0.736064
vn 0.285877 0.617594 -0.732702
vn 0.307079 0.630136 -0.713184
vn 0.284742 0.608066 -0.741065
vn 0.235019 0.653408 -0.719600
vn 0.232088 0.674766 -0.700590
vn 0.255922 0.667348 -0.699394
vn 0.257929 0.672582 -0.693618
vn 0.320459 0.631346 -0.706192
vn 0.353085 0.550198 -0.756712
vn 0.374790 0.562520 -0.736956
vn 0.353128 0.551624 -0.755653
vn 0.353724 0.552555 -0.754694
vn 0.302068 0.576423 -0.759270
vn 0.301322 0.597355 -0.743217
vn 0.392116 0.515918 -0.761626
vn 0.405722 0.519145 -0.752248
vn 0.402259 0.529264 -0.747039
vn 0.454056 0.497026 -0.739458
vn 0.322526 0.587442 -0.742219
vn 0.241903 0.719857 -0.650606
vn 0.323949 0.596322 -0.734477
vn 0.323974 0.590079 -0.739491
vn 0.380419 0.549430 -0.743914
vn 0.295623 0.636549 -0.712329
vn 0.306586 0.605897 -0.734094
vn 0.296014 0.627598 -0.720067
vn 0.297711 0.641046 -0.707409
vn 0.320110 0.653567 -0.685842
vn 0.371191 0.538990 -0.756113
vn 0.369963 0.517893 -0.771307
vn 0.390380 0.526511 -0.755241
vn 0.237748 0.750401 -0.616745
vn 0.235164 0.778701 -0.581656
vn 0.444509 0.485351 -0.752892
vn 0.390672 0.526904 -0.754816
vn 0.390798 0.528276 -0.753792
vn 0.264695 0.739102 -0.619407
vn 0.267844 0.719712 -0.640526
vn 0.358892 0.555616 -0.749992
vn 0.359097 0.559402 -0.747074
vn 0.360385 0.561408 -0.744945
vn 0.382283 0.571161 -0.726385
vn 0.469458 0.486861 -0.736597
vn 0.301310 0.674380 -0.674110
vn 0.426801 0.500572 -0.753172
vn 0.448455 0.507159 -0.735988
vn 0.426699 0.499877 -0.753692
vn 0.426616 0.499780 -0.753803
vn 0.527735 0.438573 -0.727427
vn 0.469172 0.483470 -0.739009
vn 0.459758 0.473770 -0.751109
vn 0.469254 0.482980 -0.739277
vn 0.299216 0.716522 -0.630132
vn 0.291799 0.717600 -0.632379
vn 0.398417 0.573883 -0.715487
vn 0.349104 0.585514 -0.731642
vn 0.356393 0.597740 -0.718116
vn 0.325478 0.641234 -0.694898
vn 0.325437 0.619500 -0.714360
vn 0.520438 0.438146 -0.732920
vn 0.514469 0.450556 -0.729603
vn 0.526372 0.456289 -0.717449
vn 0.513810 0.445400 -0.733225
vn 0.441587 0.466170 -0.766607
vn 0.445347 0.487493 -0.751010
vn 0.348238 0.630515 -0.693672
vn 0.299103 0.747958 -0.592534
vn 0.292574 0.713158 -0.637030
vn 0.300205 0.744328 -0.596534
vn 0.462758 0.472324 -0.750177
vn 0.310638 0.735346 -0.602304
vn 0.358486 0.731747 -0.579684
vn 0.309705 0.761637 -0.569203
vn 0.354235 0.652607 -0.669792
vn 0.407660 0.585626 -0.700611
vn 0.350959 0.635442 -0.687780
vn 0.462233 0.471788 -0.750838
vn 0.462071 0.471025 -0.751416
vn 0.512883 0.425142 -0.745792
vn 0.456028 0.496674 -0.738480
vn 0.406197 0.508986 -0.758906
vn 0.383781 0.554285 -0.738566
vn 0.381591 0.533273 -0.754989
vn 0.403565 0.541445 -0.737545
vn 0.406244 0.550163 -0.729580
vn 0.405391 0.543895 -0.734735
vn 0.456027 0.495423 -0.739321
vn 0.410392 0.607848 -0.679779
vn 0.382741 0.585291 -0.714803
vn 0.386301 0.598471 -0.701857
vn 0.383596 0.594280 -0.706884
vn 0.496995 0.442136 -0.746667
vn 0.519488 0.446909 -0.728289
vn 0.498026 0.443054 -0.745435
vn 0.498733 0.445694 -0.743386
vn 0.445099 0.485995 -0.752128
vn 0.440903 0.465113 -0.767642
vn 0.462504 0.470882 -0.751239
vn 0.510694 0.422246 -0.748933
vn 0.463223 0.472702 -0.749651
vn 0.462886 0.471272 -0.750759
vn 0.549945 0.399285 -0.733575
vn 0.581106 0.394091 -0.712046
vn 0.608235 0.378143 -0.697895
vn 0.574631 0.417208 -0.704086
vn 0.435367 0.504505 -0.745607
vn 0.436114 0.508314 -0.742577
vn 0.437700 0.510162 -0.740374
vn 0.460928 0.516855 -0.721392
vn 0.517844 0.430352 -0.739348
vn 0.511418 0.408902 -0.755811
vn 0.533245 0.412548 -0.738548
vn 0.530739 0.408623 -0.742525
vn 0.531645 0.411310 -0.740390
vn 0.579160 0.359059 -0.731881
vn 0.517694 0.443444 -0.731677
vn 0.494909 0.439167 -0.749798
vn 0.494857 0.439121 -0.749859
vn 0.495081 0.439752 -0.749342
vn 0.445363 0.469455 -0.762406
vn 0.450017 0.490128 -0.746498
vn 0.407030 0.593210 -0.694571
vn 0.405345 0.582301 -0.704713
vn 0.405818 0.599555 -0.689815
vn 0.467607 0.474883 -0.745540
vn 0.455793 0.583411 -0.672224
vn 0.455098 0.570598 -0.683596
vn 0.417665 0.608710 -0.674557
vn 0.469853 0.479917 -0.740890
vn 0.468883 0.476179 -0.743910
vn 0.514409 0.424232 -0.745259
vn 0.477476 0.517419 -0.710137
vn 0.429877 0.535892 -0.726653
vn 0.567744 0.380045 -0.730228
vn 0.565518 0.378555 -0.732725
vn 0.588536 0.380650 -0.713253
vn 0.511646 0.424117 -0.747223
vn 0.504891 0.403384 -0.763129
vn 0.526895 0.406578 -0.746376
vn 0.670531 0.362788 -0.647126
vn 0.526348 0.406156 -0.746991
vn 0.526115 0.405514 -0.747504
vn 0.570203 0.352516 -0.742025
vn 0.497547 0.440393 -0.747329
vn 0.498451 0.441194 -0.746254
vn 0.521836 0.445080 -0.727730
vn 0.497054 0.438856 -0.748560
vn 0.647159 0.354206 -0.675073
vn 0.617174 0.331994 -0.713356
vn 0.648496 0.328879 -0.686507
vn 0.454962 0.479162 -0.750609
vn 0.460093 0.499840 -0.733809
vn 0.693417 0.294782 -0.657478
vn 0.478055 0.484276 -0.732762
vn 0.480234 0.486483 -0.729869
vn 0.481970 0.492653 -0.724567
vn 0.523978 0.431019 -0.734623
vn 0.499723 0.518416 -0.693918
vn 0.456701 0.556093 -0.694395
vn 0.459778 0.552045 -0.695594
vn 0.464774 0.565924 -0.680966
vn 0.556728 0.371659 -0.742916
vn 0.579847 0.373280 -0.724182
vn 0.557824 0.372391 -0.741726
vn 0.563808 0.349541 -0.748292
vn 0.558856 0.374819 -0.739723
vn 0.511455 0.422876 -0.748057
vn 0.504328 0.402629 -0.763900
vn 0.695869 0.270632 -0.665226
vn 0.758953 0.297458 -0.579231
vn 0.698341 0.273702 -0.661367
vn 0.701391 0.296384 -0.648234
vn 0.746324 0.245819 -0.618525
vn 0.526715 0.405385 -0.747151
vn 0.567934 0.350128 -0.744890
vn 0.527189 0.405751 -0.746617
vn 0.527759 0.407211 -0.745419
vn 0.471765 0.511230 -0.718388
vn 0.468922 0.499212 -0.728628
vn 0.721194 0.232694 -0.652482
vn 0.683199 0.299172 -0.666135
vn 0.504575 0.442876 -0.741124
vn 0.505875 0.446632 -0.737977
vn 0.507736 0.448276 -0.735699
vn 0.531866 0.451726 -0.716283
vn 0.489689 0.501198 -0.713447
vn 0.530362 0.446648 -0.720570
vn 0.496638 0.508311 -0.703542
vn 0.499443 0.520706 -0.692403
vn 0.554708 0.369631 -0.745435
vn 0.577892 0.370284 -0.727276
vn 0.554484 0.369155 -0.745837
vn 0.557831 0.344867 -0.754911
vn 0.554495 0.369162 -0.745825
vn 0.509592 0.406500 -0.758336
vn 0.517142 0.426486 -0.742074
vn 0.532575 0.408831 -0.741095
vn 0.514237 0.461720 -0.722755
vn 0.516429 0.468493 -0.716809
vn 0.514934 0.467136 -0.718768
vn 0.572166 0.351746 -0.740878
vn 0.535574 0.413621 -0.736260
vn 0.534059 0.409970 -0.739396
vn 0.701519 0.231408 -0.674033
vn 0.703220 0.234412 -0.671217
vn 0.640172 0.283242 -0.714110
vn 0.617333 0.325926 -0.716011
vn 0.588359 0.310629 -0.746554
vn 0.520896 0.428484 -0.738288
vn 0.521620 0.418817 -0.743307
vn 0.523365 0.436282 -0.731947
vn 0.556809 0.368649 -0.744353
vn 0.582500 0.371507 -0.722963
vn 0.557553 0.370189 -0.743031
vn 0.558603 0.370887 -0.741893
vn 0.568598 0.385744 -0.726566
vn 0.533306 0.455783 -0.712634
vn 0.549692 0.469787 -0.690752
vn 0.539274 0.432993 -0.722288
vn 0.625124 0.262919 -0.734911
vn 0.685881 0.204380 -0.698424
vn 0.647573 0.260824 -0.715975
vn 0.683908 0.199902 -0.701647
vn 0.644535 0.259600 -0.719154
vn 0.641942 0.255657 -0.722876
vn 0.680122 0.195126 -0.706654
vn 0.582234 0.306460 -0.753051
vn 0.629920 0.277761 -0.725293
vn 0.607304 0.319657 -0.727325
vn 0.568873 0.350707 -0.743901
vn 0.558913 0.331506 -0.760079
vn 0.709700 0.212404 -0.671722
vn 0.714428 0.221660 -0.663672
vn 0.572482 0.396150 -0.717865
vn 0.585644 0.314075 -0.747247
vn 0.558319 0.390789 -0.731823
vn 0.560904 0.397283 -0.726328
vn 0.558748 0.395756 -0.728819
vn 0.581664 0.331142 -0.742975
vn 0.582232 0.331465 -0.742386
vn 0.583047 0.332918 -0.741095
vn 0.615002 0.270260 -0.740765
vn 0.566105 0.348019 -0.747267
vn 0.610809 0.379569 -0.694867
vn 0.566581 0.352084 -0.744999
vn 0.783258 0.107101 -0.612402
vn 0.727948 0.155373 -0.667795
vn 0.725730 0.208849 -0.655514
vn 0.779917 0.104099 -0.617165
vn 0.604231 0.291103 -0.741730
vn 0.627761 0.288962 -0.722784
vn 0.604416 0.291436 -0.741449
vn 0.604192 0.291084 -0.741769
vn 0.683364 0.193497 -0.703969
vn 0.697376 0.198766 -0.688592
vn 0.695474 0.196018 -0.691298
vn 0.676885 0.193279 -0.710260
vn 0.629288 0.227818 -0.743032
vn 0.616011 0.271628 -0.739425
vn 0.603606 0.253323 -0.755968
vn 0.626015 0.250315 -0.738544
vn 0.625199 0.249711 -0.739439
vn 0.625485 0.250103 -0.739065
vn 0.652996 0.185570 -0.734275
vn 0.608964 0.309191 -0.730454
vn 0.597832 0.303539 -0.741930
vn 0.631085 0.258250 -0.731463
vn 0.658743 0.175080 -0.731713
vn 0.673726 0.193292 -0.713254
vn 0.680839 0.169847 -0.712468
vn 0.674686 0.165611 -0.719286
vn 0.677734 0.169072 -0.715605
vn 0.603631 0.256354 -0.754926
vn 0.612012 0.268946 -0.743713
vn 0.647843 0.210206 -0.732198
vn 0.646304 0.208313 -0.734096
vn 0.645169 0.207947 -0.735197
vn 0.668196 0.203077 -0.715733
vn 0.623179 0.251516 -0.740532
vn 0.642710 0.188014 -0.742680
vn 0.630893 0.257058 -0.732049
vn 0.628750 0.253764 -0.735036
vn 0.790299 0.019618 -0.612407
vn 0.743813 0.094658 -0.661651
vn 0.749645 0.112055 -0.652285
vn 0.658914 0.188147 -0.728308
vn 0.644004 0.170889 -0.745691
vn 0.735430 0.107480 -0.669022
vn 0.730665 0.094852 -0.676115
vn 0.665947 0.165244 -0.727468
vn 0.641785 0.214891 -0.736162
vn 0.657874 0.207679 -0.723928
vn 0.641983 0.215143 -0.735915
vn 0.636798 0.213406 -0.740909
vn 0.686263 0.096516 -0.720922
vn 0.662457 0.162945 -0.731163
vn 0.664174 0.164804 -0.729186
vn 0.642703 0.182645 -0.744025
vn 0.668529 0.122177 -0.733581
vn 0.638680 0.172032 -0.749995
vn 0.654332 0.176248 -0.735381
vn 0.643644 0.183878 -0.742908
vn 0.681568 0.120255 -0.721806
vn 0.683999 0.120684 -0.719431
vn 0.703924 0.112654 -0.701284
vn 0.745606 0.027546 -0.665818
vn 0.756354 0.001918 -0.654160
vn 0.762499 0.042899 -0.645565
vn 0.753519 0.017139 -0.657203
vn 0.746926 0.010083 -0.664831
vn 0.681189 0.121780 -0.721908
vn 0.666984 0.119240 -0.735468
vn 0.670064 0.094237 -0.736297
vn 0.690622 0.053234 -0.721254
vn 0.681017 0.121675 -0.722088
vn 0.748004 -0.049027 -0.661881
vn 0.787431 -0.110271 -0.606459
vn 0.706950 0.039922 -0.706136
vn 0.683274 0.038584 -0.729142
vn 0.708163 -0.019056 -0.705792
vn 0.742587 -0.091950 -0.663408
vn 0.764513 -0.074572 -0.640280
vn 0.747702 -0.125636 -0.652041
vn 0.785024 -0.156470 -0.599378
vn 0.688866 -0.009323 -0.724829
vn 0.706436 -0.021054 -0.707463
vn 0.706380 -0.023114 -0.707455
vn 0.708988 -0.021130 -0.704903
vn 0.707281 -0.089905 -0.701192
vn 0.703243 -0.092465 -0.704911
vn 0.751020 -0.098179 -0.652940
vn 0.744663 -0.183005 -0.641862
vn 0.751749 -0.096184 -0.652398
vn 0.727855 -0.082768 -0.680718
vn 0.722454 -0.084183 -0.686275
vn 0.713961 -0.083194 -0.695225
vn 0.717804 -0.171529 -0.674785
vn 0.725634 -0.172730 -0.666048
vn 0.732323 -0.169727 -0.659466
vn 0.730648 -0.157983 -0.664225
vn 0.708923 -0.246433 -0.660832
vn -0.064344 0.707350 -0.703929
vn -0.032989 0.707183 -0.706260
vn -0.031668 0.713801 -0.699633
vn -0.104900 0.730475 -0.674835
vn -0.041167 0.718623 -0.694181
vn -0.102401 0.724872 -0.681230
vn -0.099263 0.718097 -0.688828
vn -0.095259 0.719025 -0.688425
vn -0.044189 0.726745 -0.685485
vn -0.086808 0.733035 -0.674629
vn -0.044185 0.726742 -0.685488
vn -0.132091 0.778963 -0.612999
vn -0.124799 0.763064 -0.634159
vn -0.107410 0.753759 -0.648313
vn -0.081221 0.769632 -0.633300
vn -0.056880 0.741962 -0.668024
vn -0.058825 0.747463 -0.661694
vn 0.062467 0.715883 -0.695420
vn 0.060897 0.712433 -0.699093
vn 0.008590 0.724562 -0.689156
vn 0.019023 0.743630 -0.668321
vn 0.058014 0.732282 -0.678526
vn 0.060392 0.730166 -0.680596
vn 0.002879 0.734381 -0.678731
vn 0.060205 0.720511 -0.690825
vn 0.001726 0.735717 -0.677287
vn 0.002688 0.732105 -0.681187
vn 0.002291 0.767772 -0.640719
vn -0.016138 0.796471 -0.604462
vn 0.031593 0.779156 -0.626033
vn 0.049806 0.753147 -0.655965
vn 0.050251 0.750383 -0.659091
vn -0.011466 0.777919 -0.628260
vn 0.120145 0.664448 -0.737614
vn 0.179073 0.670954 -0.719552
vn 0.184989 0.651610 -0.735652
vn 0.124991 0.644332 -0.754462
vn 0.123823 0.652868 -0.747283
vn 0.181724 0.659623 -0.729296
vn 0.177442 0.632003 -0.754378
vn 0.173179 0.644647 -0.744607
vn 0.207070 0.619265 -0.757386
vn 0.230112 0.610020 -0.758237
vn 0.220571 0.646560 -0.730279
vn 0.238535 0.623011 -0.744955
vn 0.110814 0.722400 -0.682538
vn 0.162540 0.705425 -0.689896
vn 0.160026 0.701882 -0.694084
vn 0.106530 0.733246 -0.671566
vn 0.106715 0.732957 -0.671853
vn 0.161154 0.709839 -0.685681
vn 0.106831 0.731543 -0.673374
vn 0.102516 0.796526 -0.595849
vn 0.158918 0.743129 -0.650004
vn 0.103674 0.775998 -0.622157
vn 0.114065 0.765723 -0.632976
vn 0.145595 0.772256 -0.618404
vn 0.158917 0.743106 -0.650030
vn 0.155624 0.798721 -0.581227
vn 0.190453 0.750519 -0.632810
vn 0.226882 0.701424 -0.675669
vn 0.227817 0.744301 -0.627786
vn 0.163261 0.775026 -0.610475
vn 0.214911 0.757359 -0.616620
vn 0.212708 0.705657 -0.675873
vn 0.260920 0.680975 -0.684247
vn 0.257388 0.677619 -0.688900
vn 0.210036 0.717376 -0.664272
vn 0.211055 0.716031 -0.665399
vn 0.261450 0.691639 -0.673260
vn 0.242102 0.719078 -0.651394
vn 0.210981 0.715309 -0.666198
vn 0.260280 0.685138 -0.680323
vn 0.285679 0.700948 -0.653498
vn 0.285161 0.698710 -0.656115
vn 0.372403 0.526744 -0.764106
vn 0.365804 0.546377 -0.753432
vn 0.423545 0.530724 -0.734127
vn 0.365466 0.541107 -0.757389
vn 0.421717 0.518253 -0.744022
vn 0.351600 0.646972 -0.676613
vn 0.351280 0.646547 -0.677185
vn 0.305524 0.639608 -0.705377
vn 0.300735 0.672226 -0.676513
vn 0.315744 0.674787 -0.667059
vn 0.310007 0.693358 -0.650500
vn 0.350754 0.656439 -0.667877
vn 0.317462 0.699564 -0.640178
vn 0.347344 0.625453 -0.698685
vn 0.313201 0.685492 -0.657271
vn 0.357047 0.650318 -0.670525
vn 0.341330 0.681328 -0.647523
vn 0.383738 0.639230 -0.666431
vn 0.340950 0.672760 -0.656618
vn 0.386893 0.572702 -0.722721
vn 0.444769 0.554457 -0.703390
vn 0.385533 0.560306 -0.733090
vn 0.383077 0.551787 -0.740799
vn 0.442554 0.542704 -0.713876
vn 0.442284 0.533793 -0.720729
vn 0.384050 0.641924 -0.663656
vn 0.362965 0.683071 -0.633775
vn 0.410095 0.655024 -0.634639
vn 0.410680 0.629795 -0.659318
vn 0.417137 0.636570 -0.648672
vn 0.360203 0.707690 -0.607807
vn 0.351594 0.686530 -0.636442
vn 0.655736 0.317218 -0.685116
vn 0.682614 0.276205 -0.676572
vn 0.697882 0.268625 -0.663928
vn 0.681292 0.253863 -0.686582
vn 0.641008 0.299403 -0.706729
vn 0.641704 0.299455 -0.706075
vn 0.682538 0.271040 -0.678734
vn 0.643534 0.304495 -0.702244
vn 0.685480 0.278019 -0.672921
vn 0.647679 0.300443 -0.700175
vn 0.647195 0.270026 -0.712898
vn 0.604426 0.329529 -0.725313
vn 0.600770 0.322174 -0.731628
vn 0.662115 0.294807 -0.688979
vn 0.645174 0.294920 -0.704821
vn 0.661013 0.261477 -0.703343
vn 0.644787 0.262187 -0.717989
vn 0.742596 0.170421 -0.647694
vn 0.716488 0.199259 -0.668536
vn 0.769855 0.154185 -0.619314
vn 0.748949 0.140788 -0.647498
vn 0.736440 0.211501 -0.642592
vn 0.737045 0.214841 -0.640787
vn 0.610023 0.274714 -0.743239
vn 0.660064 0.234601 -0.713637
vn 0.664407 0.240532 -0.707608
vn 0.605850 0.268056 -0.749061
vn 0.730488 0.057581 -0.680494
vn 0.688682 0.106161 -0.717249
vn 0.751395 0.067943 -0.656345
vn 0.711298 0.121785 -0.692260
vn 0.708321 0.117645 -0.696018
vn 0.736779 0.074306 -0.672038
vn 0.731352 0.067658 -0.678636
vn 0.706944 0.122116 -0.696648
vn 0.728079 0.066450 -0.682265
vn 0.716758 0.065547 -0.694235
vn 0.704740 0.121292 -0.699021
vn 0.704256 0.120883 -0.699579
vn 0.720016 0.115363 -0.684301
vn 0.700855 0.120669 -0.703023
vn 0.768552 -0.007472 -0.639744
vn 0.765867 -0.040375 -0.641731
vn 0.775706 0.005191 -0.631073
vn 0.763599 -0.071594 -0.641709
vn 0.787790 -0.064046 -0.612604
vn 0.748932 -0.005566 -0.662623
vn 0.690428 0.053452 -0.721424
vn 0.722786 0.015981 -0.690887
vn 0.709379 -0.015421 -0.704658
vn 0.692203 0.054905 -0.719611
vn 0.750767 -0.038888 -0.659421
vn 0.757727 -0.043337 -0.651131
vn 0.728947 0.019216 -0.684300
vn 0.731565 -0.056004 -0.679467
vn 0.716822 0.011410 -0.697163
vn 0.749115 -0.027510 -0.661869
vn 0.717145 0.011315 -0.696832
vn 0.718068 0.012833 -0.695855
vn 0.744841 -0.031923 -0.666478
vn 0.717218 -0.034619 -0.695989
vn 0.701866 -0.029385 -0.711703
vn 0.737318 0.004022 -0.675534
vn 0.720871 0.008712 -0.693015
vn 0.738043 -0.075691 -0.670495
vn 0.730481 -0.114635 -0.673243
vn 0.732508 -0.076748 -0.676418
vn 0.721022 -0.154327 -0.675508
vn 0.746560 -0.137976 -0.650854
vn 0.739499 -0.138771 -0.658699
vn 0.746679 -0.269151 -0.608299
vn 0.746554 -0.207768 -0.632052
vn 0.751798 -0.202547 -0.627514
vn 0.742365 -0.219379 -0.633062
vn 0.727201 -0.203345 -0.655614
vn 0.722935 -0.268085 -0.636785
vn 0.214373 0.687534 -0.693788
vn 0.209620 0.700846 -0.681817
vn 0.161132 0.714174 -0.681169
vn 0.146734 0.711850 -0.686832
vn 0.162368 0.727846 -0.666241
vn 0.146719 0.745942 -0.649649
vn 0.622520 0.345791 -0.702067
vn 0.622360 0.345531 -0.702337
vn 0.620476 0.337971 -0.707662
vn 0.575687 0.378577 -0.724751
vn 0.566564 0.377081 -0.732677
vn 0.558915 0.347480 -0.752909
vn 0.680754 0.117537 -0.723020
vn 0.690539 0.115369 -0.714035
vn 0.719768 0.064364 -0.691224
vn 0.695595 0.119600 -0.708409
vn 0.685950 0.083160 -0.722881
vn 0.721187 0.065389 -0.689647
vn 0.716084 0.058732 -0.695539
vn 0.225693 0.973961 0.021505
vn 0.291534 0.954307 0.065613
vn 0.287573 0.955256 0.069196
vn 0.490676 0.871095 -0.020758
vn 0.437099 0.898648 0.037098
vn 0.436024 0.895605 0.088173
vn 0.556828 0.830294 0.023559
vn 0.508401 0.855576 0.097564
vn 0.628759 0.776316 0.044679
vn 0.594423 0.798553 0.094736
vn 0.667310 0.740716 0.077706
vn 0.643000 0.755855 0.123426
vn 0.716318 0.693348 0.078467
vn 0.431231 -0.763580 0.480609
vn -0.615552 -0.299459 0.728985
vn -0.648798 -0.261828 0.714498
vn -0.604558 -0.355280 0.712942
vn -0.590176 -0.293944 0.751857
vn -0.567457 -0.396460 0.721673
vn -0.666718 -0.216781 0.713087
vn -0.636232 -0.256757 0.727519
vn -0.529582 -0.435614 0.727862
vn -0.556486 -0.334042 0.760749
vn -0.680894 -0.221390 0.698119
vn -0.604388 -0.301022 0.737631
vn -0.635537 -0.263388 0.725754
vn -0.522094 -0.372050 0.767461
vn -0.651066 -0.269824 0.709442
vn -0.654575 -0.163767 0.738046
vn -0.560085 -0.399124 0.725951
vn -0.603428 -0.307591 0.735705
vn -0.571653 -0.343146 0.745294
vn -0.471535 -0.454380 0.755773
vn -0.506757 -0.424815 0.750153
vn -0.627955 -0.210665 0.749194
vn -0.548064 -0.335970 0.765997
vn -0.668607 -0.167278 0.724557
vn -0.693093 -0.123223 0.710238
vn -0.469288 -0.460720 0.753330
vn -0.410313 -0.543253 0.732474
vn -0.433403 -0.488798 0.757125
vn -0.595637 -0.303620 0.743661
vn -0.624837 -0.265800 0.734118
vn -0.503391 -0.421994 0.754001
vn -0.536502 -0.389904 0.748426
vn -0.643362 -0.215833 0.734508
vn -0.668874 -0.173981 0.722729
vn -0.642255 -0.273210 0.716146
vn -0.414045 -0.475823 0.775989
vn -0.594875 -0.310247 0.741532
vn -0.564885 -0.346282 0.748995
vn -0.554887 -0.403266 0.727652
vn -0.685511 -0.178308 0.705890
vn -0.701394 -0.075153 0.708801
vn -0.680119 -0.120916 0.723061
vn -0.501594 -0.428505 0.751523
vn -0.467698 -0.459158 0.755270
vn -0.618041 -0.213764 0.756526
vn -0.391288 -0.528222 0.753575
vn -0.353656 -0.553754 0.753846
vn -0.541773 -0.339096 0.769088
vn -0.654005 -0.122569 0.746495
vn -0.430789 -0.495064 0.754541
vn -0.465592 -0.465688 0.752568
vn -0.589203 -0.307289 0.747270
vn -0.583272 -0.365071 0.725615
vn -0.616602 -0.269108 0.739853
vn -0.688417 -0.073763 0.721554
vn -0.706361 -0.026524 0.707355
vn -0.350418 -0.560118 0.750650
vn -0.311655 -0.584530 0.749130
vn -0.499967 -0.427115 0.753396
vn -0.531690 -0.394027 0.749699
vn -0.635289 -0.219730 0.740355
vn -0.658872 -0.177948 0.730905
vn -0.722021 -0.027112 0.691340
vn -0.428353 -0.501625 0.751589
vn -0.392497 -0.529854 0.751798
vn -0.565578 -0.301701 0.767527
vn -0.670346 -0.125631 0.731336
vn -0.689654 -0.080400 0.719662
vn -0.498323 -0.433807 0.750657
vn -0.465587 -0.465683 0.752574
vn -0.447365 -0.523888 0.724848
vn -0.635485 -0.226447 0.738160
vn -0.610831 -0.266589 0.745531
vn -0.679956 0.021545 0.732937
vn -0.389704 -0.536460 0.748560
vn -0.352624 -0.563644 0.746969
vn -0.559419 -0.357436 0.747857
vn -0.530043 -0.392806 0.751503
vn -0.650738 -0.175751 0.738682
vn -0.671303 -0.132295 0.729281
vn -0.445490 -0.453960 0.771660
vn -0.585009 -0.312067 0.748585
vn -0.610744 -0.273351 0.743149
vn -0.580662 -0.371009 0.724696
vn -0.679133 -0.079173 0.729733
vn -0.695163 -0.032591 0.718113
vn -0.498383 -0.433859 0.750587
vn -0.528875 -0.399626 0.748726
vn -0.629648 -0.224367 0.743776
vn -0.651417 -0.182462 0.736453
vn -0.632018 -0.282872 0.721483
vn -0.174286 -0.670622 0.721035
vn -0.217713 -0.649410 0.728606
vn -0.695168 0.022027 0.718510
vn -0.706159 0.071481 0.704436
vn -0.392195 -0.539889 0.744784
vn -0.427396 -0.510049 0.746447
vn -0.561740 -0.306409 0.768480
vn -0.680571 -0.085773 0.727644
vn -0.663143 -0.130687 0.736995
vn -0.267192 -0.628470 0.730503
vn -0.307328 -0.603219 0.735987
vn -0.496886 -0.440758 0.747554
vn -0.465153 -0.473997 0.747636
vn -0.605332 -0.222078 0.764365
vn -0.123786 -0.697102 0.706206
vn -0.169244 -0.677064 0.716199
vn -0.697359 0.015596 0.716552
vn -0.684701 -0.032100 0.728117
vn -0.519080 -0.460445 0.720101
vn -0.557083 -0.363296 0.746776
vn -0.529007 -0.399726 0.748579
vn -0.664306 -0.137356 0.734732
vn -0.645549 -0.180818 0.742005
vn -0.221100 -0.659514 0.718440
vn -0.263109 -0.635235 0.726120
vn -0.607190 -0.278577 0.744120
vn -0.580189 -0.378365 0.721263
vn -0.582990 -0.318000 0.747662
vn -0.070435 -0.722229 0.688058
vn -0.118178 -0.703523 0.700778
vn -0.686616 -0.038603 0.725994
vn -0.672429 -0.084747 0.735294
vn -0.311203 -0.610825 0.728042
vn -0.349625 -0.582718 0.733622
vn -0.507320 -0.390814 0.768043
vn -0.646434 -0.187577 0.739553
vn -0.626368 -0.229795 0.744887
vn -0.216498 -0.666320 0.713545
vn -0.172365 -0.689551 0.703427
vn -0.559968 -0.312245 0.767423
vn -0.013942 -0.745716 0.666118
vn -0.064209 -0.728587 0.681937
vn -0.658439 -0.136143 0.740219
vn -0.674073 -0.091341 0.732996
vn -0.267213 -0.645142 0.715814
vn -0.307587 -0.617889 0.723604
vn -0.466353 -0.484161 0.740340
vn -0.497233 -0.449410 0.742152
vn -0.605574 -0.277836 0.745713
vn -0.626969 -0.236664 0.742226
vn -0.120678 -0.718407 0.685076
vn -0.167195 -0.696370 0.697936
vn -0.354055 -0.590102 0.725552
vn -0.390558 -0.559257 0.731230
vn -0.529872 -0.408188 0.743383
vn -0.556783 -0.370537 0.743435
vn -0.007052 -0.751944 0.659189
vn 0.045953 -0.767144 0.639827
vn -0.659810 -0.142847 0.737730
vn -0.642764 -0.186512 0.743013
vn -0.263077 -0.652280 0.710860
vn -0.220493 -0.678616 0.700616
vn -0.605879 -0.284837 0.742818
vn -0.581807 -0.387190 0.715251
vn -0.583096 -0.325142 0.744501
vn -0.114883 -0.725201 0.678885
vn -0.065726 -0.745810 0.662908
vn -0.500557 -0.452415 0.738081
vn -0.529015 -0.415437 0.739970
vn -0.625393 -0.236070 0.743743
vn -0.643858 -0.193349 0.740313
vn -0.170729 -0.711090 0.682057
vn -0.215787 -0.685804 0.695060
vn -0.429920 -0.532921 0.728810
vn -0.395529 -0.566375 0.723033
vn -0.560215 -0.319259 0.764351
vn -0.059259 -0.752514 0.655904
vn -0.007234 -0.771350 0.636370
vn -0.308751 -0.634985 0.708143
vn -0.267935 -0.664324 0.697772
vn -0.469152 -0.496236 0.730511
vn -0.499326 -0.459825 0.734326
vn -0.606269 -0.285020 0.742430
vn -0.609373 -0.347275 0.712786
vn -0.626198 -0.243061 0.740809
vn -0.356424 -0.606792 0.710469
vn -0.392908 -0.573936 0.718485
vn -0.558478 -0.379218 0.737764
vn -0.532603 -0.418254 0.735797
vn -0.220344 -0.700288 0.679003
vn -0.263720 -0.671848 0.692150
vn -0.435417 -0.539735 0.720485
vn -0.467510 -0.503817 0.726363
vn -0.582948 -0.280716 0.762476
vn -0.060782 -0.771865 0.632874
vn -0.111580 -0.749457 0.652583
vn -0.314454 -0.646715 0.694894
vn -0.353292 -0.614495 0.705395
vn -0.169288 -0.735193 0.656378
vn -0.215503 -0.707862 0.672674
vn -0.399077 -0.582949 0.707749
vn -0.433320 -0.547494 0.715880
vn -0.562321 -0.381827 0.733487
vn -0.585464 -0.340912 0.735534
vn -0.310755 -0.654543 0.689206
vn -0.269284 -0.686022 0.675914
vn -0.503131 -0.472065 0.723888
vn -0.473514 -0.510287 0.717908
vn -0.114438 -0.768659 0.629339
vn -0.163760 -0.742760 0.649222
vn -0.359821 -0.625852 0.691982
vn -0.396476 -0.590882 0.702613
vn -0.562138 -0.389403 0.729634
vn -0.537173 -0.429992 0.725639
vn -0.471956 -0.518208 0.713245
vn -0.440138 -0.556109 0.704997
vn -0.356658 -0.633945 0.686228
vn -0.317303 -0.668337 0.672788
vn -0.536600 -0.437796 0.721384
vn -0.509622 -0.478155 0.715300
vn -0.215547 -0.732429 0.645823
vn -0.167940 -0.761719 0.625763
vn -0.313518 -0.676558 0.666314
vn -0.271162 -0.710188 0.649695
vn -0.479398 -0.526379 0.702213
vn -0.508615 -0.486198 0.710579
vn -0.401199 -0.610129 0.683215
vn -0.364165 -0.647289 0.669627
vn -0.221028 -0.751052 0.622148
vn -0.266689 -0.718484 0.642385
vn -0.477907 -0.534661 0.696952
vn -0.446186 -0.574671 0.686055
vn -0.444152 -0.583184 0.680165
vn -0.409634 -0.622956 0.666428
vn -0.316931 -0.700965 0.638907
vn -0.273442 -0.736679 0.618492
vn -0.324924 -0.718645 0.614795
vn -0.366024 -0.679931 0.635390
vn -0.759916 -0.167125 0.628169
vn -0.716851 -0.215516 0.663082
vn -0.692095 -0.292985 0.659669
vn -0.710729 -0.199213 0.674669
vn -0.781424 -0.220365 0.583795
vn -0.712675 -0.200978 0.672088
vn -0.664552 -0.262100 0.699767
vn -0.708698 -0.225697 0.668437
vn -0.772151 -0.119037 0.624190
vn -0.724065 -0.151252 0.672943
vn -0.696593 -0.243661 0.674825
vn -0.695563 -0.232666 0.679749
vn -0.721528 -0.184150 0.667447
vn -0.709549 -0.170331 0.683759
vn -0.603553 -0.336704 0.722741
vn -0.626998 -0.305027 0.716820
vn -0.665486 -0.293865 0.686128
vn -0.631808 -0.275468 0.724525
vn -0.751265 -0.098694 0.652580
vn -0.715146 -0.166888 0.678760
vn -0.718370 -0.100563 0.688354
vn -0.653717 -0.222393 0.723322
vn -0.671288 -0.243057 0.700211
vn -0.708654 -0.181154 0.681903
vn -0.714415 -0.178991 0.676441
vn -0.550288 -0.390595 0.737982
vn -0.586464 -0.347592 0.731601
vn -0.598988 -0.355014 0.717759
vn -0.586791 -0.344839 0.732641
vn -0.722696 -0.106480 0.682915
vn -0.544362 -0.395646 0.739686
vn -0.496868 -0.440808 0.747536
vn -0.548623 -0.398743 0.734858
vn -0.545545 -0.381150 0.746395
vn -0.514292 -0.423037 0.746019
vn -0.500818 -0.417450 0.758233
vn -0.512680 -0.427338 0.744675
vn -0.669141 -0.166225 0.724307
vn -0.722802 -0.120397 0.680487
vn -0.729417 -0.119121 0.673618
vn -0.700084 -0.207429 0.683269
vn -0.702182 -0.166964 0.692144
vn -0.782502 0.043965 0.621093
vn -0.711755 -0.099993 0.695274
vn -0.733108 -0.085089 0.674768
vn -0.680881 -0.136570 0.719548
vn -0.713246 -0.160654 0.682254
vn -0.474620 -0.452207 0.755146
vn -0.437056 -0.481835 0.759485
vn -0.482293 -0.459517 0.745813
vn -0.473381 -0.456158 0.753545
vn -0.732595 -0.020663 0.680351
vn -0.740428 -0.089630 0.666132
vn -0.380995 -0.524420 0.761464
vn -0.429429 -0.493477 0.756353
vn -0.431453 -0.495803 0.753676
vn -0.431368 -0.486503 0.759761
vn -0.737897 -0.014722 0.674753
vn -0.757069 0.062205 0.650367
vn -0.323284 -0.564774 0.759288
vn -0.379525 -0.528350 0.759478
vn -0.724764 0.054800 0.686814
vn -0.396207 -0.521460 0.755711
vn -0.372699 -0.490521 0.787708
vn -0.722802 -0.109078 0.682392
vn -0.739757 -0.026221 0.672363
vn -0.689190 -0.081690 0.719961
vn -0.715974 -0.040052 0.696977
vn -0.378782 -0.550099 0.744254
vn -0.369145 -0.536103 0.759161
vn -0.388328 -0.514145 0.764759
vn -0.731872 0.048365 0.679723
vn -0.344010 -0.553267 0.758652
vn -0.348151 -0.559927 0.751847
vn -0.325564 -0.550584 0.768678
vn -0.266286 -0.610202 0.746154
vn -0.319097 -0.561183 0.763709
vn -0.333452 -0.586429 0.738180
vn -0.347286 -0.543779 0.764000
vn -0.735407 0.033231 0.676811
vn -0.725167 -0.016470 0.688376
vn -0.732360 -0.058987 0.678358
vn -0.742035 0.035704 0.669410
vn -0.692461 -0.023121 0.721084
vn -0.282828 -0.556392 0.781304
vn -0.301155 -0.592445 0.747204
vn -0.758310 0.208861 0.617530
vn -0.196992 -0.629963 0.751226
vn -0.254973 -0.604629 0.754595
vn -0.282844 -0.627367 0.725541
vn -0.256203 -0.568275 0.781936
vn -0.302447 -0.567259 0.765992
vn -0.738411 0.070016 0.670706
vn -0.720206 0.051610 0.691838
vn -0.735617 -0.010253 0.677320
vn -0.697979 0.008289 0.716071
vn -0.262626 -0.602093 0.753997
vn -0.249200 -0.629723 0.735764
vn -0.243095 -0.614295 0.750698
vn -0.723474 0.134661 0.677091
vn -0.130894 -0.663904 0.736273
vn -0.196971 -0.630020 0.751184
vn -0.218476 -0.637654 0.738691
vn -0.193805 -0.619894 0.760376
vn -0.214934 -0.627318 0.748516
vn -0.730029 0.221684 0.646462
vn -0.727665 0.141690 0.671139
vn -0.186731 -0.641270 0.744248
vn -0.694559 0.064046 0.716579
vn -0.723882 0.075570 0.685772
vn -0.734220 0.042640 0.677571
vn -0.727239 0.124581 0.674983
vn -0.732668 0.129227 0.668205
vn -0.729587 0.293547 0.617684
vn -0.706702 0.211954 0.675017
vn -0.158357 -0.656702 0.737337
vn -0.136974 -0.649516 0.747908
vn -0.186962 -0.642063 0.743506
vn -0.160301 -0.664763 0.729653
vn -0.216442 -0.626203 0.749015
vn -0.173028 -0.665781 0.725808
vn -0.208571 -0.649833 0.730900
vn -0.698013 0.219050 0.681759
vn -0.118810 -0.670336 0.732485
vn -0.059245 -0.685167 0.725973
vn -0.150877 -0.663292 0.732994
vn -0.127275 -0.636478 0.760722
vn -0.141537 -0.707803 0.692085
vn -0.711819 0.137990 0.688674
vn -0.724879 0.162441 0.669450
vn -0.730315 0.091421 0.676966
vn -0.695990 0.097094 0.711457
vn -0.266856 -0.611790 0.744648
vn -0.310246 -0.587020 0.747766
vn -0.309062 -0.592904 0.743603
vn -0.120723 -0.679848 0.723348
vn -0.103555 -0.682292 0.723708
vn -0.106102 -0.699075 0.707133
vn -0.682505 0.302557 0.665316
vn -0.705990 0.216816 0.674218
vn -0.714925 0.248262 0.653642
vn 0.015807 -0.713386 0.700593
vn -0.055392 -0.691376 0.720369
vn -0.073559 -0.705458 0.704924
vn -0.072020 -0.690703 0.719543
vn -0.054509 -0.680355 0.730853
vn -0.264973 -0.623252 0.735762
vn -0.265551 -0.616616 0.741125
vn -0.266284 -0.618318 0.739443
vn -0.221175 -0.639895 0.735945
vn -0.218172 -0.648761 0.729047
vn -0.691336 0.255430 0.675878
vn -0.350622 -0.572231 0.741361
vn -0.308195 -0.601616 0.736936
vn -0.309681 -0.594092 0.742397
vn -0.351400 -0.566213 0.745601
vn -0.040335 -0.704857 0.708202
vn 0.010409 -0.705548 0.708586
vn -0.007464 -0.715706 0.698362
vn -0.671983 0.308214 0.673382
vn -0.058554 -0.718004 0.693572
vn -0.068398 -0.701343 0.709535
vn -0.040464 -0.707119 0.705936
vn -0.007570 -0.725876 0.687784
vn 0.095653 -0.728446 0.678393
vn 0.034920 -0.724564 0.688322
vn -0.013438 -0.718749 0.695140
vn 0.020028 -0.694493 0.719221
vn 0.014199 -0.750058 0.661219
vn 0.022120 -0.766999 0.641267
vn -0.351337 -0.573399 0.740119
vn -0.391160 -0.542525 0.743411
vn -0.390801 -0.548646 0.739095
vn -0.350372 -0.581070 0.734572
vn 0.057233 -0.755951 0.652122
vn 0.055897 -0.738311 0.672140
vn -0.685974 0.228564 0.690796
vn -0.697695 0.218403 0.682291
vn 0.182246 -0.748050 0.638128
vn 0.106624 -0.739894 0.664220
vn 0.106891 -0.741742 0.662112
vn -0.464195 -0.477633 0.745915
vn -0.428743 -0.511656 0.744572
vn -0.464525 -0.482263 0.742724
vn 0.096819 -0.787681 0.608429
vn 0.087007 -0.707856 0.700977
vn 0.043835 -0.731786 0.680123
vn 0.128735 -0.754346 0.643731
vn 0.281287 -0.776900 0.563298
vn 0.171634 -0.738077 0.652521
vn 0.176687 -0.759804 0.625684
vn -0.701737 0.071034 0.708886
vn -0.692217 0.149872 0.705956
vn -0.693426 0.148708 0.705015
vn -0.693250 0.148671 0.705196
vn -0.391614 -0.549788 0.737816
vn -0.428773 -0.516559 0.741161
vn -0.429344 -0.517247 0.740351
vn -0.429399 -0.522244 0.736803
vn -0.391183 -0.557573 0.732180
vn 0.170976 -0.753132 0.635264
vn -0.690780 0.015449 0.722900
vn -0.692868 0.072888 0.717371
vn -0.687529 0.081361 0.721585
vn -0.693860 0.082110 0.715413
vn 0.230058 -0.776372 0.586788
vn -0.430422 -0.531211 0.729762
vn -0.466214 -0.493128 0.734485
vn -0.465705 -0.486885 0.738960
vn -0.430308 -0.523349 0.735487
vn -0.678617 -0.091956 0.728714
vn -0.676014 -0.038007 0.735908
vn -0.353721 -0.590889 0.725073
vn -0.310665 -0.624073 0.716952
vn -0.352660 -0.600383 0.717754
vn -0.308616 -0.635260 0.707956
vn -0.680292 -0.032898 0.732203
vn -0.680047 0.016545 0.732981
vn -0.690083 0.016789 0.723536
vn 0.229224 -0.773035 0.591500
vn -0.676176 -0.028441 0.736191
vn -0.699618 -0.029428 0.713911
vn -0.680713 -0.002448 0.732546
vn 0.092531 -0.802199 0.589843
vn 0.243986 -0.804489 0.541543
vn 0.255269 -0.785975 0.563100
vn -0.663137 -0.072768 0.744952
vn -0.678803 -0.060417 0.731831
vn -0.674759 -0.060057 0.735591
vn -0.116723 -0.736816 0.665942
vn -0.172099 -0.709222 0.683656
vn -0.166544 -0.723278 0.670173
vn -0.109190 -0.752265 0.649750
vn 0.167043 -0.787249 0.593579
vn -0.667014 -0.090939 0.739475
vn -0.683273 -0.093157 0.724196
vn -0.674431 -0.075856 0.734431
vn -0.662215 -0.143368 0.735470
vn 0.071863 -0.768044 0.636352
vn 0.035406 -0.808276 0.587738
vn 0.107079 -0.793755 0.598738
vn 0.155795 -0.804739 0.572820
vn -0.502158 -0.462433 0.730748
vn -0.532347 -0.421011 0.734409
vn -0.533751 -0.427253 0.729771
vn -0.503385 -0.470332 0.724839
vn 0.185463 -0.822106 0.538280
vn 0.199001 -0.805438 0.558273
vn -0.663413 -0.148638 0.733341
vn -0.658507 -0.134766 0.740410
vn -0.644629 -0.193581 0.739581
vn -0.658676 -0.134800 0.740253
vn 0.111475 -0.800639 0.588686
vn -0.651524 -0.220335 0.725926
vn -0.623535 -0.242027 0.743389
vn -0.615780 -0.296527 0.729991
vn 0.018842 -0.775396 0.631195
vn -0.022104 -0.810298 0.585601
vn -0.642518 -0.195472 0.740919
vn -0.596906 -0.181595 0.781490
vn 0.097954 -0.816590 0.568846
vn 0.050482 -0.801985 0.595207
vn 0.125618 -0.835482 0.534968
vn -0.270386 -0.683982 0.677540
vn -0.213571 -0.735521 0.642959
vn -0.266791 -0.698740 0.663765
vn -0.218938 -0.719147 0.659464
vn -0.641452 -0.218867 0.735280
vn -0.652289 -0.246787 0.716669
vn -0.628214 -0.237678 0.740849
vn 0.054802 -0.810092 0.583736
vn -0.625839 -0.270839 0.731418
vn -0.607415 -0.277888 0.744194
vn -0.624584 -0.270296 0.732691
vn -0.079711 -0.808244 0.583428
vn -0.034887 -0.779069 0.625966
vn -0.401299 -0.598070 0.693737
vn -0.400769 -0.611482 0.682256
vn -0.440567 -0.567434 0.695643
vn -0.440186 -0.555916 0.705119
vn -0.593634 -0.345669 0.726713
vn -0.607502 -0.297333 0.736569
vn -0.627383 -0.307064 0.715613
vn 0.039150 -0.824260 0.564857
vn -0.006757 -0.806190 0.591618
vn 0.064779 -0.844509 0.531609
vn 0.148903 -0.842076 0.518397
vn 0.166788 -0.865659 0.472033
vn 0.132481 -0.845198 0.517773
vn 0.082794 -0.831555 0.549238
vn -0.607633 -0.284006 0.741702
vn -0.578424 -0.400684 0.710548
vn -0.589959 -0.323748 0.739686
vn -0.636568 -0.349326 0.687570
vn -0.002698 -0.815517 0.578726
vn -0.600413 -0.364520 0.711779
vn -0.600676 -0.367143 0.710207
vn -0.566251 -0.346101 0.748047
vn -0.137124 -0.802113 0.581216
vn -0.089074 -0.778995 0.620671
vn -0.064349 -0.806319 0.587970
vn -0.020314 -0.827665 0.560855
vn -0.315400 -0.704280 0.636013
vn -0.318492 -0.687292 0.652834
vn -0.363429 -0.660300 0.657208
vn -0.364978 -0.645119 0.671277
vn 0.102066 -0.876943 0.469631
vn 0.003257 -0.849110 0.528206
vn 0.087916 -0.854811 0.511438
vn 0.071364 -0.855595 0.512704
vn 0.023246 -0.838381 0.544589
vn -0.540235 -0.440762 0.716850
vn -0.520089 -0.497167 0.694502
vn -0.569656 -0.426958 0.702281
vn -0.572370 -0.404306 0.713392
vn -0.529561 -0.374066 0.761341
vn -0.060741 -0.816837 0.573662
vn -0.547135 -0.443673 0.709787
vn -0.143455 -0.775122 0.615310
vn -0.194054 -0.791925 0.578963
vn -0.518271 -0.485505 0.704046
vn -0.487095 -0.544941 0.682480
vn -0.080127 -0.826742 0.556846
vn -0.122005 -0.802342 0.584262
vn -0.366653 -0.666157 0.649462
vn -0.410295 -0.620733 0.668093
vn -0.364725 -0.683335 0.632479
vn -0.409790 -0.636023 0.653871
vn -0.535944 -0.477782 0.696052
vn -0.513953 -0.481460 0.709963
vn -0.036871 -0.840954 0.539848
vn 0.009361 -0.861540 0.507604
vn 0.025757 -0.863079 0.504412
vn -0.058622 -0.849231 0.524757
vn 0.036553 -0.883412 0.467169
vn -0.571044 -0.443668 0.690701
vn -0.568724 -0.435987 0.697473
vn -0.553607 -0.448921 0.701419
vn -0.536966 -0.478693 0.694638
vn -0.516729 -0.505910 0.690685
vn -0.533862 -0.500806 0.681311
vn -0.549285 -0.537786 0.639588
vn -0.119032 -0.813994 0.568546
vn -0.038252 -0.897188 0.439989
vn -0.197765 -0.767415 0.609888
vn -0.155322 -0.826553 0.541004
vn -0.250214 -0.777721 0.576666
vn -0.486805 -0.538526 0.687757
vn -0.521228 -0.497840 0.693164
vn -0.460514 -0.604669 0.649848
vn -0.500460 -0.538022 0.678287
vn -0.531206 -0.571077 0.625853
vn -0.184540 -0.760364 0.622730
vn -0.420312 -0.652354 0.630692
vn -0.462854 -0.558130 0.688664
vn -0.037249 -0.866764 0.497325
vn -0.029392 -0.885010 0.464644
vn -0.080534 -0.834814 0.544610
vn -0.120533 -0.844846 0.521256
vn -0.493573 -0.583016 0.645351
vn -0.457640 -0.540569 0.705939
vn -0.461370 -0.590498 0.662155
vn -0.177271 -0.806960 0.563374
vn -0.104633 -0.892955 0.437816
vn -0.376268 -0.698961 0.608174
vn -0.420850 -0.630309 0.652377
vn -0.305322 -0.759563 0.574319
vn -0.251733 -0.755860 0.604405
vn -0.215237 -0.814849 0.538233
vn -0.445102 -0.628088 0.638271
vn -0.420365 -0.629583 0.653390
vn -0.490162 -0.582018 0.648842
vn -0.491670 -0.594371 0.636383
vn -0.468167 -0.599197 0.649448
vn -0.447216 -0.631072 0.633835
vn -0.238517 -0.749840 0.617131
vn -0.182146 -0.835945 0.517705
vn -0.100761 -0.865776 0.490182
vn -0.140482 -0.830882 0.538423
vn -0.095407 -0.881707 0.462050
vn -0.418957 -0.653944 0.629946
vn -0.235156 -0.795715 0.558156
vn -0.170647 -0.883800 0.435635
vn -0.397047 -0.688578 0.606807
vn -0.377924 -0.687159 0.620473
vn -0.448215 -0.662096 0.600609
vn -0.398944 -0.691868 0.601799
vn -0.443513 -0.660220 0.606140
vn -0.443565 -0.655227 0.611496
vn -0.425099 -0.663532 0.615642
vn -0.258492 -0.797743 0.544782
vn -0.161126 -0.873501 0.459386
vn -0.243131 -0.822551 0.514098
vn -0.164430 -0.860051 0.482985
vn -0.200331 -0.822604 0.532156
vn -0.223703 -0.839141 0.495782
vn -0.232247 -0.871196 0.432525
vn -0.262596 -0.854865 0.447493
vn -0.264766 -0.849143 0.457007
vn -0.321395 -0.778763 0.538733
vn -0.279224 -0.852864 0.441200
vn -0.320723 -0.750589 0.577713
vn -0.765158 -0.071796 0.639827
vn -0.760744 -0.066263 0.645660
vn -0.778030 -0.000317 0.628227
vn -0.742689 -0.066071 0.666369
vn -0.730243 -0.050420 0.681324
vn -0.749509 -0.035212 0.661056
vn -0.769645 0.008619 0.638414
vn -0.725772 -0.049740 0.686135
vn -0.754329 0.009712 0.656425
vn -0.767212 0.090505 0.634977
vn -0.759936 0.096572 0.642784
vn -0.762425 0.165587 0.625531
vn -0.742467 0.092450 0.663472
vn -0.743171 0.123539 0.657598
vn -0.727305 0.105391 0.678175
vn -0.752994 0.172222 0.635090
vn -0.722446 0.105293 0.683363
vn -0.737742 0.170695 0.653147
vn -0.688640 0.307754 0.656553
vn -0.650056 0.388289 0.653192
vn -0.718249 0.275764 0.638806
vn -0.694459 0.365882 0.619561
vn -0.701769 0.369179 0.609284
vn -0.687052 0.286513 0.667734
vn -0.700738 0.291279 0.651248
vn -0.714592 0.130117 0.687334
vn -0.708109 0.163703 0.686865
vn -0.718200 0.193014 0.668531
vn -0.719616 0.205303 0.663327
vn -0.721910 0.130715 0.679529
vn -0.693347 0.188858 0.695415
vn -0.706444 0.207011 0.676819
vn -0.707342 0.133976 0.694059
vn -0.692023 0.216986 0.688492
vn 0.177214 -0.780608 0.599372
vn 0.102765 -0.765103 0.635655
vn 0.129493 -0.758790 0.638333
vn 0.252677 -0.742591 0.620252
vn 0.369868 -0.768065 0.522755
vn 0.357423 -0.761011 0.541397
vn 0.260607 -0.757963 0.597977
vn 0.148437 -0.752288 0.641895
vn 0.200386 -0.783336 0.588413
vn 0.113535 -0.772617 0.624638
vn 0.173557 -0.795746 0.580229
vn 0.187460 -0.775306 0.603125
vn 0.151575 -0.772752 0.616344
vn 0.204751 -0.804225 0.557942
vn 0.118011 -0.782170 0.611788
vn 0.360618 -0.779088 0.512812
vn 0.302279 -0.778619 0.549891
vn 0.297147 -0.788961 0.537814
vn 0.387922 -0.799208 0.459112
vn 0.309794 -0.800301 0.513368
vn 0.329188 -0.828247 0.453478
vn 0.251536 -0.823415 0.508643
vn 0.305448 -0.807816 0.504117
vn 0.243177 -0.803646 0.543156
vn 0.239098 -0.810372 0.534910
vn 0.268038 -0.852944 0.447930
vn 0.245909 -0.830644 0.499559
vn 0.191465 -0.842330 0.503806
vn 0.185272 -0.821874 0.538699
vn 0.171506 -0.838608 0.517033
vn 0.159951 -0.802125 0.575336
vn -0.299726 -0.768466 0.565353
vn -0.300038 -0.758204 0.578882
vn -0.356149 -0.727636 0.586263
vn -0.305192 -0.746613 0.591124
vn -0.333548 -0.784905 0.522177
vn -0.396482 -0.718441 0.571528
vn -0.394454 -0.714309 0.578073
vn -0.355983 -0.724518 0.590212
vn -0.333832 -0.746678 0.575351
vn -0.321518 -0.811432 0.488062
vn -0.388463 -0.740526 0.548377
vn -0.315258 -0.790258 0.525456
vn -0.388609 -0.739051 0.550261
vn -0.268963 -0.821412 0.502933
vn -0.243172 -0.822209 0.514626
vn -0.205486 -0.860728 0.465750
vn -0.267948 -0.815543 0.512927
vn -0.256145 -0.833862 0.488941
vn -0.206804 -0.878415 0.430835
vn 0.000000 0.000000 1.000000
vn 0.000000 0.000000 1.000000
vn 0.000000 0.000000 1.000000
vn 0.000000 0.000000 1.000000
vn -0.000000 0.000000 1.000000
vn 0.000000 0.000000 1.000000
vn -0.000000 0.000000 1.000000
vn 0.000000 0.000000 1.000000
vn 0.000000 0.000000 1.000000
vn 0.000000 0.000000 1.000000
vn 0.000000 0.000000 1.000000
vn -0.000000 0.000000 1.000000
vn 0.000000 -0.000000 1.000000
vn -0.000000 0.000000 1.000000
vn 0.000000 -0.000000 1.000000
vn -0.000000 0.000000 1.000000
vn 0.000000 -0.000000 1.000000
vn -0.000000 0.000000 1.000000
vn 0.000000 -0.000000 1.000000
vn -0.000000 0.000000 1.000000
vn 0.000000 -0.000000 1.000000
vn -0.000000 0.000000 1.000000
vn 0.000000 -0.000000 1.000000
vn -0.000000 0.000000 1.000000
vn 0.000000 -0.000000 1.000000
vn -0.000000 0.000000 1.000000
vn 0.000000 -0.000000 1.000000
vn -0.000000 0.000000 1.000000
vn 0.000000 -0.000000 1.000000
vn -0.000000 0.000000 1.000000
vn -0.000000 0.000000 1.000000
vn 0.000000 -0.000000 1.000000
vn -0.000000 0.000000 1.000000
vn -0.000000 0.000000 1.000000
vn -0.000000 0.000000 1.000000
vn -0.768604 -0.046789 -0.638011
vn 0.539228 0.584840 -0.605967
vn -0.758730 0.017026 -0.651182
vn -0.761118 0.032775 -0.647785
vn -0.716611 0.051652 -0.695558
vn -0.752378 0.030339 -0.658033
vn -0.778832 0.018446 -0.626961
vn -0.733988 0.084806 -0.673847
vn -0.739908 0.079332 -0.668015
vn -0.732647 0.084587 -0.675332
vn -0.706580 0.104526 -0.699871
vn -0.686810 0.113169 -0.717973
vn -0.697848 0.120888 -0.705970
vn -0.710411 0.117058 -0.693984
vn -0.769698 0.070316 -0.634524
vn -0.780830 0.067971 -0.621036
vn -0.752195 0.096703 -0.651806
vn -0.743957 0.099496 -0.660779
vn -0.689324 0.156642 -0.707316
vn -0.740085 0.131984 -0.659435
vn -0.676149 0.173154 -0.716129
vn -0.670109 0.174960 -0.721348
vn -0.651076 0.169991 -0.739731
vn -0.669526 0.195206 -0.716680
vn -0.668954 0.195039 -0.717259
vn -0.651381 0.251600 -0.715821
vn -0.629582 0.233055 -0.741155
vn -0.631127 0.232075 -0.740149
vn -0.641752 0.229861 -0.731655
vn -0.651245 0.233261 -0.722129
vn -0.660674 0.250227 -0.707740
vn -0.727946 0.175778 -0.662720
vn -0.734542 0.205737 -0.646622
vn -0.758514 0.183479 -0.625293
vn -0.765735 0.183262 -0.616494
vn -0.728677 0.206737 -0.652908
vn -0.680492 0.229362 -0.695934
vn -0.596556 0.330380 -0.731416
vn -0.614634 0.281995 -0.736684
vn -0.608931 0.279378 -0.742396
vn -0.718056 0.238810 -0.653732
vn -0.634312 0.255254 -0.729722
vn -0.655412 0.253157 -0.711580
vn -0.647234 0.276337 -0.710441
vn -0.652337 0.278516 -0.704901
vn -0.606659 0.299334 -0.736454
vn -0.547693 0.310943 -0.776754
vn -0.587706 0.333660 -0.737070
vn -0.606610 0.314304 -0.730231
vn -0.615429 0.314245 -0.722840
vn -0.619783 0.316468 -0.718135
vn -0.631283 0.338978 -0.697550
vn -0.584899 0.323924 -0.743617
vn -0.552983 0.348388 -0.756859
vn -0.546200 0.348962 -0.761506
vn -0.550278 0.357860 -0.754408
vn -0.702002 0.279569 -0.655007
vn -0.525667 0.388817 -0.756635
vn -0.646516 0.323853 -0.690751
vn -0.701085 0.311821 -0.641285
vn -0.730403 0.295214 -0.615922
vn -0.733712 0.295725 -0.611730
vn -0.697790 0.311849 -0.644856
vn -0.510353 0.403863 -0.759233
vn -0.514158 0.404033 -0.756570
vn -0.491770 0.389158 -0.778922
vn -0.501004 0.419512 -0.756971
vn -0.575047 0.372635 -0.728330
vn -0.497950 0.416955 -0.760391
vn -0.468556 0.463604 -0.752015
vn -0.680621 0.342133 -0.647843
vn -0.461891 0.447759 -0.765616
vn -0.471148 0.445433 -0.761320
vn -0.475482 0.449530 -0.756201
vn -0.478493 0.465567 -0.744507
vn -0.469238 0.445196 -0.762638
vn -0.510840 0.395196 -0.763454
vn -0.531403 0.398074 -0.747761
vn -0.518038 0.417073 -0.746784
vn -0.470882 0.467078 -0.748404
vn -0.520345 0.418930 -0.744137
vn -0.538767 0.404648 -0.738911
vn -0.586877 0.381347 -0.714248
vn -0.570218 0.429390 -0.700339
vn -0.661117 0.379676 -0.647125
vn -0.480745 0.447156 -0.754278
vn -0.491789 0.472648 -0.731264
vn -0.484351 0.447995 -0.751468
vn -0.486066 0.449581 -0.749411
vn -0.416208 0.497059 -0.761383
vn -0.404938 0.528764 -0.745945
vn -0.427338 0.480177 -0.766036
vn -0.438732 0.492979 -0.751323
vn -0.652294 0.412646 -0.635796
vn -0.466077 0.461152 -0.755057
vn -0.445916 0.455877 -0.770282
vn -0.450417 0.477909 -0.754141
vn -0.451597 0.479161 -0.752639
vn -0.398911 0.522251 -0.753740
vn -0.455120 0.480207 -0.749844
vn -0.522160 0.451898 -0.723283
vn -0.511474 0.442649 -0.736516
vn -0.491560 0.488814 -0.720714
vn -0.570022 0.429243 -0.700590
vn -0.548803 0.425430 -0.719600
vn -0.555601 0.449618 -0.699394
vn -0.559959 0.453144 -0.693618
vn -0.501419 0.499871 -0.706192
vn -0.415503 0.506306 -0.755653
vn -0.416205 0.507160 -0.754694
vn -0.419172 0.530275 -0.736956
vn -0.414160 0.505824 -0.756712
vn -0.475005 0.471167 -0.743217
vn -0.454867 0.465408 -0.759270
vn -0.368362 0.546289 -0.752248
vn -0.369496 0.532351 -0.761626
vn -0.379055 0.546122 -0.747039
vn -0.332389 0.585423 -0.739458
vn -0.459025 0.488270 -0.742219
vn -0.609873 0.452511 -0.650606
vn -0.467029 0.492367 -0.734478
vn -0.461086 0.490462 -0.739490
vn -0.404983 0.531583 -0.743914
vn -0.514041 0.477858 -0.712329
vn -0.517673 0.481235 -0.707409
vn -0.522660 0.506406 -0.685842
vn -0.505408 0.475464 -0.720067
vn -0.378220 0.511894 -0.771307
vn -0.397906 0.519582 -0.756112
vn -0.380107 0.533974 -0.755242
vn -0.640204 0.457998 -0.616746
vn -0.667919 0.464286 -0.581655
vn -0.380391 0.534373 -0.754816
vn -0.324235 0.572735 -0.752892
vn -0.381656 0.534917 -0.753792
vn -0.601718 0.477138 -0.640527
vn -0.621132 0.480135 -0.619408
vn -0.421055 0.514386 -0.747074
vn -0.417518 0.513022 -0.749991
vn -0.422566 0.516232 -0.744944
vn -0.425074 0.540071 -0.726385
vn -0.317961 0.596930 -0.736597
vn -0.548264 0.494958 -0.674110
vn -0.344184 0.560598 -0.753172
vn -0.343553 0.560285 -0.753692
vn -0.343487 0.560177 -0.753803
vn -0.343757 0.583226 -0.735988
vn -0.314332 0.595536 -0.739278
vn -0.308509 0.583659 -0.751109
vn -0.254028 0.637433 -0.727427
vn -0.314826 0.595610 -0.739009
vn -0.381541 0.516794 -0.766388
vn -0.400931 0.524896 -0.750825
vn -0.588990 0.505988 -0.630132
vn -0.382978 0.539441 -0.749888
vn -0.387429 0.542448 -0.745418
vn -0.384002 0.540883 -0.748324
vn -0.325387 0.576458 -0.749546
vn -0.592310 0.499268 -0.632377
vn -0.448978 0.512951 -0.731642
vn -0.422678 0.556257 -0.715487
vn -0.509272 0.507700 -0.694897
vn -0.488613 0.500945 -0.714361
vn -0.255877 0.630361 -0.732920
vn -0.269524 0.628519 -0.729603
vn -0.264824 0.626298 -0.733225
vn -0.271298 0.641610 -0.717449
vn -0.306897 0.564029 -0.766607
vn -0.326013 0.574194 -0.751010
vn -0.492043 0.526031 -0.693675
vn -0.587842 0.498632 -0.637030
vn -0.618924 0.515595 -0.592532
vn -0.615128 0.515522 -0.596535
vn -0.306207 0.586064 -0.750177
vn -0.603365 0.522668 -0.602303
vn -0.585156 0.567064 -0.579682
vn -0.628658 0.529905 -0.569201
vn -0.511199 0.538564 -0.669794
vn -0.495891 0.530144 -0.687779
vn -0.430989 0.568676 -0.700611
vn -0.305860 0.585400 -0.750837
vn -0.245844 0.619157 -0.745792
vn -0.305184 0.585011 -0.751416
vn -0.342790 0.562111 -0.752680
vn -0.344135 0.562819 -0.751536
vn -0.344738 0.563804 -0.750520
vn -0.344482 0.587309 -0.732393
vn -0.408562 0.536281 -0.738566
vn -0.389254 0.527705 -0.754989
vn -0.390236 0.551129 -0.737545
vn -0.330255 0.586802 -0.739321
vn -0.392002 0.553622 -0.734736
vn -0.397700 0.556370 -0.729580
vn -0.446654 0.548462 -0.706887
vn -0.449806 0.552334 -0.701856
vn -0.451279 0.578141 -0.679779
vn -0.438373 0.544873 -0.714802
vn -0.266916 0.609298 -0.746667
vn -0.264505 0.632165 -0.728288
vn -0.267470 0.610563 -0.745435
vn -0.269763 0.612050 -0.743386
vn -0.324666 0.573496 -0.752127
vn -0.306102 0.563052 -0.767642
vn -0.304914 0.585377 -0.751239
vn -0.306422 0.586625 -0.749651
vn -0.305166 0.585862 -0.750759
vn -0.243767 0.616180 -0.748933
vn -0.219218 0.675430 -0.704086
vn -0.195231 0.674445 -0.712046
vn -0.171680 0.695319 -0.697895
vn -0.209800 0.646414 -0.733575
vn -0.345277 0.569960 -0.745607
vn -0.349124 0.598086 -0.721392
vn -0.348669 0.571847 -0.742577
vn -0.349936 0.573925 -0.740375
vn -0.401403 0.544718 -0.736314
vn -0.420820 0.553812 -0.718473
vn -0.401899 0.569114 -0.717347
vn -0.412492 0.576750 -0.705132
vn -0.404413 0.572673 -0.713089
vn -0.338830 0.603812 -0.721530
vn -0.264737 0.606396 -0.749799
vn -0.264710 0.606333 -0.749859
vn -0.261764 0.629387 -0.731677
vn -0.265241 0.606741 -0.749342
vn -0.308854 0.568635 -0.762406
vn -0.327076 0.579449 -0.746498
vn -0.438399 0.570421 -0.694569
vn -0.428542 0.565447 -0.704713
vn -0.444804 0.571229 -0.689817
vn -0.307142 0.591468 -0.745539
vn -0.414009 0.613769 -0.672223
vn -0.402037 0.609149 -0.683596
vn -0.449854 0.585324 -0.674557
vn -0.244507 0.620327 -0.745259
vn -0.307980 0.593082 -0.743910
vn -0.311235 0.595159 -0.740890
vn -0.327570 0.582031 -0.744270
vn -0.359079 0.590586 -0.722683
vn -0.357657 0.615580 -0.702241
vn -0.351613 0.584169 -0.731515
vn -0.357143 0.587403 -0.726227
vn -0.201784 0.629889 -0.750016
vn -0.166026 0.676062 -0.717897
vn -0.245252 0.617664 -0.747223
vn -0.227621 0.604833 -0.763129
vn -0.223860 0.626746 -0.746375
vn -0.137827 0.749821 -0.647126
vn -0.223088 0.625675 -0.747504
vn -0.223627 0.626096 -0.746990
vn -0.159060 0.651229 -0.742025
vn -0.265089 0.609285 -0.747329
vn -0.263778 0.608340 -0.748561
vn -0.262039 0.633833 -0.727730
vn -0.265570 0.610391 -0.746255
vn -0.136887 0.724940 -0.675073
vn -0.125028 0.689559 -0.713356
vn -0.112386 0.718386 -0.686507
vn -0.066077 0.750571 -0.657478
vn -0.338620 0.635464 -0.693917
vn -0.387748 0.606191 -0.694395
vn -0.382947 0.607866 -0.695594
vn -0.394601 0.616906 -0.680968
vn -0.181430 0.644329 -0.742915
vn -0.175828 0.666817 -0.724182
vn -0.181788 0.645598 -0.741726
vn -0.183778 0.647329 -0.739723
vn -0.227077 0.604064 -0.763900
vn -0.244131 0.617099 -0.748057
vn -0.044507 0.748740 -0.661367
vn -0.048370 0.813727 -0.579231
vn -0.065136 0.758650 -0.648234
vn -0.003161 0.785758 -0.618525
vn -0.042351 0.745441 -0.665225
vn -0.222781 0.626206 -0.747151
vn -0.157490 0.648333 -0.744890
vn -0.222981 0.626770 -0.746618
vn -0.224195 0.627763 -0.745419
vn -0.329874 0.600236 -0.728629
vn -0.340426 0.606655 -0.718387
vn 0.001556 0.757803 -0.652482
vn -0.073409 0.742210 -0.666135
vn -0.295119 0.621360 -0.725822
vn -0.241452 0.612577 -0.752629
vn -0.325345 0.620598 -0.713448
vn -0.144973 0.642442 -0.752497
vn -0.161524 0.657730 -0.735732
vn -0.138644 0.663830 -0.734920
vn -0.329964 0.629408 -0.703540
vn -0.260897 0.642427 -0.720570
vn -0.340884 0.635906 -0.692403
vn -0.070046 0.681681 -0.728289
vn -0.138243 0.661914 -0.736722
vn -0.136297 0.659990 -0.738807
vn -0.180125 0.641781 -0.745434
vn -0.179746 0.641434 -0.745825
vn -0.173582 0.664032 -0.727277
vn -0.179742 0.641420 -0.745837
vn -0.280215 0.631748 -0.722754
vn -0.285149 0.634085 -0.718767
vn -0.285976 0.635924 -0.716811
vn -0.003301 0.738693 -0.674033
vn -0.005633 0.741240 -0.671217
vn -0.097133 0.683898 -0.723083
vn -0.094033 0.680501 -0.726689
vn -0.085414 0.699682 -0.709330
vn -0.093676 0.677917 -0.729146
vn -0.142936 0.634510 -0.759583
vn -0.158708 0.649788 -0.743362
vn -0.136122 0.655872 -0.742497
vn -0.237130 0.625512 -0.743306
vn -0.253201 0.632569 -0.731946
vn -0.135588 0.654832 -0.743512
vn -0.068113 0.671149 -0.738186
vn -0.135993 0.655252 -0.743068
vn -0.205510 0.649934 -0.731677
vn -0.191158 0.659971 -0.726565
vn -0.268675 0.648049 -0.712633
vn -0.276930 0.667960 -0.690753
vn -0.245156 0.646683 -0.722288
vn -0.056877 0.675775 -0.734911
vn 0.017572 0.715468 -0.698424
vn -0.047947 0.696477 -0.715975
vn -0.044773 0.689525 -0.722876
vn 0.024593 0.707132 -0.706654
vn -0.047722 0.693210 -0.719154
vn 0.021221 0.712209 -0.701647
vn -0.068208 0.663792 -0.744801
vn -0.093201 0.670542 -0.735994
vn -0.091537 0.668623 -0.737945
vn -0.082630 0.689039 -0.719998
vn -0.091367 0.667377 -0.739094
vn -0.157751 0.649404 -0.743901
vn -0.142568 0.633999 -0.760079
vn 0.009960 0.747958 -0.663672
vn 0.017301 0.740601 -0.671722
vn -0.199131 0.651753 -0.731823
vn -0.117730 0.654035 -0.747247
vn -0.204510 0.656219 -0.726328
vn -0.199854 0.666879 -0.717865
vn -0.203724 0.653697 -0.728819
vn -0.135191 0.655524 -0.742975
vn -0.066987 0.668416 -0.740765
vn -0.135323 0.656164 -0.742385
vn -0.156050 0.645942 -0.747267
vn -0.172241 0.698207 -0.694867
vn -0.159769 0.647650 -0.744999
vn 0.140181 0.778018 -0.612402
vn 0.025636 0.754748 -0.655514
vn 0.077180 0.740333 -0.667795
vn 0.142004 0.773914 -0.617164
vn -0.080830 0.686331 -0.722784
vn -0.090138 0.664615 -0.741729
vn -0.090396 0.664892 -0.741450
vn -0.090132 0.664572 -0.741769
vn 0.028489 0.722008 -0.691298
vn 0.026463 0.724666 -0.688592
vn 0.027144 0.709712 -0.703969
vn 0.025350 0.703482 -0.710260
vn -0.023293 0.701597 -0.712193
vn -0.022207 0.668888 -0.743032
vn -0.054401 0.652345 -0.755968
vn -0.067975 0.669798 -0.739425
vn -0.044615 0.672728 -0.738544
vn -0.044292 0.671765 -0.739439
vn -0.044577 0.672157 -0.739066
vn 0.025299 0.678380 -0.734275
vn -0.103942 0.662370 -0.741931
vn -0.050594 0.680001 -0.731464
vn -0.105878 0.674705 -0.730454
vn 0.037052 0.680605 -0.731713
vn 0.024362 0.700482 -0.713254
vn 0.048856 0.700001 -0.712469
vn 0.050984 0.692841 -0.719286
vn 0.122515 0.700356 -0.703201
vn 0.048634 0.696810 -0.715605
vn -0.066661 0.665167 -0.743713
vn -0.057275 0.653305 -0.754925
vn 0.000277 0.681092 -0.732198
vn 0.001601 0.679045 -0.734095
vn 0.001598 0.677851 -0.735198
vn 0.013346 0.698246 -0.715733
vn -0.046634 0.670401 -0.740533
vn -0.047051 0.676394 -0.735035
vn 0.019796 0.669353 -0.742680
vn -0.049521 0.679450 -0.732049
vn 0.125083 0.747581 -0.652286
vn 0.139826 0.736659 -0.661651
vn 0.225558 0.757682 -0.612407
vn 0.135578 0.724214 -0.676115
vn 0.125041 0.732649 -0.669022
vn -0.006050 0.676778 -0.736162
vn -0.006229 0.677045 -0.735915
vn -0.006179 0.671577 -0.740909
vn 0.005780 0.689851 -0.723928
vn 0.024901 0.667687 -0.744026
vn 0.034577 0.676771 -0.735381
vn 0.090389 0.673564 -0.733581
vn 0.033750 0.660582 -0.749995
vn 0.024019 0.668962 -0.742908
vn 0.194825 0.738437 -0.645565
vn 0.231902 0.719928 -0.654160
vn 0.204206 0.717626 -0.665818
vn 0.121396 0.693962 -0.709704
vn 0.131226 0.672395 -0.728467
vn 0.145715 0.690086 -0.708907
vn 0.219031 0.680036 -0.699697
vn 0.146800 0.682872 -0.715636
vn 0.145070 0.687032 -0.711999
vn 0.221224 0.713484 -0.664831
vn 0.216550 0.721935 -0.657203
vn 0.117436 0.666390 -0.736297
vn 0.162785 0.673271 -0.721254
vn 0.094726 0.685285 -0.722088
vn 0.092706 0.671187 -0.735468
vn 0.094680 0.685481 -0.721908
vn 0.348204 0.714816 -0.606459
vn 0.277773 0.696244 -0.661881
vn 0.236957 0.667614 -0.705792
vn 0.180492 0.684686 -0.706135
vn 0.174447 0.661755 -0.729142
vn 0.350540 0.672283 -0.652041
vn 0.316921 0.677828 -0.663408
vn 0.307169 0.704051 -0.640280
vn 0.391398 0.698250 -0.599378
vn 0.215843 0.670137 -0.710161
vn 0.221738 0.652269 -0.724829
vn 0.238325 0.665354 -0.707464
vn 0.240267 0.664665 -0.707455
vn 0.239186 0.667758 -0.704903
vn 0.304067 0.644882 -0.701192
vn 0.305254 0.640251 -0.704911
vn 0.325451 0.683923 -0.652940
vn 0.323779 0.685233 -0.652398
vn 0.404161 0.651664 -0.641862
vn 0.303313 0.661080 -0.686276
vn 0.299748 0.653309 -0.695225
vn 0.303636 0.666655 -0.680718
vn 0.384948 0.629667 -0.674785
vn 0.387721 0.644031 -0.659467
vn 0.388509 0.636743 -0.666047
vn 0.376034 0.646068 -0.664225
vn 0.453441 0.598074 -0.660832
vn -0.692613 0.157390 -0.703928
vn -0.682766 0.187157 -0.706260
vn -0.688651 0.190458 -0.699633
vn -0.727141 0.125963 -0.674833
vn -0.696171 0.182914 -0.694182
vn -0.721037 0.126609 -0.681231
vn -0.713625 0.127499 -0.688828
vn -0.713268 0.131595 -0.688427
vn -0.704830 0.182550 -0.685485
vn -0.723983 0.143961 -0.674629
vn -0.704826 0.182554 -0.685488
vn -0.781657 0.115087 -0.612998
vn -0.764283 0.117109 -0.634158
vn -0.750059 0.130771 -0.648313
vn -0.757063 0.160584 -0.633300
vn -0.723226 0.175183 -0.668023
vn -0.729057 0.175033 -0.661694
vn -0.661541 0.280629 -0.695421
vn -0.658746 0.278071 -0.699093
vn -0.686444 0.232073 -0.689156
vn -0.701356 0.247886 -0.668321
vn -0.678515 0.281462 -0.678526
vn -0.675766 0.283070 -0.680596
vn -0.697547 0.229675 -0.678733
vn -0.666641 0.279908 -0.690827
vn -0.699176 0.228990 -0.677286
vn -0.695443 0.228789 -0.681186
vn -0.729488 0.239434 -0.640718
vn -0.762474 0.230776 -0.604464
vn -0.731258 0.270818 -0.626034
vn -0.698128 0.279672 -0.659091
vn -0.743388 0.229487 -0.628259
vn -0.700896 0.280103 -0.655963
vn -0.546239 0.364056 -0.754378
vn -0.559580 0.363909 -0.744608
vn -0.524966 0.388298 -0.757387
vn -0.509055 0.407356 -0.758237
vn -0.518807 0.419381 -0.744956
vn -0.546755 0.409574 -0.730279
vn -0.621337 0.333981 -0.708800
vn -0.605015 0.393132 -0.692390
vn -0.595729 0.338056 -0.728578
vn -0.612981 0.334729 -0.715689
vn -0.581249 0.392180 -0.712982
vn -0.607127 0.333632 -0.721170
vn -0.591456 0.391743 -0.704782
vn -0.652801 0.328624 -0.682538
vn -0.615023 0.372498 -0.694976
vn -0.664106 0.327989 -0.671853
vn -0.664442 0.327901 -0.671564
vn -0.662724 0.327662 -0.673375
vn -0.625300 0.372619 -0.685679
vn -0.557426 0.418662 -0.716937
vn -0.573496 0.361356 -0.735204
vn -0.545876 0.416872 -0.726799
vn -0.552934 0.358305 -0.752251
vn -0.529869 0.416886 -0.738543
vn -0.535809 0.421559 -0.731572
vn -0.561329 0.360427 -0.744985
vn -0.725861 0.343639 -0.595850
vn -0.705980 0.338397 -0.622157
vn -0.692999 0.345103 -0.632974
vn -0.689467 0.377109 -0.618404
vn -0.657626 0.380771 -0.650032
vn -0.657650 0.380780 -0.650003
vn -0.711538 0.394826 -0.581227
vn -0.637473 0.446669 -0.627786
vn -0.653881 0.438430 -0.616619
vn -0.686643 0.394768 -0.610475
vn -0.596983 0.432529 -0.675670
vn -0.654933 0.413055 -0.632810
vn -0.564917 0.454186 -0.688900
vn -0.567016 0.458582 -0.684247
vn -0.605390 0.420356 -0.675873
vn -0.615104 0.421697 -0.666198
vn -0.617361 0.421436 -0.664271
vn -0.609071 0.452460 -0.651393
vn -0.576996 0.462383 -0.673259
vn -0.615767 0.421991 -0.665399
vn -0.571175 0.459260 -0.680323
vn -0.464533 0.530722 -0.708903
vn -0.492393 0.477340 -0.727802
vn -0.480524 0.473867 -0.737934
vn -0.472642 0.470002 -0.745458
vn -0.453444 0.526525 -0.719138
vn -0.444806 0.524725 -0.725818
vn -0.578362 0.488301 -0.653498
vn -0.576394 0.487117 -0.656115
vn -0.506351 0.533881 -0.677186
vn -0.506656 0.534317 -0.676613
vn -0.513892 0.488220 -0.705377
vn -0.546393 0.493745 -0.676514
vn -0.563626 0.509093 -0.650500
vn -0.544191 0.508811 -0.667059
vn -0.515922 0.536438 -0.667877
vn -0.487507 0.523620 -0.698684
vn -0.567225 0.518102 -0.640177
vn -0.555157 0.509700 -0.657272
vn -0.508156 0.540531 -0.670525
vn -0.542504 0.535166 -0.647524
vn -0.489362 0.562490 -0.666431
vn -0.534474 0.532157 -0.656618
vn -0.213144 0.665348 -0.715459
vn -0.207620 0.661011 -0.721081
vn -0.248682 0.612555 -0.750289
vn -0.242437 0.608346 -0.755737
vn -0.561743 0.561261 -0.607808
vn -0.491827 0.563619 -0.663657
vn -0.537477 0.556281 -0.633774
vn -0.496239 0.592437 -0.634638
vn -0.472064 0.585198 -0.659317
vn -0.476511 0.593431 -0.648673
vn -0.544280 0.546536 -0.636441
vn -0.099059 0.721667 -0.685116
vn -0.039820 0.746736 -0.663928
vn -0.030907 0.726395 -0.686582
vn -0.051747 0.734556 -0.676572
vn -0.235244 0.633713 -0.736931
vn -0.265027 0.640906 -0.720417
vn -0.297048 0.607158 -0.736968
vn -0.247506 0.643976 -0.723903
vn -0.282821 0.595468 -0.751951
vn -0.288231 0.600958 -0.745502
vn -0.240872 0.640168 -0.729497
vn -0.086501 0.702833 -0.706076
vn -0.052587 0.737843 -0.672921
vn -0.046858 0.732888 -0.678734
vn -0.086667 0.702156 -0.706729
vn -0.090729 0.706131 -0.702244
vn -0.126623 0.676673 -0.725314
vn -0.056816 0.698962 -0.712898
vn -0.120757 0.670923 -0.731628
vn -0.085594 0.708822 -0.700175
vn -0.050104 0.694249 -0.717989
vn -0.075774 0.720809 -0.688979
vn -0.044415 0.709461 -0.703343
vn -0.081116 0.704732 -0.704821
vn -0.162394 0.672200 -0.722340
vn -0.207138 0.632135 -0.746659
vn -0.143018 0.656170 -0.740936
vn -0.145373 0.666974 -0.730761
vn -0.200278 0.625979 -0.753683
vn -0.196265 0.620698 -0.759088
vn -0.156301 0.665833 -0.729546
vn 0.031900 0.742995 -0.668536
vn 0.067395 0.758914 -0.647694
vn 0.097541 0.755799 -0.647498
vn 0.091260 0.779822 -0.619314
vn 0.023434 0.767362 -0.640786
vn 0.026423 0.765753 -0.642591
vn 0.023997 0.665922 -0.745635
vn 0.019761 0.672737 -0.739618
vn 0.078140 0.700032 -0.709823
vn 0.111850 0.687781 -0.717249
vn 0.167576 0.735615 -0.656345
vn 0.170971 0.712529 -0.680494
vn 0.103979 0.714118 -0.692260
vn 0.157008 0.723681 -0.672038
vn 0.106996 0.710008 -0.696018
vn 0.102319 0.710079 -0.696648
vn 0.161653 0.716464 -0.678636
vn 0.102421 0.707728 -0.699022
vn 0.112781 0.720425 -0.684301
vn 0.101813 0.703842 -0.703022
vn 0.102660 0.707141 -0.699580
vn 0.161791 0.712977 -0.682267
vn 0.159152 0.701932 -0.694234
vn 0.126740 0.694856 -0.707892
vn 0.123678 0.701815 -0.701540
vn 0.066406 0.671765 -0.737782
vn 0.054139 0.694427 -0.717524
vn 0.090518 0.675862 -0.731448
vn 0.236726 0.710557 -0.662623
vn 0.304055 0.704102 -0.641709
vn 0.275064 0.715906 -0.641731
vn 0.304352 0.729442 -0.612605
vn 0.244602 0.728627 -0.639744
vn 0.234769 0.739345 -0.631073
vn 0.275367 0.707249 -0.651131
vn 0.279330 0.678453 -0.679467
vn 0.206981 0.699208 -0.684300
vn 0.268985 0.702005 -0.659422
vn 0.260529 0.698521 -0.666478
vn 0.209690 0.686889 -0.695854
vn 0.204192 0.696013 -0.688383
vn 0.202156 0.691365 -0.693648
vn 0.265679 0.688625 -0.674693
vn 0.201881 0.689999 -0.695087
vn 0.201227 0.686278 -0.698949
vn 0.202397 0.688477 -0.696444
vn 0.262403 0.672767 -0.691758
vn 0.265695 0.685175 -0.678189
vn 0.212107 0.701546 -0.680326
vn 0.334754 0.659305 -0.673243
vn 0.300055 0.678531 -0.670495
vn 0.299349 0.672939 -0.676419
vn 0.361923 0.667384 -0.650854
vn 0.369581 0.638043 -0.675508
vn 0.360496 0.660423 -0.658699
vn 0.486715 0.626962 -0.608299
vn 0.428297 0.645811 -0.632052
vn 0.424952 0.652411 -0.627515
vn 0.418110 0.628772 -0.655614
vn 0.438046 0.638239 -0.633062
vn 0.478363 0.604710 -0.636785
vn -0.664093 0.370047 -0.649651
vn -0.631666 0.359526 -0.686833
vn -0.642048 0.379339 -0.666241
vn -0.629428 0.373937 -0.681169
vn -0.587638 0.416341 -0.693788
vn -0.601769 0.415934 -0.681816
vn -0.177645 0.659849 -0.730097
vn -0.157759 0.638936 -0.752909
vn -0.136300 0.698674 -0.702337
vn -0.129692 0.694546 -0.707662
vn -0.136498 0.698907 -0.702066
vn -0.856549 0.515618 0.021504
vn -0.817511 0.572163 0.065612
vn -0.819636 0.568690 0.069195
vn -0.676832 0.735844 -0.020759
vn -0.719593 0.693404 0.037097
vn -0.717032 0.691441 0.088173
vn -0.617587 0.786150 0.023559
vn -0.656596 0.747906 0.097563
vn -0.544022 0.837880 0.044678
vn -0.575782 0.812096 0.094736
vn -0.498252 0.863543 0.077706
vn -0.520163 0.845101 0.123426
vn -0.438058 0.895515 0.078467
vn 0.859467 0.174167 0.480607
vn 0.098482 -0.705892 0.701440
vn 0.046607 -0.670378 0.740555
vn 0.049545 -0.712633 0.699785
vn 0.145102 -0.657696 0.739176
vn 0.201701 -0.662197 0.721673
vn 0.101169 -0.678874 0.727251
vn 0.000138 -0.673371 0.739304
vn 0.145728 -0.632474 0.760749
vn 0.099523 -0.667828 0.737632
vn 0.054105 -0.685823 0.725754
vn 0.240769 -0.613128 0.752399
vn 0.200354 -0.636441 0.744850
vn -0.048437 -0.700845 0.711667
vn 0.000141 -0.687649 0.726043
vn 0.149700 -0.649713 0.745294
vn 0.106068 -0.668945 0.735705
vn 0.286429 -0.588868 0.755773
vn 0.247427 -0.613229 0.750153
vn 0.053236 -0.674803 0.736075
vn 0.006564 -0.689510 0.724247
vn 0.109002 -0.687452 0.718003
vn 0.156292 -0.650561 0.743198
vn 0.255859 -0.634127 0.729670
vn 0.198374 -0.630152 0.750704
vn -0.047520 -0.687575 0.724557
vn -0.096985 -0.697249 0.710238
vn 0.330945 -0.563237 0.757125
vn 0.293153 -0.588689 0.753330
vn 0.057357 -0.649793 0.757944
vn -0.099091 -0.712391 0.694752
vn 0.197013 -0.606060 0.770634
vn 0.006460 -0.678570 0.734508
vn -0.041228 -0.689901 0.722729
vn 0.374531 -0.536146 0.756488
vn 0.337761 -0.562767 0.754461
vn 0.111236 -0.661631 0.741533
vn 0.154774 -0.644245 0.748995
vn 0.212059 -0.652345 0.727652
vn -0.139524 -0.662995 0.735507
vn 0.292159 -0.586694 0.755270
vn 0.252532 -0.609459 0.751523
vn 0.012821 -0.680627 0.732518
vn 0.058946 -0.667786 0.742015
vn 0.114701 -0.682239 0.722076
vn -0.148455 -0.705436 0.693052
vn 0.381454 -0.535366 0.753575
vn 0.417366 -0.507466 0.753846
vn 0.262033 -0.632389 0.728987
vn 0.155082 -0.620043 0.769088
vn -0.089042 -0.686979 0.721201
vn -0.040582 -0.679095 0.732928
vn 0.337713 -0.562687 0.754541
vn 0.299020 -0.586710 0.752568
vn 0.166962 -0.667537 0.725615
vn 0.062829 -0.643302 0.763030
vn -0.185417 -0.653095 0.734226
vn 0.459614 -0.477032 0.749130
vn 0.424419 -0.506353 0.750650
vn 0.202214 -0.602902 0.771763
vn -0.034364 -0.681613 0.730905
vn 0.012660 -0.672096 0.740355
vn -0.197331 -0.695061 0.691340
vn 0.344705 -0.562399 0.751589
vn 0.382633 -0.537021 0.751798
vn 0.112162 -0.631128 0.767527
vn -0.136650 -0.680745 0.719662
vn -0.087666 -0.676359 0.731336
vn 0.501403 -0.444640 0.742220
vn 0.466811 -0.475556 0.745610
vn 0.258584 -0.607987 0.750657
vn 0.299016 -0.586703 0.752574
vn 0.018988 -0.674358 0.738160
vn 0.064784 -0.663315 0.745531
vn -0.140108 -0.697974 0.702284
vn -0.230608 -0.640018 0.732937
vn 0.427090 -0.509540 0.746969
vn 0.389778 -0.536406 0.748560
vn 0.209789 -0.625485 0.751503
vn 0.167072 -0.642493 0.747856
vn -0.081625 -0.679328 0.729281
vn -0.033940 -0.673199 0.738682
vn 0.542829 -0.410051 0.732936
vn 0.508758 -0.442765 0.738325
vn -0.245482 -0.681299 0.689616
vn 0.408391 -0.562021 0.719270
vn 0.345811 -0.564202 0.749728
vn 0.306042 -0.586911 0.749582
vn 0.116015 -0.652811 0.748584
vn 0.071241 -0.665323 0.743149
vn -0.176563 -0.644709 0.743758
vn 0.471224 -0.480052 0.739931
vn 0.434406 -0.508570 0.743403
vn 0.258615 -0.608060 0.750587
vn 0.216635 -0.626481 0.748726
vn 0.319669 -0.613044 0.722488
vn -0.027767 -0.675919 0.736453
vn 0.018814 -0.668164 0.743776
vn 0.583942 -0.372990 0.721034
vn 0.550350 -0.407736 0.728606
vn -0.274877 -0.623816 0.731640
vn 0.339193 -0.542009 0.768878
vn 0.166579 -0.640596 0.749592
vn 0.122627 -0.654561 0.745997
vn -0.128733 -0.673767 0.727644
vn -0.080633 -0.671071 0.736995
vn 0.478726 -0.478691 0.735987
vn 0.515143 -0.448323 0.730503
vn 0.255244 -0.584948 0.769861
vn 0.025137 -0.670638 0.741359
vn 0.070814 -0.661330 0.746745
vn -0.181055 -0.661109 0.728117
vn -0.230328 -0.658409 0.716552
vn 0.438548 -0.513418 0.737616
vn 0.399668 -0.539379 0.741172
vn 0.173366 -0.642082 0.746776
vn 0.216689 -0.626638 0.748579
vn 0.277504 -0.635960 0.720101
vn 0.026017 -0.694122 0.719387
vn -0.074648 -0.674238 0.734732
vn -0.027517 -0.669829 0.742005
vn 0.314283 -0.589260 0.744311
vn 0.355304 -0.567752 0.742574
vn 0.077311 -0.663557 0.744120
vn 0.122283 -0.652724 0.747661
vn 0.665116 -0.290169 0.688057
vn 0.632572 -0.329794 0.700777
vn -0.175462 -0.664940 0.725994
vn -0.077032 -0.695774 0.714118
vn -0.127193 -0.665706 0.735294
vn 0.484762 -0.484727 0.728042
vn 0.446158 -0.512583 0.733622
vn 0.214916 -0.603258 0.768043
vn -0.020525 -0.646352 0.762764
vn 0.602538 -0.377013 0.703427
vn 0.566806 -0.411806 0.713545
vn 0.173432 -0.642327 0.746551
vn 0.128975 -0.654697 0.744807
vn 0.704909 -0.243699 0.666119
vn 0.673085 -0.286213 0.681937
vn -0.116653 -0.642976 0.756950
vn 0.530993 -0.453494 0.715814
vn 0.492598 -0.483471 0.723604
vn 0.273761 -0.611772 0.742152
vn 0.316353 -0.593142 0.740340
vn 0.077105 -0.661791 0.745713
vn 0.031337 -0.669417 0.742226
vn 0.645955 -0.336771 0.685075
vn 0.610622 -0.374202 0.697935
vn 0.224470 -0.630075 0.743383
vn 0.180346 -0.644034 0.743435
vn 0.712962 -0.239071 0.659189
vn 0.743798 -0.193356 0.639827
vn -0.068036 -0.671658 0.737730
vn -0.021242 -0.668940 0.743013
vn 0.539060 -0.451767 0.710860
vn 0.577266 -0.419406 0.700616
vn 0.323809 -0.593733 0.736633
vn 0.366265 -0.573322 0.732906
vn 0.083669 -0.664245 0.742818
vn 0.188452 -0.672980 0.715251
vn 0.129041 -0.655032 0.744501
vn 0.654206 -0.333360 0.678886
vn 0.688995 -0.292978 0.662909
vn 0.031258 -0.667734 0.743744
vn 0.087166 -0.692003 0.716613
vn -0.015077 -0.672093 0.740313
vn 0.623529 -0.382111 0.682057
vn 0.585556 -0.417152 0.695060
vn 0.373985 -0.573560 0.728810
vn 0.416429 -0.551190 0.723033
vn 0.130517 -0.631453 0.764351
vn 0.697371 -0.288899 0.655905
vn 0.731361 -0.245240 0.636371
vn 0.283018 -0.616981 0.734326
vn 0.326973 -0.599535 0.730511
vn 0.036181 -0.644346 0.763878
vn 0.632025 -0.379265 0.675798
vn 0.669636 -0.341223 0.659663
vn 0.466952 -0.526488 0.710469
vn 0.424431 -0.551034 0.718485
vn 0.188079 -0.648329 0.737764
vn 0.233200 -0.635783 0.735797
vn 0.597922 -0.425961 0.679004
vn 0.557471 -0.458425 0.692151
vn 0.136360 -0.659718 0.739038
vn 0.090384 -0.667362 0.739228
vn 0.715304 -0.296328 0.632874
vn 0.678297 -0.337713 0.652582
vn 0.285806 -0.623058 0.728089
vn 0.240563 -0.637428 0.731994
vn 0.646897 -0.388190 0.656379
vn 0.606623 -0.423697 0.672674
vn 0.569232 -0.468097 0.675915
vn 0.526478 -0.497810 0.689206
vn 0.695675 -0.346365 0.629339
vn 0.655803 -0.385270 0.649222
vn 0.484030 -0.535609 0.691982
vn 0.439445 -0.559664 0.702613
vn 0.196633 -0.654957 0.729635
vn 0.242951 -0.643757 0.725639
vn 0.347002 -0.608992 0.713245
vn 0.392881 -0.590444 0.704997
vn 0.672543 -0.395104 0.625763
vn 0.629974 -0.431331 0.645822
vn 0.401245 -0.591002 0.699799
vn 0.447569 -0.570010 0.689036
vn 0.546563 -0.507242 0.666315
vn 0.591636 -0.477351 0.649695
vn 0.305230 -0.633965 0.710580
vn 0.352474 -0.618594 0.702214
vn 0.456290 -0.570103 0.683214
vn 0.503075 -0.546365 0.669627
vn 0.645992 -0.442297 0.622148
vn 0.600908 -0.475659 0.642385
vn 0.408665 -0.601932 0.686054
vn 0.360813 -0.619735 0.696952
vn 0.568721 -0.518029 0.638907
vn 0.616126 -0.487706 0.618492
vn 0.524076 -0.558639 0.642858
vn 0.474992 -0.582268 0.659807
vn 0.583066 -0.531095 0.614795
vn 0.533546 -0.558219 0.635389
vn -0.075881 -0.774368 0.628169
vn -0.016551 -0.748364 0.663082
vn 0.064776 -0.748759 0.659670
vn -0.030164 -0.737503 0.674670
vn -0.031893 -0.811275 0.583794
vn -0.029087 -0.739900 0.672087
vn 0.043914 -0.713020 0.699767
vn -0.004351 -0.743757 0.668436
vn -0.125396 -0.771143 0.624190
vn -0.079899 -0.735367 0.672943
vn 0.016476 -0.737794 0.674824
vn 0.006338 -0.733417 0.679749
vn -0.047828 -0.743120 0.667447
vn -0.057268 -0.727457 0.683759
vn 0.133717 -0.678060 0.722741
vn 0.096345 -0.690569 0.716820
vn 0.073836 -0.723724 0.686128
vn 0.066747 -0.686009 0.724525
vn -0.138290 -0.744993 0.652580
vn -0.062272 -0.731716 0.678760
vn -0.126347 -0.714287 0.688354
vn 0.009498 -0.690445 0.723322
vn 0.023722 -0.713542 0.700211
vn -0.046699 -0.729950 0.681903
vn -0.050536 -0.734761 0.676441
vn 0.201430 -0.644056 0.737982
vn 0.149352 -0.665173 0.731601
vn 0.152541 -0.679377 0.717759
vn 0.146633 -0.664632 0.732641
vn -0.122057 -0.720229 0.682915
vn 0.208065 -0.639980 0.739685
vn 0.265693 -0.608767 0.747536
vn 0.209694 -0.644990 0.734858
vn 0.193913 -0.636626 0.746395
vn 0.247994 -0.619643 0.744676
vn 0.242256 -0.605305 0.758233
vn 0.243407 -0.619846 0.746019
vn -0.108854 -0.724630 0.680487
vn -0.048686 -0.687757 0.724306
vn -0.112111 -0.730527 0.673618
vn -0.019061 -0.729918 0.683269
vn -0.058194 -0.719410 0.692144
vn -0.283620 -0.730618 0.621093
vn -0.145618 -0.723522 0.674768
vn -0.067614 -0.727982 0.682254
vn -0.124845 -0.707819 0.695274
vn -0.080517 -0.689759 0.719548
vn 0.323194 -0.564560 0.759485
vn 0.283409 -0.591130 0.755145
vn 0.287990 -0.600686 0.745813
vn 0.287550 -0.591173 0.753545
vn -0.143561 -0.731886 0.666132
vn -0.206732 -0.703124 0.680351
vn 0.381019 -0.524403 0.761463
vn 0.338210 -0.563547 0.753676
vn 0.336624 -0.560905 0.756353
vn 0.329392 -0.560593 0.759761
vn -0.293108 -0.700793 0.650367
vn -0.214021 -0.706331 0.674753
vn 0.437232 -0.481986 0.759287
vn 0.385211 -0.524219 0.759478
vn -0.276083 -0.672358 0.686814
vn 0.373503 -0.537956 0.755711
vn 0.351342 -0.506038 0.787708
vn -0.203660 -0.711653 0.672363
vn -0.119619 -0.721133 0.682392
vn -0.183156 -0.693308 0.696977
vn -0.135279 -0.680702 0.719961
vn 0.395791 -0.516742 0.759162
vn 0.406125 -0.530234 0.744255
vn 0.368981 -0.528202 0.764759
vn -0.272159 -0.681106 0.679724
vn 0.423032 -0.479769 0.768678
vn 0.419884 -0.498141 0.758652
vn 0.424938 -0.504138 0.751846
vn 0.498049 -0.441816 0.746154
vn 0.435110 -0.476894 0.763709
vn 0.454685 -0.498349 0.738180
vn 0.409848 -0.498325 0.764000
vn -0.208425 -0.694764 0.688376
vn -0.191993 -0.665715 0.721084
vn -0.258856 -0.689145 0.676811
vn -0.170212 -0.714743 0.678358
vn -0.263258 -0.694685 0.669409
vn 0.470388 -0.469491 0.747204
vn 0.441763 -0.440920 0.781303
vn -0.432970 -0.656654 0.617530
vn 0.538256 -0.382019 0.751226
vn 0.496244 -0.429335 0.754595
vn 0.446034 -0.462937 0.765992
vn 0.509257 -0.462868 0.725542
vn 0.461290 -0.419271 0.781936
vn -0.223571 -0.661256 0.716071
vn -0.217567 -0.702782 0.677320
vn -0.271639 -0.669008 0.691838
vn -0.294771 -0.680635 0.670706
vn 0.491468 -0.435830 0.753997
vn 0.521895 -0.431599 0.735764
vn 0.509109 -0.421025 0.750697
vn -0.351635 -0.646452 0.677091
vn 0.590961 -0.329645 0.736274
vn 0.538317 -0.382017 0.751184
vn 0.538933 -0.404829 0.738692
vn 0.530197 -0.398267 0.748515
vn 0.529666 -0.375877 0.760375
vn -0.436426 -0.625795 0.646462
vn -0.359615 -0.648266 0.671139
vn 0.552179 -0.375755 0.744249
vn -0.267440 -0.685108 0.677571
vn -0.275542 -0.640773 0.716579
vn -0.295563 -0.665101 0.685772
vn -0.343213 -0.653148 0.674983
vn -0.349309 -0.656875 0.668205
vn -0.504634 -0.603167 0.617684
vn -0.419963 -0.606616 0.675017
vn 0.575625 -0.353537 0.737338
vn 0.575398 -0.330982 0.747909
vn 0.552864 -0.376220 0.743505
vn 0.528670 -0.399356 0.749015
vn 0.579726 -0.370297 0.725809
vn 0.553576 -0.399172 0.730900
vn 0.582692 -0.357878 0.729653
vn -0.424027 -0.596158 0.681759
vn 0.600812 -0.320140 0.732486
vn 0.633324 -0.268073 0.725974
vn 0.584204 -0.348460 0.732995
vn 0.566000 -0.317728 0.760719
vn 0.629426 -0.353333 0.692083
vn -0.351200 -0.634339 0.688674
vn -0.312627 -0.666320 0.676966
vn -0.307415 -0.631922 0.711457
vn -0.378490 -0.639204 0.669450
vn 0.609269 -0.324898 0.723348
vn 0.616899 -0.309327 0.723707
vn 0.632072 -0.316935 0.707134
vn -0.498655 -0.555605 0.665317
vn -0.424367 -0.604436 0.674218
vn -0.457036 -0.603217 0.653642
vn 0.683356 -0.205415 0.700592
vn 0.640421 -0.266327 0.720369
vn 0.648199 -0.287958 0.704925
vn 0.634643 -0.281936 0.719542
vn 0.630212 -0.262082 0.730853
vn -0.456563 -0.578567 0.675878
vn 0.657895 -0.256173 0.708201
vn 0.674232 -0.208127 0.708587
vn 0.678369 -0.228264 0.698363
vn -0.500783 -0.543850 0.673382
vn 0.645880 -0.281777 0.709535
vn 0.664769 -0.277562 0.693571
vn 0.660008 -0.256996 0.705934
vn 0.688010 -0.231508 0.687783
vn 0.722352 -0.134131 0.678393
vn 0.699893 -0.190691 0.688321
vn 0.679417 -0.234886 0.695141
vn 0.717735 -0.218277 0.661220
vn 0.736300 -0.215978 0.641261
vn 0.666694 -0.195561 0.719218
vn 0.620851 -0.331074 0.710587
vn 0.594961 -0.372272 0.712344
vn 0.633849 -0.329242 0.699882
vn 0.583806 -0.373039 0.721119
vn 0.736637 -0.179170 0.652122
vn 0.719449 -0.174989 0.672139
vn -0.429355 -0.581770 0.690796
vn -0.423314 -0.596057 0.682291
vn 0.555824 -0.411791 0.722141
vn 0.525410 -0.448726 0.722903
vn 0.515999 -0.448126 0.730020
vn 0.567084 -0.411725 0.713371
vn 0.738470 -0.127553 0.662112
vn 0.767756 -0.057833 0.638128
vn 0.736630 -0.127235 0.664220
vn 0.700091 -0.135993 0.700984
vn 0.779042 -0.151329 0.608435
vn 0.709517 -0.184444 0.680122
vn 0.757208 -0.110670 0.643729
vn 0.825797 0.027444 0.563299
vn 0.754990 -0.064845 0.652522
vn 0.777216 -0.066754 0.625683
vn -0.284406 -0.645441 0.708886
vn -0.356444 -0.612024 0.705956
vn -0.355710 -0.613534 0.705015
vn -0.355620 -0.613379 0.705195
vn 0.401863 -0.542341 0.737816
vn 0.363992 -0.569764 0.736803
vn 0.358119 -0.567782 0.741198
vn 0.769105 -0.070123 0.635264
vn -0.228155 -0.652197 0.722900
vn -0.283429 -0.636434 0.717371
vn -0.292506 -0.634527 0.715413
vn -0.289837 -0.628737 0.721584
vn 0.449631 -0.516572 0.728687
vn 0.406764 -0.543643 0.734163
vn 0.407926 -0.545196 0.732364
vn 0.412920 -0.546546 0.728549
vn 0.809466 -0.021114 0.586787
vn -0.122249 -0.673819 0.728713
vn -0.172753 -0.654673 0.735908
vn 0.462020 -0.520928 0.717754
vn 0.497528 -0.488309 0.716952
vn 0.454786 -0.517607 0.724743
vn 0.456760 -0.519854 0.721888
vn 0.228122 -0.630807 0.741649
vn 0.280283 -0.616574 0.735716
vn 0.232254 -0.633203 0.738317
vn 0.274664 -0.613790 0.740150
vn -0.178934 -0.657162 0.732202
vn -0.225882 -0.641651 0.732981
vn -0.229215 -0.651120 0.723536
vn 0.806035 -0.020876 0.591500
vn -0.181900 -0.651870 0.736191
vn -0.188206 -0.674470 0.713911
vn -0.208024 -0.648153 0.732546
vn 0.791530 -0.159890 0.589843
vn 0.502941 -0.489044 0.712661
vn 0.545603 -0.457250 0.702310
vn 0.505843 -0.491865 0.708655
vn 0.511373 -0.492630 0.704141
vn 0.558848 -0.458145 0.691225
vn 0.840511 -0.016557 0.541542
vn 0.826389 -0.000104 0.563100
vn -0.151395 -0.660292 0.735591
vn -0.152302 -0.664250 0.731831
vn -0.135715 -0.653167 0.744952
vn 0.800336 -0.084406 0.593581
vn -0.068285 -0.674108 0.735470
vn -0.119630 -0.662470 0.739474
vn -0.136268 -0.664862 0.734431
vn -0.122545 -0.678618 0.724196
vn 0.376929 -0.578076 0.723708
vn 0.328784 -0.599722 0.729544
vn 0.336106 -0.602855 0.723602
vn 0.779658 -0.216098 0.587738
vn 0.752660 -0.168993 0.636352
vn 0.466773 -0.526501 0.710577
vn 0.514675 -0.495811 0.699486
vn 0.477935 -0.528865 0.701341
vn 0.527876 -0.497625 0.688270
vn 0.813495 -0.100509 0.572821
vn 0.787997 -0.143444 0.598736
vn 0.827511 -0.059632 0.558274
vn 0.839181 -0.077660 0.538279
vn -0.075339 -0.668094 0.740253
vn -0.063643 -0.676875 0.733342
vn -0.075320 -0.667922 0.740410
vn -0.015095 -0.672898 0.739581
vn 0.381935 -0.579831 0.719668
vn 0.383609 -0.582373 0.716718
vn 0.428703 -0.556579 0.711641
vn 0.439768 -0.559662 0.702412
vn 0.388714 -0.584182 0.712484
vn 0.143702 -0.663979 0.733813
vn 0.194014 -0.654180 0.731031
vn 0.139839 -0.660945 0.737290
vn 0.188727 -0.650564 0.735628
vn 0.795899 -0.141392 0.588688
vn 0.346282 -0.608907 0.713667
vn 0.337341 -0.605069 0.721174
vn 0.294730 -0.627034 0.721084
vn 0.287587 -0.623369 0.727121
vn 0.008220 -0.687724 0.725926
vn 0.037499 -0.667808 0.743389
vn 0.091727 -0.677273 0.729991
vn 0.743269 -0.221690 0.631193
vn 0.763810 -0.271418 0.585599
vn -0.012644 -0.671475 0.740919
vn -0.011747 -0.623808 0.781489
vn 0.806893 -0.159182 0.568846
vn 0.778333 -0.199817 0.595206
vn 0.833412 -0.138706 0.534963
vn 0.566951 -0.468514 0.677540
vn 0.582099 -0.469656 0.663764
vn 0.633526 -0.430406 0.642958
vn 0.616294 -0.430451 0.659464
vn 0.009935 -0.677691 0.735280
vn 0.033140 -0.696625 0.716670
vn 0.031916 -0.670913 0.740849
vn 0.787378 -0.198213 0.583736
vn 0.482792 -0.535676 0.692794
vn 0.533912 -0.504839 0.678289
vn 0.549074 -0.506933 0.664482
vn 0.495816 -0.538482 0.681325
vn 0.304530 -0.633832 0.710998
vn 0.244691 -0.644188 0.724671
vn 0.251619 -0.648375 0.718539
vn 0.295821 -0.629354 0.718612
vn 0.076586 -0.663558 0.744194
vn 0.064189 -0.678902 0.731418
vn 0.064060 -0.677540 0.732691
vn 0.744053 -0.325571 0.583428
vn 0.730158 -0.273926 0.625966
vn 0.145308 -0.671397 0.726713
vn 0.095051 -0.669650 0.736569
vn 0.098162 -0.691564 0.715614
vn 0.764642 -0.255554 0.591621
vn 0.796015 -0.217476 0.564857
vn 0.874831 -0.108878 0.472034
vn 0.823192 -0.199359 0.531611
vn 0.846876 -0.118600 0.518397
vn 0.844771 -0.135183 0.517772
vn 0.816439 -0.178224 0.549239
vn 0.135519 -0.713360 0.687570
vn 0.082336 -0.665656 0.741703
vn 0.125595 -0.661128 0.739686
vn 0.202330 -0.673932 0.710548
vn 0.774769 -0.254576 0.578726
vn 0.163554 -0.684730 0.710208
vn 0.161141 -0.683669 0.711779
vn 0.154180 -0.645488 0.748047
vn 0.720481 -0.378279 0.581216
vn 0.713343 -0.325437 0.620671
vn 0.746967 -0.310367 0.587973
vn 0.780878 -0.275081 0.560856
vn 0.555234 -0.515289 0.652835
vn 0.500758 -0.546467 0.671279
vn 0.572347 -0.517597 0.636012
vn 0.515677 -0.549686 0.657208
vn 0.804531 -0.236968 0.544588
vn 0.808557 -0.259291 0.528208
vn 0.835773 -0.196522 0.512702
vn 0.840141 -0.180538 0.511439
vn 0.865563 -0.173920 0.469630
vn 0.252248 -0.649997 0.716850
vn 0.312116 -0.648267 0.694502
vn 0.230028 -0.673713 0.702281
vn 0.207646 -0.669294 0.713392
vn 0.192114 -0.619235 0.761341
vn 0.407419 -0.601827 0.686887
vn 0.462720 -0.578136 0.672049
vn 0.477519 -0.582305 0.657948
vn 0.420023 -0.606428 0.675149
vn 0.758087 -0.310185 0.573663
vn 0.252884 -0.657459 0.709787
vn 0.692854 -0.375960 0.615311
vn 0.693198 -0.429274 0.578964
vn 0.301588 -0.642935 0.704045
vn 0.367751 -0.631651 0.682478
vn 0.761517 -0.331684 0.556846
vn 0.725371 -0.363971 0.584262
vn 0.288782 -0.657356 0.696051
vn 0.299076 -0.637579 0.709962
vn 0.828796 -0.242210 0.504412
vn 0.851470 -0.238225 0.467170
vn 0.788401 -0.294936 0.539848
vn 0.789551 -0.318180 0.524757
vn 0.822267 -0.257327 0.507602
vn 0.255876 -0.665236 0.701419
vn 0.245492 -0.680196 0.690701
vn 0.238902 -0.675616 0.697473
vn 0.289333 -0.658610 0.694637
vn 0.321471 -0.647773 0.690685
vn 0.311322 -0.662490 0.681312
vn 0.341726 -0.688585 0.639589
vn 0.737374 -0.364744 0.568543
vn 0.841456 -0.313627 0.439989
vn 0.668742 -0.425230 0.609888
vn 0.662336 -0.478297 0.576665
vn 0.738104 -0.403138 0.541001
vn 0.312406 -0.649558 0.693164
vn 0.361738 -0.629392 0.687758
vn 0.432766 -0.624827 0.649849
vn 0.378974 -0.681679 0.625854
vn 0.357038 -0.642224 0.678287
vn 0.666123 -0.410473 0.622730
vn 0.490542 -0.601329 0.630692
vn 0.387783 -0.612672 0.688664
vn 0.832612 -0.301436 0.464643
vn 0.812831 -0.303270 0.497325
vn 0.769067 -0.334565 0.544612
vn 0.766248 -0.375705 0.521258
vn 0.401958 -0.649578 0.645352
vn 0.372692 -0.602286 0.705941
vn 0.419024 -0.621262 0.662157
vn 0.712683 -0.417959 0.563376
vn 0.816913 -0.375451 0.437823
vn 0.548480 -0.573843 0.608173
vn 0.469410 -0.595029 0.652376
vn 0.628037 -0.525096 0.574320
vn 0.641076 -0.472986 0.604406
vn 0.708453 -0.456505 0.538235
vn 0.468869 -0.594342 0.653391
vn 0.459803 -0.617405 0.638272
vn 0.461989 -0.620341 0.633832
vn 0.402064 -0.646025 0.648842
vn 0.413347 -0.651277 0.636382
vn 0.425199 -0.630417 0.649446
vn 0.639432 -0.458557 0.617132
vn 0.738745 -0.431552 0.517705
vn 0.792267 -0.363369 0.490180
vn 0.809071 -0.363200 0.462051
vn 0.746805 -0.390363 0.538422
vn 0.492473 -0.600531 0.629947
vn 0.684104 -0.469537 0.558155
vn 0.787814 -0.435404 0.435630
vn 0.536742 -0.571771 0.620472
vn 0.532183 -0.590395 0.606808
vn 0.499695 -0.609338 0.615640
vn 0.490853 -0.625824 0.606142
vn 0.491186 -0.630878 0.600607
vn 0.534728 -0.593218 0.601796
vn 0.486089 -0.624332 0.611496
vn 0.678821 -0.492357 0.544781
vn 0.707159 -0.485414 0.514100
vn 0.780959 -0.423166 0.459384
vn 0.720436 -0.444725 0.532157
vn 0.767146 -0.422152 0.482986
vn 0.728944 -0.472063 0.495779
vn 0.756789 -0.490094 0.432525
vn 0.614747 -0.536972 0.577709
vn 0.725764 -0.514208 0.457008
vn 0.731880 -0.513912 0.447489
vn 0.641328 -0.546315 0.538738
vn 0.724836 -0.529106 0.441203
vn -0.168165 -0.749894 0.639827
vn -0.240123 -0.740049 0.628227
vn -0.172063 -0.743987 0.645660
vn -0.177706 -0.710083 0.681324
vn -0.166666 -0.726756 0.666370
vn -0.242338 -0.714408 0.656425
vn -0.246030 -0.729312 0.638414
vn -0.198122 -0.723707 0.661056
vn -0.176970 -0.705620 0.686135
vn -0.326679 -0.692900 0.642783
vn -0.393085 -0.673941 0.625531
vn -0.323157 -0.701693 0.634977
vn -0.317361 -0.677560 0.663471
vn -0.323389 -0.654550 0.683362
vn -0.396481 -0.662921 0.635089
vn -0.390315 -0.648886 0.653147
vn -0.324982 -0.659140 0.678174
vn -0.347145 -0.668621 0.657599
vn -0.570163 -0.498252 0.653192
vn -0.493563 -0.576431 0.651247
vn -0.484218 -0.597879 0.638806
vn -0.484801 -0.564889 0.667734
vn -0.562574 -0.547407 0.619561
vn -0.567969 -0.553339 0.609284
vn -0.505493 -0.559835 0.656553
vn -0.344569 -0.639409 0.687334
vn -0.374508 -0.622864 0.686865
vn -0.405504 -0.623404 0.668531
vn -0.417629 -0.620954 0.663327
vn -0.415183 -0.607898 0.676819
vn -0.345999 -0.631321 0.694059
vn -0.347399 -0.646184 0.679529
vn -0.393871 -0.601052 0.695415
vn -0.420213 -0.591100 0.688492
vn 0.759413 -0.138694 0.635654
vn 0.761668 -0.111322 0.638333
vn 0.797162 -0.072681 0.599374
vn 0.784327 0.010837 0.620253
vn 0.844770 0.114421 0.522753
vn 0.834214 0.104763 0.541398
vn 0.801397 0.013628 0.597977
vn 0.761337 -0.091299 0.641896
vn 0.806920 -0.051485 0.588413
vn 0.795289 -0.061297 0.603124
vn 0.769886 -0.130773 0.624638
vn 0.828137 -0.053789 0.557939
vn 0.810432 -0.080836 0.580229
vn 0.781771 -0.094638 0.616342
vn 0.780356 -0.129468 0.611786
vn 0.833920 0.046878 0.549890
vn 0.879966 0.121968 0.459112
vn 0.842171 0.038801 0.537813
vn 0.856862 0.047324 0.513369
vn 0.852395 0.102218 0.512811
vn 0.839459 -0.017065 0.543155
vn 0.889433 0.057131 0.453481
vn 0.862668 0.040868 0.504117
vn 0.844595 -0.023021 0.534911
vn 0.860843 -0.015223 0.508643
vn 0.860270 -0.078200 0.503806
vn 0.894027 -0.008654 0.447929
vn 0.865980 -0.022810 0.499558
vn 0.838901 -0.077769 0.538699
vn 0.850560 -0.096032 0.517035
vn 0.812298 -0.095747 0.575330
vn 0.628380 -0.519651 0.578880
vn 0.615761 -0.520970 0.591124
vn 0.581966 -0.563570 0.586263
vn 0.638236 -0.522525 0.565352
vn 0.560757 -0.599087 0.571530
vn 0.557453 -0.595882 0.578075
vn 0.643419 -0.559772 0.522175
vn 0.579051 -0.562449 0.590213
vn 0.582795 -0.597969 0.550257
vn 0.672362 -0.556528 0.488063
vn 0.654160 -0.544032 0.525455
vn 0.584242 -0.598285 0.548376
vn 0.606976 -0.548230 0.575347
vn 0.706823 -0.485348 0.514625
vn 0.755102 -0.461409 0.465750
vn 0.692826 -0.506850 0.512928
vn 0.713896 -0.501285 0.488943
vn 0.771514 -0.468128 0.430839
vn 0.698095 -0.509629 0.502933
vn 0.000000 -0.000000 1.000000
vn 0.000000 0.000000 1.000000
vn 0.000000 0.000000 1.000000
vn 0.000000 0.000000 1.000000
vn 0.000000 0.000000 1.000000
vn 0.000000 -0.000000 1.000000
vn 0.000000 0.000000 1.000000
vn 0.000000 -0.000000 1.000000
vn 0.000000 0.000000 1.000000
vn 0.000000 -0.000000 1.000000
vn 0.000000 0.000000 1.000000
vn 0.000000 -0.000000 1.000000
vn 0.000000 0.000000 1.000000
vn 0.000000 -0.000000 1.000000
vn 0.000000 0.000000 1.000000
vn 0.000000 -0.000000 1.000000
vn 0.000000 0.000000 1.000000
vn 0.000000 -0.000000 1.000000
vn 0.000000 -0.000000 1.000000
vn 0.000000 0.000000 1.000000
vn 0.000000 -0.000000 1.000000
vn 0.000000 0.000000 1.000000
vn 0.000000 -0.000000 1.000000
vn 0.000000 0.000000 1.000000
vn 0.000000 -0.000000 1.000000
vn 0.000000 0.000000 1.000000
vn 0.000000 0.000000 1.000000
vn 0.000000 -0.000000 1.000000
vn 0.000000 0.000000 1.000000
vn 0.000000 -0.000000 1.000000
vn 0.000000 0.000000 1.000000
vn 0.000000 -0.000000 1.000000
vn -0.000000 0.000000 1.000000
vn -0.000000 0.000000 1.000000
vn -0.000000 0.000000 1.000000
vn 0.000000 0.000000 -1.000000
vn 0.000000 0.000000 -1.000000
vn 0.000000 0.000000 -1.000000
vn 0.000000 0.000000 -1.000000
vn 0.000000 0.000000 -1.000000
vn 0.000000 0.000000 -1.000000
vn 0.000000 0.000000 -1.000000
vn 0.000000 0.000000 -1.000000
vn 0.000000 0.000000 -1.000000
vn 0.000000 0.000000 -1.000000
vn 0.000000 0.000000 -1.000000
vn 0.000000 0.000000 -1.000000
vn 0.000000 0.000000 -1.000000
vn 0.000000 0.000000 -1.000000
vn 0.000000 0.000000 -1.000000
vn 0.000000 -0.000000 -1.000000
vn 0.000000 -0.000000 -1.000000
vn 0.000000 -0.000000 -1.000000
vn 0.000000 -0.000000 -1.000000
vn 0.000000 0.000000 -1.000000
vn 0.000000 0.000000 -1.000000
vn 0.000000 0.000000 -1.000000
vn 0.000000 0.000000 -1.000000
vn 0.000000 -0.000000 -1.000000
vn 0.000000 -0.000000 -1.000000
vn 0.000000 -0.000000 -1.000000
vn 0.000000 0.000000 -1.000000
vn 0.000000 0.000000 -1.000000
vn 0.000000 0.000000 -1.000000
vn 0.000000 0.000000 -1.000000
vn 0.000000 -0.000000 -1.000000
vn 0.000000 -0.000000 -1.000000
vn 0.000000 0.000000 -1.000000
vn 0.000000 -0.000000 -1.000000
vn 0.000000 -0.000000 -1.000000
vn -0.000000 -0.000000 -1.000000
vn -0.000000 -0.000000 -1.000000
vn 0.000000 -0.000000 -1.000000
vn 0.000000 0.000000 -1.000000
vn 0.000000 0.000000 -1.000000
vn 0.000000 0.000000 -1.000000
vn 0.000000 0.000000 -1.000000
vn 0.000000 0.000000 -1.000000
vn -0.000000 -0.000000 -1.000000
vn 0.000000 0.000000 -1.000000
vn 0.000000 0.000000 -1.000000
vn 0.000000 0.000000 1.000000
vn 0.000000 0.000000 1.000000
vn 0.000000 0.000000 1.000000
vn 0.000000 0.000000 1.000000
vn 0.000000 0.000000 1.000000
vn 0.000000 0.000000 1.000000
vn 0.000000 0.000000 1.000000
vn 0.000000 0.000000 1.000000
vn 0.000000 0.000000 1.000000
vn 0.000000 0.000000 1.000000
vn 0.000000 0.000000 1.000000
vn 0.000000 0.000000 1.000000
vn 0.000000 0.000000 1.000000
vn 0.000000 0.000000 1.000000
vn 0.000000 0.000000 1.000000
vn 0.000000 0.000000 1.000000
vn 0.000000 0.000000 1.000000
vn 0.000000 0.000000 1.000000
vn 0.000000 0.000000 1.000000
vn 0.000000 0.000000 1.000000
vn 0.000000 0.000000 1.000000
vn 0.000000 0.000000 1.000000
vn 0.000000 0.000000 1.000000
vn 0.000000 0.000000 1.000000
vn 0.000000 0.000000 1.000000
vn 0.000000 0.000000 1.000000
vn 0.000000 0.000000 1.000000
vn 0.000000 0.000000 1.000000
vn 0.000000 0.000000 1.000000
vn 0.000000 0.000000 1.000000
vn 0.000000 0.000000 1.000000
vn 0.000000 0.000000 1.000000
vn 0.000000 0.000000 1.000000
vn 0.000000 0.000000 1.000000
vn 0.000000 0.000000 1.000000
vn 0.000000 0.000000 1.000000
vn 0.000000 0.000000 1.000000
vn 0.000000 0.000000 1.000000
vn 0.000000 0.000000 1.000000
vn 0.000000 0.000000 1.000000
vn 0.000000 0.000000 1.000000
vn 0.000000 0.000000 1.000000
vn 0.000000 0.000000 1.000000
vn 0.000000 0.000000 1.000000
vn 0.000000 0.000000 1.000000
vn 0.000000 0.000000 1.000000
vn -0.000003 0.000011 -1.000000
vn -0.000003 0.000011 -1.000000
vn -0.000003 0.000011 -1.000000
vn -0.000003 0.000011 -1.000000
vn -0.000003 0.000011 -1.000000
vn -0.000003 0.000011 -1.000000
vn -0.000003 0.000011 -1.000000
vn -0.000003 0.000011 -1.000000
vn -0.000003 0.000011 -1.000000
vn -0.000003 0.000011 -1.000000
vn -0.000003 0.000011 -1.000000
vn -0.000003 0.000011 -1.000000
vn -0.000003 0.000011 -1.000000
vn -0.000003 0.000011 -1.000000
vn -0.000003 0.000011 -1.000000
vn -0.000003 0.000011 -1.000000
vn -0.000003 0.000011 -1.000000
vn -0.000003 0.000011 -1.000000
vn -0.000003 0.000011 -1.000000
vn -0.000003 0.000011 -1.000000
vn -0.000003 0.000011 -1.000000
vn -0.000003 0.000011 -1.000000
vn -0.000003 0.000011 -1.000000
vn -0.000003 0.000011 -1.000000
vn -0.000003 0.000011 -1.000000
vn -0.000003 0.000011 -1.000000
vn -0.000003 0.000011 -1.000000
vn -0.000003 0.000011 -1.000000
vn -0.000003 0.000011 -1.000000
vn -0.000003 0.000011 -1.000000
vn -0.000003 0.000011 -1.000000
vn -0.000003 0.000011 -1.000000
vn -0.000003 0.000011 -1.000000
vn -0.000011 0.000001 -1.000000
vn -0.000011 0.000001 -1.000000
vn -0.000011 0.000001 -1.000000
vn -0.000011 0.000001 -1.000000
vn -0.000011 0.000001 -1.000000
vn -0.000011 0.000001 -1.000000
vn -0.000011 0.000001 -1.000000
vn -0.000011 0.000001 -1.000000
vn -0.000011 0.000001 -1.000000
vn -0.000011 0.000001 -1.000000
vn -0.000011 0.000001 -1.000000
vn -0.000011 0.000001 -1.000000
vn -0.000011 0.000001 -1.000000
vn -0.000011 0.000001 -1.000000
vn -0.000011 0.000001 -1.000000
vn -0.000011 0.000001 -1.000000
vn -0.000011 0.000001 -1.000000
vn -0.000011 0.000001 -1.000000
vn -0.000011 0.000001 -1.000000
vn -0.000011 0.000001 -1.000000
vn -0.000011 0.000001 -1.000000
vn -0.000011 0.000001 -1.000000
vn -0.000011 0.000001 -1.000000
vn -0.000011 0.000001 -1.000000
vn -0.000011 0.000001 -1.000000
vn -0.000011 0.000001 -1.000000
vn -0.000011 0.000001 -1.000000
vn -0.000011 0.000001 -1.000000
vn -0.000011 0.000001 -1.000000
vn -0.000011 0.000001 -1.000000
vn -0.000011 0.000001 -1.000000
vn -0.000011 0.000001 -1.000000
vn -0.000011 0.000001 -1.000000
vn -0.000004 -0.000010 -1.000000
vn -0.000004 -0.000010 -1.000000
vn -0.000004 -0.000010 -1.000000
vn -0.000004 -0.000010 -1.000000
vn -0.000004 -0.000010 -1.000000
vn -0.000004 -0.000010 -1.000000
vn -0.000004 -0.000010 -1.000000
vn -0.000004 -0.000010 -1.000000
vn -0.000004 -0.000010 -1.000000
vn -0.000004 -0.000010 -1.000000
vn -0.000004 -0.000010 -1.000000
vn -0.000004 -0.000010 -1.000000
vn -0.000004 -0.000010 -1.000000
vn -0.000004 -0.000010 -1.000000
vn -0.000004 -0.000010 -1.000000
vn -0.000004 -0.000010 -1.000000
vn -0.000004 -0.000010 -1.000000
vn -0.000004 -0.000010 -1.000000
vn -0.000004 -0.000010 -1.000000
vn -0.000004 -0.000010 -1.000000
vn -0.000004 -0.000010 -1.000000
vn -0.000004 -0.000010 -1.000000
vn -0.000004 -0.000010 -1.000000
vn -0.000004 -0.000010 -1.000000
vn -0.000004 -0.000010 -1.000000
vn -0.000004 -0.000010 -1.000000
vn -0.000004 -0.000010 -1.000000
vn -0.000004 -0.000010 -1.000000
vn -0.000004 -0.000010 -1.000000
vn -0.000004 -0.000010 -1.000000
vn -0.000004 -0.000010 -1.000000
vn -0.000004 -0.000010 -1.000000
vn -0.000004 -0.000010 -1.000000
vn 0.000009 -0.000007 -1.000000
vn 0.000009 -0.000007 -1.000000
vn 0.000009 -0.000007 -1.000000
vn 0.000009 -0.000007 -1.000000
vn 0.000009 -0.000007 -1.000000
vn 0.000009 -0.000007 -1.000000
vn 0.000009 -0.000007 -1.000000
vn 0.000009 -0.000007 -1.000000
vn 0.000009 -0.000007 -1.000000
vn 0.000009 -0.000007 -1.000000
vn 0.000009 -0.000007 -1.000000
vn 0.000009 -0.000007 -1.000000
vn 0.000009 -0.000007 -1.000000
vn 0.000009 -0.000007 -1.000000
vn 0.000009 -0.000007 -1.000000
vn 0.000009 -0.000007 -1.000000
vn 0.000009 -0.000007 -1.000000
vn 0.000009 -0.000007 -1.000000
vn 0.000009 -0.000007 -1.000000
vn 0.000009 -0.000007 -1.000000
vn 0.000009 -0.000007 -1.000000
vn 0.000009 -0.000007 -1.000000
vn 0.000009 -0.000007 -1.000000
vn 0.000009 -0.000007 -1.000000
vn 0.000009 -0.000007 -1.000000
vn 0.000009 -0.000007 -1.000000
vn 0.000009 -0.000007 -1.000000
vn 0.000009 -0.000007 -1.000000
vn 0.000009 -0.000007 -1.000000
vn 0.000009 -0.000007 -1.000000
vn 0.000009 -0.000007 -1.000000
vn 0.000009 -0.000007 -1.000000
vn 0.000009 -0.000007 -1.000000
vn 0.000009 0.000006 -1.000000
vn 0.000009 0.000006 -1.000000
vn 0.000009 0.000006 -1.000000
vn 0.000009 0.000006 -1.000000
vn 0.000009 0.000006 -1.000000
vn 0.000009 0.000006 -1.000000
vn 0.000009 0.000006 -1.000000
vn 0.000009 0.000006 -1.000000
vn 0.000009 0.000006 -1.000000
vn 0.000009 0.000006 -1.000000
vn 0.000009 0.000006 -1.000000
vn 0.000009 0.000006 -1.000000
vn 0.000009 0.000006 -1.000000
vn 0.000009 0.000006 -1.000000
vn 0.000009 0.000006 -1.000000
vn 0.000009 0.000006 -1.000000
vn 0.000009 0.000006 -1.000000
vn 0.000009 0.000006 -1.000000
vn 0.000009 0.000006 -1.000000
vn 0.000009 0.000006 -1.000000
vn 0.000009 0.000006 -1.000000
vn 0.000009 0.000006 -1.000000
vn 0.000009 0.000006 -1.000000
vn 0.000009 0.000006 -1.000000
vn 0.000009 0.000006 -1.000000
vn 0.000009 0.000006 -1.000000
vn 0.000009 0.000006 -1.000000
vn 0.000009 0.000006 -1.000000
vn 0.000009 0.000006 -1.000000
vn 0.000009 0.000006 -1.000000
vn 0.000009 0.000006 -1.000000
vn 0.000009 0.000006 -1.000000
vn 0.000009 0.000006 -1.000000
f 1//1 2//1 3//1
f 3//2 2//2 4//2
f 4//3 5//3 6//3
f 2//4 5//4 4//4
f 6//5 7//5 8//5
f 5//6 7//6 6//6
f 7//7 9//7 8//7
f 5//8 10//8 7//8
f 10//9 11//9 12//9
f 13//10 14//10 15//10
f 15//11 16//11 17//11
f 11//12 18//12 19//12
f 20//13 21//13 17//13
f 22//14 23//14 24//14
f 18//15 23//15 22//15
f 25//16 26//16 21//16
f 27//17 28//17 29//17
f 29//18 28//18 26//18
f 26//19 28//19 21//19
f 27//20 30//20 28//20
f 30//21 31//21 28//21
f 28//22 31//22 32//22
f 31//23 33//23 32//23
f 32//24 33//24 34//24
f 34//25 35//25 36//25
f 33//26 35//26 34//26
f 36//27 35//27 37//27
f 35//28 38//28 37//28
f 37//29 39//29 40//29
f 38//30 39//30 37//30
f 39//31 41//31 40//31
f 38//32 42//32 39//32
f 40//33 43//33 44//33
f 44//34 45//34 46//34
f 42//35 47//35 48//35
f 46//36 49//36 50//36
f 51//37 52//37 53//37
f 54//38 55//38 50//38
f 56//39 57//39 55//39
f 52//40 58//40 53//40
f 57//41 59//41 55//41
f 59//42 60//42 55//42
f 60//43 61//43 55//43
f 58//44 62//44 63//44
f 62//45 64//45 60//45
f 60//46 64//46 61//46
f 64//47 65//47 61//47
f 61//48 65//48 66//48
f 65//49 67//49 66//49
f 66//50 67//50 68//50
f 67//51 69//51 68//51
f 68//52 69//52 70//52
f 69//53 71//53 70//53
f 70//54 71//54 72//54
f 69//55 73//55 71//55
f 71//56 74//56 72//56
f 72//57 74//57 75//57
f 75//58 76//58 77//58
f 73//59 78//59 71//59
f 77//60 79//60 80//60
f 81//61 82//61 80//61
f 83//62 84//62 85//62
f 86//63 87//63 88//63
f 87//64 89//64 88//64
f 89//65 90//65 88//65
f 84//66 91//66 85//66
f 90//67 92//67 88//67
f 91//68 93//68 94//68
f 90//69 95//69 92//69
f 93//70 95//70 90//70
f 95//71 96//71 92//71
f 92//72 96//72 97//72
f 96//73 98//73 97//73
f 97//74 98//74 99//74
f 99//75 98//75 100//75
f 98//76 101//76 100//76
f 101//77 102//77 100//77
f 100//78 102//78 103//78
f 101//79 104//79 102//79
f 102//80 105//80 103//80
f 103//81 105//81 106//81
f 107//82 108//82 109//82
f 110//83 111//83 112//83
f 110//84 113//84 111//84
f 114//85 115//85 116//85
f 108//86 115//86 114//86
f 117//87 118//87 119//87
f 119//88 118//88 111//88
f 117//89 120//89 118//89
f 120//90 121//90 118//90
f 115//91 122//91 116//91
f 121//92 123//92 118//92
f 122//93 124//93 125//93
f 124//94 126//94 121//94
f 121//95 126//95 123//95
f 123//96 126//96 127//96
f 127//97 128//97 129//97
f 126//98 128//98 127//98
f 128//99 130//99 129//99
f 129//100 131//100 132//100
f 130//101 131//101 129//101
f 131//102 133//102 132//102
f 132//103 133//103 134//103
f 133//104 135//104 134//104
f 131//105 136//105 133//105
f 137//106 138//106 139//106
f 140//107 141//107 142//107
f 142//108 141//108 143//108
f 138//109 144//109 145//109
f 145//110 144//110 146//110
f 147//111 148//111 143//111
f 149//112 148//112 150//112
f 150//113 148//113 151//113
f 151//114 148//114 147//114
f 144//115 152//115 146//115
f 149//116 153//116 148//116
f 148//117 153//117 154//117
f 153//118 155//118 154//118
f 154//119 155//119 3//119
f 155//120 1//120 3//120
f 27//121 156//121 157//121
f 27//122 157//122 30//122
f 156//123 24//123 23//123
f 156//124 23//124 157//124
f 22//125 19//125 18//125
f 19//126 12//126 11//126
f 12//127 7//127 10//127
f 20//128 25//128 21//128
f 16//129 20//129 17//129
f 14//130 16//130 15//130
f 158//131 14//131 13//131
f 9//132 158//132 13//132
f 9//133 13//133 8//133
f 60//134 63//134 62//134
f 63//135 53//135 58//135
f 51//136 159//136 47//136
f 51//137 47//137 52//137
f 159//138 48//138 47//138
f 48//139 39//139 42//139
f 54//140 56//140 55//140
f 49//141 54//141 50//141
f 45//142 49//142 46//142
f 43//143 45//143 44//143
f 41//144 43//144 40//144
f 90//145 94//145 93//145
f 94//146 85//146 91//146
f 83//147 160//147 161//147
f 83//148 161//148 84//148
f 160//149 162//149 78//149
f 160//150 78//150 161//150
f 162//151 71//151 78//151
f 163//152 86//152 88//152
f 163//153 88//153 82//153
f 81//154 163//154 82//154
f 79//155 81//155 80//155
f 76//156 79//156 77//156
f 74//157 76//157 75//157
f 121//158 125//158 124//158
f 125//159 116//159 122//159
f 114//160 109//160 108//160
f 109//161 164//161 107//161
f 164//162 102//162 104//162
f 164//163 104//163 107//163
f 113//164 119//164 111//164
f 165//165 110//165 112//165
f 165//166 112//166 166//166
f 167//167 165//167 166//167
f 167//168 166//168 106//168
f 105//169 167//169 106//169
f 149//170 168//170 152//170
f 149//171 152//171 153//171
f 168//172 146//172 152//172
f 145//173 139//173 138//173
f 139//174 169//174 137//174
f 169//175 133//175 136//175
f 169//176 136//176 137//176
f 141//177 147//177 143//177
f 170//178 140//178 142//178
f 170//179 142//179 171//179
f 172//180 170//180 171//180
f 172//181 171//181 173//181
f 135//182 172//182 173//182
f 135//183 173//183 134//183
f 174//184 175//184 176//184
f 177//185 175//185 178//185
f 178//186 175//186 179//186
f 180//187 181//187 182//187
f 183//188 181//188 180//188
f 182//189 181//189 184//189
f 184//190 181//190 174//190
f 174//191 181//191 175//191
f 179//192 181//192 185//192
f 175//193 181//193 179//193
f 185//194 181//194 183//194
f 155//195 186//195 1//195
f 155//196 187//196 186//196
f 186//197 188//197 1//197
f 1//198 188//198 2//198
f 187//199 189//199 186//199
f 186//200 189//200 188//200
f 190//201 191//201 187//201
f 187//202 191//202 189//202
f 178//203 192//203 190//203
f 190//204 192//204 191//204
f 179//205 193//205 178//205
f 178//206 193//206 192//206
f 185//207 194//207 179//207
f 183//208 194//208 185//208
f 179//209 194//209 193//209
f 193//210 194//210 195//210
f 195//211 194//211 183//211
f 2//212 196//212 5//212
f 188//213 196//213 2//213
f 188//214 197//214 196//214
f 189//215 197//215 188//215
f 189//216 198//216 197//216
f 191//217 198//217 189//217
f 192//218 199//218 191//218
f 191//219 199//219 198//219
f 193//220 200//220 192//220
f 195//221 200//221 193//221
f 192//222 200//222 199//222
f 195//223 201//223 200//223
f 200//224 201//224 202//224
f 202//225 201//225 195//225
f 5//226 203//226 10//226
f 196//227 203//227 5//227
f 197//228 204//228 196//228
f 196//229 204//229 203//229
f 198//230 205//230 197//230
f 197//231 205//231 204//231
f 198//232 206//232 205//232
f 199//233 206//233 198//233
f 202//234 207//234 200//234
f 200//235 207//235 199//235
f 206//236 207//236 208//236
f 199//237 207//237 206//237
f 202//238 209//238 207//238
f 207//239 209//239 208//239
f 208//240 209//240 202//240
f 10//241 210//241 11//241
f 203//242 210//242 10//242
f 204//243 210//243 203//243
f 204//244 211//244 210//244
f 204//245 212//245 211//245
f 205//246 212//246 204//246
f 208//247 213//247 206//247
f 206//248 213//248 205//248
f 205//249 213//249 212//249
f 208//250 214//250 213//250
f 213//251 214//251 215//251
f 208//252 216//252 214//252
f 214//253 216//253 215//253
f 215//254 216//254 208//254
f 11//255 217//255 18//255
f 210//256 217//256 11//256
f 211//257 218//257 210//257
f 210//258 218//258 217//258
f 211//259 219//259 218//259
f 212//260 219//260 211//260
f 213//261 220//261 212//261
f 215//262 220//262 213//262
f 212//263 220//263 219//263
f 220//264 221//264 222//264
f 215//265 221//265 220//265
f 221//266 223//266 222//266
f 222//267 223//267 215//267
f 215//268 223//268 221//268
f 18//269 224//269 23//269
f 217//270 224//270 18//270
f 217//271 225//271 224//271
f 218//272 225//272 217//272
f 219//273 225//273 218//273
f 219//274 226//274 225//274
f 220//275 227//275 219//275
f 222//276 227//276 220//276
f 226//277 227//277 228//277
f 219//278 227//278 226//278
f 227//279 229//279 228//279
f 222//280 229//280 227//280
f 229//281 230//281 228//281
f 222//282 230//282 229//282
f 228//283 230//283 222//283
f 23//284 231//284 157//284
f 225//285 231//285 224//285
f 224//286 231//286 23//286
f 225//287 232//287 231//287
f 226//288 232//288 225//288
f 228//289 233//289 226//289
f 226//290 233//290 232//290
f 228//291 234//291 233//291
f 233//292 234//292 235//292
f 228//293 236//293 234//293
f 234//294 236//294 235//294
f 228//295 237//295 236//295
f 236//296 237//296 235//296
f 235//297 237//297 228//297
f 157//298 238//298 30//298
f 232//299 238//299 231//299
f 231//300 238//300 157//300
f 232//301 239//301 238//301
f 232//302 240//302 239//302
f 235//303 240//303 233//303
f 233//304 240//304 232//304
f 240//305 241//305 242//305
f 235//306 241//306 240//306
f 241//307 243//307 242//307
f 235//308 243//308 241//308
f 243//309 244//309 242//309
f 235//310 244//310 243//310
f 242//311 244//311 235//311
f 30//312 245//312 31//312
f 239//313 245//313 238//313
f 238//314 245//314 30//314
f 239//315 246//315 245//315
f 240//316 247//316 239//316
f 242//317 247//317 240//317
f 239//318 247//318 246//318
f 242//319 248//319 247//319
f 247//320 248//320 249//320
f 242//321 250//321 248//321
f 248//322 250//322 249//322
f 249//323 251//323 242//323
f 242//324 251//324 250//324
f 250//325 251//325 249//325
f 31//326 252//326 33//326
f 245//327 252//327 31//327
f 245//328 253//328 252//328
f 246//329 253//329 245//329
f 247//330 254//330 246//330
f 249//331 254//331 247//331
f 246//332 254//332 253//332
f 253//333 254//333 255//333
f 249//334 256//334 254//334
f 254//335 256//335 255//335
f 256//336 257//336 255//336
f 249//337 257//337 256//337
f 255//338 258//338 249//338
f 257//339 258//339 255//339
f 249//340 258//340 257//340
f 33//341 259//341 35//341
f 252//342 259//342 33//342
f 252//343 260//343 259//343
f 253//344 260//344 252//344
f 255//345 260//345 253//345
f 255//346 261//346 260//346
f 260//347 261//347 262//347
f 255//348 263//348 261//348
f 261//349 263//349 262//349
f 255//350 264//350 263//350
f 263//351 264//351 262//351
f 255//352 265//352 264//352
f 264//353 265//353 262//353
f 262//354 265//354 255//354
f 35//355 266//355 38//355
f 259//356 266//356 35//356
f 259//357 267//357 266//357
f 260//358 267//358 259//358
f 262//359 267//359 260//359
f 267//360 268//360 269//360
f 262//361 268//361 267//361
f 268//362 270//362 269//362
f 262//363 270//363 268//363
f 270//364 271//364 269//364
f 262//365 271//365 270//365
f 271//366 272//366 269//366
f 262//367 272//367 271//367
f 269//368 272//368 262//368
f 38//369 273//369 42//369
f 266//370 273//370 38//370
f 267//371 274//371 266//371
f 269//372 274//372 267//372
f 266//373 274//373 273//373
f 269//374 275//374 274//374
f 269//375 276//375 275//375
f 42//376 277//376 47//376
f 273//377 277//377 42//377
f 269//378 278//378 276//378
f 274//379 279//379 273//379
f 273//380 279//380 277//380
f 269//381 280//381 278//381
f 281//382 280//382 269//382
f 275//383 282//383 274//383
f 276//384 282//384 275//384
f 274//385 282//385 279//385
f 276//386 283//386 282//386
f 278//387 284//387 276//387
f 276//388 284//388 283//388
f 280//389 285//389 278//389
f 281//390 285//390 280//390
f 278//391 285//391 284//391
f 277//392 286//392 47//392
f 279//393 287//393 277//393
f 277//394 287//394 286//394
f 282//395 288//395 279//395
f 283//396 288//396 282//396
f 279//397 288//397 287//397
f 283//398 289//398 288//398
f 47//399 290//399 52//399
f 286//400 290//400 47//400
f 284//401 291//401 283//401
f 285//402 291//402 284//402
f 283//403 291//403 289//403
f 287//404 292//404 286//404
f 286//405 292//405 290//405
f 281//406 293//406 285//406
f 294//407 293//407 281//407
f 285//408 293//408 291//408
f 288//409 295//409 287//409
f 287//410 295//410 292//410
f 289//411 296//411 288//411
f 288//412 296//412 295//412
f 291//413 297//413 289//413
f 289//414 297//414 296//414
f 291//415 298//415 297//415
f 294//416 298//416 293//416
f 293//417 298//417 291//417
f 290//418 299//418 52//418
f 290//419 300//419 299//419
f 292//420 300//420 290//420
f 292//421 301//421 300//421
f 295//422 301//422 292//422
f 295//423 302//423 301//423
f 296//424 302//424 295//424
f 52//425 303//425 58//425
f 299//426 303//426 52//426
f 296//427 304//427 302//427
f 297//428 304//428 296//428
f 300//429 305//429 299//429
f 299//430 305//430 303//430
f 298//431 306//431 297//431
f 297//432 306//432 304//432
f 307//433 306//433 294//433
f 294//434 306//434 298//434
f 301//435 308//435 300//435
f 300//436 308//436 305//436
f 302//437 309//437 301//437
f 301//438 309//438 308//438
f 304//439 310//439 302//439
f 302//440 310//440 309//440
f 306//441 311//441 304//441
f 307//442 311//442 306//442
f 304//443 311//443 310//443
f 303//444 312//444 58//444
f 305//445 312//445 303//445
f 305//446 313//446 312//446
f 308//447 313//447 305//447
f 309//448 314//448 308//448
f 308//449 314//449 313//449
f 309//450 315//450 314//450
f 58//451 316//451 62//451
f 312//452 316//452 58//452
f 310//453 317//453 309//453
f 309//454 317//454 315//454
f 313//455 318//455 312//455
f 312//456 318//456 316//456
f 307//457 319//457 311//457
f 311//458 319//458 310//458
f 310//459 319//459 317//459
f 320//460 319//460 307//460
f 314//461 321//461 313//461
f 315//462 321//462 314//462
f 313//463 321//463 318//463
f 315//464 322//464 321//464
f 317//465 323//465 315//465
f 319//466 323//466 317//466
f 315//467 323//467 322//467
f 319//468 324//468 323//468
f 320//469 324//469 319//469
f 316//470 325//470 62//470
f 318//471 326//471 316//471
f 316//472 326//472 325//472
f 321//473 327//473 318//473
f 318//474 327//474 326//474
f 322//475 328//475 321//475
f 321//476 328//476 327//476
f 62//477 329//477 64//477
f 325//478 329//478 62//478
f 323//479 330//479 322//479
f 322//480 330//480 328//480
f 327//481 331//481 326//481
f 325//482 331//482 329//482
f 326//483 331//483 325//483
f 323//484 332//484 330//484
f 320//485 332//485 324//485
f 333//486 332//486 320//486
f 324//487 332//487 323//487
f 327//488 334//488 331//488
f 328//489 335//489 327//489
f 327//490 335//490 334//490
f 328//491 336//491 335//491
f 330//492 336//492 328//492
f 330//493 337//493 336//493
f 332//494 337//494 330//494
f 333//495 337//495 332//495
f 329//496 338//496 64//496
f 329//497 339//497 338//497
f 331//498 339//498 329//498
f 331//499 340//499 339//499
f 334//500 340//500 331//500
f 335//501 341//501 334//501
f 334//502 341//502 340//502
f 336//503 342//503 335//503
f 335//504 342//504 341//504
f 338//505 343//505 64//505
f 64//506 343//506 65//506
f 337//507 344//507 336//507
f 333//508 344//508 337//508
f 345//509 344//509 333//509
f 336//510 344//510 342//510
f 339//511 346//511 338//511
f 338//512 346//512 343//512
f 340//513 347//513 339//513
f 339//514 347//514 346//514
f 341//515 348//515 340//515
f 340//516 348//516 347//516
f 342//517 349//517 341//517
f 344//518 349//518 342//518
f 341//519 349//519 348//519
f 345//520 350//520 344//520
f 344//521 350//521 349//521
f 343//522 351//522 65//522
f 346//523 351//523 343//523
f 346//524 352//524 351//524
f 347//525 353//525 346//525
f 348//526 353//526 347//526
f 346//527 353//527 352//527
f 349//528 354//528 348//528
f 348//529 354//529 353//529
f 349//530 355//530 354//530
f 350//531 355//531 349//531
f 65//532 356//532 67//532
f 351//533 356//533 65//533
f 352//534 356//534 351//534
f 345//535 357//535 350//535
f 350//536 357//536 355//536
f 358//537 357//537 345//537
f 352//538 359//538 356//538
f 353//539 360//539 352//539
f 354//540 360//540 353//540
f 352//541 360//541 359//541
f 355//542 361//542 354//542
f 354//543 361//543 360//543
f 355//544 362//544 361//544
f 357//545 362//545 355//545
f 358//546 363//546 357//546
f 357//547 363//547 362//547
f 356//548 364//548 67//548
f 359//549 365//549 356//549
f 356//550 365//550 364//550
f 360//551 366//551 359//551
f 359//552 366//552 365//552
f 361//553 367//553 360//553
f 360//554 367//554 366//554
f 361//555 368//555 367//555
f 362//556 368//556 361//556
f 67//557 369//557 69//557
f 364//558 369//558 67//558
f 365//559 369//559 364//559
f 362//560 370//560 368//560
f 358//561 370//561 363//561
f 363//562 370//562 362//562
f 371//563 370//563 358//563
f 365//564 372//564 369//564
f 365//565 373//565 372//565
f 366//566 373//566 365//566
f 366//567 374//567 373//567
f 368//568 374//568 367//568
f 367//569 374//569 366//569
f 368//570 375//570 374//570
f 370//571 375//571 368//571
f 371//572 376//572 370//572
f 370//573 376//573 375//573
f 369//574 377//574 69//574
f 369//575 378//575 377//575
f 372//576 378//576 369//576
f 373//577 379//577 372//577
f 372//578 379//578 378//578
f 373//579 380//579 379//579
f 374//580 380//580 373//580
f 375//581 381//581 374//581
f 374//582 381//582 380//582
f 377//583 382//583 69//583
f 69//584 382//584 73//584
f 371//585 383//585 376//585
f 376//586 383//586 375//586
f 375//587 383//587 381//587
f 384//588 383//588 371//588
f 378//589 385//589 377//589
f 377//590 385//590 382//590
f 379//591 386//591 378//591
f 378//592 386//592 385//592
f 379//593 387//593 386//593
f 380//594 387//594 379//594
f 381//595 387//595 380//595
f 383//596 388//596 381//596
f 381//597 388//597 387//597
f 383//598 389//598 388//598
f 384//599 389//599 383//599
f 382//600 390//600 73//600
f 385//601 391//601 382//601
f 386//602 391//602 385//602
f 382//603 391//603 390//603
f 386//604 392//604 391//604
f 387//605 393//605 386//605
f 386//606 393//606 392//606
f 387//607 394//607 393//607
f 388//608 394//608 387//608
f 389//609 395//609 388//609
f 384//610 395//610 389//610
f 388//611 395//611 394//611
f 396//612 395//612 384//612
f 73//613 397//613 78//613
f 390//614 397//614 73//614
f 390//615 398//615 397//615
f 391//616 398//616 390//616
f 392//617 399//617 391//617
f 391//618 399//618 398//618
f 394//619 400//619 393//619
f 393//620 400//620 392//620
f 392//621 400//621 399//621
f 394//622 401//622 400//622
f 395//623 402//623 394//623
f 396//624 402//624 395//624
f 394//625 402//625 401//625
f 397//626 403//626 78//626
f 398//627 404//627 397//627
f 397//628 404//628 403//628
f 399//629 405//629 398//629
f 398//630 405//630 404//630
f 400//631 406//631 399//631
f 399//632 406//632 405//632
f 401//633 407//633 400//633
f 402//634 407//634 401//634
f 400//635 407//635 406//635
f 402//636 408//636 407//636
f 409//637 408//637 396//637
f 396//638 408//638 402//638
f 78//639 410//639 161//639
f 403//640 410//640 78//640
f 404//641 410//641 403//641
f 404//642 411//642 410//642
f 404//643 412//643 411//643
f 405//644 412//644 404//644
f 405//645 413//645 412//645
f 406//646 413//646 405//646
f 408//647 414//647 407//647
f 406//648 414//648 413//648
f 407//649 414//649 406//649
f 409//650 415//650 408//650
f 408//651 415//651 414//651
f 411//652 416//652 410//652
f 410//653 416//653 161//653
f 411//654 417//654 416//654
f 412//655 418//655 411//655
f 411//656 418//656 417//656
f 413//657 418//657 412//657
f 414//658 419//658 413//658
f 413//659 419//659 418//659
f 414//660 420//660 419//660
f 409//661 421//661 415//661
f 415//662 421//662 414//662
f 414//663 421//663 420//663
f 422//664 421//664 409//664
f 416//665 423//665 161//665
f 161//666 423//666 84//666
f 417//667 424//667 416//667
f 416//668 424//668 423//668
f 418//669 425//669 417//669
f 417//670 425//670 424//670
f 419//671 426//671 418//671
f 418//672 426//672 425//672
f 420//673 427//673 419//673
f 419//674 427//674 426//674
f 421//675 428//675 420//675
f 422//676 428//676 421//676
f 420//677 428//677 427//677
f 423//678 429//678 84//678
f 424//679 429//679 423//679
f 424//680 430//680 429//680
f 425//681 431//681 424//681
f 424//682 431//682 430//682
f 426//683 432//683 425//683
f 427//684 432//684 426//684
f 425//685 432//685 431//685
f 428//686 433//686 427//686
f 427//687 433//687 432//687
f 422//688 434//688 428//688
f 428//689 434//689 433//689
f 435//690 434//690 422//690
f 84//691 436//691 91//691
f 429//692 436//692 84//692
f 429//693 437//693 436//693
f 430//694 437//694 429//694
f 431//695 438//695 430//695
f 430//696 438//696 437//696
f 432//697 439//697 431//697
f 431//698 439//698 438//698
f 433//699 440//699 432//699
f 432//700 440//700 439//700
f 434//701 441//701 433//701
f 435//702 441//702 434//702
f 433//703 441//703 440//703
f 437//704 442//704 436//704
f 436//705 442//705 91//705
f 437//706 443//706 442//706
f 437//707 444//707 443//707
f 438//708 444//708 437//708
f 439//709 444//709 438//709
f 439//710 445//710 444//710
f 440//711 445//711 439//711
f 440//712 446//712 445//712
f 440//713 447//713 446//713
f 448//714 447//714 435//714
f 435//715 447//715 441//715
f 441//716 447//716 440//716
f 91//717 449//717 93//717
f 442//718 449//718 91//718
f 443//719 449//719 442//719
f 443//720 450//720 449//720
f 444//721 451//721 443//721
f 443//722 451//722 450//722
f 445//723 452//723 444//723
f 444//724 452//724 451//724
f 446//725 453//725 445//725
f 447//726 453//726 446//726
f 445//727 453//727 452//727
f 448//728 454//728 447//728
f 447//729 454//729 453//729
f 449//730 455//730 93//730
f 450//731 455//731 449//731
f 451//732 456//732 450//732
f 450//733 456//733 455//733
f 451//734 457//734 456//734
f 452//735 458//735 451//735
f 451//736 458//736 457//736
f 452//737 459//737 458//737
f 453//738 459//738 452//738
f 454//739 459//739 453//739
f 448//740 460//740 454//740
f 454//741 460//741 459//741
f 461//742 460//742 448//742
f 455//743 462//743 93//743
f 93//744 462//744 95//744
f 456//745 463//745 455//745
f 455//746 463//746 462//746
f 457//747 464//747 456//747
f 456//748 464//748 463//748
f 459//749 465//749 458//749
f 458//750 465//750 457//750
f 457//751 465//751 464//751
f 459//752 466//752 465//752
f 462//753 467//753 95//753
f 463//754 467//754 462//754
f 460//755 468//755 459//755
f 461//756 468//756 460//756
f 459//757 468//757 466//757
f 463//758 469//758 467//758
f 464//759 470//759 463//759
f 463//760 470//760 469//760
f 465//761 471//761 464//761
f 466//762 471//762 465//762
f 464//763 471//763 470//763
f 466//764 472//764 471//764
f 461//765 473//765 468//765
f 468//766 473//766 466//766
f 466//767 473//767 472//767
f 474//768 473//768 461//768
f 95//769 475//769 96//769
f 467//770 475//770 95//770
f 467//771 476//771 475//771
f 469//772 476//772 467//772
f 470//773 477//773 469//773
f 469//774 477//774 476//774
f 471//775 478//775 470//775
f 470//776 478//776 477//776
f 472//777 479//777 471//777
f 471//778 479//778 478//778
f 475//779 480//779 96//779
f 476//780 480//780 475//780
f 473//781 481//781 472//781
f 474//782 481//782 473//782
f 472//783 481//783 479//783
f 476//784 482//784 480//784
f 476//785 483//785 482//785
f 477//786 483//786 476//786
f 477//787 484//787 483//787
f 478//788 484//788 477//788
f 479//789 484//789 478//789
f 479//790 485//790 484//790
f 481//791 485//791 479//791
f 474//792 486//792 481//792
f 481//793 486//793 485//793
f 487//794 486//794 474//794
f 96//795 488//795 98//795
f 480//796 488//796 96//796
f 482//797 489//797 480//797
f 480//798 489//798 488//798
f 482//799 490//799 489//799
f 483//800 490//800 482//800
f 484//801 491//801 483//801
f 485//802 491//802 484//802
f 483//803 491//803 490//803
f 485//804 492//804 491//804
f 488//805 493//805 98//805
f 485//806 494//806 492//806
f 486//807 494//807 485//807
f 487//808 494//808 486//808
f 489//809 495//809 488//809
f 488//810 495//810 493//810
f 490//811 496//811 489//811
f 489//812 496//812 495//812
f 491//813 497//813 490//813
f 490//814 497//814 496//814
f 492//815 498//815 491//815
f 491//816 498//816 497//816
f 494//817 499//817 492//817
f 487//818 499//818 494//818
f 492//819 499//819 498//819
f 500//820 499//820 487//820
f 493//821 501//821 98//821
f 98//822 501//822 101//822
f 495//823 501//823 493//823
f 495//824 502//824 501//824
f 496//825 502//825 495//825
f 496//826 503//826 502//826
f 497//827 504//827 496//827
f 498//828 504//828 497//828
f 496//829 504//829 503//829
f 498//830 505//830 504//830
f 501//831 506//831 101//831
f 499//832 507//832 498//832
f 500//833 507//833 499//833
f 498//834 507//834 505//834
f 502//835 508//835 501//835
f 501//836 508//836 506//836
f 503//837 509//837 502//837
f 502//838 509//838 508//838
f 504//839 510//839 503//839
f 503//840 510//840 509//840
f 505//841 511//841 504//841
f 507//842 511//842 505//842
f 504//843 511//843 510//843
f 500//844 512//844 507//844
f 507//845 512//845 511//845
f 513//846 512//846 500//846
f 101//847 514//847 104//847
f 506//848 514//848 101//848
f 508//849 515//849 506//849
f 506//850 515//850 514//850
f 509//851 516//851 508//851
f 508//852 516//852 515//852
f 510//853 517//853 509//853
f 509//854 517//854 516//854
f 514//855 518//855 104//855
f 515//856 518//856 514//856
f 510//857 519//857 517//857
f 511//858 519//858 510//858
f 515//859 520//859 518//859
f 511//860 521//860 519//860
f 512//861 521//861 511//861
f 513//862 521//862 512//862
f 516//863 522//863 515//863
f 515//864 522//864 520//864
f 517//865 523//865 516//865
f 516//866 523//866 522//866
f 519//867 524//867 517//867
f 521//868 524//868 519//868
f 517//869 524//869 523//869
f 513//870 525//870 521//870
f 521//871 525//871 524//871
f 526//872 525//872 513//872
f 104//873 527//873 107//873
f 518//874 527//874 104//874
f 520//875 528//875 518//875
f 518//876 528//876 527//876
f 520//877 529//877 528//877
f 522//878 529//878 520//878
f 523//879 530//879 522//879
f 522//880 530//880 529//880
f 527//881 531//881 107//881
f 528//882 531//882 527//882
f 523//883 532//883 530//883
f 524//884 532//884 523//884
f 528//885 533//885 531//885
f 525//886 534//886 524//886
f 526//887 534//887 525//887
f 524//888 534//888 532//888
f 529//889 535//889 528//889
f 530//890 535//890 529//890
f 528//891 535//891 533//891
f 532//892 536//892 530//892
f 530//893 536//893 535//893
f 532//894 537//894 536//894
f 526//895 538//895 534//895
f 534//896 538//896 532//896
f 532//897 538//897 537//897
f 539//898 538//898 526//898
f 531//899 540//899 107//899
f 107//900 540//900 108//900
f 533//901 541//901 531//901
f 531//902 541//902 540//902
f 535//903 542//903 533//903
f 533//904 542//904 541//904
f 536//905 543//905 535//905
f 537//906 543//906 536//906
f 535//907 543//907 542//907
f 540//908 544//908 108//908
f 537//909 545//909 543//909
f 541//910 546//910 540//910
f 540//911 546//911 544//911
f 538//912 547//912 537//912
f 539//913 547//913 538//913
f 537//914 547//914 545//914
f 541//915 548//915 546//915
f 542//916 548//916 541//916
f 543//917 549//917 542//917
f 542//918 549//918 548//918
f 545//919 550//919 543//919
f 543//920 550//920 549//920
f 539//921 551//921 547//921
f 547//922 551//922 545//922
f 545//923 551//923 550//923
f 552//924 551//924 539//924
f 108//925 553//925 115//925
f 544//926 553//926 108//926
f 546//927 553//927 544//927
f 546//928 554//928 553//928
f 548//929 555//929 546//929
f 546//930 555//930 554//930
f 549//931 556//931 548//931
f 550//932 556//932 549//932
f 548//933 556//933 555//933
f 553//934 557//934 115//934
f 550//935 558//935 556//935
f 551//936 558//936 550//936
f 554//937 559//937 553//937
f 553//938 559//938 557//938
f 551//939 560//939 558//939
f 552//940 560//940 551//940
f 555//941 561//941 554//941
f 554//942 561//942 559//942
f 556//943 562//943 555//943
f 555//944 562//944 561//944
f 558//945 563//945 556//945
f 556//946 563//946 562//946
f 560//947 564//947 558//947
f 552//948 564//948 560//948
f 558//949 564//949 563//949
f 565//950 564//950 552//950
f 559//951 566//951 557//951
f 557//952 566//952 115//952
f 115//953 566//953 122//953
f 559//954 567//954 566//954
f 561//955 568//955 559//955
f 559//956 568//956 567//956
f 563//957 569//957 562//957
f 561//958 569//958 568//958
f 562//959 569//959 561//959
f 566//960 570//960 122//960
f 564//961 571//961 563//961
f 563//962 571//962 569//962
f 567//963 572//963 566//963
f 566//964 572//964 570//964
f 564//965 573//965 571//965
f 565//966 573//966 564//966
f 568//967 574//967 567//967
f 567//968 574//968 572//968
f 569//969 575//969 568//969
f 568//970 575//970 574//970
f 571//971 576//971 569//971
f 569//972 576//972 575//972
f 573//973 577//973 571//973
f 565//974 577//974 573//974
f 571//975 577//975 576//975
f 578//976 577//976 565//976
f 122//977 579//977 124//977
f 570//978 579//978 122//978
f 572//979 580//979 570//979
f 579//980 580//980 124//980
f 570//981 580//981 579//981
f 574//982 581//982 572//982
f 572//983 581//983 580//983
f 580//984 581//984 124//984
f 575//985 582//985 574//985
f 576//986 582//986 575//986
f 574//987 582//987 581//987
f 581//988 582//988 124//988
f 576//989 583//989 582//989
f 582//990 583//990 124//990
f 577//991 584//991 576//991
f 578//992 584//992 577//992
f 576//993 584//993 583//993
f 124//994 585//994 126//994
f 124//995 586//995 585//995
f 585//996 586//996 126//996
f 586//997 587//997 126//997
f 124//998 587//998 586//998
f 583//999 588//999 124//999
f 587//1000 588//1000 126//1000
f 124//1001 588//1001 587//1001
f 578//1002 589//1002 584//1002
f 584//1003 589//1003 583//1003
f 583//1004 589//1004 588//1004
f 590//1005 589//1005 578//1005
f 126//1006 591//1006 128//1006
f 126//1007 592//1007 591//1007
f 591//1008 592//1008 128//1008
f 126//1009 593//1009 592//1009
f 592//1010 593//1010 128//1010
f 593//1011 594//1011 128//1011
f 588//1012 594//1012 126//1012
f 126//1013 594//1013 593//1013
f 595//1014 596//1014 590//1014
f 589//1015 596//1015 588//1015
f 588//1016 596//1016 594//1016
f 590//1017 596//1017 589//1017
f 128//1018 597//1018 130//1018
f 128//1019 598//1019 597//1019
f 597//1020 598//1020 130//1020
f 128//1021 599//1021 598//1021
f 598//1022 599//1022 130//1022
f 594//1023 600//1023 128//1023
f 128//1024 600//1024 599//1024
f 601//1025 602//1025 595//1025
f 596//1026 602//1026 594//1026
f 594//1027 602//1027 600//1027
f 595//1028 602//1028 596//1028
f 130//1029 603//1029 131//1029
f 130//1030 604//1030 603//1030
f 603//1031 604//1031 131//1031
f 599//1032 605//1032 130//1032
f 600//1033 605//1033 599//1033
f 130//1034 605//1034 604//1034
f 604//1035 605//1035 131//1035
f 600//1036 606//1036 605//1036
f 607//1037 608//1037 601//1037
f 601//1038 608//1038 602//1038
f 602//1039 608//1039 600//1039
f 600//1040 608//1040 606//1040
f 131//1041 609//1041 136//1041
f 131//1042 610//1042 609//1042
f 609//1043 610//1043 136//1043
f 605//1044 611//1044 131//1044
f 606//1045 611//1045 605//1045
f 610//1046 611//1046 136//1046
f 131//1047 611//1047 610//1047
f 606//1048 612//1048 611//1048
f 613//1049 614//1049 607//1049
f 607//1050 614//1050 608//1050
f 608//1051 614//1051 606//1051
f 606//1052 614//1052 612//1052
f 136//1053 615//1053 137//1053
f 136//1054 616//1054 615//1054
f 615//1055 616//1055 137//1055
f 611//1056 617//1056 136//1056
f 616//1057 617//1057 137//1057
f 136//1058 617//1058 616//1058
f 612//1059 618//1059 611//1059
f 611//1060 618//1060 617//1060
f 619//1061 620//1061 613//1061
f 613//1062 620//1062 614//1062
f 614//1063 620//1063 612//1063
f 612//1064 620//1064 618//1064
f 137//1065 621//1065 138//1065
f 621//1066 622//1066 138//1066
f 137//1067 622//1067 621//1067
f 622//1068 623//1068 138//1068
f 137//1069 623//1069 622//1069
f 617//1070 624//1070 137//1070
f 618//1071 624//1071 617//1071
f 137//1072 624//1072 623//1072
f 618//1073 625//1073 624//1073
f 626//1074 627//1074 619//1074
f 619//1075 627//1075 620//1075
f 620//1076 627//1076 618//1076
f 618//1077 627//1077 625//1077
f 138//1078 628//1078 144//1078
f 628//1079 629//1079 144//1079
f 138//1080 629//1080 628//1080
f 629//1081 630//1081 144//1081
f 623//1082 630//1082 138//1082
f 138//1083 630//1083 629//1083
f 623//1084 631//1084 630//1084
f 624//1085 631//1085 623//1085
f 625//1086 631//1086 624//1086
f 625//1087 632//1087 631//1087
f 633//1088 634//1088 626//1088
f 625//1089 634//1089 632//1089
f 626//1090 634//1090 627//1090
f 627//1091 634//1091 625//1091
f 144//1092 635//1092 152//1092
f 635//1093 636//1093 152//1093
f 144//1094 636//1094 635//1094
f 636//1095 637//1095 152//1095
f 144//1096 637//1096 636//1096
f 630//1097 637//1097 144//1097
f 632//1098 638//1098 631//1098
f 630//1099 638//1099 637//1099
f 631//1100 638//1100 630//1100
f 632//1101 639//1101 638//1101
f 634//1102 639//1102 632//1102
f 640//1103 641//1103 633//1103
f 634//1104 641//1104 639//1104
f 633//1105 641//1105 634//1105
f 152//1106 642//1106 153//1106
f 152//1107 643//1107 642//1107
f 642//1108 643//1108 153//1108
f 637//1109 644//1109 152//1109
f 638//1110 644//1110 637//1110
f 152//1111 644//1111 643//1111
f 639//1112 176//1112 638//1112
f 638//1113 176//1113 644//1113
f 639//1114 174//1114 176//1114
f 182//1115 184//1115 640//1115
f 640//1116 184//1116 641//1116
f 641//1117 184//1117 639//1117
f 639//1118 184//1118 174//1118
f 153//1119 645//1119 155//1119
f 645//1120 646//1120 155//1120
f 155//1121 646//1121 187//1121
f 643//1122 646//1122 153//1122
f 153//1123 646//1123 645//1123
f 187//1124 646//1124 190//1124
f 644//1125 647//1125 643//1125
f 643//1126 647//1126 646//1126
f 646//1127 647//1127 190//1127
f 644//1128 177//1128 647//1128
f 176//1129 177//1129 644//1129
f 647//1130 177//1130 190//1130
f 190//1131 177//1131 178//1131
f 176//1132 175//1132 177//1132
f 648//1133 649//1133 650//1133
f 648//1134 650//1134 651//1134
f 648//1135 651//1135 652//1135
f 648//1136 652//1136 653//1136
f 654//1137 655//1137 656//1137
f 654//1138 657//1138 655//1138
f 654//1139 649//1139 648//1139
f 654//1140 656//1140 658//1140
f 654//1141 658//1141 649//1141
f 654//1142 653//1142 659//1142
f 654//1143 648//1143 653//1143
f 654//1144 659//1144 657//1144
f 660//1145 154//1145 3//1145
f 661//1146 154//1146 660//1146
f 662//1147 660//1147 3//1147
f 662//1148 3//1148 4//1148
f 663//1149 661//1149 660//1149
f 663//1150 660//1150 662//1150
f 664//1151 665//1151 661//1151
f 664//1152 661//1152 663//1152
f 666//1153 652//1153 665//1153
f 666//1154 665//1154 664//1154
f 667//1155 653//1155 652//1155
f 667//1156 652//1156 666//1156
f 668//1157 659//1157 653//1157
f 668//1158 657//1158 659//1158
f 668//1159 653//1159 667//1159
f 668//1160 667//1160 669//1160
f 668//1161 669//1161 657//1161
f 670//1162 4//1162 6//1162
f 670//1163 662//1163 4//1163
f 671//1164 662//1164 670//1164
f 671//1165 663//1165 662//1165
f 672//1166 663//1166 671//1166
f 672//1167 664//1167 663//1167
f 673//1168 666//1168 664//1168
f 673//1169 664//1169 672//1169
f 674//1170 667//1170 666//1170
f 674//1171 669//1171 667//1171
f 674//1172 666//1172 673//1172
f 675//1173 669//1173 674//1173
f 675//1174 674//1174 676//1174
f 675//1175 676//1175 669//1175
f 677//1176 6//1176 8//1176
f 677//1177 670//1177 6//1177
f 678//1178 671//1178 670//1178
f 678//1179 670//1179 677//1179
f 679//1180 672//1180 671//1180
f 679//1181 671//1181 678//1181
f 680//1182 672//1182 679//1182
f 680//1183 673//1183 672//1183
f 681//1184 676//1184 674//1184
f 681//1185 674//1185 673//1185
f 681//1186 680//1186 682//1186
f 681//1187 673//1187 680//1187
f 683//1188 676//1188 681//1188
f 683//1189 681//1189 682//1189
f 683//1190 682//1190 676//1190
f 684//1191 8//1191 13//1191
f 684//1192 677//1192 8//1192
f 684//1193 678//1193 677//1193
f 685//1194 678//1194 684//1194
f 686//1195 678//1195 685//1195
f 686//1196 679//1196 678//1196
f 687//1197 682//1197 680//1197
f 687//1198 680//1198 679//1198
f 687//1199 679//1199 686//1199
f 688//1200 682//1200 687//1200
f 688//1201 687//1201 689//1201
f 690//1202 682//1202 688//1202
f 690//1203 688//1203 689//1203
f 690//1204 689//1204 682//1204
f 691//1205 13//1205 15//1205
f 691//1206 684//1206 13//1206
f 692//1207 685//1207 684//1207
f 692//1208 684//1208 691//1208
f 693//1209 685//1209 692//1209
f 693//1210 686//1210 685//1210
f 694//1211 687//1211 686//1211
f 694//1212 689//1212 687//1212
f 694//1213 686//1213 693//1213
f 695//1214 694//1214 696//1214
f 695//1215 689//1215 694//1215
f 697//1216 695//1216 696//1216
f 697//1217 696//1217 689//1217
f 697//1218 689//1218 695//1218
f 698//1219 15//1219 17//1219
f 698//1220 691//1220 15//1220
f 698//1221 692//1221 691//1221
f 699//1222 693//1222 692//1222
f 699//1223 692//1223 698//1223
f 700//1224 693//1224 699//1224
f 701//1225 694//1225 693//1225
f 701//1226 696//1226 694//1226
f 701//1227 693//1227 700//1227
f 701//1228 700//1228 702//1228
f 703//1229 701//1229 702//1229
f 703//1230 696//1230 701//1230
f 704//1231 703//1231 702//1231
f 704//1232 696//1232 703//1232
f 704//1233 702//1233 696//1233
f 705//1234 17//1234 21//1234
f 705//1235 698//1235 17//1235
f 706//1236 699//1236 698//1236
f 706//1237 698//1237 705//1237
f 706//1238 700//1238 699//1238
f 707//1239 700//1239 706//1239
f 707//1240 702//1240 700//1240
f 708//1241 702//1241 707//1241
f 708//1242 707//1242 709//1242
f 710//1243 702//1243 708//1243
f 710//1244 708//1244 709//1244
f 711//1245 702//1245 710//1245
f 711//1246 710//1246 709//1246
f 711//1247 709//1247 702//1247
f 712//1248 21//1248 28//1248
f 712//1249 705//1249 21//1249
f 712//1250 706//1250 705//1250
f 713//1251 706//1251 712//1251
f 714//1252 709//1252 707//1252
f 714//1253 706//1253 713//1253
f 714//1254 707//1254 706//1254
f 715//1255 709//1255 714//1255
f 715//1256 714//1256 716//1256
f 717//1257 709//1257 715//1257
f 717//1258 715//1258 716//1258
f 718//1259 709//1259 717//1259
f 718//1260 717//1260 716//1260
f 718//1261 716//1261 709//1261
f 719//1262 28//1262 32//1262
f 719//1263 712//1263 28//1263
f 720//1264 713//1264 712//1264
f 720//1265 712//1265 719//1265
f 721//1266 714//1266 713//1266
f 721//1267 716//1267 714//1267
f 721//1268 713//1268 720//1268
f 722//1269 716//1269 721//1269
f 722//1270 721//1270 723//1270
f 724//1271 716//1271 722//1271
f 724//1272 722//1272 723//1272
f 725//1273 723//1273 716//1273
f 725//1274 716//1274 724//1274
f 725//1275 724//1275 723//1275
f 726//1276 32//1276 34//1276
f 726//1277 719//1277 32//1277
f 726//1278 720//1278 719//1278
f 727//1279 720//1279 726//1279
f 728//1280 721//1280 720//1280
f 728//1281 723//1281 721//1281
f 728//1282 720//1282 727//1282
f 728//1283 727//1283 729//1283
f 730//1284 723//1284 728//1284
f 730//1285 728//1285 729//1285
f 731//1286 730//1286 729//1286
f 731//1287 723//1287 730//1287
f 732//1288 729//1288 723//1288
f 732//1289 731//1289 729//1289
f 732//1290 723//1290 731//1290
f 733//1291 34//1291 36//1291
f 733//1292 726//1292 34//1292
f 734//1293 726//1293 733//1293
f 734//1294 727//1294 726//1294
f 734//1295 729//1295 727//1295
f 735//1296 729//1296 734//1296
f 735//1297 734//1297 736//1297
f 737//1298 729//1298 735//1298
f 737//1299 735//1299 736//1299
f 738//1300 729//1300 737//1300
f 738//1301 737//1301 736//1301
f 739//1302 729//1302 738//1302
f 739//1303 738//1303 736//1303
f 739//1304 736//1304 729//1304
f 740//1305 36//1305 37//1305
f 740//1306 733//1306 36//1306
f 741//1307 733//1307 740//1307
f 741//1308 734//1308 733//1308
f 741//1309 736//1309 734//1309
f 742//1310 741//1310 743//1310
f 742//1311 736//1311 741//1311
f 744//1312 742//1312 743//1312
f 744//1313 736//1313 742//1313
f 745//1314 744//1314 743//1314
f 745//1315 736//1315 744//1315
f 746//1316 745//1316 743//1316
f 746//1317 736//1317 745//1317
f 746//1318 743//1318 736//1318
f 747//1319 37//1319 40//1319
f 747//1320 740//1320 37//1320
f 748//1321 741//1321 740//1321
f 748//1322 743//1322 741//1322
f 748//1323 740//1323 747//1323
f 749//1324 743//1324 748//1324
f 750//1325 743//1325 749//1325
f 751//1326 40//1326 44//1326
f 751//1327 747//1327 40//1327
f 752//1328 743//1328 750//1328
f 753//1329 748//1329 747//1329
f 753//1330 747//1330 751//1330
f 754//1331 743//1331 752//1331
f 754//1332 755//1332 743//1332
f 756//1333 749//1333 748//1333
f 756//1334 750//1334 749//1334
f 756//1335 748//1335 753//1335
f 757//1336 750//1336 756//1336
f 758//1337 752//1337 750//1337
f 758//1338 750//1338 757//1338
f 759//1339 754//1339 752//1339
f 759//1340 755//1340 754//1340
f 759//1341 752//1341 758//1341
f 760//1342 751//1342 44//1342
f 761//1343 753//1343 751//1343
f 761//1344 751//1344 760//1344
f 762//1345 756//1345 753//1345
f 762//1346 753//1346 761//1346
f 763//1347 757//1347 756//1347
f 763//1348 756//1348 762//1348
f 764//1349 44//1349 46//1349
f 764//1350 760//1350 44//1350
f 765//1351 758//1351 757//1351
f 765//1352 759//1352 758//1352
f 765//1353 757//1353 763//1353
f 766//1354 761//1354 760//1354
f 766//1355 760//1355 764//1355
f 767//1356 755//1356 759//1356
f 767//1357 768//1357 755//1357
f 767//1358 759//1358 765//1358
f 769//1359 762//1359 761//1359
f 769//1360 763//1360 762//1360
f 769//1361 761//1361 766//1361
f 770//1362 763//1362 769//1362
f 771//1363 765//1363 763//1363
f 771//1364 763//1364 770//1364
f 772//1365 768//1365 767//1365
f 772//1366 767//1366 765//1366
f 772//1367 765//1367 771//1367
f 773//1368 764//1368 46//1368
f 774//1369 764//1369 773//1369
f 774//1370 766//1370 764//1370
f 775//1371 766//1371 774//1371
f 775//1372 769//1372 766//1372
f 776//1373 769//1373 775//1373
f 776//1374 770//1374 769//1374
f 777//1375 46//1375 50//1375
f 777//1376 773//1376 46//1376
f 778//1377 770//1377 776//1377
f 778//1378 771//1378 770//1378
f 779//1379 774//1379 773//1379
f 779//1380 773//1380 777//1380
f 780//1381 772//1381 771//1381
f 780//1382 771//1382 778//1382
f 780//1383 781//1383 768//1383
f 780//1384 768//1384 772//1384
f 782//1385 774//1385 779//1385
f 782//1386 775//1386 774//1386
f 783//1387 776//1387 775//1387
f 783//1388 775//1388 782//1388
f 784//1389 776//1389 783//1389
f 784//1390 778//1390 776//1390
f 785//1391 778//1391 784//1391
f 785//1392 780//1392 778//1392
f 785//1393 781//1393 780//1393
f 786//1394 779//1394 777//1394
f 786//1395 777//1395 50//1395
f 787//1396 779//1396 786//1396
f 787//1397 782//1397 779//1397
f 788//1398 783//1398 782//1398
f 788//1399 782//1399 787//1399
f 789//1400 783//1400 788//1400
f 790//1401 50//1401 55//1401
f 790//1402 786//1402 50//1402
f 791//1403 784//1403 783//1403
f 791//1404 783//1404 789//1404
f 792//1405 787//1405 786//1405
f 792//1406 786//1406 790//1406
f 793//1407 785//1407 784//1407
f 793//1408 781//1408 785//1408
f 793//1409 784//1409 791//1409
f 793//1410 794//1410 781//1410
f 795//1411 788//1411 787//1411
f 795//1412 787//1412 792//1412
f 796//1413 789//1413 788//1413
f 796//1414 788//1414 795//1414
f 797//1415 791//1415 789//1415
f 797//1416 793//1416 791//1416
f 797//1417 789//1417 796//1417
f 798//1418 793//1418 797//1418
f 798//1419 794//1419 793//1419
f 799//1420 790//1420 55//1420
f 800//1421 792//1421 790//1421
f 800//1422 790//1422 799//1422
f 801//1423 795//1423 792//1423
f 801//1424 792//1424 800//1424
f 802//1425 796//1425 795//1425
f 802//1426 795//1426 801//1426
f 803//1427 55//1427 61//1427
f 803//1428 799//1428 55//1428
f 804//1429 797//1429 796//1429
f 804//1430 796//1430 802//1430
f 805//1431 800//1431 799//1431
f 805//1432 799//1432 803//1432
f 805//1433 801//1433 800//1433
f 806//1434 794//1434 798//1434
f 806//1435 807//1435 794//1435
f 806//1436 797//1436 804//1436
f 806//1437 798//1437 797//1437
f 808//1438 801//1438 805//1438
f 809//1439 802//1439 801//1439
f 809//1440 801//1440 808//1440
f 810//1441 802//1441 809//1441
f 810//1442 804//1442 802//1442
f 811//1443 804//1443 810//1443
f 811//1444 807//1444 806//1444
f 811//1445 806//1445 804//1445
f 812//1446 803//1446 61//1446
f 813//1447 803//1447 812//1447
f 813//1448 805//1448 803//1448
f 814//1449 805//1449 813//1449
f 814//1450 808//1450 805//1450
f 815//1451 808//1451 814//1451
f 815//1452 809//1452 808//1452
f 816//1453 810//1453 809//1453
f 816//1454 809//1454 815//1454
f 817//1455 812//1455 61//1455
f 817//1456 61//1456 66//1456
f 818//1457 811//1457 810//1457
f 818//1458 807//1458 811//1458
f 818//1459 810//1459 816//1459
f 818//1460 819//1460 807//1460
f 820//1461 813//1461 812//1461
f 820//1462 812//1462 817//1462
f 821//1463 814//1463 813//1463
f 821//1464 813//1464 820//1464
f 822//1465 815//1465 814//1465
f 822//1466 814//1466 821//1466
f 823//1467 816//1467 815//1467
f 823//1468 818//1468 816//1468
f 823//1469 815//1469 822//1469
f 824//1470 819//1470 818//1470
f 824//1471 818//1471 823//1471
f 825//1472 817//1472 66//1472
f 826//1473 820//1473 817//1473
f 826//1474 817//1474 825//1474
f 827//1475 821//1475 820//1475
f 827//1476 822//1476 821//1476
f 827//1477 820//1477 826//1477
f 828//1478 822//1478 827//1478
f 828//1479 823//1479 822//1479
f 829//1480 824//1480 823//1480
f 829//1481 823//1481 828//1481
f 830//1482 66//1482 68//1482
f 830//1483 825//1483 66//1483
f 830//1484 826//1484 825//1484
f 831//1485 819//1485 824//1485
f 831//1486 824//1486 829//1486
f 831//1487 832//1487 819//1487
f 833//1488 826//1488 830//1488
f 834//1489 827//1489 826//1489
f 834//1490 828//1490 827//1490
f 834//1491 826//1491 833//1491
f 835//1492 829//1492 828//1492
f 835//1493 828//1493 834//1493
f 836//1494 829//1494 835//1494
f 836//1495 831//1495 829//1495
f 837//1496 832//1496 831//1496
f 837//1497 831//1497 836//1497
f 838//1498 830//1498 68//1498
f 839//1499 833//1499 830//1499
f 839//1500 830//1500 838//1500
f 840//1501 834//1501 833//1501
f 840//1502 833//1502 839//1502
f 841//1503 835//1503 834//1503
f 841//1504 834//1504 840//1504
f 842//1505 835//1505 841//1505
f 842//1506 836//1506 835//1506
f 843//1507 68//1507 70//1507
f 843//1508 838//1508 68//1508
f 844//1509 836//1509 842//1509
f 844//1510 832//1510 837//1510
f 844//1511 837//1511 836//1511
f 844//1512 845//1512 832//1512
f 846//1513 838//1513 843//1513
f 846//1514 839//1514 838//1514
f 847//1515 840//1515 839//1515
f 847//1516 839//1516 846//1516
f 848//1517 840//1517 847//1517
f 848//1518 842//1518 841//1518
f 848//1519 841//1519 840//1519
f 849//1520 842//1520 848//1520
f 849//1521 844//1521 842//1521
f 850//1522 845//1522 844//1522
f 850//1523 844//1523 849//1523
f 851//1524 843//1524 70//1524
f 852//1525 843//1525 851//1525
f 852//1526 846//1526 843//1526
f 853//1527 847//1527 846//1527
f 853//1528 846//1528 852//1528
f 854//1529 847//1529 853//1529
f 854//1530 848//1530 847//1530
f 855//1531 849//1531 848//1531
f 855//1532 848//1532 854//1532
f 856//1533 851//1533 70//1533
f 856//1534 852//1534 851//1534
f 856//1535 70//1535 72//1535
f 857//1536 845//1536 850//1536
f 857//1537 850//1537 849//1537
f 857//1538 849//1538 855//1538
f 857//1539 858//1539 845//1539
f 859//1540 852//1540 856//1540
f 860//1541 853//1541 852//1541
f 860//1542 852//1542 859//1542
f 861//1543 854//1543 853//1543
f 861//1544 853//1544 860//1544
f 861//1545 855//1545 854//1545
f 862//1546 857//1546 855//1546
f 862//1547 855//1547 861//1547
f 863//1548 858//1548 857//1548
f 863//1549 857//1549 862//1549
f 864//1550 856//1550 72//1550
f 865//1551 856//1551 864//1551
f 865//1552 859//1552 856//1552
f 865//1553 860//1553 859//1553
f 866//1554 860//1554 865//1554
f 867//1555 861//1555 860//1555
f 867//1556 860//1556 866//1556
f 868//1557 862//1557 861//1557
f 868//1558 861//1558 867//1558
f 869//1559 858//1559 863//1559
f 869//1560 863//1560 862//1560
f 869//1561 862//1561 868//1561
f 869//1562 870//1562 858//1562
f 871//1563 864//1563 72//1563
f 871//1564 72//1564 75//1564
f 872//1565 865//1565 864//1565
f 872//1566 864//1566 871//1566
f 873//1567 865//1567 872//1567
f 873//1568 866//1568 865//1568
f 874//1569 867//1569 866//1569
f 874//1570 868//1570 867//1570
f 874//1571 866//1571 873//1571
f 875//1572 868//1572 874//1572
f 876//1573 869//1573 868//1573
f 876//1574 870//1574 869//1574
f 876//1575 868//1575 875//1575
f 877//1576 871//1576 75//1576
f 878//1577 871//1577 877//1577
f 878//1578 872//1578 871//1578
f 879//1579 872//1579 878//1579
f 879//1580 873//1580 872//1580
f 880//1581 874//1581 873//1581
f 880//1582 873//1582 879//1582
f 881//1583 875//1583 874//1583
f 881//1584 876//1584 875//1584
f 881//1585 874//1585 880//1585
f 882//1586 876//1586 881//1586
f 882//1587 883//1587 870//1587
f 882//1588 870//1588 876//1588
f 884//1589 75//1589 77//1589
f 884//1590 877//1590 75//1590
f 884//1591 878//1591 877//1591
f 885//1592 878//1592 884//1592
f 886//1593 878//1593 885//1593
f 886//1594 879//1594 878//1594
f 886//1595 880//1595 879//1595
f 887//1596 880//1596 886//1596
f 888//1597 881//1597 880//1597
f 888//1598 882//1598 881//1598
f 888//1599 880//1599 887//1599
f 889//1600 883//1600 882//1600
f 889//1601 882//1601 888//1601
f 890//1602 884//1602 77//1602
f 890//1603 885//1603 884//1603
f 891//1604 885//1604 890//1604
f 892//1605 886//1605 885//1605
f 892//1606 885//1606 891//1606
f 893//1607 887//1607 886//1607
f 893//1608 888//1608 887//1608
f 893//1609 886//1609 892//1609
f 894//1610 888//1610 893//1610
f 895//1611 888//1611 894//1611
f 895//1612 883//1612 889//1612
f 895//1613 889//1613 888//1613
f 895//1614 896//1614 883//1614
f 897//1615 890//1615 77//1615
f 897//1616 77//1616 80//1616
f 898//1617 891//1617 890//1617
f 898//1618 890//1618 897//1618
f 899//1619 892//1619 891//1619
f 899//1620 891//1620 898//1620
f 900//1621 893//1621 892//1621
f 900//1622 892//1622 899//1622
f 901//1623 894//1623 893//1623
f 901//1624 893//1624 900//1624
f 902//1625 895//1625 894//1625
f 902//1626 896//1626 895//1626
f 902//1627 894//1627 901//1627
f 903//1628 897//1628 80//1628
f 903//1629 898//1629 897//1629
f 904//1630 898//1630 903//1630
f 905//1631 899//1631 898//1631
f 905//1632 898//1632 904//1632
f 906//1633 900//1633 899//1633
f 906//1634 901//1634 900//1634
f 906//1635 899//1635 905//1635
f 907//1636 902//1636 901//1636
f 907//1637 901//1637 906//1637
f 908//1638 896//1638 902//1638
f 908//1639 902//1639 907//1639
f 908//1640 909//1640 896//1640
f 910//1641 80//1641 82//1641
f 910//1642 903//1642 80//1642
f 911//1643 903//1643 910//1643
f 911//1644 904//1644 903//1644
f 912//1645 904//1645 911//1645
f 912//1646 905//1646 904//1646
f 913//1647 906//1647 905//1647
f 913//1648 905//1648 912//1648
f 914//1649 907//1649 906//1649
f 914//1650 906//1650 913//1650
f 915//1651 908//1651 907//1651
f 915//1652 909//1652 908//1652
f 915//1653 907//1653 914//1653
f 916//1654 910//1654 82//1654
f 916//1655 911//1655 910//1655
f 917//1656 911//1656 916//1656
f 918//1657 912//1657 911//1657
f 918//1658 913//1658 912//1658
f 918//1659 911//1659 917//1659
f 919//1660 914//1660 913//1660
f 919//1661 913//1661 918//1661
f 920//1662 914//1662 919//1662
f 921//1663 914//1663 920//1663
f 921//1664 922//1664 909//1664
f 921//1665 909//1665 915//1665
f 921//1666 915//1666 914//1666
f 923//1667 82//1667 88//1667
f 923//1668 916//1668 82//1668
f 923//1669 917//1669 916//1669
f 924//1670 917//1670 923//1670
f 925//1671 917//1671 924//1671
f 925//1672 918//1672 917//1672
f 926//1673 919//1673 918//1673
f 926//1674 918//1674 925//1674
f 927//1675 920//1675 919//1675
f 927//1676 921//1676 920//1676
f 927//1677 919//1677 926//1677
f 928//1678 921//1678 927//1678
f 928//1679 922//1679 921//1679
f 929//1680 923//1680 88//1680
f 930//1681 924//1681 923//1681
f 930//1682 925//1682 924//1682
f 930//1683 923//1683 929//1683
f 931//1684 925//1684 930//1684
f 932//1685 926//1685 925//1685
f 932//1686 925//1686 931//1686
f 933//1687 927//1687 926//1687
f 933//1688 928//1688 927//1688
f 933//1689 926//1689 932//1689
f 934//1690 922//1690 928//1690
f 934//1691 928//1691 933//1691
f 934//1692 935//1692 922//1692
f 936//1693 929//1693 88//1693
f 936//1694 88//1694 92//1694
f 937//1695 930//1695 929//1695
f 937//1696 929//1696 936//1696
f 938//1697 931//1697 930//1697
f 938//1698 930//1698 937//1698
f 939//1699 932//1699 931//1699
f 939//1700 933//1700 932//1700
f 939//1701 931//1701 938//1701
f 940//1702 933//1702 939//1702
f 941//1703 936//1703 92//1703
f 941//1704 937//1704 936//1704
f 942//1705 934//1705 933//1705
f 942//1706 935//1706 934//1706
f 942//1707 933//1707 940//1707
f 943//1708 937//1708 941//1708
f 944//1709 938//1709 937//1709
f 944//1710 937//1710 943//1710
f 945//1711 939//1711 938//1711
f 945//1712 940//1712 939//1712
f 945//1713 938//1713 944//1713
f 946//1714 940//1714 945//1714
f 947//1715 935//1715 942//1715
f 947//1716 942//1716 940//1716
f 947//1717 940//1717 946//1717
f 947//1718 948//1718 935//1718
f 949//1719 92//1719 97//1719
f 949//1720 941//1720 92//1720
f 950//1721 941//1721 949//1721
f 950//1722 943//1722 941//1722
f 951//1723 944//1723 943//1723
f 951//1724 945//1724 944//1724
f 951//1725 943//1725 950//1725
f 952//1726 945//1726 951//1726
f 953//1727 946//1727 945//1727
f 953//1728 945//1728 952//1728
f 954//1729 949//1729 97//1729
f 955//1730 946//1730 953//1730
f 955//1731 947//1731 946//1731
f 955//1732 948//1732 947//1732
f 956//1733 950//1733 949//1733
f 956//1734 949//1734 954//1734
f 957//1735 950//1735 956//1735
f 957//1736 951//1736 950//1736
f 958//1737 951//1737 957//1737
f 958//1738 952//1738 951//1738
f 958//1739 953//1739 952//1739
f 959//1740 953//1740 958//1740
f 959//1741 955//1741 953//1741
f 960//1742 948//1742 955//1742
f 960//1743 955//1743 959//1743
f 960//1744 961//1744 948//1744
f 962//1745 97//1745 99//1745
f 962//1746 954//1746 97//1746
f 963//1747 954//1747 962//1747
f 963//1748 956//1748 954//1748
f 964//1749 956//1749 963//1749
f 964//1750 957//1750 956//1750
f 965//1751 957//1751 964//1751
f 965//1752 958//1752 957//1752
f 965//1753 959//1753 958//1753
f 966//1754 959//1754 965//1754
f 967//1755 962//1755 99//1755
f 968//1756 960//1756 959//1756
f 968//1757 961//1757 960//1757
f 968//1758 959//1758 966//1758
f 969//1759 963//1759 962//1759
f 969//1760 962//1760 967//1760
f 970//1761 964//1761 963//1761
f 970//1762 963//1762 969//1762
f 971//1763 964//1763 970//1763
f 971//1764 965//1764 964//1764
f 972//1765 966//1765 965//1765
f 972//1766 965//1766 971//1766
f 973//1767 961//1767 968//1767
f 973//1768 968//1768 966//1768
f 973//1769 966//1769 972//1769
f 973//1770 974//1770 961//1770
f 975//1771 967//1771 99//1771
f 975//1772 99//1772 100//1772
f 976//1773 970//1773 969//1773
f 976//1774 969//1774 967//1774
f 976//1775 967//1775 975//1775
f 977//1776 970//1776 976//1776
f 978//1777 971//1777 970//1777
f 978//1778 972//1778 971//1778
f 978//1779 970//1779 977//1779
f 979//1780 972//1780 978//1780
f 980//1781 976//1781 975//1781
f 980//1782 975//1782 100//1782
f 981//1783 973//1783 972//1783
f 981//1784 974//1784 973//1784
f 981//1785 972//1785 979//1785
f 982//1786 976//1786 980//1786
f 983//1787 977//1787 976//1787
f 983//1788 976//1788 982//1788
f 984//1789 978//1789 977//1789
f 984//1790 977//1790 983//1790
f 985//1791 979//1791 978//1791
f 985//1792 981//1792 979//1792
f 985//1793 978//1793 984//1793
f 986//1794 974//1794 981//1794
f 986//1795 981//1795 985//1795
f 986//1796 987//1796 974//1796
f 988//1797 100//1797 103//1797
f 988//1798 980//1798 100//1798
f 989//1799 980//1799 988//1799
f 989//1800 982//1800 980//1800
f 990//1801 983//1801 982//1801
f 990//1802 982//1802 989//1802
f 991//1803 984//1803 983//1803
f 991//1804 983//1804 990//1804
f 992//1805 988//1805 103//1805
f 992//1806 989//1806 988//1806
f 993//1807 984//1807 991//1807
f 993//1808 985//1808 984//1808
f 994//1809 989//1809 992//1809
f 995//1810 985//1810 993//1810
f 995//1811 986//1811 985//1811
f 995//1812 987//1812 986//1812
f 996//1813 990//1813 989//1813
f 996//1814 989//1814 994//1814
f 997//1815 991//1815 990//1815
f 997//1816 990//1816 996//1816
f 998//1817 993//1817 991//1817
f 998//1818 995//1818 993//1818
f 998//1819 991//1819 997//1819
f 999//1820 987//1820 995//1820
f 999//1821 995//1821 998//1821
f 999//1822 1000//1822 987//1822
f 1001//1823 103//1823 106//1823
f 1001//1824 992//1824 103//1824
f 1002//1825 994//1825 992//1825
f 1002//1826 992//1826 1001//1826
f 1003//1827 994//1827 1002//1827
f 1003//1828 996//1828 994//1828
f 1004//1829 997//1829 996//1829
f 1004//1830 996//1830 1003//1830
f 1005//1831 1001//1831 106//1831
f 1005//1832 1002//1832 1001//1832
f 1006//1833 997//1833 1004//1833
f 1006//1834 998//1834 997//1834
f 1007//1835 1002//1835 1005//1835
f 1008//1836 999//1836 998//1836
f 1008//1837 1000//1837 999//1837
f 1008//1838 998//1838 1006//1838
f 1009//1839 1003//1839 1002//1839
f 1009//1840 1004//1840 1003//1840
f 1009//1841 1002//1841 1007//1841
f 1010//1842 1006//1842 1004//1842
f 1010//1843 1004//1843 1009//1843
f 1011//1844 1006//1844 1010//1844
f 1012//1845 1000//1845 1008//1845
f 1012//1846 1008//1846 1006//1846
f 1012//1847 1006//1847 1011//1847
f 1012//1848 1013//1848 1000//1848
f 1014//1849 1005//1849 106//1849
f 1014//1850 1007//1850 1005//1850
f 1014//1851 106//1851 166//1851
f 1015//1852 1007//1852 1014//1852
f 1016//1853 1009//1853 1007//1853
f 1016//1854 1007//1854 1015//1854
f 1017//1855 1010//1855 1009//1855
f 1017//1856 1011//1856 1010//1856
f 1017//1857 1009//1857 1016//1857
f 1018//1858 1014//1858 166//1858
f 1019//1859 1011//1859 1017//1859
f 1020//1860 1015//1860 1014//1860
f 1020//1861 1014//1861 1018//1861
f 1021//1862 1012//1862 1011//1862
f 1021//1863 1013//1863 1012//1863
f 1021//1864 1011//1864 1019//1864
f 1022//1865 1015//1865 1020//1865
f 1022//1866 1016//1866 1015//1866
f 1023//1867 1017//1867 1016//1867
f 1023//1868 1016//1868 1022//1868
f 1024//1869 1019//1869 1017//1869
f 1024//1870 1017//1870 1023//1870
f 1025//1871 1013//1871 1021//1871
f 1025//1872 1021//1872 1019//1872
f 1025//1873 1019//1873 1024//1873
f 1025//1874 1026//1874 1013//1874
f 1027//1875 166//1875 112//1875
f 1027//1876 1018//1876 166//1876
f 1027//1877 1020//1877 1018//1877
f 1028//1878 1020//1878 1027//1878
f 1029//1879 1022//1879 1020//1879
f 1029//1880 1020//1880 1028//1880
f 1030//1881 1023//1881 1022//1881
f 1030//1882 1024//1882 1023//1882
f 1030//1883 1022//1883 1029//1883
f 1031//1884 1027//1884 112//1884
f 1032//1885 1024//1885 1030//1885
f 1032//1886 1025//1886 1024//1886
f 1033//1887 1028//1887 1027//1887
f 1033//1888 1027//1888 1031//1888
f 1034//1889 1025//1889 1032//1889
f 1034//1890 1026//1890 1025//1890
f 1035//1891 1029//1891 1028//1891
f 1035//1892 1030//1892 1029//1892
f 1035//1893 1028//1893 1033//1893
f 1036//1894 1030//1894 1035//1894
f 1037//1895 1032//1895 1030//1895
f 1037//1896 1030//1896 1036//1896
f 1038//1897 1034//1897 1032//1897
f 1038//1898 1026//1898 1034//1898
f 1038//1899 1032//1899 1037//1899
f 1038//1900 1039//1900 1026//1900
f 1040//1901 1031//1901 112//1901
f 1040//1902 112//1902 111//1902
f 1041//1903 1033//1903 1031//1903
f 1041//1904 1031//1904 1040//1904
f 1042//1905 1035//1905 1033//1905
f 1042//1906 1033//1906 1041//1906
f 1043//1907 1036//1907 1035//1907
f 1043//1908 1037//1908 1036//1908
f 1043//1909 1035//1909 1042//1909
f 1044//1910 1041//1910 1040//1910
f 1044//1911 1040//1911 111//1911
f 1045//1912 1037//1912 1043//1912
f 1045//1913 1038//1913 1037//1913
f 1046//1914 1041//1914 1044//1914
f 1047//1915 1039//1915 1038//1915
f 1047//1916 1038//1916 1045//1916
f 1048//1917 1042//1917 1041//1917
f 1048//1918 1041//1918 1046//1918
f 1049//1919 1043//1919 1042//1919
f 1049//1920 1042//1920 1048//1920
f 1050//1921 1045//1921 1043//1921
f 1050//1922 1043//1922 1049//1922
f 1051//1923 1039//1923 1047//1923
f 1051//1924 1047//1924 1045//1924
f 1051//1925 1045//1925 1050//1925
f 1051//1926 1052//1926 1039//1926
f 1053//1927 1044//1927 111//1927
f 1053//1928 111//1928 118//1928
f 1054//1929 1046//1929 1044//1929
f 1054//1930 1053//1930 118//1930
f 1054//1931 1044//1931 1053//1931
f 1055//1932 1054//1932 118//1932
f 1055//1933 1048//1933 1046//1933
f 1055//1934 1046//1934 1054//1934
f 1056//1935 1049//1935 1048//1935
f 1056//1936 1050//1936 1049//1936
f 1056//1937 1048//1937 1055//1937
f 1056//1938 1055//1938 118//1938
f 1057//1939 1050//1939 1056//1939
f 1057//1940 1056//1940 118//1940
f 1058//1941 1051//1941 1050//1941
f 1058//1942 1052//1942 1051//1942
f 1058//1943 1050//1943 1057//1943
f 1059//1944 118//1944 123//1944
f 1060//1945 118//1945 1059//1945
f 1060//1946 1059//1946 123//1946
f 1061//1947 1060//1947 123//1947
f 1061//1948 118//1948 1060//1948
f 1062//1949 1057//1949 118//1949
f 1062//1950 1061//1950 123//1950
f 1062//1951 118//1951 1061//1951
f 1063//1952 1052//1952 1058//1952
f 1063//1953 1058//1953 1057//1953
f 1063//1954 1057//1954 1062//1954
f 1063//1955 1064//1955 1052//1955
f 1065//1956 123//1956 127//1956
f 1066//1957 123//1957 1065//1957
f 1066//1958 1065//1958 127//1958
f 1067//1959 123//1959 1066//1959
f 1067//1960 1066//1960 127//1960
f 1068//1961 1067//1961 127//1961
f 1068//1962 1062//1962 123//1962
f 1068//1963 123//1963 1067//1963
f 1069//1964 1070//1964 1064//1964
f 1069//1965 1063//1965 1062//1965
f 1069//1966 1062//1966 1068//1966
f 1069//1967 1064//1967 1063//1967
f 1071//1968 127//1968 129//1968
f 1072//1969 127//1969 1071//1969
f 1072//1970 1071//1970 129//1970
f 1073//1971 127//1971 1072//1971
f 1073//1972 1072//1972 129//1972
f 1074//1973 1068//1973 127//1973
f 1074//1974 127//1974 1073//1974
f 1075//1975 1076//1975 1070//1975
f 1075//1976 1069//1976 1068//1976
f 1075//1977 1068//1977 1074//1977
f 1075//1978 1070//1978 1069//1978
f 1077//1979 129//1979 132//1979
f 1078//1980 129//1980 1077//1980
f 1078//1981 1077//1981 132//1981
f 1079//1982 1073//1982 129//1982
f 1079//1983 1074//1983 1073//1983
f 1079//1984 129//1984 1078//1984
f 1079//1985 1078//1985 132//1985
f 1080//1986 1074//1986 1079//1986
f 1081//1987 1082//1987 1076//1987
f 1081//1988 1076//1988 1075//1988
f 1081//1989 1075//1989 1074//1989
f 1081//1990 1074//1990 1080//1990
f 1083//1991 132//1991 134//1991
f 1084//1992 132//1992 1083//1992
f 1084//1993 1083//1993 134//1993
f 1085//1994 1079//1994 132//1994
f 1085//1995 1080//1995 1079//1995
f 1085//1996 1084//1996 134//1996
f 1085//1997 132//1997 1084//1997
f 1086//1998 1080//1998 1085//1998
f 1087//1999 1088//1999 1082//1999
f 1087//2000 1082//2000 1081//2000
f 1087//2001 1081//2001 1080//2001
f 1087//2002 1080//2002 1086//2002
f 1089//2003 134//2003 173//2003
f 1090//2004 134//2004 1089//2004
f 1090//2005 1089//2005 173//2005
f 1091//2006 1085//2006 134//2006
f 1091//2007 1090//2007 173//2007
f 1091//2008 134//2008 1090//2008
f 1092//2009 1086//2009 1085//2009
f 1092//2010 1085//2010 1091//2010
f 1093//2011 1094//2011 1088//2011
f 1093//2012 1088//2012 1087//2012
f 1093//2013 1087//2013 1086//2013
f 1093//2014 1086//2014 1092//2014
f 1095//2015 173//2015 171//2015
f 1096//2016 1095//2016 171//2016
f 1096//2017 173//2017 1095//2017
f 1097//2018 1096//2018 171//2018
f 1097//2019 173//2019 1096//2019
f 1098//2020 1091//2020 173//2020
f 1098//2021 1092//2021 1091//2021
f 1098//2022 173//2022 1097//2022
f 1099//2023 1092//2023 1098//2023
f 1100//2024 1101//2024 1094//2024
f 1100//2025 1094//2025 1093//2025
f 1100//2026 1093//2026 1092//2026
f 1100//2027 1092//2027 1099//2027
f 1102//2028 171//2028 142//2028
f 1103//2029 1102//2029 142//2029
f 1103//2030 171//2030 1102//2030
f 1104//2031 1103//2031 142//2031
f 1104//2032 1097//2032 171//2032
f 1104//2033 171//2033 1103//2033
f 1105//2034 1097//2034 1104//2034
f 1105//2035 1098//2035 1097//2035
f 1105//2036 1099//2036 1098//2036
f 1106//2037 1099//2037 1105//2037
f 1107//2038 1108//2038 1101//2038
f 1107//2039 1099//2039 1106//2039
f 1107//2040 1101//2040 1100//2040
f 1107//2041 1100//2041 1099//2041
f 1109//2042 142//2042 143//2042
f 1110//2043 1109//2043 143//2043
f 1110//2044 142//2044 1109//2044
f 1111//2045 1110//2045 143//2045
f 1111//2046 142//2046 1110//2046
f 1111//2047 1104//2047 142//2047
f 1112//2048 1106//2048 1105//2048
f 1112//2049 1104//2049 1111//2049
f 1112//2050 1105//2050 1104//2050
f 1113//2051 1106//2051 1112//2051
f 1113//2052 1107//2052 1106//2052
f 1114//2053 1115//2053 1108//2053
f 1114//2054 1107//2054 1113//2054
f 1114//2055 1108//2055 1107//2055
f 1116//2056 143//2056 148//2056
f 1117//2057 143//2057 1116//2057
f 1117//2058 1116//2058 148//2058
f 1118//2059 1111//2059 143//2059
f 1118//2060 1112//2060 1111//2060
f 1118//2061 143//2061 1117//2061
f 650//2062 1113//2062 1112//2062
f 650//2063 1112//2063 1118//2063
f 649//2064 1113//2064 650//2064
f 658//2065 656//2065 1115//2065
f 658//2066 1115//2066 1114//2066
f 658//2067 1114//2067 1113//2067
f 658//2068 1113//2068 649//2068
f 1119//2069 148//2069 154//2069
f 1120//2070 1119//2070 154//2070
f 1120//2071 154//2071 661//2071
f 1120//2072 1117//2072 148//2072
f 1120//2073 148//2073 1119//2073
f 1120//2074 661//2074 665//2074
f 1121//2075 1118//2075 1117//2075
f 1121//2076 650//2076 1118//2076
f 1121//2077 1117//2077 1120//2077
f 1121//2078 1120//2078 665//2078
f 651//2079 650//2079 1121//2079
f 651//2080 1121//2080 665//2080
f 651//2081 665//2081 652//2081
f 1122//2082 1123//2082 1124//2082
f 1125//2083 4694//2083 1126//2083
f 1123//2084 1127//2084 1124//2084
f 1124//2085 1128//2085 1129//2085
f 1127//2086 1128//2086 1124//2086
f 1130//2087 1131//2087 1123//2087
f 1123//2088 1131//2088 1127//2088
f 1127//2089 1132//2089 1128//2089
f 1131//2090 1133//2090 1127//2090
f 1127//2091 1133//2091 1132//2091
f 1129//2092 1134//2092 1135//2092
f 1128//2093 1134//2093 1129//2093
f 1132//2094 1136//2094 1128//2094
f 1128//2095 1136//2095 1134//2095
f 1137//2096 1138//2096 1130//2096
f 1130//2097 1138//2097 1131//2097
f 1131//2098 1139//2098 1133//2098
f 1138//2099 1139//2099 1131//2099
f 1136//2100 1140//2100 1134//2100
f 1138//2101 1141//2101 1139//2101
f 1135//2102 1142//2102 1143//2102
f 1134//2103 1142//2103 1135//2103
f 1140//2104 1142//2104 1134//2104
f 1140//2105 1144//2105 1142//2105
f 1140//2106 1145//2106 1144//2106
f 1146//2107 1145//2107 1147//2107
f 1143//2108 1148//2108 1149//2108
f 1142//2109 1148//2109 1143//2109
f 1144//2110 1148//2110 1142//2110
f 1145//2111 1148//2111 1144//2111
f 1146//2112 1148//2112 1145//2112
f 1141//2113 1150//2113 1151//2113
f 1152//2114 1153//2114 1150//2114
f 1154//2115 1155//2115 1156//2115
f 1156//2116 1155//2116 1152//2116
f 1152//2117 1155//2117 1153//2117
f 1151//2118 1157//2118 1147//2118
f 1158//2119 1159//2119 1146//2119
f 1148//2120 1159//2120 1149//2120
f 1146//2121 1159//2121 1148//2121
f 1155//2122 1160//2122 1153//2122
f 1157//2123 1161//2123 1147//2123
f 1147//2124 1161//2124 1146//2124
f 1157//2125 1162//2125 1161//2125
f 1163//2126 1164//2126 1165//2126
f 1157//2127 1164//2127 1162//2127
f 1149//2128 1166//2128 1167//2128
f 1159//2129 1166//2129 1149//2129
f 1158//2130 1166//2130 1159//2130
f 1161//2131 1168//2131 1146//2131
f 1162//2132 1168//2132 1161//2132
f 1164//2133 1168//2133 1162//2133
f 1163//2134 1168//2134 1164//2134
f 1167//2135 1169//2135 1170//2135
f 1166//2136 1169//2136 1167//2136
f 1166//2137 1171//2137 1169//2137
f 1160//2138 1172//2138 1173//2138
f 1171//2139 1174//2139 1169//2139
f 1173//2140 1175//2140 1165//2140
f 1176//2141 1177//2141 1172//2141
f 1178//2142 1179//2142 1180//2142
f 1180//2143 1179//2143 1176//2143
f 1176//2144 1179//2144 1177//2144
f 1169//2145 1181//2145 1170//2145
f 1170//2146 1181//2146 1182//2146
f 1174//2147 1181//2147 1169//2147
f 1174//2148 1183//2148 1181//2148
f 1184//2149 1185//2149 1163//2149
f 1163//2150 1185//2150 1168//2150
f 1175//2151 1186//2151 1165//2151
f 1165//2152 1186//2152 1163//2152
f 1174//2153 1187//2153 1183//2153
f 1188//2154 1187//2154 1189//2154
f 1179//2155 1190//2155 1177//2155
f 1175//2156 1191//2156 1186//2156
f 1192//2157 1193//2157 1194//2157
f 1175//2158 1193//2158 1191//2158
f 1182//2159 1195//2159 1196//2159
f 1183//2160 1195//2160 1181//2160
f 1187//2161 1195//2161 1183//2161
f 1188//2162 1195//2162 1187//2162
f 1181//2163 1195//2163 1182//2163
f 1185//2164 1197//2164 1158//2164
f 1158//2165 1197//2165 1189//2165
f 1185//2166 1198//2166 1197//2166
f 1184//2167 1199//2167 1185//2167
f 1200//2168 1199//2168 1184//2168
f 1185//2169 1199//2169 1198//2169
f 1186//2170 1201//2170 1163//2170
f 1191//2171 1201//2171 1186//2171
f 1192//2172 1201//2172 1193//2172
f 1193//2173 1201//2173 1191//2173
f 1190//2174 1202//2174 1203//2174
f 1197//2175 1204//2175 1189//2175
f 1198//2176 1204//2176 1197//2176
f 1200//2177 1204//2177 1199//2177
f 1199//2178 1204//2178 1198//2178
f 1163//2179 1205//2179 1184//2179
f 1201//2180 1205//2180 1163//2180
f 1201//2181 1206//2181 1205//2181
f 1196//2182 1207//2182 1208//2182
f 1188//2183 1207//2183 1195//2183
f 1209//2184 1207//2184 1188//2184
f 1195//2185 1207//2185 1196//2185
f 1201//2186 1210//2186 1206//2186
f 1211//2187 1210//2187 1192//2187
f 1192//2188 1210//2188 1201//2188
f 1212//2189 1213//2189 1202//2189
f 1204//2190 1214//2190 1189//2190
f 1189//2191 1214//2191 1188//2191
f 1204//2192 1215//2192 1214//2192
f 1216//2193 1217//2193 1200//2193
f 1204//2194 1217//2194 1215//2194
f 1200//2195 1217//2195 1204//2195
f 1206//2196 1218//2196 1205//2196
f 1210//2197 1218//2197 1206//2197
f 1211//2198 1218//2198 1210//2198
f 1205//2199 1218//2199 1184//2199
f 1219//2200 1220//2200 1194//2200
f 1194//2201 1220//2201 1192//2201
f 1219//2202 1221//2202 1220//2202
f 1219//2203 1222//2203 1221//2203
f 1223//2204 1222//2204 1224//2204
f 1214//2205 1225//2205 1188//2205
f 1216//2206 1225//2206 1217//2206
f 1215//2207 1225//2207 1214//2207
f 1217//2208 1225//2208 1215//2208
f 1218//2209 1226//2209 1184//2209
f 1184//2210 1226//2210 1200//2210
f 1209//2211 1227//2211 1207//2211
f 1208//2212 1227//2212 1228//2212
f 1207//2213 1227//2213 1208//2213
f 1229//2214 1227//2214 1209//2214
f 1218//2215 1230//2215 1226//2215
f 1213//2216 1231//2216 1232//2216
f 1211//2217 1233//2217 1218//2217
f 1218//2218 1233//2218 1230//2218
f 1221//2219 1234//2219 1220//2219
f 1192//2220 1234//2220 1211//2220
f 1220//2221 1234//2221 1192//2221
f 1222//2222 1234//2222 1221//2222
f 1223//2223 1234//2223 1222//2223
f 1188//2224 1235//2224 1209//2224
f 1225//2225 1235//2225 1188//2225
f 1225//2226 1236//2226 1235//2226
f 1237//2227 1238//2227 1239//2227
f 1239//2228 1238//2228 1240//2228
f 1241//2229 1242//2229 1216//2229
f 1225//2230 1242//2230 1236//2230
f 1216//2231 1242//2231 1225//2231
f 1240//2232 1243//2232 1231//2232
f 1238//2233 1243//2233 1240//2233
f 1226//2234 1244//2234 1200//2234
f 1230//2235 1244//2235 1226//2235
f 1233//2236 1244//2236 1230//2236
f 1245//2237 1244//2237 1233//2237
f 1228//2238 1246//2238 1247//2238
f 1232//2239 1248//2239 1224//2239
f 1235//2240 1249//2240 1209//2240
f 1241//2241 1249//2241 1242//2241
f 1236//2242 1249//2242 1235//2242
f 1242//2243 1249//2243 1236//2243
f 1250//2244 1251//2244 1229//2244
f 1227//2245 1251//2245 1228//2245
f 1229//2246 1251//2246 1227//2246
f 1228//2247 1251//2247 1246//2247
f 1200//2248 1252//2248 1216//2248
f 1244//2249 1252//2249 1200//2249
f 1238//2250 1253//2250 1243//2250
f 1244//2251 1254//2251 1252//2251
f 1255//2252 1256//2252 1245//2252
f 1245//2253 1256//2253 1244//2253
f 1244//2254 1256//2254 1254//2254
f 1257//2255 1258//2255 1237//2255
f 1259//2256 1260//2256 1223//2256
f 1223//2257 1260//2257 1234//2257
f 1234//2258 1260//2258 1211//2258
f 1224//2259 1261//2259 1223//2259
f 1248//2260 1261//2260 1224//2260
f 1247//2261 1262//2261 1263//2261
f 1246//2262 1262//2262 1247//2262
f 1250//2263 1262//2263 1251//2263
f 1251//2264 1262//2264 1246//2264
f 1249//2265 1264//2265 1209//2265
f 1209//2266 1264//2266 1229//2266
f 1248//2267 1265//2267 1261//2267
f 1238//2268 1266//2268 1253//2268
f 1258//2269 1266//2269 1237//2269
f 1237//2270 1266//2270 1238//2270
f 1249//2271 1267//2271 1264//2271
f 1258//2272 1268//2272 4682//2272
f 4683//2273 1268//2273 1257//2273
f 4682//2274 1268//2274 4683//2274
f 1257//2275 1268//2275 1258//2275
f 1269//2276 1270//2276 1271//2276
f 1248//2277 1270//2277 1265//2277
f 1249//2278 1272//2278 1267//2278
f 1241//2279 1272//2279 1249//2279
f 1273//2280 1272//2280 1241//2280
f 1254//2281 1274//2281 1252//2281
f 1255//2282 1274//2282 1256//2282
f 1252//2283 1274//2283 1216//2283
f 1256//2284 1274//2284 1254//2284
f 1269//2285 1275//2285 1270//2285
f 1265//2286 1275//2286 1261//2286
f 1270//2287 1275//2287 1265//2287
f 1261//2288 1275//2288 1223//2288
f 1272//2289 1276//2289 1267//2289
f 1273//2290 1276//2290 1272//2290
f 1229//2291 1276//2291 1250//2291
f 1267//2292 1276//2292 1264//2292
f 1264//2293 1276//2293 1229//2293
f 1216//2294 1277//2294 1241//2294
f 1274//2295 1277//2295 1216//2295
f 1274//2296 1278//2296 1277//2296
f 1274//2297 1279//2297 1278//2297
f 1280//2298 1279//2298 1255//2298
f 1255//2299 1279//2299 1274//2299
f 1250//2300 1281//2300 1262//2300
f 1263//2301 1281//2301 1282//2301
f 1262//2302 1281//2302 1263//2302
f 1283//2303 1281//2303 1250//2303
f 1259//2304 1284//2304 1260//2304
f 1285//2305 1284//2305 1259//2305
f 1278//2306 1286//2306 1277//2306
f 1279//2307 1286//2307 1278//2307
f 1280//2308 1286//2308 1279//2308
f 1277//2309 1286//2309 1241//2309
f 1284//2310 1287//2310 1245//2310
f 1245//2311 1287//2311 1255//2311
f 1288//2312 1289//2312 1271//2312
f 1271//2313 1290//2313 1269//2313
f 1289//2314 1290//2314 1271//2314
f 1284//2315 1291//2315 1287//2315
f 1292//2316 1293//2316 1294//2316
f 1289//2317 1293//2317 1292//2317
f 1288//2318 1293//2318 1289//2318
f 1284//2319 1295//2319 1291//2319
f 1285//2320 1295//2320 1284//2320
f 1296//2321 1295//2321 1285//2321
f 1269//2322 1297//2322 1275//2322
f 1298//2323 1297//2323 1269//2323
f 1276//2324 1299//2324 1250//2324
f 1286//2325 1300//2325 1241//2325
f 1241//2326 1300//2326 1273//2326
f 1286//2327 1301//2327 1300//2327
f 1282//2328 1302//2328 1303//2328
f 1280//2329 1304//2329 1286//2329
f 1286//2330 1304//2330 1301//2330
f 1305//2331 1304//2331 1280//2331
f 1287//2332 1306//2332 1255//2332
f 1291//2333 1306//2333 1287//2333
f 1295//2334 1306//2334 1291//2334
f 1296//2335 1306//2335 1295//2335
f 1281//2336 1307//2336 1282//2336
f 1283//2337 1307//2337 1281//2337
f 1282//2338 1307//2338 1302//2338
f 1259//2339 1308//2339 1285//2339
f 1297//2340 1308//2340 1259//2340
f 1307//2341 1309//2341 1302//2341
f 1297//2342 1310//2342 1308//2342
f 1297//2343 1311//2343 1310//2343
f 1298//2344 1311//2344 1297//2344
f 1312//2345 1311//2345 1298//2345
f 4685//2346 1313//2346 1292//2346
f 1292//2347 1313//2347 1289//2347
f 1290//2348 1313//2348 1269//2348
f 1289//2349 1313//2349 1290//2349
f 1304//2350 1314//2350 1301//2350
f 1305//2351 1314//2351 1304//2351
f 1300//2352 1314//2352 1273//2352
f 1301//2353 1314//2353 1300//2353
f 1306//2354 1315//2354 1255//2354
f 1255//2355 1315//2355 1280//2355
f 1309//2356 1316//2356 1302//2356
f 156//2357 1316//2357 1309//2357
f 1302//2358 1316//2358 1303//2358
f 1303//2359 1316//2359 27//2359
f 27//2360 1316//2360 156//2360
f 1306//2361 1317//2361 1315//2361
f 1296//2362 1318//2362 1306//2362
f 1306//2363 1318//2363 1317//2363
f 1319//2364 1318//2364 1296//2364
f 1269//2365 1320//2365 1298//2365
f 1313//2366 1320//2366 1269//2366
f 1309//2367 1321//2367 156//2367
f 1307//2368 1321//2368 1309//2368
f 1311//2369 1322//2369 1310//2369
f 1312//2370 1322//2370 1311//2370
f 1310//2371 1322//2371 1308//2371
f 1285//2372 1322//2372 1296//2372
f 1308//2373 1322//2373 1285//2373
f 1313//2374 1323//2374 1320//2374
f 1314//2375 1324//2375 1273//2375
f 1314//2376 1325//2376 1324//2376
f 4687//2377 1326//2377 4685//2377
f 1313//2378 1326//2378 1323//2378
f 4685//2379 1326//2379 1313//2379
f 1314//2380 1327//2380 1325//2380
f 1305//2381 1327//2381 1314//2381
f 1315//2382 1328//2382 1280//2382
f 1317//2383 1328//2383 1315//2383
f 1318//2384 1328//2384 1317//2384
f 1319//2385 1328//2385 1318//2385
f 1320//2386 1329//2386 1298//2386
f 1323//2387 1329//2387 1320//2387
f 1326//2388 1329//2388 1323//2388
f 1321//2389 1330//2389 156//2389
f 1331//2390 1330//2390 1321//2390
f 1332//2391 1333//2391 1334//2391
f 1325//2392 1333//2392 1324//2392
f 1327//2393 1333//2393 1325//2393
f 1335//2394 1333//2394 1327//2394
f 1324//2395 1333//2395 1332//2395
f 1328//2396 1336//2396 1280//2396
f 1280//2397 1336//2397 1305//2397
f 1328//2398 1337//2398 1336//2398
f 1298//2399 1338//2399 1312//2399
f 1329//2400 1339//2400 1298//2400
f 1298//2401 1339//2401 1338//2401
f 1340//2402 1341//2402 1319//2402
f 1319//2403 1341//2403 1328//2403
f 1328//2404 1341//2404 1337//2404
f 1312//2405 1342//2405 1322//2405
f 1322//2406 1342//2406 1296//2406
f 1343//2407 1342//2407 1312//2407
f 4688//2408 1344//2408 4687//2408
f 4687//2409 1344//2409 1326//2409
f 1326//2410 1344//2410 1329//2410
f 1329//2411 1344//2411 1339//2411
f 1336//2412 1345//2412 1305//2412
f 1341//2413 1345//2413 1337//2413
f 1337//2414 1345//2414 1336//2414
f 1340//2415 1345//2415 1341//2415
f 1296//2416 1346//2416 1319//2416
f 1342//2417 1346//2417 1296//2417
f 1334//2418 1347//2418 1348//2418
f 1348//2419 1347//2419 1331//2419
f 4689//2420 1349//2420 4688//2420
f 4688//2421 1349//2421 1344//2421
f 1338//2422 1349//2422 1312//2422
f 1339//2423 1349//2423 1338//2423
f 1344//2424 1349//2424 1339//2424
f 1342//2425 1350//2425 1346//2425
f 1351//2426 1352//2426 1343//2426
f 1342//2427 1352//2427 1350//2427
f 1343//2428 1352//2428 1342//2428
f 4689//2429 1353//2429 1349//2429
f 1312//2430 1353//2430 1343//2430
f 1349//2431 1353//2431 1312//2431
f 24//2432 1354//2432 22//2432
f 1347//2433 1355//2433 1354//2433
f 1354//2434 1355//2434 22//2434
f 1334//2435 1355//2435 1347//2435
f 1319//2436 1356//2436 1340//2436
f 1350//2437 1356//2437 1346//2437
f 1351//2438 1356//2438 1352//2438
f 1352//2439 1356//2439 1350//2439
f 1346//2440 1356//2440 1319//2440
f 1334//2441 1357//2441 1355//2441
f 1340//2442 1358//2442 1345//2442
f 1359//2443 1358//2443 1340//2443
f 1353//2444 1360//2444 1343//2444
f 1361//2445 1360//2445 4689//2445
f 4689//2446 1360//2446 1353//2446
f 1343//2447 1362//2447 1351//2447
f 1360//2448 1362//2448 1343//2448
f 1351//2449 1363//2449 1356//2449
f 1364//2450 1363//2450 1351//2450
f 1356//2451 1363//2451 1340//2451
f 1360//2452 1365//2452 1362//2452
f 1361//2453 1366//2453 1360//2453
f 1360//2454 1366//2454 1365//2454
f 1367//2455 1366//2455 1361//2455
f 1355//2456 1368//2456 22//2456
f 1357//2457 1368//2457 1355//2457
f 22//2458 1368//2458 19//2458
f 1369//2459 1370//2459 1357//2459
f 1357//2460 1370//2460 1368//2460
f 1362//2461 1371//2461 1351//2461
f 1365//2462 1371//2462 1362//2462
f 1366//2463 1371//2463 1365//2463
f 1367//2464 1371//2464 1366//2464
f 1351//2465 1372//2465 1364//2465
f 1371//2466 1373//2466 1351//2466
f 1374//2467 1373//2467 1367//2467
f 1367//2468 1373//2468 1371//2468
f 1351//2469 1373//2469 1372//2469
f 1375//2470 1376//2470 1364//2470
f 1364//2471 1376//2471 1363//2471
f 1377//2472 1378//2472 1370//2472
f 1368//2473 1378//2473 19//2473
f 1370//2474 1378//2474 1368//2474
f 1376//2475 1379//2475 1359//2475
f 1376//2476 1380//2476 1379//2476
f 1381//2477 1382//2477 1375//2477
f 1375//2478 1382//2478 1376//2478
f 1376//2479 1382//2479 1380//2479
f 1383//2480 1384//2480 1385//2480
f 1385//2481 1384//2481 1377//2481
f 1364//2482 1386//2482 1375//2482
f 1387//2483 1386//2483 1374//2483
f 1372//2484 1386//2484 1364//2484
f 1374//2485 1386//2485 1373//2485
f 1373//2486 1386//2486 1372//2486
f 12//2487 1388//2487 7//2487
f 1389//2488 1388//2488 1384//2488
f 1390//2489 1391//2489 1387//2489
f 1386//2490 1391//2490 1375//2490
f 1387//2491 1391//2491 1386//2491
f 1392//2492 1393//2492 1389//2492
f 7//2493 1393//2493 1394//2493
f 1388//2494 1393//2494 7//2494
f 1389//2495 1393//2495 1388//2495
f 1375//2496 1395//2496 1381//2496
f 1391//2497 1395//2497 1375//2497
f 1391//2498 1396//2498 1395//2498
f 1396//2499 1397//2499 1398//2499
f 1391//2500 1397//2500 1396//2500
f 1398//2501 1397//2501 1390//2501
f 1390//2502 1397//2502 1391//2502
f 1399//2503 1400//2503 1392//2503
f 1393//2504 1400//2504 1394//2504
f 1392//2505 1400//2505 1393//2505
f 1398//2506 1401//2506 1396//2506
f 1396//2507 1401//2507 1395//2507
f 1395//2508 1401//2508 1381//2508
f 1402//2509 1401//2509 1398//2509
f 1403//2510 1404//2510 1400//2510
f 1400//2511 1404//2511 1394//2511
f 1402//2512 1405//2512 1401//2512
f 1125//2513 1405//2513 1402//2513
f 1136//2514 1406//2514 1140//2514
f 1145//2515 1406//2515 1147//2515
f 1140//2516 1406//2516 1145//2516
f 1132//2517 1406//2517 1136//2517
f 1406//2518 1407//2518 1147//2518
f 1133//2519 1407//2519 1132//2519
f 1139//2520 1407//2520 1133//2520
f 1132//2521 1407//2521 1406//2521
f 1147//2522 1407//2522 1151//2522
f 1141//2523 1407//2523 1139//2523
f 1151//2524 1407//2524 1141//2524
f 1156//2525 1408//2525 1137//2525
f 1137//2526 1408//2526 1138//2526
f 1138//2527 1408//2527 1141//2527
f 1152//2528 1408//2528 1156//2528
f 1150//2529 1408//2529 1152//2529
f 1141//2530 1408//2530 1150//2530
f 1164//2531 1409//2531 1165//2531
f 1157//2532 1409//2532 1164//2532
f 1151//2533 1409//2533 1157//2533
f 1160//2534 1410//2534 1153//2534
f 1165//2535 1410//2535 1173//2535
f 1173//2536 1410//2536 1160//2536
f 1151//2537 1410//2537 1409//2537
f 1409//2538 1410//2538 1165//2538
f 1150//2539 1410//2539 1151//2539
f 1153//2540 1410//2540 1150//2540
f 1155//2541 1411//2541 1160//2541
f 1180//2542 1411//2542 1154//2542
f 1176//2543 1411//2543 1180//2543
f 1160//2544 1411//2544 1172//2544
f 1172//2545 1411//2545 1176//2545
f 1154//2546 1411//2546 1155//2546
f 1168//2547 1412//2547 1146//2547
f 1185//2548 1412//2548 1168//2548
f 1412//2549 1413//2549 1146//2549
f 1185//2550 1413//2550 1412//2550
f 1158//2551 1413//2551 1185//2551
f 1146//2552 1413//2552 1158//2552
f 1158//2553 1414//2553 1166//2553
f 1166//2554 1414//2554 1171//2554
f 1171//2555 1414//2555 1174//2555
f 1187//2556 1414//2556 1189//2556
f 1189//2557 1414//2557 1158//2557
f 1174//2558 1414//2558 1187//2558
f 1173//2559 1415//2559 1175//2559
f 1193//2560 1415//2560 1194//2560
f 1175//2561 1415//2561 1193//2561
f 1173//2562 1416//2562 1415//2562
f 1172//2563 1416//2563 1173//2563
f 1415//2564 1416//2564 1194//2564
f 1177//2565 1416//2565 1172//2565
f 1417//2566 1418//2566 1178//2566
f 1190//2567 1418//2567 1202//2567
f 1178//2568 1418//2568 1179//2568
f 1179//2569 1418//2569 1190//2569
f 1212//2570 1418//2570 1417//2570
f 1202//2571 1418//2571 1212//2571
f 1239//2572 1419//2572 1417//2572
f 1212//2573 1419//2573 1213//2573
f 1231//2574 1419//2574 1240//2574
f 1213//2575 1419//2575 1231//2575
f 1417//2576 1419//2576 1212//2576
f 1240//2577 1419//2577 1239//2577
f 1203//2578 1420//2578 1219//2578
f 1222//2579 1420//2579 1224//2579
f 1219//2580 1420//2580 1222//2580
f 1203//2581 1421//2581 1420//2581
f 1213//2582 1421//2582 1202//2582
f 1224//2583 1421//2583 1232//2583
f 1232//2584 1421//2584 1213//2584
f 1202//2585 1421//2585 1203//2585
f 1420//2586 1421//2586 1224//2586
f 1231//2587 1422//2587 1232//2587
f 1243//2588 1422//2588 1231//2588
f 1270//2589 1423//2589 1271//2589
f 1248//2590 1423//2590 1270//2590
f 1422//2591 1423//2591 1232//2591
f 1232//2592 1423//2592 1248//2592
f 1423//2593 1424//2593 1271//2593
f 1243//2594 1424//2594 1422//2594
f 1422//2595 1424//2595 1423//2595
f 1424//2596 1425//2596 1271//2596
f 1243//2597 1425//2597 1424//2597
f 1253//2598 1425//2598 1243//2598
f 1260//2599 1426//2599 1211//2599
f 1284//2600 1426//2600 1260//2600
f 1211//2601 1427//2601 1233//2601
f 1245//2602 1427//2602 1284//2602
f 1426//2603 1427//2603 1211//2603
f 1233//2604 1427//2604 1245//2604
f 1284//2605 1427//2605 1426//2605
f 1271//2606 1428//2606 1288//2606
f 1425//2607 1428//2607 1271//2607
f 1253//2608 1428//2608 1425//2608
f 1266//2609 1428//2609 1253//2609
f 1275//2610 1429//2610 1223//2610
f 1297//2611 1429//2611 1275//2611
f 1297//2612 1430//2612 1429//2612
f 1223//2613 1430//2613 1259//2613
f 1429//2614 1430//2614 1223//2614
f 1259//2615 1430//2615 1297//2615
f 1258//2616 1431//2616 1266//2616
f 4682//2617 1431//2617 1258//2617
f 1294//2618 1431//2618 4682//2618
f 1293//2619 1431//2619 1294//2619
f 1428//2620 1431//2620 1288//2620
f 1288//2621 1431//2621 1293//2621
f 1266//2622 1431//2622 1428//2622
f 1273//2623 1432//2623 1276//2623
f 1324//2624 1432//2624 1273//2624
f 1332//2625 1432//2625 1324//2625
f 1276//2626 1432//2626 1299//2626
f 1299//2627 1432//2627 1332//2627
f 1307//2628 1433//2628 1321//2628
f 1321//2629 1433//2629 1331//2629
f 1331//2630 1433//2630 1348//2630
f 1283//2631 1433//2631 1307//2631
f 1434//2632 1435//2632 1283//2632
f 1436//2633 1435//2633 1434//2633
f 1348//2634 1435//2634 1436//2634
f 1433//2635 1435//2635 1348//2635
f 1283//2636 1435//2636 1433//2636
f 1334//2637 1437//2637 1332//2637
f 1299//2638 1437//2638 1436//2638
f 1332//2639 1437//2639 1299//2639
f 1436//2640 1438//2640 1348//2640
f 1437//2641 1438//2641 1436//2641
f 1348//2642 1438//2642 1334//2642
f 1334//2643 1438//2643 1437//2643
f 1354//2644 1439//2644 1347//2644
f 24//2645 1439//2645 1354//2645
f 1347//2646 1439//2646 1331//2646
f 156//2647 1439//2647 24//2647
f 1330//2648 1439//2648 156//2648
f 1331//2649 1439//2649 1330//2649
f 1345//2650 1440//2650 1305//2650
f 1358//2651 1440//2651 1345//2651
f 1335//2652 1440//2652 1358//2652
f 1327//2653 1440//2653 1335//2653
f 1305//2654 1440//2654 1327//2654
f 1333//2655 1441//2655 1334//2655
f 1357//2656 1441//2656 1369//2656
f 1334//2657 1441//2657 1357//2657
f 1335//2658 1441//2658 1333//2658
f 1376//2659 1442//2659 1363//2659
f 1363//2660 1442//2660 1340//2660
f 1359//2661 1442//2661 1376//2661
f 1340//2662 1442//2662 1359//2662
f 1369//2663 1443//2663 1370//2663
f 1370//2664 1443//2664 1377//2664
f 1377//2665 1443//2665 1385//2665
f 1444//2666 1445//2666 1369//2666
f 1446//2667 1445//2667 1444//2667
f 1385//2668 1445//2668 1446//2668
f 1443//2669 1445//2669 1385//2669
f 1369//2670 1445//2670 1443//2670
f 1358//2671 1447//2671 1446//2671
f 1359//2672 1447//2672 1358//2672
f 1379//2673 1447//2673 1359//2673
f 1383//2674 1447//2674 1379//2674
f 1446//2675 1448//2675 1385//2675
f 1447//2676 1448//2676 1446//2676
f 1383//2677 1448//2677 1447//2677
f 1385//2678 1448//2678 1383//2678
f 19//2679 1449//2679 12//2679
f 1377//2680 1449//2680 1378//2680
f 1378//2681 1449//2681 19//2681
f 1388//2682 1449//2682 1384//2682
f 1384//2683 1449//2683 1377//2683
f 12//2684 1449//2684 1388//2684
f 1389//2685 1450//2685 1392//2685
f 1392//2686 1450//2686 1399//2686
f 1383//2687 1450//2687 1384//2687
f 1384//2688 1450//2688 1389//2688
f 1383//2689 1451//2689 1450//2689
f 1379//2690 1451//2690 1383//2690
f 1450//2691 1451//2691 1399//2691
f 1451//2692 1452//2692 1399//2692
f 1379//2693 1452//2693 1451//2693
f 1399//2694 1453//2694 1381//2694
f 1452//2695 1453//2695 1399//2695
f 1379//2696 1453//2696 1452//2696
f 1381//2697 1453//2697 1382//2697
f 1380//2698 1453//2698 1379//2698
f 1382//2699 1453//2699 1380//2699
f 1399//2700 1454//2700 1400//2700
f 1405//2701 1454//2701 1401//2701
f 1401//2702 1454//2702 1381//2702
f 1403//2703 1454//2703 1405//2703
f 1400//2704 1454//2704 1403//2704
f 1381//2705 1454//2705 1399//2705
f 1405//2706 1455//2706 1403//2706
f 1403//2707 1455//2707 1404//2707
f 1404//2708 1455//2708 1394//2708
f 1125//2709 1455//2709 1405//2709
f 1394//2710 1455//2710 1126//2710
f 1126//2711 1455//2711 1125//2711
f 1194//2712 1456//2712 1219//2712
f 1219//2713 1456//2713 1203//2713
f 1416//2714 1456//2714 1194//2714
f 1190//2715 1456//2715 1177//2715
f 1177//2716 1456//2716 1416//2716
f 1203//2717 1456//2717 1190//2717
f 1283//2718 1457//2718 1434//2718
f 1436//2719 1457//2719 1299//2719
f 1434//2720 1457//2720 1436//2720
f 1250//2721 1457//2721 1283//2721
f 1299//2722 1457//2722 1250//2722
f 1446//2723 1458//2723 1358//2723
f 1358//2724 1458//2724 1335//2724
f 1441//2725 1458//2725 1369//2725
f 1335//2726 1458//2726 1441//2726
f 1369//2727 1458//2727 1444//2727
f 1444//2728 1458//2728 1446//2728
f 14//2729 1459//2729 16//2729
f 14//2730 1460//2730 1459//2730
f 14//2731 158//2731 1460//2731
f 9//2732 1461//2732 158//2732
f 158//2733 1461//2733 1460//2733
f 9//2734 7//2734 1461//2734
f 7//2735 1462//2735 1461//2735
f 7//2736 1394//2736 1462//2736
f 1394//2737 1463//2737 1462//2737
f 1394//2738 1126//2738 1463//2738
f 1126//2739 1464//2739 1463//2739
f 1126//2740 4694//2740 1464//2740
f 4694//2741 1465//2741 1464//2741
f 1466//2742 1123//2742 1122//2742
f 1467//2743 1468//2743 1469//2743
f 1468//2744 1470//2744 1469//2744
f 1469//2745 1471//2745 1472//2745
f 1470//2746 1471//2746 1469//2746
f 1473//2747 1474//2747 1468//2747
f 1468//2748 1474//2748 1470//2748
f 1471//2749 1475//2749 1472//2749
f 1472//2750 1475//2750 1476//2750
f 1470//2751 1477//2751 1471//2751
f 1474//2752 1477//2752 1470//2752
f 1471//2753 1477//2753 1475//2753
f 1476//2754 1478//2754 1479//2754
f 1475//2755 1478//2755 1476//2755
f 1473//2756 1480//2756 1474//2756
f 1481//2757 1480//2757 1473//2757
f 1477//2758 1482//2758 1475//2758
f 1475//2759 1482//2759 1478//2759
f 1478//2760 1483//2760 1479//2760
f 1479//2761 1483//2761 1484//2761
f 1474//2762 1485//2762 1477//2762
f 1480//2763 1485//2763 1474//2763
f 1477//2764 1485//2764 1482//2764
f 1482//2765 1486//2765 1478//2765
f 1480//2766 1487//2766 1485//2766
f 1481//2767 1487//2767 1480//2767
f 1488//2768 1487//2768 1481//2768
f 1483//2769 1489//2769 1484//2769
f 1490//2770 1489//2770 1491//2770
f 1484//2771 1489//2771 1490//2771
f 1485//2772 1492//2772 1482//2772
f 1482//2773 1492//2773 1486//2773
f 1486//2774 1493//2774 1478//2774
f 1478//2775 1493//2775 1483//2775
f 1483//2776 1493//2776 1489//2776
f 1487//2777 1494//2777 1485//2777
f 1489//2778 1495//2778 1491//2778
f 1492//2779 1496//2779 1486//2779
f 1488//2780 1497//2780 1487//2780
f 1498//2781 1497//2781 1488//2781
f 1493//2782 1499//2782 1489//2782
f 1485//2783 1500//2783 1492//2783
f 1494//2784 1500//2784 1485//2784
f 1498//2785 1501//2785 1497//2785
f 1495//2786 1502//2786 1491//2786
f 1491//2787 1502//2787 1503//2787
f 1496//2788 1504//2788 1486//2788
f 1486//2789 1504//2789 1493//2789
f 1497//2790 1505//2790 1487//2790
f 1487//2791 1505//2791 1494//2791
f 1489//2792 1506//2792 1495//2792
f 1499//2793 1506//2793 1489//2793
f 1500//2794 1507//2794 1492//2794
f 1492//2795 1507//2795 1496//2795
f 1501//2796 1508//2796 1497//2796
f 1503//2797 1509//2797 1510//2797
f 1502//2798 1509//2798 1503//2798
f 1504//2799 1511//2799 1493//2799
f 1493//2800 1511//2800 1499//2800
f 1505//2801 1512//2801 1494//2801
f 1494//2802 1512//2802 1500//2802
f 1501//2803 1513//2803 1508//2803
f 1495//2804 1514//2804 1502//2804
f 1506//2805 1514//2805 1495//2805
f 1496//2806 1515//2806 1504//2806
f 1507//2807 1515//2807 1496//2807
f 1508//2808 1516//2808 1497//2808
f 1497//2809 1516//2809 1505//2809
f 1505//2810 1516//2810 1512//2810
f 1510//2811 1517//2811 1518//2811
f 1509//2812 1517//2812 1510//2812
f 1511//2813 1519//2813 1499//2813
f 1499//2814 1519//2814 1506//2814
f 1500//2815 1520//2815 1507//2815
f 1512//2816 1520//2816 1500//2816
f 1513//2817 1521//2817 1508//2817
f 1502//2818 1522//2818 1509//2818
f 1514//2819 1522//2819 1502//2819
f 1515//2820 1523//2820 1504//2820
f 1504//2821 1523//2821 1511//2821
f 1516//2822 1524//2822 1512//2822
f 1519//2823 1525//2823 1506//2823
f 1506//2824 1525//2824 1514//2824
f 1515//2825 1526//2825 1523//2825
f 1520//2826 1526//2826 1507//2826
f 1507//2827 1526//2827 1515//2827
f 1521//2828 1527//2828 1508//2828
f 1508//2829 1527//2829 1516//2829
f 1522//2830 1528//2830 1509//2830
f 1509//2831 1528//2831 1517//2831
f 1511//2832 1529//2832 1519//2832
f 1519//2833 1529//2833 1525//2833
f 1523//2834 1529//2834 1511//2834
f 1512//2835 1530//2835 1520//2835
f 1524//2836 1530//2836 1512//2836
f 1520//2837 1530//2837 1526//2837
f 1513//2838 1531//2838 1521//2838
f 1532//2839 1531//2839 1513//2839
f 1514//2840 1533//2840 1522//2840
f 1525//2841 1533//2841 1514//2841
f 1526//2842 1534//2842 1523//2842
f 1527//2843 1535//2843 1516//2843
f 1516//2844 1535//2844 1524//2844
f 1529//2845 1536//2845 1525//2845
f 1526//2846 1537//2846 1534//2846
f 1530//2847 1537//2847 1526//2847
f 1538//2848 1539//2848 1540//2848
f 1541//2849 1539//2849 1538//2849
f 1531//2850 1542//2850 1521//2850
f 1521//2851 1542//2851 1527//2851
f 1533//2852 1543//2852 1522//2852
f 1522//2853 1543//2853 1528//2853
f 1523//2854 1544//2854 1529//2854
f 1534//2855 1544//2855 1523//2855
f 1524//2856 1545//2856 1530//2856
f 1535//2857 1545//2857 1524//2857
f 1525//2858 1546//2858 1533//2858
f 1536//2859 1546//2859 1525//2859
f 1537//2860 1547//2860 1534//2860
f 1534//2861 1547//2861 1544//2861
f 1540//2862 1548//2862 1549//2862
f 1539//2863 1548//2863 1540//2863
f 1527//2864 1550//2864 1535//2864
f 1542//2865 1550//2865 1527//2865
f 1543//2866 1551//2866 1528//2866
f 1528//2867 1551//2867 1552//2867
f 1544//2868 1553//2868 1529//2868
f 1529//2869 1553//2869 1536//2869
f 1545//2870 1554//2870 1530//2870
f 1537//2871 1554//2871 1547//2871
f 1530//2872 1554//2872 1537//2872
f 1555//2873 1556//2873 1541//2873
f 1541//2874 1556//2874 1539//2874
f 1546//2875 1557//2875 1533//2875
f 1533//2876 1557//2876 1543//2876
f 1547//2877 1558//2877 1544//2877
f 1549//2878 1559//2878 1560//2878
f 1548//2879 1559//2879 1549//2879
f 1535//2880 1561//2880 1545//2880
f 1550//2881 1561//2881 1535//2881
f 1536//2882 1562//2882 1546//2882
f 1553//2883 1562//2883 1536//2883
f 1554//2884 1563//2884 1547//2884
f 1539//2885 1564//2885 1548//2885
f 1556//2886 1564//2886 1539//2886
f 1544//2887 1565//2887 1553//2887
f 1558//2888 1565//2888 1544//2888
f 1559//2889 1566//2889 1560//2889
f 1560//2890 1566//2890 1567//2890
f 1561//2891 1568//2891 1545//2891
f 1545//2892 1568//2892 1554//2892
f 1555//2893 1569//2893 1556//2893
f 1570//2894 1569//2894 1555//2894
f 1562//2895 1571//2895 1546//2895
f 1546//2896 1571//2896 1557//2896
f 1563//2897 1572//2897 1547//2897
f 1558//2898 1572//2898 1565//2898
f 1547//2899 1572//2899 1558//2899
f 1564//2900 1573//2900 1548//2900
f 1548//2901 1573//2901 1559//2901
f 1574//2902 1575//2902 1551//2902
f 1551//2903 1575//2903 1570//2903
f 1554//2904 1576//2904 1563//2904
f 1568//2905 1576//2905 1554//2905
f 1569//2906 1577//2906 1556//2906
f 1556//2907 1577//2907 1564//2907
f 1572//2908 1578//2908 1565//2908
f 1573//2909 1579//2909 1559//2909
f 1559//2910 1579//2910 1566//2910
f 1570//2911 1580//2911 1569//2911
f 1575//2912 1580//2912 1570//2912
f 1563//2913 1581//2913 1572//2913
f 1576//2914 1581//2914 1563//2914
f 1564//2915 1582//2915 1573//2915
f 1577//2916 1582//2916 1564//2916
f 1574//2917 1583//2917 1575//2917
f 1584//2918 1583//2918 1574//2918
f 1578//2919 1585//2919 1565//2919
f 1565//2920 1585//2920 1586//2920
f 1580//2921 1587//2921 1569//2921
f 1569//2922 1587//2922 1577//2922
f 1571//2923 1588//2923 1584//2923
f 1589//2924 1588//2924 1571//2924
f 1581//2925 1590//2925 1572//2925
f 1572//2926 1590//2926 1578//2926
f 1573//2927 1591//2927 1579//2927
f 1582//2928 1591//2928 1573//2928
f 1583//2929 1592//2929 1575//2929
f 1575//2930 1592//2930 1580//2930
f 1586//2931 1593//2931 1589//2931
f 1585//2932 1593//2932 1586//2932
f 1577//2933 1594//2933 1582//2933
f 1587//2934 1594//2934 1577//2934
f 1584//2935 1595//2935 1583//2935
f 1588//2936 1595//2936 1584//2936
f 1595//2937 1596//2937 1583//2937
f 1583//2938 1596//2938 1592//2938
f 1597//2939 1598//2939 1585//2939
f 1585//2940 1598//2940 1593//2940
f 1599//2941 1600//2941 1587//2941
f 1587//2942 1600//2942 1594//2942
f 1601//2943 1602//2943 1588//2943
f 1588//2944 1602//2944 1595//2944
f 1596//2945 1603//2945 1592//2945
f 1592//2946 1603//2946 1599//2946
f 1598//2947 1604//2947 1593//2947
f 1593//2948 1604//2948 1601//2948
f 1602//2949 1605//2949 1595//2949
f 1595//2950 1605//2950 1596//2950
f 1604//2951 1606//2951 1601//2951
f 1601//2952 1606//2952 1602//2952
f 1605//2953 1607//2953 1596//2953
f 1596//2954 1607//2954 1603//2954
f 1602//2955 1608//2955 1605//2955
f 1606//2956 1608//2956 1602//2956
f 1607//2957 1609//2957 1603//2957
f 1603//2958 1609//2958 1610//2958
f 1611//2959 1612//2959 1607//2959
f 1607//2960 1612//2960 1609//2960
f 20//2961 1613//2961 25//2961
f 25//2962 1613//2962 1614//2962
f 1614//2963 1615//2963 1616//2963
f 1613//2964 1615//2964 1614//2964
f 20//2965 1617//2965 1613//2965
f 1613//2966 1617//2966 1615//2966
f 1615//2967 1618//2967 1616//2967
f 1617//2968 1618//2968 1615//2968
f 16//2969 1619//2969 20//2969
f 20//2970 1619//2970 1617//2970
f 1618//2971 1620//2971 1467//2971
f 1617//2972 1620//2972 1618//2972
f 1619//2973 1620//2973 1617//2973
f 1619//2974 1621//2974 1620//2974
f 1616//2975 1622//2975 1623//2975
f 1469//2976 1622//2976 1467//2976
f 1618//2977 1622//2977 1616//2977
f 1467//2978 1622//2978 1618//2978
f 16//2979 1624//2979 1619//2979
f 1619//2980 1624//2980 1621//2980
f 16//2981 1625//2981 1624//2981
f 1467//2982 1626//2982 1468//2982
f 1620//2983 1626//2983 1467//2983
f 1621//2984 1626//2984 1620//2984
f 1624//2985 1626//2985 1621//2985
f 1623//2986 1627//2986 1628//2986
f 1469//2987 1627//2987 1622//2987
f 1622//2988 1627//2988 1623//2988
f 1472//2989 1627//2989 1469//2989
f 1625//2990 1629//2990 1624//2990
f 1472//2991 1630//2991 1627//2991
f 1628//2992 1630//2992 1631//2992
f 1627//2993 1630//2993 1628//2993
f 1476//2994 1630//2994 1472//2994
f 1476//2995 1632//2995 1630//2995
f 1630//2996 1632//2996 1631//2996
f 1479//2997 1632//2997 1476//2997
f 1629//2998 1633//2998 1624//2998
f 1468//2999 1633//2999 1473//2999
f 1626//3000 1633//3000 1468//3000
f 1634//3001 1633//3001 1629//3001
f 1624//3002 1633//3002 1626//3002
f 1460//3003 1635//3003 1459//3003
f 1633//3004 1636//3004 1473//3004
f 1634//3005 1636//3005 1633//3005
f 1637//3006 1636//3006 1634//3006
f 1473//3007 1636//3007 1481//3007
f 1631//3008 1638//3008 1639//3008
f 1479//3009 1638//3009 1632//3009
f 1632//3010 1638//3010 1631//3010
f 1484//3011 1638//3011 1479//3011
f 1635//3012 1640//3012 1637//3012
f 1637//3013 1640//3013 1636//3013
f 1639//3014 1641//3014 1642//3014
f 1638//3015 1641//3015 1639//3015
f 1484//3016 1641//3016 1638//3016
f 1490//3017 1641//3017 1484//3017
f 1460//3018 1643//3018 1635//3018
f 1635//3019 1643//3019 1640//3019
f 1642//3020 1644//3020 1645//3020
f 1641//3021 1644//3021 1642//3021
f 1460//3022 1646//3022 1643//3022
f 1490//3023 1647//3023 1641//3023
f 1641//3024 1647//3024 1644//3024
f 1643//3025 1648//3025 1640//3025
f 1636//3026 1648//3026 1481//3026
f 1640//3027 1648//3027 1636//3027
f 1481//3028 1648//3028 1488//3028
f 1647//3029 1649//3029 1644//3029
f 1490//3030 1649//3030 1647//3030
f 1491//3031 1649//3031 1490//3031
f 1646//3032 1650//3032 1643//3032
f 1644//3033 1651//3033 1645//3033
f 1649//3034 1651//3034 1644//3034
f 1491//3035 1651//3035 1649//3035
f 1645//3036 1652//3036 1653//3036
f 1651//3037 1652//3037 1645//3037
f 1503//3038 1652//3038 1491//3038
f 1491//3039 1652//3039 1651//3039
f 1643//3040 1654//3040 1648//3040
f 1650//3041 1654//3041 1643//3041
f 1648//3042 1654//3042 1488//3042
f 1655//3043 1654//3043 1650//3043
f 1488//3044 1654//3044 1498//3044
f 1503//3045 1656//3045 1652//3045
f 1652//3046 1656//3046 1653//3046
f 1462//3047 1657//3047 1461//3047
f 1653//3048 1658//3048 1659//3048
f 1656//3049 1658//3049 1653//3049
f 1510//3050 1660//3050 1503//3050
f 1656//3051 1660//3051 1658//3051
f 1503//3052 1660//3052 1656//3052
f 1498//3053 1661//3053 1501//3053
f 1654//3054 1661//3054 1498//3054
f 1655//3055 1661//3055 1654//3055
f 1662//3056 1661//3056 1655//3056
f 1518//3057 1663//3057 1510//3057
f 1510//3058 1663//3058 1660//3058
f 1660//3059 1663//3059 1658//3059
f 1657//3060 1664//3060 1662//3060
f 1659//3061 1665//3061 1666//3061
f 1658//3062 1665//3062 1659//3062
f 1518//3063 1667//3063 1663//3063
f 1663//3064 1667//3064 1658//3064
f 1658//3065 1667//3065 1665//3065
f 1657//3066 1668//3066 1664//3066
f 1462//3067 1668//3067 1657//3067
f 1667//3068 1669//3068 1665//3068
f 1661//3069 1670//3069 1501//3069
f 1501//3070 1670//3070 1513//3070
f 1662//3071 1670//3071 1661//3071
f 1668//3072 1670//3072 1664//3072
f 1664//3073 1670//3073 1662//3073
f 1463//3074 1671//3074 1462//3074
f 1462//3075 1671//3075 1668//3075
f 1669//3076 1672//3076 1665//3076
f 1665//3077 1672//3077 1666//3077
f 1667//3078 1673//3078 1669//3078
f 1669//3079 1673//3079 1672//3079
f 1674//3080 1673//3080 1518//3080
f 1538//3081 1673//3081 1674//3081
f 1518//3082 1673//3082 1667//3082
f 1671//3083 1675//3083 1668//3083
f 1672//3084 1676//3084 1666//3084
f 1666//3085 1676//3085 1677//3085
f 1538//3086 1678//3086 1673//3086
f 1672//3087 1678//3087 1676//3087
f 1673//3088 1678//3088 1672//3088
f 1668//3089 1679//3089 1670//3089
f 1670//3090 1679//3090 1513//3090
f 1513//3091 1679//3091 1532//3091
f 1675//3092 1679//3092 1668//3092
f 1540//3093 1680//3093 1538//3093
f 1678//3094 1680//3094 1676//3094
f 1538//3095 1680//3095 1678//3095
f 1463//3096 1681//3096 1671//3096
f 1671//3097 1682//3097 1675//3097
f 1681//3098 1682//3098 1671//3098
f 1677//3099 1683//3099 1684//3099
f 1676//3100 1683//3100 1677//3100
f 1540//3101 1685//3101 1680//3101
f 1680//3102 1685//3102 1676//3102
f 1676//3103 1685//3103 1683//3103
f 1518//3104 1686//3104 1674//3104
f 1517//3105 1686//3105 1518//3105
f 1687//3106 1686//3106 1517//3106
f 1681//3107 1688//3107 1682//3107
f 1685//3108 1689//3108 1683//3108
f 1541//3109 1690//3109 1687//3109
f 1686//3110 1690//3110 1674//3110
f 1687//3111 1690//3111 1686//3111
f 1674//3112 1690//3112 1538//3112
f 1538//3113 1690//3113 1541//3113
f 1683//3114 1691//3114 1684//3114
f 1689//3115 1691//3115 1683//3115
f 1692//3116 1693//3116 1694//3116
f 1549//3117 1695//3117 1540//3117
f 1540//3118 1695//3118 1685//3118
f 1685//3119 1695//3119 1689//3119
f 1689//3120 1695//3120 1691//3120
f 1684//3121 1696//3121 1697//3121
f 1691//3122 1696//3122 1684//3122
f 1528//3123 1698//3123 1517//3123
f 1552//3124 1698//3124 1528//3124
f 1517//3125 1698//3125 1687//3125
f 1560//3126 1699//3126 1549//3126
f 1549//3127 1699//3127 1695//3127
f 1695//3128 1699//3128 1691//3128
f 1691//3129 1699//3129 1696//3129
f 1560//3130 1700//3130 1699//3130
f 1699//3131 1700//3131 1696//3131
f 1701//3132 1702//3132 1692//3132
f 1692//3133 1702//3133 1693//3133
f 1687//3134 1703//3134 1541//3134
f 1555//3135 1703//3135 1552//3135
f 1541//3136 1703//3136 1555//3136
f 1698//3137 1703//3137 1687//3137
f 1552//3138 1703//3138 1698//3138
f 1700//3139 1704//3139 1696//3139
f 1697//3140 1704//3140 1705//3140
f 1696//3141 1704//3141 1697//3141
f 1700//3142 1706//3142 1704//3142
f 1560//3143 1706//3143 1700//3143
f 1567//3144 1706//3144 1560//3144
f 1706//3145 1707//3145 1704//3145
f 1705//3146 1708//3146 1709//3146
f 1704//3147 1708//3147 1705//3147
f 1707//3148 1708//3148 1704//3148
f 1702//3149 1710//3149 1532//3149
f 4693//3150 1710//3150 1701//3150
f 1701//3151 1710//3151 1702//3151
f 1532//3152 1710//3152 1531//3152
f 1707//3153 1711//3153 1708//3153
f 1570//3154 1712//3154 1551//3154
f 1552//3155 1712//3155 1555//3155
f 1551//3156 1712//3156 1552//3156
f 1555//3157 1712//3157 1570//3157
f 4693//3158 1713//3158 1710//3158
f 4692//3159 1713//3159 4693//3159
f 1531//3160 1713//3160 1542//3160
f 1710//3161 1713//3161 1531//3161
f 1551//3162 1714//3162 1574//3162
f 1574//3163 1714//3163 1557//3163
f 1543//3164 1714//3164 1551//3164
f 1557//3165 1714//3165 1543//3165
f 1711//3166 1715//3166 1708//3166
f 1542//3167 1716//3167 1550//3167
f 1550//3168 1716//3168 1561//3168
f 1565//3169 1717//3169 1553//3169
f 1553//3170 1717//3170 1562//3170
f 1586//3171 1717//3171 1565//3171
f 1713//3172 1718//3172 1542//3172
f 1542//3173 1718//3173 1716//3173
f 4692//3174 1718//3174 1713//3174
f 1711//3175 1719//3175 1715//3175
f 1557//3176 1720//3176 1574//3176
f 1571//3177 1720//3177 1557//3177
f 1574//3178 1720//3178 1584//3178
f 1584//3179 1720//3179 1571//3179
f 1718//3180 1721//3180 1716//3180
f 4692//3181 1721//3181 1718//3181
f 4691//3182 1721//3182 4692//3182
f 1566//3183 1722//3183 1567//3183
f 1717//3184 1723//3184 1562//3184
f 1586//3185 1723//3185 1717//3185
f 1562//3186 1723//3186 1571//3186
f 1589//3187 1723//3187 1586//3187
f 1571//3188 1723//3188 1589//3188
f 1719//3189 1724//3189 1715//3189
f 1725//3190 1724//3190 1719//3190
f 1721//3191 1726//3191 1716//3191
f 1716//3192 1726//3192 1561//3192
f 4691//3193 1726//3193 1721//3193
f 1722//3194 1727//3194 1725//3194
f 1561//3195 1728//3195 1568//3195
f 4691//3196 1728//3196 1726//3196
f 1729//3197 1728//3197 4691//3197
f 1726//3198 1728//3198 1561//3198
f 1566//3199 1730//3199 1722//3199
f 1579//3200 1730//3200 1566//3200
f 1722//3201 1731//3201 1727//3201
f 1730//3202 1731//3202 1722//3202
f 1727//3203 1732//3203 1725//3203
f 1731//3204 1732//3204 1727//3204
f 1728//3205 1733//3205 1568//3205
f 4690//3206 1733//3206 1729//3206
f 1568//3207 1733//3207 1576//3207
f 1729//3208 1733//3208 1728//3208
f 1597//3209 1734//3209 1590//3209
f 1585//3210 1734//3210 1597//3210
f 1578//3211 1734//3211 1585//3211
f 1590//3212 1734//3212 1578//3212
f 1730//3213 1735//3213 1731//3213
f 1599//3214 1736//3214 1592//3214
f 1587//3215 1736//3215 1599//3215
f 1580//3216 1736//3216 1587//3216
f 1592//3217 1736//3217 1580//3217
f 1588//3218 1737//3218 1601//3218
f 1601//3219 1737//3219 1593//3219
f 1593//3220 1737//3220 1589//3220
f 1589//3221 1737//3221 1588//3221
f 1738//3222 1739//3222 1594//3222
f 1591//3223 1739//3223 1738//3223
f 1582//3224 1739//3224 1591//3224
f 1594//3225 1739//3225 1582//3225
f 1733//3226 1740//3226 1576//3226
f 1576//3227 1740//3227 1581//3227
f 1581//3228 1740//3228 1590//3228
f 1579//3229 1741//3229 1730//3229
f 1591//3230 1741//3230 1579//3230
f 4690//3231 1742//3231 1733//3231
f 1733//3232 1742//3232 1740//3232
f 1730//3233 1743//3233 1735//3233
f 1741//3234 1743//3234 1730//3234
f 1743//3235 1744//3235 1735//3235
f 1745//3236 1746//3236 4690//3236
f 4690//3237 1746//3237 1742//3237
f 1742//3238 1746//3238 1740//3238
f 1741//3239 1747//3239 1743//3239
f 1740//3240 1748//3240 1590//3240
f 1746//3241 1748//3241 1740//3241
f 1745//3242 1748//3242 1746//3242
f 1594//3243 1749//3243 1738//3243
f 1738//3244 1749//3244 1750//3244
f 1750//3245 1749//3245 1600//3245
f 1600//3246 1749//3246 1594//3246
f 1738//3247 1751//3247 1591//3247
f 1591//3248 1751//3248 1741//3248
f 1590//3249 1752//3249 1597//3249
f 1748//3250 1752//3250 1590//3250
f 1745//3251 1752//3251 1748//3251
f 1751//3252 1753//3252 1741//3252
f 1741//3253 1753//3253 1747//3253
f 1599//3254 1754//3254 1600//3254
f 1610//3255 1754//3255 1603//3255
f 1603//3256 1754//3256 1599//3256
f 1753//3257 1755//3257 1747//3257
f 1156//3258 1755//3258 1154//3258
f 1744//3259 1755//3259 1156//3259
f 1743//3260 1755//3260 1744//3260
f 1747//3261 1755//3261 1743//3261
f 1745//3262 1756//3262 1752//3262
f 1757//3263 1756//3263 1745//3263
f 1597//3264 1756//3264 1598//3264
f 1752//3265 1756//3265 1597//3265
f 1751//3266 1758//3266 1753//3266
f 1756//3267 1759//3267 1598//3267
f 1757//3268 1759//3268 1756//3268
f 1760//3269 1759//3269 1757//3269
f 1754//3270 1761//3270 1600//3270
f 1610//3271 1761//3271 1754//3271
f 1600//3272 1761//3272 1750//3272
f 1750//3273 1761//3273 1762//3273
f 1762//3274 1761//3274 1610//3274
f 1750//3275 1763//3275 1738//3275
f 1738//3276 1763//3276 1751//3276
f 1751//3277 1764//3277 1758//3277
f 1763//3278 1764//3278 1751//3278
f 1758//3279 1765//3279 1753//3279
f 1764//3280 1765//3280 1758//3280
f 1154//3281 1765//3281 1180//3281
f 1753//3282 1765//3282 1755//3282
f 1755//3283 1765//3283 1154//3283
f 1759//3284 1766//3284 1598//3284
f 1598//3285 1766//3285 1604//3285
f 1604//3286 1766//3286 1606//3286
f 1759//3287 1767//3287 1766//3287
f 1760//3288 1767//3288 1759//3288
f 1608//3289 1768//3289 1605//3289
f 1605//3290 1768//3290 1607//3290
f 1607//3291 1768//3291 1611//3291
f 1611//3292 1768//3292 1608//3292
f 1763//3293 1769//3293 1764//3293
f 1609//3294 1770//3294 1610//3294
f 1610//3295 1770//3295 1762//3295
f 1762//3296 1770//3296 1771//3296
f 1771//3297 1770//3297 1609//3297
f 1767//3298 1772//3298 1766//3298
f 1750//3299 1773//3299 1763//3299
f 1762//3300 1773//3300 1750//3300
f 1766//3301 1774//3301 1606//3301
f 1606//3302 1774//3302 1608//3302
f 1763//3303 1775//3303 1769//3303
f 1773//3304 1775//3304 1763//3304
f 1772//3305 1776//3305 1766//3305
f 1766//3306 1776//3306 1774//3306
f 1764//3307 1777//3307 1765//3307
f 1180//3308 1777//3308 1178//3308
f 1775//3309 1777//3309 1769//3309
f 1769//3310 1777//3310 1764//3310
f 1765//3311 1777//3311 1180//3311
f 1767//3312 1778//3312 1772//3312
f 1760//3313 1778//3313 1767//3313
f 1779//3314 1778//3314 1760//3314
f 1772//3315 1778//3315 1776//3315
f 1776//3316 1780//3316 1774//3316
f 1779//3317 1780//3317 1778//3317
f 1778//3318 1780//3318 1776//3318
f 1773//3319 1781//3319 1775//3319
f 1775//3320 1781//3320 1777//3320
f 1612//3321 1782//3321 1609//3321
f 1609//3322 1782//3322 1771//3322
f 1771//3323 1782//3323 1783//3323
f 1783//3324 1782//3324 1612//3324
f 1771//3325 1784//3325 1762//3325
f 1762//3326 1784//3326 1773//3326
f 1773//3327 1784//3327 1781//3327
f 1774//3328 1785//3328 1608//3328
f 4686//3329 1785//3329 1779//3329
f 1608//3330 1785//3330 1611//3330
f 1779//3331 1785//3331 1780//3331
f 1780//3332 1785//3332 1774//3332
f 1784//3333 1786//3333 1781//3333
f 1611//3334 1787//3334 1612//3334
f 1785//3335 1787//3335 1611//3335
f 1178//3336 1788//3336 1417//3336
f 1777//3337 1788//3337 1178//3337
f 1781//3338 1788//3338 1777//3338
f 1786//3339 1788//3339 1781//3339
f 4686//3340 1789//3340 1785//3340
f 1785//3341 1789//3341 1787//3341
f 1789//3342 1790//3342 1787//3342
f 1784//3343 1791//3343 1786//3343
f 1786//3344 1791//3344 1788//3344
f 1612//3345 1792//3345 1783//3345
f 1787//3346 1792//3346 1612//3346
f 1771//3347 1793//3347 1784//3347
f 1783//3348 1793//3348 1771//3348
f 1784//3349 1793//3349 1791//3349
f 1790//3350 1794//3350 1787//3350
f 1787//3351 1794//3351 1792//3351
f 1789//3352 1795//3352 1790//3352
f 1790//3353 1795//3353 1794//3353
f 4684//3354 1795//3354 4686//3354
f 4686//3355 1795//3355 1789//3355
f 1793//3356 1796//3356 1791//3356
f 1791//3357 1797//3357 1788//3357
f 1796//3358 1797//3358 1791//3358
f 1417//3359 1797//3359 1239//3359
f 1788//3360 1797//3360 1417//3360
f 1794//3361 1798//3361 1792//3361
f 1793//3362 1799//3362 1796//3362
f 1796//3363 1799//3363 1797//3363
f 1792//3364 1800//3364 1783//3364
f 1798//3365 1800//3365 1792//3365
f 1795//3366 1801//3366 1794//3366
f 4684//3367 1801//3367 1795//3367
f 1798//3368 1801//3368 1800//3368
f 1802//3369 1801//3369 4684//3369
f 1794//3370 1801//3370 1798//3370
f 1793//3371 1803//3371 1799//3371
f 1797//3372 1804//3372 1239//3372
f 1803//3373 1804//3373 1799//3373
f 1239//3374 1804//3374 1237//3374
f 1799//3375 1804//3375 1797//3375
f 1237//3376 1805//3376 1257//3376
f 1257//3377 1805//3377 4683//3377
f 1806//3378 1807//3378 1808//3378
f 1805//3379 1807//3379 4683//3379
f 1808//3380 1807//3380 1805//3380
f 4681//3381 1807//3381 1806//3381
f 4683//3382 1807//3382 4681//3382
f 1625//3383 1809//3383 1629//3383
f 1459//3384 1809//3384 16//3384
f 16//3385 1809//3385 1625//3385
f 1635//3386 1810//3386 1459//3386
f 1459//3387 1810//3387 1809//3387
f 1637//3388 1810//3388 1635//3388
f 1634//3389 1810//3389 1637//3389
f 1809//3390 1810//3390 1629//3390
f 1629//3391 1810//3391 1634//3391
f 1460//3392 1811//3392 1646//3392
f 1646//3393 1811//3393 1650//3393
f 1461//3394 1811//3394 1460//3394
f 1662//3395 1812//3395 1657//3395
f 1811//3396 1812//3396 1650//3396
f 1461//3397 1812//3397 1811//3397
f 1650//3398 1812//3398 1655//3398
f 1657//3399 1812//3399 1461//3399
f 1655//3400 1812//3400 1662//3400
f 1694//3401 1813//3401 1465//3401
f 1681//3402 1813//3402 1688//3402
f 1464//3403 1813//3403 1463//3403
f 1693//3404 1813//3404 1694//3404
f 1465//3405 1813//3405 1464//3405
f 1688//3406 1813//3406 1693//3406
f 1463//3407 1813//3407 1681//3407
f 1679//3408 1814//3408 1532//3408
f 1675//3409 1814//3409 1679//3409
f 1682//3410 1814//3410 1675//3410
f 1532//3411 1815//3411 1702//3411
f 1814//3412 1815//3412 1532//3412
f 1688//3413 1815//3413 1682//3413
f 1693//3414 1815//3414 1688//3414
f 1682//3415 1815//3415 1814//3415
f 1702//3416 1815//3416 1693//3416
f 1567//3417 1816//3417 1706//3417
f 1706//3418 1816//3418 1707//3418
f 1707//3419 1816//3419 1711//3419
f 1715//3420 1817//3420 1708//3420
f 1466//3421 1817//3421 1123//3421
f 1709//3422 1817//3422 1466//3422
f 1708//3423 1817//3423 1709//3423
f 1711//3424 1818//3424 1719//3424
f 1816//3425 1818//3425 1711//3425
f 1722//3426 1819//3426 1567//3426
f 1719//3427 1819//3427 1725//3427
f 1725//3428 1819//3428 1722//3428
f 1816//3429 1819//3429 1818//3429
f 1567//3430 1819//3430 1816//3430
f 1818//3431 1819//3431 1719//3431
f 1724//3432 1820//3432 1715//3432
f 1123//3433 1820//3433 1130//3433
f 1130//3434 1820//3434 1724//3434
f 1817//3435 1820//3435 1123//3435
f 1715//3436 1820//3436 1817//3436
f 1130//3437 1821//3437 1137//3437
f 1137//3438 1821//3438 1732//3438
f 1724//3439 1821//3439 1130//3439
f 1725//3440 1821//3440 1724//3440
f 1732//3441 1821//3441 1725//3441
f 1137//3442 1822//3442 1156//3442
f 1732//3443 1822//3443 1137//3443
f 1156//3444 1822//3444 1744//3444
f 1731//3445 1822//3445 1732//3445
f 1735//3446 1822//3446 1731//3446
f 1744//3447 1822//3447 1735//3447
f 1783//3448 1823//3448 1793//3448
f 1793//3449 1823//3449 1803//3449
f 1803//3450 1823//3450 1824//3450
f 1800//3451 1823//3451 1783//3451
f 1801//3452 1825//3452 1800//3452
f 1802//3453 1825//3453 1801//3453
f 1823//3454 1825//3454 1824//3454
f 1800//3455 1825//3455 1823//3455
f 1802//3456 1826//3456 1825//3456
f 1824//3457 1826//3457 1808//3457
f 1808//3458 1826//3458 1806//3458
f 1806//3459 1826//3459 1802//3459
f 1825//3460 1826//3460 1824//3460
f 1824//3461 1827//3461 1803//3461
f 1803//3462 1827//3462 1804//3462
f 1804//3463 1827//3463 1237//3463
f 1808//3464 1827//3464 1824//3464
f 1805//3465 1827//3465 1808//3465
f 1237//3466 1827//3466 1805//3466
f 1124//3467 1466//3467 1122//3467
f 1709//3468 1466//3468 1124//3468
f 1129//3469 1709//3469 1124//3469
f 1705//3470 1709//3470 1129//3470
f 1135//3471 1705//3471 1129//3471
f 1697//3472 1705//3472 1135//3472
f 1143//3473 1697//3473 1135//3473
f 1684//3474 1697//3474 1143//3474
f 1149//3475 1684//3475 1143//3475
f 1677//3476 1684//3476 1149//3476
f 1666//3477 1149//3477 1167//3477
f 1666//3478 1677//3478 1149//3478
f 1659//3479 1167//3479 1170//3479
f 1659//3480 1666//3480 1167//3480
f 1653//3481 1170//3481 1182//3481
f 1653//3482 1659//3482 1170//3482
f 1645//3483 1182//3483 1196//3483
f 1645//3484 1653//3484 1182//3484
f 1642//3485 1196//3485 1208//3485
f 1642//3486 1645//3486 1196//3486
f 1639//3487 1208//3487 1228//3487
f 1639//3488 1642//3488 1208//3488
f 1631//3489 1228//3489 1247//3489
f 1631//3490 1639//3490 1228//3490
f 1628//3491 1247//3491 1263//3491
f 1628//3492 1631//3492 1247//3492
f 1623//3493 1263//3493 1282//3493
f 1623//3494 1628//3494 1263//3494
f 1616//3495 1282//3495 1303//3495
f 1616//3496 1623//3496 1282//3496
f 1614//3497 1616//3497 1303//3497
f 1614//3498 1303//3498 27//3498
f 29//3499 1614//3499 27//3499
f 26//3500 1614//3500 29//3500
f 25//3501 1614//3501 26//3501
f 1828//3502 1829//3502 1830//3502
f 1831//3503 1832//3503 1833//3503
f 1829//3504 1834//3504 1830//3504
f 1830//3505 1835//3505 1836//3505
f 1834//3506 1835//3506 1830//3506
f 1837//3507 1838//3507 1829//3507
f 1829//3508 1838//3508 1834//3508
f 1834//3509 1839//3509 1835//3509
f 1838//3510 1840//3510 1834//3510
f 1834//3511 1840//3511 1839//3511
f 1836//3512 1841//3512 1842//3512
f 1835//3513 1841//3513 1836//3513
f 1839//3514 1843//3514 1835//3514
f 1835//3515 1843//3515 1841//3515
f 1844//3516 1845//3516 1837//3516
f 1837//3517 1845//3517 1838//3517
f 1838//3518 1846//3518 1840//3518
f 1845//3519 1846//3519 1838//3519
f 1843//3520 1847//3520 1841//3520
f 1845//3521 1848//3521 1846//3521
f 1842//3522 1849//3522 1850//3522
f 1841//3523 1849//3523 1842//3523
f 1847//3524 1849//3524 1841//3524
f 1847//3525 1851//3525 1849//3525
f 1847//3526 1852//3526 1851//3526
f 1853//3527 1852//3527 1854//3527
f 1850//3528 1855//3528 1856//3528
f 1849//3529 1855//3529 1850//3529
f 1851//3530 1855//3530 1849//3530
f 1852//3531 1855//3531 1851//3531
f 1853//3532 1855//3532 1852//3532
f 1848//3533 1857//3533 1858//3533
f 1859//3534 1860//3534 1857//3534
f 1861//3535 1862//3535 1863//3535
f 1863//3536 1862//3536 1859//3536
f 1859//3537 1862//3537 1860//3537
f 1858//3538 1864//3538 1854//3538
f 1865//3539 1866//3539 1853//3539
f 1855//3540 1866//3540 1856//3540
f 1853//3541 1866//3541 1855//3541
f 1862//3542 1867//3542 1860//3542
f 1864//3543 1868//3543 1854//3543
f 1854//3544 1868//3544 1853//3544
f 1864//3545 1869//3545 1868//3545
f 1870//3546 1871//3546 1872//3546
f 1864//3547 1871//3547 1869//3547
f 1856//3548 1873//3548 1874//3548
f 1866//3549 1873//3549 1856//3549
f 1865//3550 1873//3550 1866//3550
f 1868//3551 1875//3551 1853//3551
f 1869//3552 1875//3552 1868//3552
f 1871//3553 1875//3553 1869//3553
f 1870//3554 1875//3554 1871//3554
f 1874//3555 1876//3555 1877//3555
f 1873//3556 1876//3556 1874//3556
f 1873//3557 1878//3557 1876//3557
f 1867//3558 1879//3558 1880//3558
f 1853//3559 1881//3559 1865//3559
f 1875//3560 1881//3560 1853//3560
f 1878//3561 1882//3561 1876//3561
f 1875//3562 1883//3562 1881//3562
f 1870//3563 1884//3563 1875//3563
f 1875//3564 1884//3564 1883//3564
f 1880//3565 1885//3565 1872//3565
f 1886//3566 1887//3566 1879//3566
f 1888//3567 1889//3567 1890//3567
f 1886//3568 1889//3568 1887//3568
f 1890//3569 1889//3569 1886//3569
f 1876//3570 1891//3570 1877//3570
f 1877//3571 1891//3571 1892//3571
f 1882//3572 1891//3572 1876//3572
f 1882//3573 1893//3573 1891//3573
f 1883//3574 1894//3574 1881//3574
f 1881//3575 1894//3575 1865//3575
f 1895//3576 1894//3576 1884//3576
f 1884//3577 1894//3577 1883//3577
f 1885//3578 1896//3578 1872//3578
f 1872//3579 1896//3579 1870//3579
f 1897//3580 1898//3580 1899//3580
f 1882//3581 1898//3581 1893//3581
f 1889//3582 1900//3582 1887//3582
f 1885//3583 1901//3583 1896//3583
f 1902//3584 1903//3584 1904//3584
f 1885//3585 1903//3585 1901//3585
f 1892//3586 1905//3586 1906//3586
f 1891//3587 1905//3587 1892//3587
f 1893//3588 1905//3588 1891//3588
f 1897//3589 1905//3589 1898//3589
f 1898//3590 1905//3590 1893//3590
f 1865//3591 1907//3591 1899//3591
f 1894//3592 1907//3592 1865//3592
f 1894//3593 1908//3593 1907//3593
f 1895//3594 1909//3594 1894//3594
f 1894//3595 1909//3595 1908//3595
f 1896//3596 1910//3596 1870//3596
f 1902//3597 1910//3597 1903//3597
f 1901//3598 1910//3598 1896//3598
f 1903//3599 1910//3599 1901//3599
f 1900//3600 1911//3600 1912//3600
f 1907//3601 1913//3601 1899//3601
f 1909//3602 1913//3602 1908//3602
f 1908//3603 1913//3603 1907//3603
f 1914//3604 1913//3604 1909//3604
f 1897//3605 1915//3605 1905//3605
f 1906//3606 1915//3606 1916//3606
f 1917//3607 1915//3607 1897//3607
f 1905//3608 1915//3608 1906//3608
f 1918//3609 1919//3609 1911//3609
f 1899//3610 1920//3610 1897//3610
f 1913//3611 1920//3611 1899//3611
f 1913//3612 1921//3612 1920//3612
f 1913//3613 1922//3613 1921//3613
f 1914//3614 1922//3614 1913//3614
f 1923//3615 1922//3615 1914//3615
f 1924//3616 1925//3616 1902//3616
f 1902//3617 1925//3617 1910//3617
f 1926//3618 1927//3618 1904//3618
f 1904//3619 1927//3619 1902//3619
f 1926//3620 1928//3620 1927//3620
f 1926//3621 1929//3621 1928//3621
f 1920//3622 1930//3622 1897//3622
f 1921//3623 1930//3623 1920//3623
f 1922//3624 1930//3624 1921//3624
f 1923//3625 1930//3625 1922//3625
f 1915//3626 1931//3626 1916//3626
f 1917//3627 1931//3627 1915//3627
f 1916//3628 1931//3628 1932//3628
f 1933//3629 1931//3629 1917//3629
f 1919//3630 1934//3630 1935//3630
f 1927//3631 1936//3631 1902//3631
f 1928//3632 1936//3632 1927//3632
f 1929//3633 1936//3633 1928//3633
f 1937//3634 1936//3634 1929//3634
f 1930//3635 1938//3635 1897//3635
f 1897//3636 1938//3636 1917//3636
f 1930//3637 1939//3637 1938//3637
f 1940//3638 1941//3638 1942//3638
f 1942//3639 1941//3639 1943//3639
f 1944//3640 1945//3640 1923//3640
f 1923//3641 1945//3641 1930//3641
f 1930//3642 1945//3642 1939//3642
f 1943//3643 1946//3643 1934//3643
f 1941//3644 1946//3644 1943//3644
f 1924//3645 1947//3645 1925//3645
f 1914//3646 1947//3646 1923//3646
f 1948//3647 1947//3647 1924//3647
f 1936//3648 1949//3648 1902//3648
f 1902//3649 1949//3649 1924//3649
f 1936//3650 1950//3650 1949//3650
f 1932//3651 1951//3651 1952//3651
f 1937//3652 1953//3652 1936//3652
f 1936//3653 1953//3653 1950//3653
f 1954//3654 1953//3654 1937//3654
f 1935//3655 1955//3655 1956//3655
f 1938//3656 1957//3656 1917//3656
f 1944//3657 1957//3657 1945//3657
f 1939//3658 1957//3658 1938//3658
f 1945//3659 1957//3659 1939//3659
f 1931//3660 1958//3660 1932//3660
f 1933//3661 1958//3661 1931//3661
f 1932//3662 1958//3662 1951//3662
f 1959//3663 1958//3663 1933//3663
f 1941//3664 1960//3664 1946//3664
f 1961//3665 1962//3665 1940//3665
f 1949//3666 1963//3666 1924//3666
f 1950//3667 1963//3667 1949//3667
f 1953//3668 1963//3668 1950//3668
f 1954//3669 1963//3669 1953//3669
f 1952//3670 1964//3670 1965//3670
f 1951//3671 1964//3671 1952//3671
f 1958//3672 1964//3672 1951//3672
f 1959//3673 1964//3673 1958//3673
f 1917//3674 1966//3674 1933//3674
f 1957//3675 1966//3675 1917//3675
f 1962//3676 1967//3676 1940//3676
f 1940//3677 1967//3677 1941//3677
f 1941//3678 1967//3678 1960//3678
f 1957//3679 1968//3679 1966//3679
f 1969//3680 1970//3680 1961//3680
f 1971//3681 1970//3681 1969//3681
f 1961//3682 1970//3682 1962//3682
f 1962//3683 1970//3683 1971//3683
f 1944//3684 1972//3684 1957//3684
f 1973//3685 1972//3685 1944//3685
f 1957//3686 1972//3686 1968//3686
f 1948//3687 1974//3687 1947//3687
f 1975//3688 1974//3688 1948//3688
f 1947//3689 1974//3689 1923//3689
f 1963//3690 1976//3690 1924//3690
f 1924//3691 1976//3691 1948//3691
f 1963//3692 1977//3692 1976//3692
f 1963//3693 1978//3693 1977//3693
f 1979//3694 1978//3694 1954//3694
f 1954//3695 1978//3695 1963//3695
f 1980//3696 1981//3696 1982//3696
f 1982//3697 1981//3697 1955//3697
f 1966//3698 1983//3698 1933//3698
f 1968//3699 1983//3699 1966//3699
f 1972//3700 1983//3700 1968//3700
f 1973//3701 1983//3701 1972//3701
f 1923//3702 1984//3702 1944//3702
f 1974//3703 1984//3703 1923//3703
f 1974//3704 1985//3704 1984//3704
f 1975//3705 1986//3705 1974//3705
f 1974//3706 1986//3706 1985//3706
f 1987//3707 1986//3707 1975//3707
f 1959//3708 1988//3708 1964//3708
f 1964//3709 1988//3709 1965//3709
f 1965//3710 1988//3710 1989//3710
f 1990//3711 1988//3711 1959//3711
f 1978//3712 1991//3712 1977//3712
f 1979//3713 1991//3713 1978//3713
f 1976//3714 1991//3714 1948//3714
f 1977//3715 1991//3715 1976//3715
f 1981//3716 1992//3716 1937//3716
f 1937//3717 1992//3717 1954//3717
f 1981//3718 1993//3718 1992//3718
f 1981//3719 1994//3719 1993//3719
f 1995//3720 1994//3720 1980//3720
f 1980//3721 1994//3721 1981//3721
f 1985//3722 1996//3722 1984//3722
f 1986//3723 1996//3723 1985//3723
f 1987//3724 1996//3724 1986//3724
f 1984//3725 1996//3725 1944//3725
f 1948//3726 1997//3726 1975//3726
f 1991//3727 1997//3727 1948//3727
f 1998//3728 1999//3728 1982//3728
f 1982//3729 2000//3729 1980//3729
f 1999//3730 2000//3730 1982//3730
f 1991//3731 2001//3731 1997//3731
f 2002//3732 2003//3732 2004//3732
f 1999//3733 2003//3733 2002//3733
f 1998//3734 2003//3734 1999//3734
f 1979//3735 2005//3735 1991//3735
f 1991//3736 2005//3736 2001//3736
f 2006//3737 2005//3737 1979//3737
f 1992//3738 2007//3738 1954//3738
f 1994//3739 2007//3739 1993//3739
f 1993//3740 2007//3740 1992//3740
f 1995//3741 2007//3741 1994//3741
f 1973//3742 2008//3742 1983//3742
f 2009//3743 2008//3743 1973//3743
f 1944//3744 2010//3744 1973//3744
f 1996//3745 2010//3745 1944//3745
f 1996//3746 2011//3746 2010//3746
f 1989//3747 2012//3747 2013//3747
f 1987//3748 2014//3748 1996//3748
f 1996//3749 2014//3749 2011//3749
f 2015//3750 2014//3750 1987//3750
f 1997//3751 2016//3751 1975//3751
f 2001//3752 2016//3752 1997//3752
f 2005//3753 2016//3753 2001//3753
f 2006//3754 2016//3754 2005//3754
f 1989//3755 2017//3755 2012//3755
f 1988//3756 2017//3756 1989//3756
f 1990//3757 2017//3757 1988//3757
f 2007//3758 2018//3758 1954//3758
f 1954//3759 2018//3759 1979//3759
f 2008//3760 2019//3760 1959//3760
f 1959//3761 2019//3761 1990//3761
f 2017//3762 2020//3762 2012//3762
f 2007//3763 2021//3763 2018//3763
f 2008//3764 2022//3764 2019//3764
f 2023//3765 2024//3765 1995//3765
f 2007//3766 2024//3766 2021//3766
f 1995//3767 2024//3767 2007//3767
f 2008//3768 2025//3768 2022//3768
f 2009//3769 2025//3769 2008//3769
f 2026//3770 2025//3770 2009//3770
f 2000//3771 2027//3771 1980//3771
f 2028//3772 2027//3772 2002//3772
f 2002//3773 2027//3773 1999//3773
f 1999//3774 2027//3774 2000//3774
f 2014//3775 2029//3775 2011//3775
f 2015//3776 2029//3776 2014//3776
f 2010//3777 2029//3777 1973//3777
f 2011//3778 2029//3778 2010//3778
f 2016//3779 2030//3779 1975//3779
f 1975//3780 2030//3780 1987//3780
f 2020//3781 2031//3781 2012//3781
f 63//3782 2031//3782 2020//3782
f 2013//3783 2031//3783 60//3783
f 60//3784 2031//3784 63//3784
f 2012//3785 2031//3785 2013//3785
f 2016//3786 2032//3786 2030//3786
f 2006//3787 2033//3787 2016//3787
f 2016//3788 2033//3788 2032//3788
f 2027//3789 2034//3789 1980//3789
f 1980//3790 2034//3790 1995//3790
f 2020//3791 2035//3791 63//3791
f 2017//3792 2035//3792 2020//3792
f 2018//3793 2036//3793 1979//3793
f 2023//3794 2036//3794 2024//3794
f 2021//3795 2036//3795 2018//3795
f 2024//3796 2036//3796 2021//3796
f 1979//3797 2036//3797 2006//3797
f 2027//3798 2037//3798 2034//3798
f 2029//3799 2038//3799 1973//3799
f 1973//3800 2038//3800 2009//3800
f 2029//3801 2039//3801 2038//3801
f 2028//3802 2040//3802 2027//3802
f 2041//3803 2040//3803 2028//3803
f 2027//3804 2040//3804 2037//3804
f 2029//3805 2042//3805 2039//3805
f 2015//3806 2042//3806 2029//3806
f 2043//3807 2042//3807 2015//3807
f 2030//3808 2044//3808 1987//3808
f 2032//3809 2044//3809 2030//3809
f 2033//3810 2044//3810 2032//3810
f 2045//3811 2044//3811 2033//3811
f 2034//3812 2046//3812 1995//3812
f 2037//3813 2046//3813 2034//3813
f 2040//3814 2046//3814 2037//3814
f 2035//3815 2047//3815 63//3815
f 2048//3816 2047//3816 2035//3816
f 2039//3817 2049//3817 2038//3817
f 2038//3818 2049//3818 2009//3818
f 2042//3819 2049//3819 2039//3819
f 2043//3820 2049//3820 2042//3820
f 2044//3821 2050//3821 1987//3821
f 1987//3822 2050//3822 2015//3822
f 2044//3823 2051//3823 2050//3823
f 1995//3824 2052//3824 2023//3824
f 1995//3825 2053//3825 2052//3825
f 2046//3826 2053//3826 1995//3826
f 2044//3827 2054//3827 2051//3827
f 2045//3828 2054//3828 2044//3828
f 2055//3829 2054//3829 2045//3829
f 2023//3830 2056//3830 2036//3830
f 2036//3831 2056//3831 2006//3831
f 2057//3832 2056//3832 2023//3832
f 2058//3833 2059//3833 2041//3833
f 2041//3834 2059//3834 2040//3834
f 2040//3835 2059//3835 2046//3835
f 2046//3836 2059//3836 2053//3836
f 2049//3837 2060//3837 2009//3837
f 2009//3838 2060//3838 2026//3838
f 2049//3839 2061//3839 2060//3839
f 2060//3840 2061//3840 2062//3840
f 2049//3841 2063//3841 2061//3841
f 2061//3842 2063//3842 2062//3842
f 2043//3843 2063//3843 2049//3843
f 2054//3844 2064//3844 2051//3844
f 2055//3845 2064//3845 2054//3845
f 2050//3846 2064//3846 2015//3846
f 2051//3847 2064//3847 2050//3847
f 2026//3848 2065//3848 2066//3848
f 2066//3849 2065//3849 2048//3849
f 2059//3850 2067//3850 2053//3850
f 2068//3851 2067//3851 2058//3851
f 2053//3852 2067//3852 2052//3852
f 2058//3853 2067//3853 2059//3853
f 2052//3854 2067//3854 2023//3854
f 2064//3855 2069//3855 2015//3855
f 2015//3856 2069//3856 2043//3856
f 2067//3857 2070//3857 2023//3857
f 2023//3858 2070//3858 2057//3858
f 2068//3859 2070//3859 2067//3859
f 2064//3860 2071//3860 2069//3860
f 2072//3861 2073//3861 2055//3861
f 2055//3862 2073//3862 2064//3862
f 2064//3863 2073//3863 2071//3863
f 53//3864 2074//3864 51//3864
f 2065//3865 2075//3865 2074//3865
f 2074//3866 2075//3866 51//3866
f 2026//3867 2075//3867 2065//3867
f 2057//3868 2076//3868 2056//3868
f 2077//3869 2076//3869 2057//3869
f 2062//3870 2078//3870 2060//3870
f 2060//3871 2078//3871 2026//3871
f 2026//3872 2078//3872 2075//3872
f 2072//3873 2079//3873 2073//3873
f 2071//3874 2079//3874 2069//3874
f 2073//3875 2079//3875 2071//3875
f 2076//3876 2080//3876 2045//3876
f 2045//3877 2080//3877 2055//3877
f 2076//3878 2081//3878 2080//3878
f 2082//3879 2083//3879 2077//3879
f 2077//3880 2083//3880 2076//3880
f 2076//3881 2083//3881 2081//3881
f 2068//3882 2084//3882 2070//3882
f 2070//3883 2084//3883 2057//3883
f 2085//3884 2084//3884 2068//3884
f 2084//3885 2086//3885 2057//3885
f 2057//3886 2086//3886 2077//3886
f 2080//3887 2087//3887 2055//3887
f 2083//3888 2087//3888 2081//3888
f 2081//3889 2087//3889 2080//3889
f 2082//3890 2087//3890 2083//3890
f 2084//3891 2088//3891 2086//3891
f 2089//3892 2090//3892 2085//3892
f 2085//3893 2090//3893 2084//3893
f 2084//3894 2090//3894 2088//3894
f 51//3895 2091//3895 159//3895
f 2075//3896 2091//3896 51//3896
f 2078//3897 2091//3897 2075//3897
f 2055//3898 2092//3898 2072//3898
f 2087//3899 2092//3899 2055//3899
f 2062//3900 2093//3900 2078//3900
f 2078//3901 2093//3901 2091//3901
f 2087//3902 2094//3902 2092//3902
f 2086//3903 2095//3903 2077//3903
f 2089//3904 2095//3904 2090//3904
f 2088//3905 2095//3905 2086//3905
f 2090//3906 2095//3906 2088//3906
f 2096//3907 2097//3907 2082//3907
f 2082//3908 2097//3908 2087//3908
f 2087//3909 2097//3909 2094//3909
f 2077//3910 2098//3910 2082//3910
f 2089//3911 2099//3911 2095//3911
f 2100//3912 2099//3912 2089//3912
f 2095//3913 2099//3913 2077//3913
f 2077//3914 2099//3914 2098//3914
f 2096//3915 2101//3915 2097//3915
f 2094//3916 2101//3916 2092//3916
f 2097//3917 2101//3917 2094//3917
f 2102//3918 2103//3918 2093//3918
f 2091//3919 2103//3919 159//3919
f 2093//3920 2103//3920 2091//3920
f 2104//3921 2105//3921 2106//3921
f 2106//3922 2105//3922 2102//3922
f 2100//3923 2107//3923 2099//3923
f 2099//3924 2107//3924 2098//3924
f 2098//3925 2107//3925 2082//3925
f 2082//3926 2107//3926 2096//3926
f 2108//3927 2107//3927 2100//3927
f 2109//3928 2110//3928 2105//3928
f 48//3929 2110//3929 39//3929
f 2107//3930 2111//3930 2096//3930
f 2108//3931 2111//3931 2107//3931
f 2112//3932 2111//3932 2108//3932
f 2109//3933 2113//3933 2110//3933
f 2114//3934 2113//3934 2109//3934
f 2110//3935 2113//3935 39//3935
f 39//3936 2113//3936 2115//3936
f 2111//3937 2116//3937 2096//3937
f 2111//3938 2117//3938 2116//3938
f 2112//3939 2118//3939 2111//3939
f 2117//3940 2118//3940 2119//3940
f 2111//3941 2118//3941 2117//3941
f 2119//3942 2118//3942 2112//3942
f 2120//3943 2121//3943 2114//3943
f 2114//3944 2121//3944 2113//3944
f 2113//3945 2121//3945 2115//3945
f 2117//3946 2122//3946 2116//3946
f 2116//3947 2122//3947 2123//3947
f 2119//3948 2122//3948 2117//3948
f 2124//3949 2122//3949 2119//3949
f 2125//3950 2126//3950 2121//3950
f 2121//3951 2126//3951 2115//3951
f 2124//3952 2127//3952 2122//3952
f 1831//3953 2127//3953 2124//3953
f 1843//3954 2128//3954 1847//3954
f 1852//3955 2128//3955 1854//3955
f 1847//3956 2128//3956 1852//3956
f 1839//3957 2128//3957 1843//3957
f 2128//3958 2129//3958 1854//3958
f 1840//3959 2129//3959 1839//3959
f 1846//3960 2129//3960 1840//3960
f 1839//3961 2129//3961 2128//3961
f 1854//3962 2129//3962 1858//3962
f 1848//3963 2129//3963 1846//3963
f 1858//3964 2129//3964 1848//3964
f 1863//3965 2130//3965 1844//3965
f 1844//3966 2130//3966 1845//3966
f 1845//3967 2130//3967 1848//3967
f 1859//3968 2130//3968 1863//3968
f 1857//3969 2130//3969 1859//3969
f 1848//3970 2130//3970 1857//3970
f 1871//3971 2131//3971 1872//3971
f 1864//3972 2131//3972 1871//3972
f 1858//3973 2131//3973 1864//3973
f 1867//3974 2132//3974 1860//3974
f 1872//3975 2132//3975 1880//3975
f 1880//3976 2132//3976 1867//3976
f 1858//3977 2132//3977 2131//3977
f 2131//3978 2132//3978 1872//3978
f 1857//3979 2132//3979 1858//3979
f 1860//3980 2132//3980 1857//3980
f 1862//3981 2133//3981 1867//3981
f 1890//3982 2133//3982 1861//3982
f 1879//3983 2133//3983 1886//3983
f 1861//3984 2133//3984 1862//3984
f 1886//3985 2133//3985 1890//3985
f 1867//3986 2133//3986 1879//3986
f 1865//3987 2134//3987 1873//3987
f 1873//3988 2134//3988 1878//3988
f 1878//3989 2134//3989 1882//3989
f 1898//3990 2134//3990 1899//3990
f 1899//3991 2134//3991 1865//3991
f 1882//3992 2134//3992 1898//3992
f 1880//3993 2135//3993 1885//3993
f 1903//3994 2135//3994 1904//3994
f 1885//3995 2135//3995 1903//3995
f 1879//3996 2136//3996 1880//3996
f 1880//3997 2136//3997 2135//3997
f 1887//3998 2136//3998 1879//3998
f 2135//3999 2136//3999 1904//3999
f 1900//4000 2137//4000 1911//4000
f 2138//4001 2137//4001 1888//4001
f 1888//4002 2137//4002 1889//4002
f 1889//4003 2137//4003 1900//4003
f 1918//4004 2137//4004 2138//4004
f 1911//4005 2137//4005 1918//4005
f 1925//4006 2139//4006 1910//4006
f 1910//4007 2139//4007 1870//4007
f 1884//4008 2140//4008 1895//4008
f 1870//4009 2140//4009 1884//4009
f 1895//4010 2140//4010 1925//4010
f 1925//4011 2140//4011 2139//4011
f 2139//4012 2140//4012 1870//4012
f 1942//4013 2141//4013 2138//4013
f 1918//4014 2141//4014 1919//4014
f 1943//4015 2141//4015 1942//4015
f 1934//4016 2141//4016 1943//4016
f 1919//4017 2141//4017 1934//4017
f 2138//4018 2141//4018 1918//4018
f 1912//4019 2142//4019 1926//4019
f 1926//4020 2142//4020 1929//4020
f 1929//4021 2142//4021 1956//4021
f 2142//4022 2143//4022 1956//4022
f 1911//4023 2143//4023 1912//4023
f 1956//4024 2143//4024 1935//4024
f 1919//4025 2143//4025 1911//4025
f 1935//4026 2143//4026 1919//4026
f 1912//4027 2143//4027 2142//4027
f 1925//4028 2144//4028 1895//4028
f 1947//4029 2144//4029 1925//4029
f 2144//4030 2145//4030 1895//4030
f 1947//4031 2145//4031 2144//4031
f 1914//4032 2145//4032 1947//4032
f 1909//4033 2145//4033 1914//4033
f 1895//4034 2145//4034 1909//4034
f 1934//4035 2146//4035 1935//4035
f 1946//4036 2146//4036 1934//4036
f 1935//4037 2147//4037 1955//4037
f 2146//4038 2147//4038 1935//4038
f 1955//4039 2147//4039 1982//4039
f 1946//4040 2148//4040 2146//4040
f 2147//4041 2148//4041 1982//4041
f 2146//4042 2148//4042 2147//4042
f 1955//4043 2149//4043 1956//4043
f 1981//4044 2149//4044 1955//4044
f 2149//4045 2150//4045 1956//4045
f 1937//4046 2150//4046 1981//4046
f 1929//4047 2150//4047 1937//4047
f 1956//4048 2150//4048 1929//4048
f 1981//4049 2150//4049 2149//4049
f 1946//4050 2151//4050 2148//4050
f 2148//4051 2151//4051 1982//4051
f 1960//4052 2151//4052 1946//4052
f 1967//4053 2152//4053 1960//4053
f 2151//4054 2152//4054 1982//4054
f 1960//4055 2152//4055 2151//4055
f 1982//4056 2152//4056 1998//4056
f 1959//4057 2153//4057 2008//4057
f 1983//4058 2153//4058 1933//4058
f 2008//4059 2153//4059 1983//4059
f 1933//4060 2153//4060 1959//4060
f 2152//4061 2154//4061 1998//4061
f 2004//4062 2154//4062 1971//4062
f 1962//4063 2154//4063 1967//4063
f 1967//4064 2154//4064 2152//4064
f 2003//4065 2154//4065 2004//4065
f 1998//4066 2154//4066 2003//4066
f 1971//4067 2154//4067 1962//4067
f 1990//4068 2155//4068 2017//4068
f 2017//4069 2155//4069 2035//4069
f 2035//4070 2155//4070 2048//4070
f 2048//4071 2155//4071 2066//4071
f 2019//4072 2156//4072 1990//4072
f 2155//4073 2156//4073 2066//4073
f 1990//4074 2156//4074 2155//4074
f 2156//4075 2157//4075 2066//4075
f 2019//4076 2157//4076 2156//4076
f 2066//4077 2158//4077 2026//4077
f 2025//4078 2158//4078 2022//4078
f 2026//4079 2158//4079 2025//4079
f 2019//4080 2158//4080 2157//4080
f 2157//4081 2158//4081 2066//4081
f 2022//4082 2158//4082 2019//4082
f 2076//4083 2159//4083 2056//4083
f 2056//4084 2159//4084 2006//4084
f 2033//4085 2159//4085 2045//4085
f 2045//4086 2159//4086 2076//4086
f 2006//4087 2159//4087 2033//4087
f 2065//4088 2160//4088 2048//4088
f 63//4089 2160//4089 53//4089
f 2074//4090 2160//4090 2065//4090
f 53//4091 2160//4091 2074//4091
f 2047//4092 2160//4092 63//4092
f 2048//4093 2160//4093 2047//4093
f 2062//4094 2161//4094 2093//4094
f 2093//4095 2161//4095 2102//4095
f 2102//4096 2161//4096 2106//4096
f 2162//4097 2163//4097 2062//4097
f 2106//4098 2163//4098 2164//4098
f 2164//4099 2163//4099 2162//4099
f 2161//4100 2163//4100 2106//4100
f 2062//4101 2163//4101 2161//4101
f 2079//4102 2165//4102 2164//4102
f 2072//4103 2165//4103 2079//4103
f 2106//4104 2166//4104 2104//4104
f 2164//4105 2166//4105 2106//4105
f 2104//4106 2166//4106 2165//4106
f 2165//4107 2166//4107 2164//4107
f 2105//4108 2167//4108 2102//4108
f 2103//4109 2167//4109 159//4109
f 2110//4110 2167//4110 2105//4110
f 48//4111 2167//4111 2110//4111
f 159//4112 2167//4112 48//4112
f 2102//4113 2167//4113 2103//4113
f 2096//4114 2168//4114 2101//4114
f 2101//4115 2168//4115 2169//4115
f 2116//4116 2168//4116 2096//4116
f 2123//4117 2168//4117 2116//4117
f 2105//4118 2170//4118 2109//4118
f 2109//4119 2170//4119 2114//4119
f 2104//4120 2170//4120 2105//4120
f 2114//4121 2170//4121 2120//4121
f 2171//4122 2172//4122 2104//4122
f 2120//4123 2172//4123 2169//4123
f 2169//4124 2172//4124 2171//4124
f 2104//4125 2172//4125 2170//4125
f 2170//4126 2172//4126 2120//4126
f 2120//4127 2173//4127 2123//4127
f 2169//4128 2173//4128 2120//4128
f 2168//4129 2173//4129 2169//4129
f 2123//4130 2173//4130 2168//4130
f 2123//4131 2174//4131 2120//4131
f 2120//4132 2174//4132 2121//4132
f 2121//4133 2174//4133 2125//4133
f 2122//4134 2174//4134 2123//4134
f 2127//4135 2174//4135 2122//4135
f 2125//4136 2174//4136 2127//4136
f 2115//4137 2175//4137 1833//4137
f 2126//4138 2175//4138 2115//4138
f 2125//4139 2175//4139 2126//4139
f 1831//4140 2175//4140 2127//4140
f 2127//4141 2175//4141 2125//4141
f 1833//4142 2175//4142 1831//4142
f 1904//4143 2176//4143 1926//4143
f 1926//4144 2176//4144 1912//4144
f 2136//4145 2176//4145 1904//4145
f 1900//4146 2176//4146 1887//4146
f 1887//4147 2176//4147 2136//4147
f 1912//4148 2176//4148 1900//4148
f 2063//4149 2177//4149 2062//4149
f 2043//4150 2177//4150 2063//4150
f 2069//4151 2177//4151 2043//4151
f 2062//4152 2177//4152 2162//4152
f 2079//4153 2177//4153 2069//4153
f 2162//4154 2177//4154 2164//4154
f 2164//4155 2177//4155 2079//4155
f 2169//4156 2178//4156 2101//4156
f 2092//4157 2178//4157 2072//4157
f 2104//4158 2178//4158 2171//4158
f 2101//4159 2178//4159 2092//4159
f 2165//4160 2178//4160 2104//4160
f 2072//4161 2178//4161 2165//4161
f 2171//4162 2178//4162 2169//4162
f 1830//4163 2179//4163 1828//4163
f 2180//4164 2179//4164 1830//4164
f 1836//4165 2180//4165 1830//4165
f 2181//4166 2180//4166 1836//4166
f 1842//4167 2181//4167 1836//4167
f 2182//4168 2181//4168 1842//4168
f 1850//4169 2182//4169 1842//4169
f 2183//4170 2182//4170 1850//4170
f 1856//4171 2183//4171 1850//4171
f 2184//4172 2183//4172 1856//4172
f 2185//4173 1856//4173 1874//4173
f 2185//4174 2184//4174 1856//4174
f 2186//4175 1874//4175 1877//4175
f 2186//4176 2185//4176 1874//4176
f 2187//4177 1877//4177 1892//4177
f 2187//4178 2186//4178 1877//4178
f 2188//4179 1892//4179 1906//4179
f 2188//4180 2187//4180 1892//4180
f 2189//4181 1906//4181 1916//4181
f 2189//4182 2188//4182 1906//4182
f 2190//4183 1916//4183 1932//4183
f 2190//4184 2189//4184 1916//4184
f 2191//4185 1932//4185 1952//4185
f 2191//4186 2190//4186 1932//4186
f 2192//4187 1952//4187 1965//4187
f 2192//4188 2191//4188 1952//4188
f 2193//4189 1965//4189 1989//4189
f 2193//4190 2192//4190 1965//4190
f 2194//4191 1989//4191 2013//4191
f 2194//4192 2193//4192 1989//4192
f 2195//4193 2194//4193 2013//4193
f 2195//4194 2013//4194 60//4194
f 59//4195 2195//4195 60//4195
f 57//4196 2195//4196 59//4196
f 56//4197 2195//4197 57//4197
f 45//4198 2196//4198 49//4198
f 45//4199 2197//4199 2196//4199
f 45//4200 43//4200 2197//4200
f 41//4201 2198//4201 43//4201
f 43//4202 2198//4202 2197//4202
f 41//4203 39//4203 2198//4203
f 39//4204 2199//4204 2198//4204
f 39//4205 2115//4205 2199//4205
f 2115//4206 2200//4206 2199//4206
f 2115//4207 1833//4207 2200//4207
f 1833//4208 2201//4208 2200//4208
f 1833//4209 1832//4209 2201//4209
f 1832//4210 2202//4210 2201//4210
f 2179//4211 1829//4211 1828//4211
f 2203//4212 2204//4212 2205//4212
f 2204//4213 2206//4213 2205//4213
f 2205//4214 2207//4214 2208//4214
f 2206//4215 2207//4215 2205//4215
f 2209//4216 2210//4216 2204//4216
f 2204//4217 2210//4217 2206//4217
f 2207//4218 2211//4218 2208//4218
f 2208//4219 2211//4219 2212//4219
f 2206//4220 2213//4220 2207//4220
f 2210//4221 2213//4221 2206//4221
f 2207//4222 2213//4222 2211//4222
f 2212//4223 2214//4223 2215//4223
f 2211//4224 2214//4224 2212//4224
f 2209//4225 2216//4225 2210//4225
f 2217//4226 2216//4226 2209//4226
f 2213//4227 2218//4227 2211//4227
f 2211//4228 2218//4228 2214//4228
f 2217//4229 2219//4229 2216//4229
f 2214//4230 2220//4230 2215//4230
f 2221//4231 2220//4231 2222//4231
f 2215//4232 2220//4232 2221//4232
f 2210//4233 2223//4233 2213//4233
f 2216//4234 2223//4234 2210//4234
f 2218//4235 2224//4235 2214//4235
f 2216//4236 2225//4236 2223//4236
f 2219//4237 2225//4237 2216//4237
f 2222//4238 2226//4238 2227//4238
f 2220//4239 2226//4239 2222//4239
f 2213//4240 2228//4240 2218//4240
f 2218//4241 2228//4241 2224//4241
f 2223//4242 2228//4242 2213//4242
f 2224//4243 2229//4243 2214//4243
f 2214//4244 2229//4244 2220//4244
f 2225//4245 2230//4245 2223//4245
f 2226//4246 2231//4246 2227//4246
f 2228//4247 2232//4247 2224//4247
f 2225//4248 2233//4248 2230//4248
f 2219//4249 2233//4249 2225//4249
f 2234//4250 2233//4250 2219//4250
f 2220//4251 2235//4251 2226//4251
f 2229//4252 2235//4252 2220//4252
f 2223//4253 2236//4253 2228//4253
f 2230//4254 2236//4254 2223//4254
f 2234//4255 2237//4255 2233//4255
f 2231//4256 2238//4256 2227//4256
f 2239//4257 2238//4257 2240//4257
f 2227//4258 2238//4258 2239//4258
f 2229//4259 2241//4259 2235//4259
f 2224//4260 2241//4260 2229//4260
f 2232//4261 2241//4261 2224//4261
f 2233//4262 2242//4262 2230//4262
f 2226//4263 2243//4263 2231//4263
f 2235//4264 2243//4264 2226//4264
f 2236//4265 2244//4265 2228//4265
f 2228//4266 2244//4266 2232//4266
f 2233//4267 2245//4267 2242//4267
f 2237//4268 2245//4268 2233//4268
f 2238//4269 2246//4269 2240//4269
f 2241//4270 2247//4270 2235//4270
f 2235//4271 2247//4271 2243//4271
f 2242//4272 2248//4272 2230//4272
f 2230//4273 2248//4273 2236//4273
f 2237//4274 2249//4274 2245//4274
f 2243//4275 2250//4275 2231//4275
f 2231//4276 2250//4276 2238//4276
f 2244//4277 2251//4277 2232//4277
f 2232//4278 2251//4278 2241//4278
f 2241//4279 2251//4279 2247//4279
f 2242//4280 2252//4280 2248//4280
f 2245//4281 2252//4281 2242//4281
f 2247//4282 2253//4282 2243//4282
f 2244//4283 2254//4283 2251//4283
f 2248//4284 2254//4284 2236//4284
f 2236//4285 2254//4285 2244//4285
f 2249//4286 2255//4286 2245//4286
f 2238//4287 2256//4287 2246//4287
f 2250//4288 2256//4288 2238//4288
f 2251//4289 2257//4289 2247//4289
f 2252//4290 2258//4290 2248//4290
f 2259//4291 2260//4291 2261//4291
f 2262//4292 2260//4292 2259//4292
f 2243//4293 2263//4293 2250//4293
f 2253//4294 2263//4294 2243//4294
f 2254//4295 2264//4295 2251//4295
f 2245//4296 2265//4296 2252//4296
f 2255//4297 2265//4297 2245//4297
f 2247//4298 2266//4298 2253//4298
f 2257//4299 2266//4299 2247//4299
f 2254//4300 2267//4300 2264//4300
f 2248//4301 2267//4301 2254//4301
f 2258//4302 2267//4302 2248//4302
f 2261//4303 2268//4303 2269//4303
f 2260//4304 2268//4304 2261//4304
f 2270//4305 2271//4305 2249//4305
f 2249//4306 2271//4306 2255//4306
f 2250//4307 2272//4307 2256//4307
f 2263//4308 2272//4308 2250//4308
f 2251//4309 2273//4309 2257//4309
f 2264//4310 2273//4310 2251//4310
f 2265//4311 2274//4311 2252//4311
f 2252//4312 2274//4312 2258//4312
f 2275//4313 2276//4313 2262//4313
f 2262//4314 2276//4314 2260//4314
f 2253//4315 2277//4315 2263//4315
f 2266//4316 2277//4316 2253//4316
f 2267//4317 2278//4317 2264//4317
f 2255//4318 2279//4318 2265//4318
f 2271//4319 2279//4319 2255//4319
f 2273//4320 2280//4320 2257//4320
f 2257//4321 2280//4321 2266//4321
f 2274//4322 2281//4322 2258//4322
f 2258//4323 2281//4323 2267//4323
f 2260//4324 2282//4324 2268//4324
f 2276//4325 2282//4325 2260//4325
f 2263//4326 2283//4326 2272//4326
f 2277//4327 2283//4327 2263//4327
f 2264//4328 2284//4328 2273//4328
f 2278//4329 2284//4329 2264//4329
f 2273//4330 2284//4330 2280//4330
f 2285//4331 2286//4331 2287//4331
f 2288//4332 2286//4332 2285//4332
f 2279//4333 2289//4333 2265//4333
f 2265//4334 2289//4334 2274//4334
f 2275//4335 2290//4335 2276//4335
f 2291//4336 2290//4336 2275//4336
f 2280//4337 2292//4337 2266//4337
f 2266//4338 2292//4338 2277//4338
f 2281//4339 2293//4339 2267//4339
f 2267//4340 2293//4340 2278//4340
f 2282//4341 2294//4341 2268//4341
f 2268//4342 2294//4342 2288//4342
f 2284//4343 2295//4343 2280//4343
f 2286//4344 2296//4344 2287//4344
f 2287//4345 2296//4345 2297//4345
f 2274//4346 2298//4346 2281//4346
f 2281//4347 2298//4347 2293//4347
f 2289//4348 2298//4348 2274//4348
f 2290//4349 2299//4349 2276//4349
f 2276//4350 2299//4350 2282//4350
f 2292//4351 2300//4351 2277//4351
f 2277//4352 2300//4352 2283//4352
f 2278//4353 2301//4353 2284//4353
f 2293//4354 2301//4354 2278//4354
f 2288//4355 2302//4355 2286//4355
f 2294//4356 2302//4356 2288//4356
f 2291//4357 2303//4357 2290//4357
f 2304//4358 2303//4358 2291//4358
f 2280//4359 2305//4359 2292//4359
f 2295//4360 2305//4360 2280//4360
f 2297//4361 2306//4361 2307//4361
f 2296//4362 2306//4362 2297//4362
f 2298//4363 2308//4363 2293//4363
f 2299//4364 2309//4364 2282//4364
f 2282//4365 2309//4365 2294//4365
f 2300//4366 2310//4366 2283//4366
f 2283//4367 2310//4367 2304//4367
f 2301//4368 2311//4368 2284//4368
f 2284//4369 2311//4369 2295//4369
f 2286//4370 2312//4370 2296//4370
f 2302//4371 2312//4371 2286//4371
f 2303//4372 2313//4372 2290//4372
f 2290//4373 2313//4373 2299//4373
f 2305//4374 2314//4374 2292//4374
f 2292//4375 2314//4375 2300//4375
f 2293//4376 2315//4376 2301//4376
f 2308//4377 2315//4377 2293//4377
f 2294//4378 2316//4378 2302//4378
f 2309//4379 2316//4379 2294//4379
f 2310//4380 2317//4380 2304//4380
f 2304//4381 2317//4381 2303//4381
f 2311//4382 2318//4382 2295//4382
f 2295//4383 2318//4383 2305//4383
f 2296//4384 2319//4384 2306//4384
f 2312//4385 2319//4385 2296//4385
f 2314//4386 2320//4386 2300//4386
f 2300//4387 2320//4387 2310//4387
f 2315//4388 2321//4388 2301//4388
f 2301//4389 2321//4389 2311//4389
f 2316//4390 2322//4390 2302//4390
f 2302//4391 2322//4391 2312//4391
f 2317//4392 2323//4392 2303//4392
f 2303//4393 2323//4393 2313//4393
f 2305//4394 2324//4394 2314//4394
f 2318//4395 2324//4395 2305//4395
f 2309//4396 2325//4396 2316//4396
f 2326//4397 2325//4397 2309//4397
f 2310//4398 2327//4398 2317//4398
f 2320//4399 2327//4399 2310//4399
f 2321//4400 2328//4400 2311//4400
f 2311//4401 2328//4401 2318//4401
f 2312//4402 2329//4402 2319//4402
f 2322//4403 2329//4403 2312//4403
f 2313//4404 2330//4404 2326//4404
f 2323//4405 2330//4405 2313//4405
f 2314//4406 2331//4406 2320//4406
f 2324//4407 2331//4407 2314//4407
f 2317//4408 2332//4408 2323//4408
f 2327//4409 2332//4409 2317//4409
f 2318//4410 2333//4410 2324//4410
f 2328//4411 2333//4411 2318//4411
f 2326//4412 2334//4412 2325//4412
f 2330//4413 2334//4413 2326//4413
f 2331//4414 2335//4414 2320//4414
f 2320//4415 2335//4415 2327//4415
f 2322//4416 2336//4416 2329//4416
f 2337//4417 2336//4417 2322//4417
f 2332//4418 2338//4418 2323//4418
f 2323//4419 2338//4419 2330//4419
f 2335//4420 2339//4420 2327//4420
f 2327//4421 2339//4421 2332//4421
f 2330//4422 2340//4422 2334//4422
f 2338//4423 2340//4423 2330//4423
f 2331//4424 2341//4424 2335//4424
f 2342//4425 2341//4425 2331//4425
f 2337//4426 2343//4426 2336//4426
f 2344//4427 2343//4427 2337//4427
f 2339//4428 2345//4428 2332//4428
f 2332//4429 2345//4429 2338//4429
f 2340//4430 2346//4430 2334//4430
f 2334//4431 2346//4431 2344//4431
f 2338//4432 2347//4432 2340//4432
f 2345//4433 2347//4433 2338//4433
f 2344//4434 2348//4434 2343//4434
f 2346//4435 2348//4435 2344//4435
f 2339//4436 2349//4436 2345//4436
f 2350//4437 2349//4437 2339//4437
f 2349//4438 2351//4438 2345//4438
f 2345//4439 2351//4439 2347//4439
f 2352//4440 2353//4440 2346//4440
f 2346//4441 2353//4441 2348//4441
f 2347//4442 2354//4442 2352//4442
f 2351//4443 2354//4443 2347//4443
f 54//4444 2355//4444 56//4444
f 56//4445 2355//4445 2195//4445
f 2195//4446 2356//4446 2194//4446
f 2355//4447 2356//4447 2195//4447
f 54//4448 2357//4448 2355//4448
f 2355//4449 2357//4449 2356//4449
f 2356//4450 2358//4450 2194//4450
f 2357//4451 2358//4451 2356//4451
f 49//4452 2359//4452 54//4452
f 54//4453 2359//4453 2357//4453
f 2358//4454 2360//4454 2203//4454
f 2357//4455 2360//4455 2358//4455
f 2359//4456 2360//4456 2357//4456
f 2359//4457 2361//4457 2360//4457
f 2194//4458 2362//4458 2193//4458
f 2205//4459 2362//4459 2203//4459
f 2358//4460 2362//4460 2194//4460
f 2203//4461 2362//4461 2358//4461
f 49//4462 2363//4462 2359//4462
f 2359//4463 2363//4463 2361//4463
f 49//4464 2364//4464 2363//4464
f 2203//4465 2365//4465 2204//4465
f 2360//4466 2365//4466 2203//4466
f 2361//4467 2365//4467 2360//4467
f 2363//4468 2365//4468 2361//4468
f 2193//4469 2366//4469 2192//4469
f 2205//4470 2366//4470 2362//4470
f 2362//4471 2366//4471 2193//4471
f 2208//4472 2366//4472 2205//4472
f 2364//4473 2367//4473 2363//4473
f 2208//4474 2368//4474 2366//4474
f 2192//4475 2368//4475 2191//4475
f 2366//4476 2368//4476 2192//4476
f 2212//4477 2368//4477 2208//4477
f 2212//4478 2369//4478 2368//4478
f 2368//4479 2369//4479 2191//4479
f 2215//4480 2369//4480 2212//4480
f 2367//4481 2370//4481 2363//4481
f 2204//4482 2370//4482 2209//4482
f 2365//4483 2370//4483 2204//4483
f 2371//4484 2370//4484 2367//4484
f 2363//4485 2370//4485 2365//4485
f 2197//4486 2372//4486 2196//4486
f 2370//4487 2373//4487 2209//4487
f 2371//4488 2373//4488 2370//4488
f 2374//4489 2373//4489 2371//4489
f 2209//4490 2373//4490 2217//4490
f 2191//4491 2375//4491 2190//4491
f 2215//4492 2375//4492 2369//4492
f 2369//4493 2375//4493 2191//4493
f 2221//4494 2375//4494 2215//4494
f 2372//4495 2376//4495 2374//4495
f 2374//4496 2376//4496 2373//4496
f 2190//4497 2377//4497 2189//4497
f 2375//4498 2377//4498 2190//4498
f 2221//4499 2377//4499 2375//4499
f 2222//4500 2377//4500 2221//4500
f 2197//4501 2378//4501 2372//4501
f 2372//4502 2378//4502 2376//4502
f 2189//4503 2379//4503 2188//4503
f 2377//4504 2379//4504 2189//4504
f 2197//4505 2380//4505 2378//4505
f 2222//4506 2381//4506 2377//4506
f 2377//4507 2381//4507 2379//4507
f 2378//4508 2382//4508 2376//4508
f 2373//4509 2382//4509 2217//4509
f 2376//4510 2382//4510 2373//4510
f 2217//4511 2382//4511 2219//4511
f 2381//4512 2383//4512 2379//4512
f 2222//4513 2383//4513 2381//4513
f 2227//4514 2383//4514 2222//4514
f 2380//4515 2384//4515 2378//4515
f 2379//4516 2385//4516 2188//4516
f 2383//4517 2385//4517 2379//4517
f 2227//4518 2385//4518 2383//4518
f 2188//4519 2386//4519 2187//4519
f 2385//4520 2386//4520 2188//4520
f 2239//4521 2386//4521 2227//4521
f 2227//4522 2386//4522 2385//4522
f 2378//4523 2387//4523 2382//4523
f 2384//4524 2387//4524 2378//4524
f 2382//4525 2387//4525 2219//4525
f 2388//4526 2387//4526 2384//4526
f 2219//4527 2387//4527 2234//4527
f 2239//4528 2389//4528 2386//4528
f 2386//4529 2389//4529 2187//4529
f 2199//4530 2390//4530 2198//4530
f 2187//4531 2391//4531 2186//4531
f 2389//4532 2391//4532 2187//4532
f 2240//4533 2392//4533 2239//4533
f 2239//4534 2392//4534 2389//4534
f 2389//4535 2392//4535 2391//4535
f 2234//4536 2393//4536 2237//4536
f 2387//4537 2393//4537 2234//4537
f 2388//4538 2393//4538 2387//4538
f 2394//4539 2393//4539 2388//4539
f 2240//4540 2395//4540 2392//4540
f 2392//4541 2395//4541 2391//4541
f 2259//4542 2395//4542 2240//4542
f 2390//4543 2396//4543 2394//4543
f 2186//4544 2397//4544 2185//4544
f 2391//4545 2397//4545 2186//4545
f 2259//4546 2398//4546 2395//4546
f 2395//4547 2398//4547 2391//4547
f 2391//4548 2398//4548 2397//4548
f 2390//4549 2399//4549 2396//4549
f 2199//4550 2399//4550 2390//4550
f 2398//4551 2400//4551 2397//4551
f 2399//4552 2401//4552 2396//4552
f 2393//4553 2401//4553 2237//4553
f 2394//4554 2401//4554 2393//4554
f 2396//4555 2401//4555 2394//4555
f 2237//4556 2401//4556 2249//4556
f 2200//4557 2402//4557 2199//4557
f 2199//4558 2402//4558 2399//4558
f 2397//4559 2403//4559 2185//4559
f 2400//4560 2403//4560 2397//4560
f 2398//4561 2404//4561 2400//4561
f 2400//4562 2404//4562 2403//4562
f 2261//4563 2404//4563 2259//4563
f 2269//4564 2404//4564 2261//4564
f 2259//4565 2404//4565 2398//4565
f 2402//4566 2405//4566 2399//4566
f 2185//4567 2406//4567 2184//4567
f 2403//4568 2406//4568 2185//4568
f 2404//4569 2407//4569 2403//4569
f 2269//4570 2407//4570 2404//4570
f 2403//4571 2407//4571 2406//4571
f 2405//4572 2408//4572 2399//4572
f 2249//4573 2408//4573 2270//4573
f 2401//4574 2408//4574 2249//4574
f 2399//4575 2408//4575 2401//4575
f 2246//4576 2409//4576 2240//4576
f 2262//4577 2409//4577 2246//4577
f 2259//4578 2409//4578 2262//4578
f 2240//4579 2409//4579 2259//4579
f 2285//4580 2410//4580 2269//4580
f 2269//4581 2410//4581 2407//4581
f 2407//4582 2410//4582 2406//4582
f 2200//4583 2411//4583 2402//4583
f 2402//4584 2412//4584 2405//4584
f 2411//4585 2412//4585 2402//4585
f 2184//4586 2413//4586 2183//4586
f 2406//4587 2413//4587 2184//4587
f 2406//4588 2414//4588 2413//4588
f 2410//4589 2414//4589 2406//4589
f 2285//4590 2414//4590 2410//4590
f 2411//4591 2415//4591 2412//4591
f 2262//4592 2416//4592 2275//4592
f 2275//4593 2416//4593 2256//4593
f 2246//4594 2416//4594 2262//4594
f 2256//4595 2416//4595 2246//4595
f 2414//4596 2417//4596 2413//4596
f 2413//4597 2418//4597 2183//4597
f 2417//4598 2418//4598 2413//4598
f 2419//4599 2420//4599 2421//4599
f 2417//4600 2422//4600 2418//4600
f 2287//4601 2422//4601 2285//4601
f 2285//4602 2422//4602 2414//4602
f 2414//4603 2422//4603 2417//4603
f 2183//4604 2423//4604 2182//4604
f 2418//4605 2423//4605 2183//4605
f 2422//4606 2424//4606 2418//4606
f 2287//4607 2424//4607 2422//4607
f 2418//4608 2424//4608 2423//4608
f 2297//4609 2424//4609 2287//4609
f 2269//4610 2425//4610 2285//4610
f 2285//4611 2425//4611 2288//4611
f 2288//4612 2425//4612 2268//4612
f 2268//4613 2425//4613 2269//4613
f 2256//4614 2426//4614 2275//4614
f 2272//4615 2426//4615 2256//4615
f 2291//4616 2426//4616 2272//4616
f 2275//4617 2426//4617 2291//4617
f 2424//4618 2427//4618 2423//4618
f 2297//4619 2427//4619 2424//4619
f 2428//4620 2429//4620 2419//4620
f 2419//4621 2429//4621 2420//4621
f 2182//4622 2430//4622 2181//4622
f 2423//4623 2430//4623 2182//4623
f 2427//4624 2430//4624 2423//4624
f 2297//4625 2431//4625 2427//4625
f 2427//4626 2431//4626 2430//4626
f 2307//4627 2431//4627 2297//4627
f 2431//4628 2432//4628 2430//4628
f 2181//4629 2433//4629 2180//4629
f 2430//4630 2433//4630 2181//4630
f 2432//4631 2433//4631 2430//4631
f 2428//4632 2434//4632 2429//4632
f 2435//4633 2434//4633 2428//4633
f 2429//4634 2434//4634 2270//4634
f 2270//4635 2434//4635 2271//4635
f 2283//4636 2436//4636 2272//4636
f 2272//4637 2436//4637 2291//4637
f 2291//4638 2436//4638 2304//4638
f 2304//4639 2436//4639 2283//4639
f 2432//4640 2437//4640 2433//4640
f 2434//4641 2438//4641 2271//4641
f 2271//4642 2438//4642 2279//4642
f 2439//4643 2438//4643 2435//4643
f 2435//4644 2438//4644 2434//4644
f 2437//4645 2440//4645 2433//4645
f 2289//4646 2441//4646 2298//4646
f 2279//4647 2441//4647 2289//4647
f 2439//4648 2442//4648 2438//4648
f 2279//4649 2442//4649 2441//4649
f 2438//4650 2442//4650 2279//4650
f 2437//4651 2443//4651 2440//4651
f 2439//4652 2444//4652 2442//4652
f 2442//4653 2444//4653 2441//4653
f 2445//4654 2444//4654 2439//4654
f 2306//4655 2446//4655 2307//4655
f 2299//4656 2447//4656 2309//4656
f 2313//4657 2447//4657 2299//4657
f 2326//4658 2447//4658 2313//4658
f 2309//4659 2447//4659 2326//4659
f 2448//4660 2449//4660 2443//4660
f 2443//4661 2449//4661 2440//4661
f 2444//4662 2450//4662 2441//4662
f 2445//4663 2450//4663 2444//4663
f 2441//4664 2450//4664 2298//4664
f 2446//4665 2451//4665 2448//4665
f 2445//4666 2452//4666 2450//4666
f 2298//4667 2452//4667 2308//4667
f 2450//4668 2452//4668 2298//4668
f 2453//4669 2452//4669 2445//4669
f 2306//4670 2454//4670 2446//4670
f 2319//4671 2454//4671 2306//4671
f 2454//4672 2455//4672 2446//4672
f 2446//4673 2455//4673 2451//4673
f 2451//4674 2456//4674 2448//4674
f 2455//4675 2456//4675 2451//4675
f 2316//4676 2457//4676 2322//4676
f 2325//4677 2457//4677 2316//4677
f 2337//4678 2457//4678 2325//4678
f 2322//4679 2457//4679 2337//4679
f 2453//4680 2458//4680 2452//4680
f 2452//4681 2458//4681 2308//4681
f 2459//4682 2458//4682 2453//4682
f 2308//4683 2458//4683 2315//4683
f 2454//4684 2460//4684 2455//4684
f 2321//4685 2461//4685 2328//4685
f 2458//4686 2461//4686 2315//4686
f 2315//4687 2461//4687 2321//4687
f 2319//4688 2462//4688 2454//4688
f 2329//4689 2462//4689 2319//4689
f 2459//4690 2463//4690 2458//4690
f 2458//4691 2463//4691 2461//4691
f 2462//4692 2464//4692 2454//4692
f 2454//4693 2464//4693 2460//4693
f 2333//4694 2465//4694 2324//4694
f 2342//4695 2465//4695 2333//4695
f 2324//4696 2465//4696 2331//4696
f 2331//4697 2465//4697 2342//4697
f 2464//4698 2466//4698 2460//4698
f 2334//4699 2467//4699 2325//4699
f 2344//4700 2467//4700 2334//4700
f 2337//4701 2467//4701 2344//4701
f 2325//4702 2467//4702 2337//4702
f 2468//4703 2469//4703 2459//4703
f 2459//4704 2469//4704 2463//4704
f 2463//4705 2469//4705 2461//4705
f 2462//4706 2470//4706 2464//4706
f 2461//4707 2471//4707 2328//4707
f 2468//4708 2471//4708 2469//4708
f 2469//4709 2471//4709 2461//4709
f 2336//4710 2472//4710 2329//4710
f 2329//4711 2472//4711 2462//4711
f 2328//4712 2473//4712 2333//4712
f 2471//4713 2473//4713 2328//4713
f 2468//4714 2473//4714 2471//4714
f 2462//4715 2474//4715 2470//4715
f 2472//4716 2474//4716 2462//4716
f 1863//4717 2475//4717 1861//4717
f 2466//4718 2475//4718 1863//4718
f 2464//4719 2475//4719 2466//4719
f 2470//4720 2475//4720 2464//4720
f 2474//4721 2475//4721 2470//4721
f 2339//4722 2476//4722 2350//4722
f 2350//4723 2476//4723 2341//4723
f 2341//4724 2476//4724 2335//4724
f 2335//4725 2476//4725 2339//4725
f 2477//4726 2478//4726 2468//4726
f 2333//4727 2478//4727 2342//4727
f 2468//4728 2478//4728 2473//4728
f 2473//4729 2478//4729 2333//4729
f 2472//4730 2479//4730 2474//4730
f 2478//4731 2480//4731 2342//4731
f 2481//4732 2480//4732 2477//4732
f 2477//4733 2480//4733 2478//4733
f 2343//4734 2482//4734 2336//4734
f 2336//4735 2482//4735 2472//4735
f 2472//4736 2483//4736 2479//4736
f 2482//4737 2483//4737 2472//4737
f 2340//4738 2484//4738 2346//4738
f 2352//4739 2484//4739 2347//4739
f 2347//4740 2484//4740 2340//4740
f 2346//4741 2484//4741 2352//4741
f 2479//4742 2485//4742 2474//4742
f 2483//4743 2485//4743 2479//4743
f 1861//4744 2485//4744 1890//4744
f 2475//4745 2485//4745 1861//4745
f 2474//4746 2485//4746 2475//4746
f 2341//4747 2486//4747 2350//4747
f 2342//4748 2486//4748 2341//4748
f 2480//4749 2486//4749 2342//4749
f 2481//4750 2487//4750 2480//4750
f 2480//4751 2487//4751 2486//4751
f 2482//4752 2488//4752 2483//4752
f 2487//4753 2489//4753 2486//4753
f 2343//4754 2490//4754 2482//4754
f 2348//4755 2490//4755 2343//4755
f 2486//4756 2491//4756 2350//4756
f 2350//4757 2491//4757 2349//4757
f 2490//4758 2492//4758 2482//4758
f 2482//4759 2492//4759 2488//4759
f 2489//4760 2493//4760 2486//4760
f 2486//4761 2493//4761 2491//4761
f 2485//4762 2494//4762 1890//4762
f 2483//4763 2494//4763 2485//4763
f 1890//4764 2494//4764 1888//4764
f 2488//4765 2494//4765 2483//4765
f 2492//4766 2494//4766 2488//4766
f 2481//4767 2495//4767 2487//4767
f 2487//4768 2495//4768 2489//4768
f 2496//4769 2495//4769 2481//4769
f 2489//4770 2495//4770 2493//4770
f 2493//4771 2497//4771 2491//4771
f 2496//4772 2497//4772 2495//4772
f 2495//4773 2497//4773 2493//4773
f 2490//4774 2498//4774 2492//4774
f 2492//4775 2498//4775 2494//4775
f 2352//4776 2499//4776 2353//4776
f 2353//4777 2499//4777 2500//4777
f 2354//4778 2499//4778 2352//4778
f 2500//4779 2499//4779 2354//4779
f 2490//4780 2501//4780 2498//4780
f 2348//4781 2501//4781 2490//4781
f 2353//4782 2501//4782 2348//4782
f 2491//4783 2502//4783 2349//4783
f 2497//4784 2502//4784 2491//4784
f 2503//4785 2502//4785 2496//4785
f 2349//4786 2502//4786 2351//4786
f 2496//4787 2502//4787 2497//4787
f 2501//4788 2504//4788 2498//4788
f 2351//4789 2505//4789 2354//4789
f 2502//4790 2505//4790 2351//4790
f 1888//4791 2506//4791 2138//4791
f 2494//4792 2506//4792 1888//4792
f 2498//4793 2506//4793 2494//4793
f 2504//4794 2506//4794 2498//4794
f 2502//4795 2507//4795 2505//4795
f 2503//4796 2507//4796 2502//4796
f 2507//4797 2508//4797 2505//4797
f 2501//4798 2509//4798 2504//4798
f 2504//4799 2509//4799 2506//4799
f 2354//4800 2510//4800 2500//4800
f 2505//4801 2510//4801 2354//4801
f 2500//4802 2511//4802 2353//4802
f 2353//4803 2511//4803 2501//4803
f 2501//4804 2511//4804 2509//4804
f 2508//4805 2512//4805 2505//4805
f 2505//4806 2512//4806 2510//4806
f 2513//4807 2514//4807 2503//4807
f 2503//4808 2514//4808 2507//4808
f 2507//4809 2514//4809 2508//4809
f 2508//4810 2514//4810 2512//4810
f 2511//4811 2515//4811 2509//4811
f 2138//4812 2516//4812 1942//4812
f 2509//4813 2516//4813 2506//4813
f 2506//4814 2516//4814 2138//4814
f 2515//4815 2516//4815 2509//4815
f 2512//4816 2517//4816 2510//4816
f 2515//4817 2518//4817 2516//4817
f 2511//4818 2518//4818 2515//4818
f 2517//4819 2519//4819 2510//4819
f 2510//4820 2519//4820 2500//4820
f 2512//4821 2520//4821 2517//4821
f 2517//4822 2520//4822 2519//4822
f 2521//4823 2520//4823 2513//4823
f 2513//4824 2520//4824 2514//4824
f 2514//4825 2520//4825 2512//4825
f 2511//4826 2522//4826 2518//4826
f 2522//4827 2523//4827 2518//4827
f 1942//4828 2523//4828 1940//4828
f 2518//4829 2523//4829 2516//4829
f 2516//4830 2523//4830 1942//4830
f 1940//4831 2524//4831 1961//4831
f 1961//4832 2524//4832 1969//4832
f 2525//4833 2526//4833 2527//4833
f 2527//4834 2526//4834 2524//4834
f 2524//4835 2526//4835 1969//4835
f 2528//4836 2526//4836 2525//4836
f 1969//4837 2526//4837 2528//4837
f 2364//4838 2529//4838 2367//4838
f 2196//4839 2529//4839 49//4839
f 49//4840 2529//4840 2364//4840
f 2372//4841 2530//4841 2196//4841
f 2196//4842 2530//4842 2529//4842
f 2374//4843 2530//4843 2372//4843
f 2529//4844 2530//4844 2367//4844
f 2371//4845 2530//4845 2374//4845
f 2367//4846 2530//4846 2371//4846
f 2197//4847 2531//4847 2380//4847
f 2380//4848 2531//4848 2384//4848
f 2198//4849 2531//4849 2197//4849
f 2198//4850 2532//4850 2531//4850
f 2384//4851 2532//4851 2388//4851
f 2531//4852 2532//4852 2384//4852
f 2390//4853 2532//4853 2198//4853
f 2394//4854 2532//4854 2390//4854
f 2388//4855 2532//4855 2394//4855
f 2421//4856 2533//4856 2202//4856
f 2411//4857 2533//4857 2415//4857
f 2201//4858 2533//4858 2200//4858
f 2420//4859 2533//4859 2421//4859
f 2202//4860 2533//4860 2201//4860
f 2415//4861 2533//4861 2420//4861
f 2200//4862 2533//4862 2411//4862
f 2405//4863 2534//4863 2408//4863
f 2408//4864 2534//4864 2270//4864
f 2412//4865 2534//4865 2405//4865
f 2534//4866 2535//4866 2270//4866
f 2415//4867 2535//4867 2412//4867
f 2412//4868 2535//4868 2534//4868
f 2420//4869 2535//4869 2415//4869
f 2270//4870 2535//4870 2429//4870
f 2429//4871 2535//4871 2420//4871
f 2307//4872 2536//4872 2431//4872
f 2431//4873 2536//4873 2432//4873
f 2432//4874 2536//4874 2437//4874
f 2440//4875 2537//4875 2433//4875
f 2179//4876 2537//4876 1829//4876
f 2180//4877 2537//4877 2179//4877
f 2433//4878 2537//4878 2180//4878
f 2536//4879 2538//4879 2437//4879
f 2437//4880 2538//4880 2443//4880
f 2538//4881 2539//4881 2443//4881
f 2448//4882 2539//4882 2446//4882
f 2443//4883 2539//4883 2448//4883
f 2307//4884 2539//4884 2536//4884
f 2536//4885 2539//4885 2538//4885
f 2446//4886 2539//4886 2307//4886
f 2440//4887 2540//4887 2537//4887
f 1829//4888 2540//4888 1837//4888
f 1837//4889 2540//4889 2449//4889
f 2537//4890 2540//4890 1829//4890
f 2449//4891 2540//4891 2440//4891
f 1837//4892 2541//4892 1844//4892
f 2449//4893 2541//4893 1837//4893
f 2448//4894 2541//4894 2449//4894
f 1844//4895 2541//4895 2456//4895
f 2456//4896 2541//4896 2448//4896
f 1844//4897 2542//4897 1863//4897
f 1863//4898 2542//4898 2466//4898
f 2456//4899 2542//4899 1844//4899
f 2455//4900 2542//4900 2456//4900
f 2460//4901 2542//4901 2455//4901
f 2466//4902 2542//4902 2460//4902
f 2511//4903 2543//4903 2522//4903
f 2500//4904 2543//4904 2511//4904
f 2519//4905 2543//4905 2500//4905
f 2522//4906 2543//4906 2544//4906
f 2520//4907 2545//4907 2519//4907
f 2521//4908 2545//4908 2520//4908
f 2519//4909 2545//4909 2543//4909
f 2543//4910 2545//4910 2544//4910
f 2521//4911 2546//4911 2545//4911
f 2544//4912 2546//4912 2527//4912
f 2527//4913 2546//4913 2525//4913
f 2525//4914 2546//4914 2521//4914
f 2545//4915 2546//4915 2544//4915
f 2544//4916 2547//4916 2522//4916
f 2523//4917 2547//4917 1940//4917
f 2527//4918 2547//4918 2544//4918
f 2524//4919 2547//4919 2527//4919
f 1940//4920 2547//4920 2524//4920
f 2522//4921 2547//4921 2523//4921
f 2548//4922 2549//4922 2550//4922
f 4705//4923 2551//4923 2552//4923
f 2549//4924 2553//4924 2550//4924
f 2550//4925 2554//4925 2555//4925
f 2553//4926 2554//4926 2550//4926
f 2556//4927 2557//4927 2549//4927
f 2549//4928 2557//4928 2553//4928
f 2553//4929 2558//4929 2554//4929
f 2557//4930 2559//4930 2553//4930
f 2553//4931 2559//4931 2558//4931
f 2555//4932 2560//4932 2561//4932
f 2554//4933 2560//4933 2555//4933
f 2558//4934 2562//4934 2554//4934
f 2554//4935 2562//4935 2560//4935
f 2563//4936 2564//4936 2556//4936
f 2556//4937 2564//4937 2557//4937
f 2557//4938 2565//4938 2559//4938
f 2564//4939 2565//4939 2557//4939
f 2562//4940 2566//4940 2560//4940
f 2564//4941 2567//4941 2565//4941
f 2561//4942 2568//4942 2569//4942
f 2560//4943 2568//4943 2561//4943
f 2566//4944 2568//4944 2560//4944
f 2566//4945 2570//4945 2568//4945
f 2566//4946 2571//4946 2570//4946
f 2572//4947 2571//4947 2573//4947
f 2569//4948 2574//4948 2575//4948
f 2568//4949 2574//4949 2569//4949
f 2570//4950 2574//4950 2568//4950
f 2571//4951 2574//4951 2570//4951
f 2572//4952 2574//4952 2571//4952
f 2567//4953 2576//4953 2577//4953
f 2578//4954 2579//4954 2576//4954
f 2580//4955 2581//4955 2582//4955
f 2582//4956 2581//4956 2578//4956
f 2578//4957 2581//4957 2579//4957
f 2577//4958 2583//4958 2573//4958
f 2584//4959 2585//4959 2572//4959
f 2574//4960 2585//4960 2575//4960
f 2572//4961 2585//4961 2574//4961
f 2581//4962 2586//4962 2579//4962
f 2583//4963 2587//4963 2573//4963
f 2573//4964 2587//4964 2572//4964
f 2583//4965 2588//4965 2587//4965
f 2589//4966 2590//4966 2591//4966
f 2583//4967 2590//4967 2588//4967
f 2575//4968 2592//4968 2593//4968
f 2585//4969 2592//4969 2575//4969
f 2584//4970 2592//4970 2585//4970
f 2587//4971 2594//4971 2572//4971
f 2588//4972 2594//4972 2587//4972
f 2590//4973 2594//4973 2588//4973
f 2589//4974 2594//4974 2590//4974
f 2593//4975 2595//4975 2596//4975
f 2592//4976 2595//4976 2593//4976
f 2592//4977 2597//4977 2595//4977
f 2586//4978 2598//4978 2599//4978
f 2572//4979 2600//4979 2584//4979
f 2594//4980 2600//4980 2572//4980
f 2597//4981 2601//4981 2595//4981
f 2594//4982 2602//4982 2600//4982
f 2589//4983 2603//4983 2594//4983
f 2594//4984 2603//4984 2602//4984
f 2599//4985 2604//4985 2591//4985
f 2605//4986 2606//4986 2598//4986
f 2607//4987 2608//4987 2609//4987
f 2605//4988 2608//4988 2606//4988
f 2609//4989 2608//4989 2605//4989
f 2595//4990 2610//4990 2596//4990
f 2596//4991 2610//4991 2611//4991
f 2601//4992 2610//4992 2595//4992
f 2601//4993 2612//4993 2610//4993
f 2602//4994 2613//4994 2600//4994
f 2600//4995 2613//4995 2584//4995
f 2614//4996 2613//4996 2603//4996
f 2603//4997 2613//4997 2602//4997
f 2604//4998 2615//4998 2591//4998
f 2591//4999 2615//4999 2589//4999
f 2616//5000 2617//5000 2618//5000
f 2601//5001 2617//5001 2612//5001
f 2608//5002 2619//5002 2606//5002
f 2604//5003 2620//5003 2615//5003
f 2621//5004 2622//5004 2623//5004
f 2604//5005 2622//5005 2620//5005
f 2611//5006 2624//5006 2625//5006
f 2610//5007 2624//5007 2611//5007
f 2612//5008 2624//5008 2610//5008
f 2616//5009 2624//5009 2617//5009
f 2617//5010 2624//5010 2612//5010
f 2584//5011 2626//5011 2618//5011
f 2613//5012 2626//5012 2584//5012
f 2613//5013 2627//5013 2626//5013
f 2614//5014 2628//5014 2613//5014
f 2613//5015 2628//5015 2627//5015
f 2615//5016 2629//5016 2589//5016
f 2621//5017 2629//5017 2622//5017
f 2620//5018 2629//5018 2615//5018
f 2622//5019 2629//5019 2620//5019
f 2619//5020 2630//5020 2631//5020
f 2626//5021 2632//5021 2618//5021
f 2628//5022 2632//5022 2627//5022
f 2627//5023 2632//5023 2626//5023
f 2633//5024 2632//5024 2628//5024
f 2616//5025 2634//5025 2624//5025
f 2625//5026 2634//5026 2635//5026
f 2636//5027 2634//5027 2616//5027
f 2624//5028 2634//5028 2625//5028
f 2637//5029 2638//5029 2630//5029
f 2618//5030 2639//5030 2616//5030
f 2632//5031 2639//5031 2618//5031
f 2632//5032 2640//5032 2639//5032
f 2632//5033 2641//5033 2640//5033
f 2633//5034 2641//5034 2632//5034
f 2642//5035 2641//5035 2633//5035
f 2643//5036 2644//5036 2621//5036
f 2621//5037 2644//5037 2629//5037
f 2645//5038 2646//5038 2623//5038
f 2623//5039 2646//5039 2621//5039
f 2645//5040 2647//5040 2646//5040
f 2645//5041 2648//5041 2647//5041
f 2639//5042 2649//5042 2616//5042
f 2640//5043 2649//5043 2639//5043
f 2641//5044 2649//5044 2640//5044
f 2642//5045 2649//5045 2641//5045
f 2634//5046 2650//5046 2635//5046
f 2636//5047 2650//5047 2634//5047
f 2635//5048 2650//5048 2651//5048
f 2652//5049 2650//5049 2636//5049
f 2638//5050 2653//5050 2654//5050
f 2646//5051 2655//5051 2621//5051
f 2647//5052 2655//5052 2646//5052
f 2648//5053 2655//5053 2647//5053
f 2656//5054 2655//5054 2648//5054
f 2649//5055 2657//5055 2616//5055
f 2616//5056 2657//5056 2636//5056
f 2649//5057 2658//5057 2657//5057
f 2659//5058 2660//5058 2661//5058
f 2661//5059 2660//5059 2662//5059
f 2663//5060 2664//5060 2642//5060
f 2642//5061 2664//5061 2649//5061
f 2649//5062 2664//5062 2658//5062
f 2662//5063 2665//5063 2653//5063
f 2660//5064 2665//5064 2662//5064
f 2643//5065 2666//5065 2644//5065
f 2633//5066 2666//5066 2642//5066
f 2667//5067 2666//5067 2643//5067
f 2655//5068 2668//5068 2621//5068
f 2621//5069 2668//5069 2643//5069
f 2655//5070 2669//5070 2668//5070
f 2651//5071 2670//5071 2671//5071
f 2656//5072 2672//5072 2655//5072
f 2655//5073 2672//5073 2669//5073
f 2673//5074 2672//5074 2656//5074
f 2654//5075 2674//5075 2675//5075
f 2657//5076 2676//5076 2636//5076
f 2663//5077 2676//5077 2664//5077
f 2658//5078 2676//5078 2657//5078
f 2664//5079 2676//5079 2658//5079
f 2650//5080 2677//5080 2651//5080
f 2652//5081 2677//5081 2650//5081
f 2651//5082 2677//5082 2670//5082
f 2678//5083 2677//5083 2652//5083
f 2660//5084 2679//5084 2665//5084
f 2680//5085 2681//5085 2659//5085
f 2668//5086 2682//5086 2643//5086
f 2669//5087 2682//5087 2668//5087
f 2672//5088 2682//5088 2669//5088
f 2673//5089 2682//5089 2672//5089
f 2671//5090 2683//5090 2684//5090
f 2670//5091 2683//5091 2671//5091
f 2677//5092 2683//5092 2670//5092
f 2678//5093 2683//5093 2677//5093
f 2636//5094 2685//5094 2652//5094
f 2676//5095 2685//5095 2636//5095
f 2681//5096 2686//5096 2659//5096
f 2659//5097 2686//5097 2660//5097
f 2660//5098 2686//5098 2679//5098
f 2676//5099 2687//5099 2685//5099
f 2688//5100 2689//5100 2680//5100
f 4696//5101 2689//5101 2688//5101
f 2680//5102 2689//5102 2681//5102
f 2681//5103 2689//5103 4696//5103
f 2663//5104 2690//5104 2676//5104
f 2691//5105 2690//5105 2663//5105
f 2676//5106 2690//5106 2687//5106
f 2667//5107 2692//5107 2666//5107
f 2693//5108 2692//5108 2667//5108
f 2666//5109 2692//5109 2642//5109
f 2682//5110 2694//5110 2643//5110
f 2643//5111 2694//5111 2667//5111
f 2682//5112 2695//5112 2694//5112
f 2682//5113 2696//5113 2695//5113
f 2697//5114 2696//5114 2673//5114
f 2673//5115 2696//5115 2682//5115
f 2698//5116 2699//5116 2700//5116
f 2700//5117 2699//5117 2674//5117
f 2685//5118 2701//5118 2652//5118
f 2687//5119 2701//5119 2685//5119
f 2690//5120 2701//5120 2687//5120
f 2691//5121 2701//5121 2690//5121
f 2642//5122 2702//5122 2663//5122
f 2692//5123 2702//5123 2642//5123
f 2692//5124 2703//5124 2702//5124
f 2693//5125 2704//5125 2692//5125
f 2692//5126 2704//5126 2703//5126
f 2705//5127 2704//5127 2693//5127
f 2678//5128 2706//5128 2683//5128
f 2683//5129 2706//5129 2684//5129
f 2684//5130 2706//5130 2707//5130
f 2708//5131 2706//5131 2678//5131
f 2696//5132 2709//5132 2695//5132
f 2697//5133 2709//5133 2696//5133
f 2694//5134 2709//5134 2667//5134
f 2695//5135 2709//5135 2694//5135
f 2699//5136 2710//5136 2656//5136
f 2656//5137 2710//5137 2673//5137
f 2699//5138 2711//5138 2710//5138
f 2699//5139 2712//5139 2711//5139
f 2713//5140 2712//5140 2698//5140
f 2698//5141 2712//5141 2699//5141
f 2703//5142 2714//5142 2702//5142
f 2704//5143 2714//5143 2703//5143
f 2705//5144 2714//5144 2704//5144
f 2702//5145 2714//5145 2663//5145
f 2667//5146 2715//5146 2693//5146
f 2709//5147 2715//5147 2667//5147
f 2716//5148 2717//5148 2700//5148
f 2700//5149 2718//5149 2698//5149
f 2717//5150 2718//5150 2700//5150
f 2709//5151 2719//5151 2715//5151
f 2720//5152 2721//5152 2722//5152
f 2717//5153 2721//5153 2720//5153
f 2716//5154 2721//5154 2717//5154
f 2697//5155 2723//5155 2709//5155
f 2709//5156 2723//5156 2719//5156
f 2724//5157 2723//5157 2697//5157
f 2710//5158 2725//5158 2673//5158
f 2712//5159 2725//5159 2711//5159
f 2711//5160 2725//5160 2710//5160
f 2713//5161 2725//5161 2712//5161
f 2691//5162 2726//5162 2701//5162
f 2727//5163 2726//5163 2691//5163
f 2663//5164 2728//5164 2691//5164
f 2714//5165 2728//5165 2663//5165
f 2714//5166 2729//5166 2728//5166
f 2707//5167 2730//5167 2731//5167
f 2705//5168 2732//5168 2714//5168
f 2714//5169 2732//5169 2729//5169
f 2733//5170 2732//5170 2705//5170
f 2715//5171 2734//5171 2693//5171
f 2719//5172 2734//5172 2715//5172
f 2723//5173 2734//5173 2719//5173
f 2724//5174 2734//5174 2723//5174
f 2707//5175 2735//5175 2730//5175
f 2706//5176 2735//5176 2707//5176
f 2708//5177 2735//5177 2706//5177
f 2725//5178 2736//5178 2673//5178
f 2673//5179 2736//5179 2697//5179
f 2726//5180 2737//5180 2678//5180
f 2678//5181 2737//5181 2708//5181
f 2735//5182 2738//5182 2730//5182
f 2725//5183 2739//5183 2736//5183
f 2726//5184 2740//5184 2737//5184
f 2741//5185 2742//5185 2713//5185
f 2725//5186 2742//5186 2739//5186
f 2713//5187 2742//5187 2725//5187
f 2726//5188 2743//5188 2740//5188
f 2727//5189 2743//5189 2726//5189
f 2744//5190 2743//5190 2727//5190
f 2718//5191 2745//5191 2698//5191
f 2746//5192 2745//5192 2720//5192
f 2720//5193 2745//5193 2717//5193
f 2717//5194 2745//5194 2718//5194
f 2732//5195 2747//5195 2729//5195
f 2733//5196 2747//5196 2732//5196
f 2728//5197 2747//5197 2691//5197
f 2729//5198 2747//5198 2728//5198
f 2734//5199 2748//5199 2693//5199
f 2693//5200 2748//5200 2705//5200
f 2738//5201 2749//5201 2730//5201
f 94//5202 2749//5202 2738//5202
f 2731//5203 2749//5203 90//5203
f 90//5204 2749//5204 94//5204
f 2730//5205 2749//5205 2731//5205
f 2734//5206 2750//5206 2748//5206
f 2724//5207 2751//5207 2734//5207
f 2734//5208 2751//5208 2750//5208
f 2745//5209 2752//5209 2698//5209
f 2698//5210 2752//5210 2713//5210
f 2738//5211 2753//5211 94//5211
f 2735//5212 2753//5212 2738//5212
f 2736//5213 2754//5213 2697//5213
f 2741//5214 2754//5214 2742//5214
f 2739//5215 2754//5215 2736//5215
f 2742//5216 2754//5216 2739//5216
f 2697//5217 2754//5217 2724//5217
f 2745//5218 2755//5218 2752//5218
f 2747//5219 2756//5219 2691//5219
f 2691//5220 2756//5220 2727//5220
f 2747//5221 2757//5221 2756//5221
f 2746//5222 2758//5222 2745//5222
f 2759//5223 2758//5223 2746//5223
f 2745//5224 2758//5224 2755//5224
f 2747//5225 2760//5225 2757//5225
f 2733//5226 2760//5226 2747//5226
f 2761//5227 2760//5227 2733//5227
f 2748//5228 2762//5228 2705//5228
f 2750//5229 2762//5229 2748//5229
f 2751//5230 2762//5230 2750//5230
f 2763//5231 2762//5231 2751//5231
f 2752//5232 2764//5232 2713//5232
f 2755//5233 2764//5233 2752//5233
f 2758//5234 2764//5234 2755//5234
f 2753//5235 2765//5235 94//5235
f 2766//5236 2765//5236 2753//5236
f 2757//5237 2767//5237 2756//5237
f 2756//5238 2767//5238 2727//5238
f 2760//5239 2767//5239 2757//5239
f 2761//5240 2767//5240 2760//5240
f 2762//5241 2768//5241 2705//5241
f 2705//5242 2768//5242 2733//5242
f 2762//5243 2769//5243 2768//5243
f 2713//5244 2770//5244 2741//5244
f 2713//5245 2771//5245 2770//5245
f 2764//5246 2771//5246 2713//5246
f 2762//5247 2772//5247 2769//5247
f 2763//5248 2772//5248 2762//5248
f 2773//5249 2772//5249 2763//5249
f 2741//5250 2774//5250 2754//5250
f 2754//5251 2774//5251 2724//5251
f 2775//5252 2774//5252 2741//5252
f 2776//5253 2777//5253 2759//5253
f 2759//5254 2777//5254 2758//5254
f 2758//5255 2777//5255 2764//5255
f 2764//5256 2777//5256 2771//5256
f 2767//5257 2778//5257 2727//5257
f 2727//5258 2778//5258 2744//5258
f 2767//5259 2779//5259 2778//5259
f 2778//5260 2779//5260 2780//5260
f 2767//5261 2781//5261 2779//5261
f 2779//5262 2781//5262 2780//5262
f 2761//5263 2781//5263 2767//5263
f 2772//5264 2782//5264 2769//5264
f 2773//5265 2782//5265 2772//5265
f 2768//5266 2782//5266 2733//5266
f 2769//5267 2782//5267 2768//5267
f 2744//5268 2783//5268 2784//5268
f 2784//5269 2783//5269 2766//5269
f 2777//5270 2785//5270 2771//5270
f 4699//5271 2785//5271 2776//5271
f 2771//5272 2785//5272 2770//5272
f 2776//5273 2785//5273 2777//5273
f 2770//5274 2785//5274 2741//5274
f 2782//5275 2786//5275 2733//5275
f 2733//5276 2786//5276 2761//5276
f 2785//5277 2787//5277 2741//5277
f 2741//5278 2787//5278 2775//5278
f 4699//5279 2787//5279 2785//5279
f 2782//5280 2788//5280 2786//5280
f 2789//5281 2790//5281 2773//5281
f 2773//5282 2790//5282 2782//5282
f 2782//5283 2790//5283 2788//5283
f 85//5284 2791//5284 83//5284
f 2783//5285 2792//5285 2791//5285
f 2791//5286 2792//5286 83//5286
f 2744//5287 2792//5287 2783//5287
f 2775//5288 2793//5288 2774//5288
f 2794//5289 2793//5289 2775//5289
f 2780//5290 2795//5290 2778//5290
f 2778//5291 2795//5291 2744//5291
f 2744//5292 2795//5292 2792//5292
f 2789//5293 2796//5293 2790//5293
f 2788//5294 2796//5294 2786//5294
f 2790//5295 2796//5295 2788//5295
f 2793//5296 2797//5296 2763//5296
f 2763//5297 2797//5297 2773//5297
f 2793//5298 2798//5298 2797//5298
f 2799//5299 2800//5299 2794//5299
f 2794//5300 2800//5300 2793//5300
f 2793//5301 2800//5301 2798//5301
f 4699//5302 2801//5302 2787//5302
f 2787//5303 2801//5303 2775//5303
f 2802//5304 2801//5304 4699//5304
f 2801//5305 2803//5305 2775//5305
f 2775//5306 2803//5306 2794//5306
f 2797//5307 2804//5307 2773//5307
f 2800//5308 2804//5308 2798//5308
f 2798//5309 2804//5309 2797//5309
f 2799//5310 2804//5310 2800//5310
f 2801//5311 2805//5311 2803//5311
f 4701//5312 2806//5312 2802//5312
f 2802//5313 2806//5313 2801//5313
f 2801//5314 2806//5314 2805//5314
f 83//5315 2807//5315 160//5315
f 2792//5316 2807//5316 83//5316
f 2795//5317 2807//5317 2792//5317
f 2773//5318 2808//5318 2789//5318
f 2804//5319 2808//5319 2773//5319
f 2780//5320 2809//5320 2795//5320
f 2795//5321 2809//5321 2807//5321
f 2804//5322 2810//5322 2808//5322
f 2803//5323 2811//5323 2794//5323
f 4701//5324 2811//5324 2806//5324
f 2805//5325 2811//5325 2803//5325
f 2806//5326 2811//5326 2805//5326
f 2812//5327 2813//5327 2799//5327
f 2799//5328 2813//5328 2804//5328
f 2804//5329 2813//5329 2810//5329
f 2794//5330 2814//5330 2799//5330
f 4701//5331 2815//5331 2811//5331
f 2816//5332 2815//5332 4701//5332
f 2811//5333 2815//5333 2794//5333
f 2794//5334 2815//5334 2814//5334
f 2812//5335 2817//5335 2813//5335
f 2810//5336 2817//5336 2808//5336
f 2813//5337 2817//5337 2810//5337
f 2818//5338 2819//5338 2809//5338
f 2807//5339 2819//5339 160//5339
f 2809//5340 2819//5340 2807//5340
f 2820//5341 2821//5341 2822//5341
f 2822//5342 2821//5342 2818//5342
f 2816//5343 2823//5343 2815//5343
f 2815//5344 2823//5344 2814//5344
f 2814//5345 2823//5345 2799//5345
f 2799//5346 2823//5346 2812//5346
f 2824//5347 2823//5347 2816//5347
f 2825//5348 2826//5348 2821//5348
f 162//5349 2826//5349 71//5349
f 2823//5350 2827//5350 2812//5350
f 2824//5351 2827//5351 2823//5351
f 2828//5352 2827//5352 2824//5352
f 2825//5353 2829//5353 2826//5353
f 2830//5354 2829//5354 2825//5354
f 2826//5355 2829//5355 71//5355
f 71//5356 2829//5356 2831//5356
f 2827//5357 2832//5357 2812//5357
f 2827//5358 2833//5358 2832//5358
f 2828//5359 2834//5359 2827//5359
f 2833//5360 2834//5360 4703//5360
f 2827//5361 2834//5361 2833//5361
f 4703//5362 2834//5362 2828//5362
f 2835//5363 2836//5363 2830//5363
f 2830//5364 2836//5364 2829//5364
f 2829//5365 2836//5365 2831//5365
f 2833//5366 2837//5366 2832//5366
f 2832//5367 2837//5367 2838//5367
f 4703//5368 2837//5368 2833//5368
f 2839//5369 2837//5369 4703//5369
f 2840//5370 2841//5370 2836//5370
f 2836//5371 2841//5371 2831//5371
f 2839//5372 2842//5372 2837//5372
f 4705//5373 2842//5373 2839//5373
f 2562//5374 2843//5374 2566//5374
f 2571//5375 2843//5375 2573//5375
f 2566//5376 2843//5376 2571//5376
f 2558//5377 2843//5377 2562//5377
f 2843//5378 2844//5378 2573//5378
f 2559//5379 2844//5379 2558//5379
f 2565//5380 2844//5380 2559//5380
f 2558//5381 2844//5381 2843//5381
f 2573//5382 2844//5382 2577//5382
f 2567//5383 2844//5383 2565//5383
f 2577//5384 2844//5384 2567//5384
f 2582//5385 2845//5385 2563//5385
f 2563//5386 2845//5386 2564//5386
f 2564//5387 2845//5387 2567//5387
f 2578//5388 2845//5388 2582//5388
f 2576//5389 2845//5389 2578//5389
f 2567//5390 2845//5390 2576//5390
f 2590//5391 2846//5391 2591//5391
f 2583//5392 2846//5392 2590//5392
f 2577//5393 2846//5393 2583//5393
f 2586//5394 2847//5394 2579//5394
f 2591//5395 2847//5395 2599//5395
f 2599//5396 2847//5396 2586//5396
f 2577//5397 2847//5397 2846//5397
f 2846//5398 2847//5398 2591//5398
f 2576//5399 2847//5399 2577//5399
f 2579//5400 2847//5400 2576//5400
f 2581//5401 2848//5401 2586//5401
f 2609//5402 2848//5402 2580//5402
f 2598//5403 2848//5403 2605//5403
f 2580//5404 2848//5404 2581//5404
f 2605//5405 2848//5405 2609//5405
f 2586//5406 2848//5406 2598//5406
f 2584//5407 2849//5407 2592//5407
f 2592//5408 2849//5408 2597//5408
f 2597//5409 2849//5409 2601//5409
f 2617//5410 2849//5410 2618//5410
f 2618//5411 2849//5411 2584//5411
f 2601//5412 2849//5412 2617//5412
f 2599//5413 2850//5413 2604//5413
f 2622//5414 2850//5414 2623//5414
f 2604//5415 2850//5415 2622//5415
f 2598//5416 2851//5416 2599//5416
f 2599//5417 2851//5417 2850//5417
f 2606//5418 2851//5418 2598//5418
f 2850//5419 2851//5419 2623//5419
f 2619//5420 2852//5420 2630//5420
f 2853//5421 2852//5421 2607//5421
f 2607//5422 2852//5422 2608//5422
f 2608//5423 2852//5423 2619//5423
f 2637//5424 2852//5424 2853//5424
f 2630//5425 2852//5425 2637//5425
f 2644//5426 2854//5426 2629//5426
f 2629//5427 2854//5427 2589//5427
f 2603//5428 2855//5428 2614//5428
f 2589//5429 2855//5429 2603//5429
f 2614//5430 2855//5430 2644//5430
f 2644//5431 2855//5431 2854//5431
f 2854//5432 2855//5432 2589//5432
f 2661//5433 2856//5433 2853//5433
f 2637//5434 2856//5434 2638//5434
f 2662//5435 2856//5435 2661//5435
f 2653//5436 2856//5436 2662//5436
f 2638//5437 2856//5437 2653//5437
f 2853//5438 2856//5438 2637//5438
f 2631//5439 2857//5439 2645//5439
f 2645//5440 2857//5440 2648//5440
f 2648//5441 2857//5441 2675//5441
f 2857//5442 2858//5442 2675//5442
f 2630//5443 2858//5443 2631//5443
f 2675//5444 2858//5444 2654//5444
f 2638//5445 2858//5445 2630//5445
f 2654//5446 2858//5446 2638//5446
f 2631//5447 2858//5447 2857//5447
f 2644//5448 2859//5448 2614//5448
f 2666//5449 2859//5449 2644//5449
f 2859//5450 2860//5450 2614//5450
f 2666//5451 2860//5451 2859//5451
f 2633//5452 2860//5452 2666//5452
f 2628//5453 2860//5453 2633//5453
f 2614//5454 2860//5454 2628//5454
f 2653//5455 2861//5455 2654//5455
f 2665//5456 2861//5456 2653//5456
f 2654//5457 2862//5457 2674//5457
f 2861//5458 2862//5458 2654//5458
f 2674//5459 2862//5459 2700//5459
f 2665//5460 2863//5460 2861//5460
f 2862//5461 2863//5461 2700//5461
f 2861//5462 2863//5462 2862//5462
f 2674//5463 2864//5463 2675//5463
f 2699//5464 2864//5464 2674//5464
f 2864//5465 2865//5465 2675//5465
f 2656//5466 2865//5466 2699//5466
f 2648//5467 2865//5467 2656//5467
f 2675//5468 2865//5468 2648//5468
f 2699//5469 2865//5469 2864//5469
f 2665//5470 2866//5470 2863//5470
f 2863//5471 2866//5471 2700//5471
f 2679//5472 2866//5472 2665//5472
f 2686//5473 2867//5473 2679//5473
f 2866//5474 2867//5474 2700//5474
f 2679//5475 2867//5475 2866//5475
f 2700//5476 2867//5476 2716//5476
f 2678//5477 2868//5477 2726//5477
f 2701//5478 2868//5478 2652//5478
f 2726//5479 2868//5479 2701//5479
f 2652//5480 2868//5480 2678//5480
f 2867//5481 2869//5481 2716//5481
f 2722//5482 2869//5482 4696//5482
f 2681//5483 2869//5483 2686//5483
f 2686//5484 2869//5484 2867//5484
f 2721//5485 2869//5485 2722//5485
f 2716//5486 2869//5486 2721//5486
f 4696//5487 2869//5487 2681//5487
f 2708//5488 2870//5488 2735//5488
f 2735//5489 2870//5489 2753//5489
f 2753//5490 2870//5490 2766//5490
f 2766//5491 2870//5491 2784//5491
f 2708//5492 2871//5492 2870//5492
f 2737//5493 2871//5493 2708//5493
f 2870//5494 2871//5494 2784//5494
f 2737//5495 2872//5495 2871//5495
f 2871//5496 2872//5496 2784//5496
f 2784//5497 2873//5497 2744//5497
f 2743//5498 2873//5498 2740//5498
f 2744//5499 2873//5499 2743//5499
f 2737//5500 2873//5500 2872//5500
f 2872//5501 2873//5501 2784//5501
f 2740//5502 2873//5502 2737//5502
f 2793//5503 2874//5503 2774//5503
f 2774//5504 2874//5504 2724//5504
f 2751//5505 2874//5505 2763//5505
f 2763//5506 2874//5506 2793//5506
f 2724//5507 2874//5507 2751//5507
f 2783//5508 2875//5508 2766//5508
f 94//5509 2875//5509 85//5509
f 2791//5510 2875//5510 2783//5510
f 85//5511 2875//5511 2791//5511
f 2765//5512 2875//5512 94//5512
f 2766//5513 2875//5513 2765//5513
f 2780//5514 2876//5514 2809//5514
f 2809//5515 2876//5515 2818//5515
f 2818//5516 2876//5516 2822//5516
f 2780//5517 2877//5517 2876//5517
f 2878//5518 2877//5518 2780//5518
f 2822//5519 2877//5519 2879//5519
f 2879//5520 2877//5520 2878//5520
f 2876//5521 2877//5521 2822//5521
f 2796//5522 2880//5522 2879//5522
f 2789//5523 2880//5523 2796//5523
f 2822//5524 2881//5524 2820//5524
f 2879//5525 2881//5525 2822//5525
f 2820//5526 2881//5526 2880//5526
f 2880//5527 2881//5527 2879//5527
f 2821//5528 2882//5528 2818//5528
f 2819//5529 2882//5529 160//5529
f 2826//5530 2882//5530 2821//5530
f 162//5531 2882//5531 2826//5531
f 160//5532 2882//5532 162//5532
f 2818//5533 2882//5533 2819//5533
f 2812//5534 2883//5534 2817//5534
f 2817//5535 2883//5535 2884//5535
f 2832//5536 2883//5536 2812//5536
f 2838//5537 2883//5537 2832//5537
f 2821//5538 2885//5538 2825//5538
f 2825//5539 2885//5539 2830//5539
f 2820//5540 2885//5540 2821//5540
f 2830//5541 2885//5541 2835//5541
f 2886//5542 2887//5542 2820//5542
f 2835//5543 2887//5543 2884//5543
f 2884//5544 2887//5544 2886//5544
f 2820//5545 2887//5545 2885//5545
f 2885//5546 2887//5546 2835//5546
f 2835//5547 2888//5547 2838//5547
f 2884//5548 2888//5548 2835//5548
f 2883//5549 2888//5549 2884//5549
f 2838//5550 2888//5550 2883//5550
f 2838//5551 2889//5551 2835//5551
f 2835//5552 2889//5552 2836//5552
f 2836//5553 2889//5553 2840//5553
f 2837//5554 2889//5554 2838//5554
f 2842//5555 2889//5555 2837//5555
f 2840//5556 2889//5556 2842//5556
f 2831//5557 2890//5557 2552//5557
f 2841//5558 2890//5558 2831//5558
f 2840//5559 2890//5559 2841//5559
f 4705//5560 2890//5560 2842//5560
f 2842//5561 2890//5561 2840//5561
f 2552//5562 2890//5562 4705//5562
f 2623//5563 2891//5563 2645//5563
f 2645//5564 2891//5564 2631//5564
f 2851//5565 2891//5565 2623//5565
f 2619//5566 2891//5566 2606//5566
f 2606//5567 2891//5567 2851//5567
f 2631//5568 2891//5568 2619//5568
f 2781//5569 2892//5569 2780//5569
f 2761//5570 2892//5570 2781//5570
f 2786//5571 2892//5571 2761//5571
f 2780//5572 2892//5572 2878//5572
f 2796//5573 2892//5573 2786//5573
f 2878//5574 2892//5574 2879//5574
f 2879//5575 2892//5575 2796//5575
f 2884//5576 2893//5576 2817//5576
f 2808//5577 2893//5577 2789//5577
f 2820//5578 2893//5578 2886//5578
f 2817//5579 2893//5579 2808//5579
f 2880//5580 2893//5580 2820//5580
f 2789//5581 2893//5581 2880//5581
f 2886//5582 2893//5582 2884//5582
f 79//5583 2894//5583 81//5583
f 79//5584 2895//5584 2894//5584
f 79//5585 76//5585 2895//5585
f 74//5586 2896//5586 76//5586
f 76//5587 2896//5587 2895//5587
f 74//5588 71//5588 2896//5588
f 71//5589 2897//5589 2896//5589
f 71//5590 2831//5590 2897//5590
f 2831//5591 2898//5591 2897//5591
f 2831//5592 2552//5592 2898//5592
f 2552//5593 2899//5593 2898//5593
f 2552//5594 2551//5594 2899//5594
f 2551//5595 4707//5595 2899//5595
f 2900//5596 2549//5596 2548//5596
f 2901//5597 2902//5597 2903//5597
f 2904//5598 2902//5598 2901//5598
f 2904//5599 2905//5599 2902//5599
f 2902//5600 2906//5600 2903//5600
f 2903//5601 2906//5601 2907//5601
f 2907//5602 2906//5602 2908//5602
f 2902//5603 2909//5603 2906//5603
f 2905//5604 2909//5604 2902//5604
f 2906//5605 2910//5605 2908//5605
f 2905//5606 2911//5606 2909//5606
f 2909//5607 2912//5607 2906//5607
f 2908//5608 2913//5608 2914//5608
f 2910//5609 2913//5609 2908//5609
f 2914//5610 2913//5610 2915//5610
f 2911//5611 2916//5611 2909//5611
f 2912//5612 2917//5612 2906//5612
f 2906//5613 2917//5613 2910//5613
f 2911//5614 2918//5614 2916//5614
f 2913//5615 2919//5615 2915//5615
f 2909//5616 2920//5616 2912//5616
f 2916//5617 2920//5617 2909//5617
f 2910//5618 2921//5618 2913//5618
f 2917//5619 2921//5619 2910//5619
f 2916//5620 2922//5620 2920//5620
f 2918//5621 2922//5621 2916//5621
f 2919//5622 2923//5622 2915//5622
f 2915//5623 2923//5623 2924//5623
f 2912//5624 2925//5624 2917//5624
f 2920//5625 2925//5625 2912//5625
f 2913//5626 2926//5626 2919//5626
f 2919//5627 2926//5627 2923//5627
f 2921//5628 2926//5628 2913//5628
f 2920//5629 2927//5629 2925//5629
f 2922//5630 2927//5630 2920//5630
f 2924//5631 2928//5631 2929//5631
f 2923//5632 2928//5632 2924//5632
f 2925//5633 2930//5633 2917//5633
f 2917//5634 2930//5634 2921//5634
f 2918//5635 2931//5635 2922//5635
f 2932//5636 2931//5636 2918//5636
f 2922//5637 2931//5637 2927//5637
f 2926//5638 2933//5638 2923//5638
f 2927//5639 2934//5639 2925//5639
f 2932//5640 2935//5640 2931//5640
f 2928//5641 2936//5641 2929//5641
f 2929//5642 2936//5642 2937//5642
f 2930//5643 2938//5643 2921//5643
f 2926//5644 2938//5644 2933//5644
f 2921//5645 2938//5645 2926//5645
f 2931//5646 2939//5646 2927//5646
f 2927//5647 2939//5647 2934//5647
f 2923//5648 2940//5648 2928//5648
f 2928//5649 2940//5649 2936//5649
f 2933//5650 2940//5650 2923//5650
f 2930//5651 2941//5651 2938//5651
f 2925//5652 2941//5652 2930//5652
f 2934//5653 2941//5653 2925//5653
f 2935//5654 2942//5654 2931//5654
f 2937//5655 2943//5655 2944//5655
f 2936//5656 2943//5656 2937//5656
f 2938//5657 2945//5657 2933//5657
f 2939//5658 2946//5658 2934//5658
f 2940//5659 2947//5659 2936//5659
f 2941//5660 2948//5660 2938//5660
f 2942//5661 2949//5661 2931//5661
f 2931//5662 2949//5662 2939//5662
f 2933//5663 2950//5663 2940//5663
f 2945//5664 2950//5664 2933//5664
f 2940//5665 2950//5665 2947//5665
f 2946//5666 2951//5666 2934//5666
f 2934//5667 2951//5667 2941//5667
f 2952//5668 2953//5668 2935//5668
f 2935//5669 2953//5669 2942//5669
f 2936//5670 2954//5670 2943//5670
f 2947//5671 2954//5671 2936//5671
f 2948//5672 2955//5672 2938//5672
f 2938//5673 2955//5673 2945//5673
f 2949//5674 2956//5674 2939//5674
f 2939//5675 2956//5675 2946//5675
f 2957//5676 2958//5676 2959//5676
f 2960//5677 2958//5677 2957//5677
f 2950//5678 2961//5678 2947//5678
f 2941//5679 2962//5679 2948//5679
f 2951//5680 2962//5680 2941//5680
f 2942//5681 2963//5681 2949//5681
f 2953//5682 2963//5682 2942//5682
f 2954//5683 2964//5683 2943//5683
f 2943//5684 2964//5684 2960//5684
f 2945//5685 2965//5685 2950//5685
f 2955//5686 2965//5686 2945//5686
f 2946//5687 2966//5687 2951//5687
f 2956//5688 2966//5688 2946//5688
f 2951//5689 2966//5689 2962//5689
f 2959//5690 2967//5690 2968//5690
f 2958//5691 2967//5691 2959//5691
f 2952//5692 2969//5692 2953//5692
f 2970//5693 2969//5693 2952//5693
f 2947//5694 2971//5694 2954//5694
f 2961//5695 2971//5695 2947//5695
f 2948//5696 2972//5696 2955//5696
f 2962//5697 2972//5697 2948//5697
f 2963//5698 2973//5698 2949//5698
f 2949//5699 2973//5699 2956//5699
f 2965//5700 2974//5700 2950//5700
f 2950//5701 2974//5701 2961//5701
f 2966//5702 2975//5702 2962//5702
f 2953//5703 2976//5703 2963//5703
f 2969//5704 2976//5704 2953//5704
f 2963//5705 2976//5705 2973//5705
f 2971//5706 2977//5706 2954//5706
f 2954//5707 2977//5707 2964//5707
f 2955//5708 2978//5708 2965//5708
f 2972//5709 2978//5709 2955//5709
f 2965//5710 2978//5710 2974//5710
f 2973//5711 2979//5711 2956//5711
f 2956//5712 2979//5712 2966//5712
f 2958//5713 2980//5713 2967//5713
f 2981//5714 2980//5714 2958//5714
f 2972//5715 2982//5715 2978//5715
f 2975//5716 2982//5716 2962//5716
f 2962//5717 2982//5717 2972//5717
f 2983//5718 2984//5718 2985//5718
f 2985//5719 2984//5719 2986//5719
f 2976//5720 2987//5720 2973//5720
f 2964//5721 2988//5721 2981//5721
f 2977//5722 2988//5722 2964//5722
f 2978//5723 2989//5723 2974//5723
f 2966//5724 2990//5724 2975//5724
f 2979//5725 2990//5725 2966//5725
f 2967//5726 2991//5726 2983//5726
f 2980//5727 2991//5727 2967//5727
f 2992//5728 2993//5728 2971//5728
f 2971//5729 2993//5729 2977//5729
f 2982//5730 2994//5730 2978//5730
f 2987//5731 2995//5731 2973//5731
f 2973//5732 2995//5732 2979//5732
f 2988//5733 2996//5733 2981//5733
f 2981//5734 2996//5734 2980//5734
f 2974//5735 2997//5735 2992//5735
f 2989//5736 2997//5736 2974//5736
f 2990//5737 2998//5737 2975//5737
f 2975//5738 2998//5738 2982//5738
f 2983//5739 2999//5739 2984//5739
f 2991//5740 2999//5740 2983//5740
f 2977//5741 3000//5741 2988//5741
f 2993//5742 3000//5742 2977//5742
f 2978//5743 3001//5743 2989//5743
f 2994//5744 3001//5744 2978//5744
f 2979//5745 3002//5745 2990//5745
f 2995//5746 3002//5746 2979//5746
f 2996//5747 3003//5747 2980//5747
f 2980//5748 3003//5748 2991//5748
f 2997//5749 3004//5749 2992//5749
f 2992//5750 3004//5750 2993//5750
f 2998//5751 3005//5751 2982//5751
f 2994//5752 3005//5752 3001//5752
f 2982//5753 3005//5753 2994//5753
f 2999//5754 3006//5754 2984//5754
f 2984//5755 3006//5755 3007//5755
f 3000//5756 3008//5756 2988//5756
f 2988//5757 3008//5757 2996//5757
f 3001//5758 3009//5758 2989//5758
f 2989//5759 3009//5759 2997//5759
f 3002//5760 3010//5760 2990//5760
f 2990//5761 3010//5761 2998//5761
f 2991//5762 3011//5762 2999//5762
f 3003//5763 3011//5763 2991//5763
f 3004//5764 3012//5764 2993//5764
f 2993//5765 3012//5765 3000//5765
f 3005//5766 3013//5766 3001//5766
f 3007//5767 3014//5767 3015//5767
f 3006//5768 3014//5768 3007//5768
f 3010//5769 3016//5769 2998//5769
f 2998//5770 3016//5770 3005//5770
f 2999//5771 3017//5771 3006//5771
f 3011//5772 3017//5772 2999//5772
f 3012//5773 3018//5773 3000//5773
f 3000//5774 3018//5774 3008//5774
f 3013//5775 3019//5775 3001//5775
f 3001//5776 3019//5776 3009//5776
f 3020//5777 3021//5777 3003//5777
f 3003//5778 3021//5778 3011//5778
f 3016//5779 3022//5779 3005//5779
f 3005//5780 3022//5780 3013//5780
f 3006//5781 3023//5781 3014//5781
f 3017//5782 3023//5782 3006//5782
f 3020//5783 3024//5783 3021//5783
f 3025//5784 3024//5784 3020//5784
f 3026//5785 3027//5785 3028//5785
f 3029//5786 3027//5786 3026//5786
f 3017//5787 3030//5787 3023//5787
f 3031//5788 3030//5788 3017//5788
f 3018//5789 3032//5789 3025//5789
f 3033//5790 3032//5790 3018//5790
f 3034//5791 3035//5791 3019//5791
f 3019//5792 3035//5792 3029//5792
f 3027//5793 3036//5793 3028//5793
f 3028//5794 3036//5794 3033//5794
f 3035//5795 3037//5795 3029//5795
f 3029//5796 3037//5796 3027//5796
f 3031//5797 3038//5797 3030//5797
f 3039//5798 3038//5798 3031//5798
f 3033//5799 3040//5799 3032//5799
f 3036//5800 3040//5800 3033//5800
f 3041//5801 3042//5801 3024//5801
f 3024//5802 3042//5802 3039//5802
f 3032//5803 3043//5803 3041//5803
f 3040//5804 3043//5804 3032//5804
f 3039//5805 3044//5805 3038//5805
f 3042//5806 3044//5806 3039//5806
f 3036//5807 3045//5807 3040//5807
f 3046//5808 3045//5808 3036//5808
f 3042//5809 3047//5809 3044//5809
f 3048//5810 3047//5810 3042//5810
f 3048//5811 3049//5811 3047//5811
f 3050//5812 3049//5812 3048//5812
f 163//5813 3051//5813 86//5813
f 86//5814 3051//5814 3052//5814
f 3052//5815 3053//5815 3054//5815
f 3051//5816 3053//5816 3052//5816
f 163//5817 3055//5817 3051//5817
f 3051//5818 3055//5818 3053//5818
f 3053//5819 3056//5819 3054//5819
f 3055//5820 3056//5820 3053//5820
f 81//5821 3057//5821 163//5821
f 163//5822 3057//5822 3055//5822
f 3056//5823 3058//5823 2901//5823
f 3055//5824 3058//5824 3056//5824
f 3057//5825 3058//5825 3055//5825
f 3057//5826 3059//5826 3058//5826
f 3054//5827 3060//5827 3061//5827
f 2903//5828 3060//5828 2901//5828
f 3056//5829 3060//5829 3054//5829
f 2901//5830 3060//5830 3056//5830
f 81//5831 3062//5831 3057//5831
f 3057//5832 3062//5832 3059//5832
f 81//5833 3063//5833 3062//5833
f 2901//5834 3064//5834 2904//5834
f 3058//5835 3064//5835 2901//5835
f 3059//5836 3064//5836 3058//5836
f 3062//5837 3064//5837 3059//5837
f 3061//5838 3065//5838 3066//5838
f 2903//5839 3065//5839 3060//5839
f 3060//5840 3065//5840 3061//5840
f 2907//5841 3065//5841 2903//5841
f 3063//5842 3067//5842 3062//5842
f 2907//5843 3068//5843 3065//5843
f 3066//5844 3068//5844 3069//5844
f 3065//5845 3068//5845 3066//5845
f 2908//5846 3068//5846 2907//5846
f 2914//5847 3070//5847 2908//5847
f 3068//5848 3070//5848 3069//5848
f 2908//5849 3070//5849 3068//5849
f 2904//5850 3071//5850 2905//5850
f 3067//5851 3071//5851 3062//5851
f 3072//5852 3071//5852 3067//5852
f 3064//5853 3071//5853 2904//5853
f 3062//5854 3071//5854 3064//5854
f 2895//5855 3073//5855 2894//5855
f 3072//5856 3074//5856 3071//5856
f 3075//5857 3074//5857 3072//5857
f 2905//5858 3074//5858 2911//5858
f 3071//5859 3074//5859 2905//5859
f 2914//5860 3076//5860 3070//5860
f 3069//5861 3076//5861 3077//5861
f 3070//5862 3076//5862 3069//5862
f 2915//5863 3076//5863 2914//5863
f 3073//5864 3078//5864 3075//5864
f 3075//5865 3078//5865 3074//5865
f 3077//5866 3079//5866 3080//5866
f 2915//5867 3079//5867 3076//5867
f 3076//5868 3079//5868 3077//5868
f 2924//5869 3079//5869 2915//5869
f 2895//5870 3081//5870 3073//5870
f 3073//5871 3081//5871 3078//5871
f 3080//5872 3082//5872 3083//5872
f 3079//5873 3082//5873 3080//5873
f 2895//5874 3084//5874 3081//5874
f 2924//5875 3085//5875 3079//5875
f 3079//5876 3085//5876 3082//5876
f 3074//5877 3086//5877 2911//5877
f 3081//5878 3086//5878 3078//5878
f 3078//5879 3086//5879 3074//5879
f 2911//5880 3086//5880 2918//5880
f 2924//5881 3087//5881 3085//5881
f 3085//5882 3087//5882 3082//5882
f 2929//5883 3087//5883 2924//5883
f 3084//5884 3088//5884 3081//5884
f 3087//5885 3089//5885 3082//5885
f 2929//5886 3089//5886 3087//5886
f 3082//5887 3089//5887 3083//5887
f 3083//5888 3090//5888 3091//5888
f 3089//5889 3090//5889 3083//5889
f 2929//5890 3090//5890 3089//5890
f 2937//5891 3090//5891 2929//5891
f 3088//5892 3092//5892 3081//5892
f 3081//5893 3092//5893 3086//5893
f 3086//5894 3092//5894 2918//5894
f 2918//5895 3092//5895 2932//5895
f 3093//5896 3092//5896 3088//5896
f 2937//5897 3094//5897 3090//5897
f 3090//5898 3094//5898 3091//5898
f 2897//5899 3095//5899 2896//5899
f 3091//5900 3096//5900 3097//5900
f 3094//5901 3096//5901 3091//5901
f 2944//5902 3098//5902 2937//5902
f 2937//5903 3098//5903 3094//5903
f 3094//5904 3098//5904 3096//5904
f 2932//5905 3099//5905 2935//5905
f 3092//5906 3099//5906 2932//5906
f 3093//5907 3099//5907 3092//5907
f 3100//5908 3099//5908 3093//5908
f 2957//5909 3101//5909 2944//5909
f 2944//5910 3101//5910 3098//5910
f 3098//5911 3101//5911 3096//5911
f 3095//5912 3102//5912 3100//5912
f 3097//5913 3103//5913 3104//5913
f 3096//5914 3103//5914 3097//5914
f 2957//5915 3105//5915 3101//5915
f 3101//5916 3105//5916 3096//5916
f 3096//5917 3105//5917 3103//5917
f 2897//5918 3106//5918 3095//5918
f 3095//5919 3106//5919 3102//5919
f 3105//5920 3107//5920 3103//5920
f 2935//5921 3108//5921 2952//5921
f 3099//5922 3108//5922 2935//5922
f 3100//5923 3108//5923 3099//5923
f 3102//5924 3108//5924 3100//5924
f 3106//5925 3108//5925 3102//5925
f 2898//5926 3109//5926 2897//5926
f 2897//5927 3109//5927 3106//5927
f 3107//5928 3110//5928 3103//5928
f 3103//5929 3110//5929 3104//5929
f 3105//5930 3111//5930 3107//5930
f 2959//5931 3111//5931 2957//5931
f 2957//5932 3111//5932 3105//5932
f 2968//5933 3111//5933 2959//5933
f 3107//5934 3111//5934 3110//5934
f 3109//5935 3112//5935 3106//5935
f 3110//5936 3113//5936 3104//5936
f 3104//5937 3113//5937 3114//5937
f 3111//5938 3115//5938 3110//5938
f 2968//5939 3115//5939 3111//5939
f 3110//5940 3115//5940 3113//5940
f 3106//5941 3116//5941 3108//5941
f 3112//5942 3116//5942 3106//5942
f 3108//5943 3116//5943 2952//5943
f 2952//5944 3116//5944 2970//5944
f 2943//5945 3117//5945 2944//5945
f 2944//5946 3117//5946 2957//5946
f 2957//5947 3117//5947 2960//5947
f 2960//5948 3117//5948 2943//5948
f 2985//5949 3118//5949 2968//5949
f 3115//5950 3118//5950 3113//5950
f 2968//5951 3118//5951 3115//5951
f 2898//5952 3119//5952 3109//5952
f 3109//5953 3120//5953 3112//5953
f 3119//5954 3120//5954 3109//5954
f 3114//5955 3121//5955 3122//5955
f 3113//5956 3121//5956 3114//5956
f 2985//5957 3123//5957 3118//5957
f 3118//5958 3123//5958 3113//5958
f 3113//5959 3123//5959 3121//5959
f 3119//5960 3124//5960 3120//5960
f 3123//5961 3125//5961 3121//5961
f 3121//5962 3126//5962 3122//5962
f 3125//5963 3126//5963 3121//5963
f 4704//5964 3127//5964 4706//5964
f 2985//5965 3128//5965 3123//5965
f 3123//5966 3128//5966 3125//5966
f 3125//5967 3128//5967 3126//5967
f 2986//5968 3128//5968 2985//5968
f 3122//5969 3129//5969 3130//5969
f 3126//5970 3129//5970 3122//5970
f 2964//5971 3131//5971 2960//5971
f 2981//5972 3131//5972 2964//5972
f 2958//5973 3131//5973 2981//5973
f 2960//5974 3131//5974 2958//5974
f 3132//5975 3133//5975 2986//5975
f 3128//5976 3133//5976 3126//5976
f 2986//5977 3133//5977 3128//5977
f 3126//5978 3133//5978 3129//5978
f 2968//5979 3134//5979 2985//5979
f 2983//5980 3134//5980 2967//5980
f 2985//5981 3134//5981 2983//5981
f 2967//5982 3134//5982 2968//5982
f 3132//5983 3135//5983 3133//5983
f 3133//5984 3135//5984 3129//5984
f 3136//5985 3137//5985 4704//5985
f 4704//5986 3137//5986 3127//5986
f 3130//5987 3138//5987 3139//5987
f 3129//5988 3138//5988 3130//5988
f 3135//5989 3138//5989 3129//5989
f 2974//5990 3140//5990 2961//5990
f 2961//5991 3140//5991 2971//5991
f 2992//5992 3140//5992 2974//5992
f 2971//5993 3140//5993 2992//5993
f 3135//5994 3141//5994 3138//5994
f 3132//5995 3141//5995 3135//5995
f 3142//5996 3141//5996 3132//5996
f 3141//5997 3143//5997 3138//5997
f 3139//5998 3144//5998 3145//5998
f 3138//5999 3144//5999 3139//5999
f 3143//6000 3144//6000 3138//6000
f 2970//6001 3146//6001 2969//6001
f 3147//6002 3146//6002 3136//6002
f 3137//6003 3146//6003 2970//6003
f 3136//6004 3146//6004 3137//6004
f 2986//6005 3148//6005 3132//6005
f 2984//6006 3148//6006 2986//6006
f 3007//6007 3148//6007 2984//6007
f 3143//6008 3149//6008 3144//6008
f 4702//6009 3150//6009 3147//6009
f 3146//6010 3150//6010 2969//6010
f 2969//6011 3150//6011 2976//6011
f 3147//6012 3150//6012 3146//6012
f 3015//6013 3151//6013 3007//6013
f 3142//6014 3151//6014 3015//6014
f 3132//6015 3151//6015 3142//6015
f 3148//6016 3151//6016 3132//6016
f 3007//6017 3151//6017 3148//6017
f 3149//6018 3152//6018 3144//6018
f 2987//6019 3153//6019 2995//6019
f 2976//6020 3153//6020 2987//6020
f 3150//6021 3154//6021 2976//6021
f 2976//6022 3154//6022 3153//6022
f 4702//6023 3154//6023 3150//6023
f 3149//6024 3155//6024 3152//6024
f 3154//6025 3156//6025 3153//6025
f 4702//6026 3156//6026 3154//6026
f 3157//6027 3156//6027 4702//6027
f 3015//6028 3158//6028 3142//6028
f 3003//6029 3159//6029 3020//6029
f 3008//6030 3159//6030 2996//6030
f 2996//6031 3159//6031 3003//6031
f 3020//6032 3159//6032 3008//6032
f 3026//6033 3160//6033 3009//6033
f 3009//6034 3160//6034 2997//6034
f 2997//6035 3160//6035 3004//6035
f 3155//6036 3161//6036 3152//6036
f 3162//6037 3161//6037 3155//6037
f 3153//6038 3163//6038 2995//6038
f 3156//6039 3163//6039 3153//6039
f 3157//6040 3163//6040 3156//6040
f 3158//6041 3164//6041 3162//6041
f 3163//6042 3165//6042 2995//6042
f 2995//6043 3165//6043 3002//6043
f 3166//6044 3165//6044 3157//6044
f 3157//6045 3165//6045 3163//6045
f 3160//6046 3167//6046 3004//6046
f 3026//6047 3167//6047 3160//6047
f 3028//6048 3167//6048 3026//6048
f 3004//6049 3167//6049 3012//6049
f 3015//6050 3168//6050 3158//6050
f 3014//6051 3168//6051 3015//6051
f 3018//6052 3169//6052 3008//6052
f 3008//6053 3169//6053 3020//6053
f 3020//6054 3169//6054 3025//6054
f 3025//6055 3169//6055 3018//6055
f 3168//6056 3170//6056 3158//6056
f 3158//6057 3170//6057 3164//6057
f 3009//6058 3171//6058 3026//6058
f 3019//6059 3171//6059 3009//6059
f 3029//6060 3171//6060 3019//6060
f 3026//6061 3171//6061 3029//6061
f 3164//6062 3172//6062 3162//6062
f 3170//6063 3172//6063 3164//6063
f 3011//6064 3173//6064 3017//6064
f 3021//6065 3173//6065 3011//6065
f 3031//6066 3173//6066 3021//6066
f 3017//6067 3173//6067 3031//6067
f 3165//6068 3174//6068 3002//6068
f 4700//6069 3174//6069 3166//6069
f 3166//6070 3174//6070 3165//6070
f 3002//6071 3174//6071 3010//6071
f 3028//6072 3175//6072 3167//6072
f 3167//6073 3175//6073 3012//6073
f 3012//6074 3175//6074 3018//6074
f 3033//6075 3175//6075 3028//6075
f 3018//6076 3175//6076 3033//6076
f 3019//6077 3176//6077 3034//6077
f 3022//6078 3176//6078 3013//6078
f 3013//6079 3176//6079 3019//6079
f 3034//6080 3176//6080 3022//6080
f 3168//6081 3177//6081 3170//6081
f 3016//6082 3178//6082 3022//6082
f 3010//6083 3178//6083 3016//6083
f 3174//6084 3178//6084 3010//6084
f 3014//6085 3179//6085 3168//6085
f 3023//6086 3179//6086 3014//6086
f 4700//6087 3180//6087 3174//6087
f 3174//6088 3180//6088 3178//6088
f 3168//6089 3181//6089 3177//6089
f 3179//6090 3181//6090 3168//6090
f 3181//6091 3182//6091 3177//6091
f 3031//6092 3183//6092 3039//6092
f 3024//6093 3183//6093 3021//6093
f 3039//6094 3183//6094 3024//6094
f 3021//6095 3183//6095 3031//6095
f 3184//6096 3185//6096 4700//6096
f 4700//6097 3185//6097 3180//6097
f 3180//6098 3185//6098 3178//6098
f 3179//6099 3186//6099 3181//6099
f 3032//6100 3187//6100 3025//6100
f 3024//6101 3187//6101 3041//6101
f 3041//6102 3187//6102 3032//6102
f 3025//6103 3187//6103 3024//6103
f 3184//6104 3188//6104 3185//6104
f 3178//6105 3188//6105 3022//6105
f 3185//6106 3188//6106 3178//6106
f 3030//6107 3189//6107 3023//6107
f 3023//6108 3189//6108 3179//6108
f 3188//6109 3190//6109 3022//6109
f 3184//6110 3190//6110 3188//6110
f 3022//6111 3190//6111 3034//6111
f 3189//6112 3191//6112 3179//6112
f 3179//6113 3191//6113 3186//6113
f 3186//6114 3192//6114 3181//6114
f 3191//6115 3192//6115 3186//6115
f 3182//6116 3192//6116 2582//6116
f 2582//6117 3192//6117 2580//6117
f 3181//6118 3192//6118 3182//6118
f 3027//6119 3193//6119 3036//6119
f 3046//6120 3193//6120 3037//6120
f 3036//6121 3193//6121 3046//6121
f 3037//6122 3193//6122 3027//6122
f 3184//6123 3194//6123 3190//6123
f 3190//6124 3194//6124 3034//6124
f 3195//6125 3194//6125 3184//6125
f 3034//6126 3194//6126 3035//6126
f 3189//6127 3196//6127 3191//6127
f 3195//6128 3197//6128 3194//6128
f 4698//6129 3197//6129 3195//6129
f 3194//6130 3197//6130 3035//6130
f 3038//6131 3198//6131 3030//6131
f 3030//6132 3198//6132 3189//6132
f 3189//6133 3199//6133 3196//6133
f 3198//6134 3199//6134 3189//6134
f 3048//6135 3200//6135 3043//6135
f 3043//6136 3200//6136 3041//6136
f 3042//6137 3200//6137 3048//6137
f 3041//6138 3200//6138 3042//6138
f 3196//6139 3201//6139 3191//6139
f 3191//6140 3201//6140 3192//6140
f 2580//6141 3201//6141 2609//6141
f 3192//6142 3201//6142 2580//6142
f 3199//6143 3201//6143 3196//6143
f 3035//6144 3202//6144 3037//6144
f 3197//6145 3202//6145 3035//6145
f 3037//6146 3202//6146 3046//6146
f 4698//6147 3203//6147 3197//6147
f 3197//6148 3203//6148 3202//6148
f 3040//6149 3204//6149 3043//6149
f 3045//6150 3204//6150 3040//6150
f 3205//6151 3204//6151 3045//6151
f 3198//6152 3206//6152 3199//6152
f 3203//6153 3207//6153 3202//6153
f 3038//6154 3208//6154 3198//6154
f 3044//6155 3208//6155 3038//6155
f 3202//6156 3209//6156 3046//6156
f 3046//6157 3209//6157 3045//6157
f 3208//6158 3210//6158 3198//6158
f 3198//6159 3210//6159 3206//6159
f 3043//6160 3211//6160 3048//6160
f 3204//6161 3211//6161 3043//6161
f 3205//6162 3211//6162 3204//6162
f 3050//6163 3211//6163 3205//6163
f 3048//6164 3211//6164 3050//6164
f 3207//6165 3212//6165 3202//6165
f 3202//6166 3212//6166 3209//6166
f 2609//6167 3213//6167 2607//6167
f 3201//6168 3213//6168 2609//6168
f 3199//6169 3213//6169 3201//6169
f 3206//6170 3213//6170 3199//6170
f 3210//6171 3213//6171 3206//6171
f 4698//6172 3214//6172 3203//6172
f 3215//6173 3214//6173 4698//6173
f 3203//6174 3214//6174 3207//6174
f 3207//6175 3214//6175 3212//6175
f 3212//6176 3216//6176 3209//6176
f 3215//6177 3216//6177 3214//6177
f 3214//6178 3216//6178 3212//6178
f 3208//6179 3217//6179 3210//6179
f 3210//6180 3217//6180 3213//6180
f 3047//6181 3218//6181 3044//6181
f 3208//6182 3218//6182 3217//6182
f 3044//6183 3218//6183 3208//6183
f 3209//6184 3219//6184 3045//6184
f 3220//6185 3219//6185 3215//6185
f 3045//6186 3219//6186 3205//6186
f 3215//6187 3219//6187 3216//6187
f 3216//6188 3219//6188 3209//6188
f 3218//6189 3221//6189 3217//6189
f 3205//6190 3222//6190 3050//6190
f 3219//6191 3222//6191 3205//6191
f 3217//6192 3223//6192 3213//6192
f 2607//6193 3223//6193 2853//6193
f 3213//6194 3223//6194 2607//6194
f 3221//6195 3223//6195 3217//6195
f 3220//6196 3224//6196 3219//6196
f 3219//6197 3224//6197 3222//6197
f 3224//6198 3225//6198 3222//6198
f 3218//6199 3226//6199 3221//6199
f 3221//6200 3226//6200 3223//6200
f 3050//6201 3227//6201 3049//6201
f 3222//6202 3227//6202 3050//6202
f 3047//6203 3228//6203 3218//6203
f 3049//6204 3228//6204 3047//6204
f 3218//6205 3228//6205 3226//6205
f 3222//6206 3229//6206 3227//6206
f 3225//6207 3229//6207 3222//6207
f 3225//6208 3230//6208 3229//6208
f 4697//6209 3230//6209 3220//6209
f 3224//6210 3230//6210 3225//6210
f 3220//6211 3230//6211 3224//6211
f 3228//6212 3231//6212 3226//6212
f 3226//6213 3232//6213 3223//6213
f 2853//6214 3232//6214 2661//6214
f 3231//6215 3232//6215 3226//6215
f 3223//6216 3232//6216 2853//6216
f 3229//6217 3233//6217 3227//6217
f 3228//6218 3234//6218 3231//6218
f 3231//6219 3234//6219 3232//6219
f 3227//6220 3235//6220 3049//6220
f 3233//6221 3235//6221 3227//6221
f 3229//6222 3236//6222 3233//6222
f 3233//6223 3236//6223 3235//6223
f 4697//6224 3236//6224 3230//6224
f 3237//6225 3236//6225 4697//6225
f 3230//6226 3236//6226 3229//6226
f 3228//6227 3238//6227 3234//6227
f 3232//6228 3239//6228 2661//6228
f 3238//6229 3239//6229 3234//6229
f 2661//6230 3239//6230 2659//6230
f 3234//6231 3239//6231 3232//6231
f 2659//6232 3240//6232 2680//6232
f 2680//6233 3240//6233 2688//6233
f 3241//6234 3242//6234 3243//6234
f 4695//6235 3242//6235 3241//6235
f 2688//6236 3242//6236 4695//6236
f 3240//6237 3242//6237 2688//6237
f 3243//6238 3242//6238 3240//6238
f 3063//6239 3244//6239 3067//6239
f 81//6240 3244//6240 3063//6240
f 2894//6241 3244//6241 81//6241
f 3244//6242 3245//6242 3067//6242
f 3075//6243 3245//6243 3073//6243
f 3073//6244 3245//6244 2894//6244
f 3072//6245 3245//6245 3075//6245
f 3067//6246 3245//6246 3072//6246
f 2894//6247 3245//6247 3244//6247
f 2895//6248 3246//6248 3084//6248
f 3084//6249 3246//6249 3088//6249
f 2896//6250 3246//6250 2895//6250
f 3100//6251 3247//6251 3095//6251
f 2896//6252 3247//6252 3246//6252
f 3246//6253 3247//6253 3088//6253
f 3095//6254 3247//6254 2896//6254
f 3093//6255 3247//6255 3100//6255
f 3088//6256 3247//6256 3093//6256
f 3124//6257 3248//6257 3127//6257
f 2898//6258 3248//6258 3119//6258
f 4706//6259 3248//6259 4707//6259
f 3119//6260 3248//6260 3124//6260
f 3127//6261 3248//6261 4706//6261
f 2899//6262 3248//6262 2898//6262
f 4707//6263 3248//6263 2899//6263
f 3116//6264 3249//6264 2970//6264
f 3112//6265 3249//6265 3116//6265
f 3120//6266 3249//6266 3112//6266
f 3127//6267 3250//6267 3124//6267
f 3249//6268 3250//6268 2970//6268
f 3124//6269 3250//6269 3120//6269
f 3137//6270 3250//6270 3127//6270
f 2970//6271 3250//6271 3137//6271
f 3120//6272 3250//6272 3249//6272
f 3142//6273 3251//6273 3141//6273
f 3141//6274 3251//6274 3143//6274
f 3143//6275 3251//6275 3149//6275
f 3152//6276 3252//6276 3144//6276
f 2900//6277 3252//6277 2549//6277
f 3145//6278 3252//6278 2900//6278
f 3144//6279 3252//6279 3145//6279
f 3149//6280 3253//6280 3155//6280
f 3251//6281 3253//6281 3149//6281
f 3251//6282 3254//6282 3253//6282
f 3162//6283 3254//6283 3158//6283
f 3155//6284 3254//6284 3162//6284
f 3142//6285 3254//6285 3251//6285
f 3158//6286 3254//6286 3142//6286
f 3253//6287 3254//6287 3155//6287
f 3161//6288 3255//6288 3152//6288
f 2549//6289 3255//6289 2556//6289
f 2556//6290 3255//6290 3161//6290
f 3152//6291 3255//6291 3252//6291
f 3252//6292 3255//6292 2549//6292
f 2556//6293 3256//6293 2563//6293
f 3161//6294 3256//6294 2556//6294
f 3162//6295 3256//6295 3161//6295
f 2563//6296 3256//6296 3172//6296
f 3172//6297 3256//6297 3162//6297
f 2582//6298 3257//6298 3182//6298
f 2563//6299 3257//6299 2582//6299
f 3172//6300 3257//6300 2563//6300
f 3177//6301 3257//6301 3170//6301
f 3170//6302 3257//6302 3172//6302
f 3182//6303 3257//6303 3177//6303
f 3049//6304 3258//6304 3228//6304
f 3228//6305 3258//6305 3238//6305
f 3238//6306 3258//6306 3259//6306
f 3235//6307 3258//6307 3049//6307
f 3236//6308 3260//6308 3235//6308
f 3237//6309 3260//6309 3236//6309
f 3258//6310 3260//6310 3259//6310
f 3235//6311 3260//6311 3258//6311
f 3260//6312 3261//6312 3259//6312
f 3237//6313 3261//6313 3260//6313
f 3259//6314 3261//6314 3243//6314
f 3243//6315 3261//6315 3241//6315
f 3241//6316 3261//6316 3237//6316
f 3259//6317 3262//6317 3238//6317
f 3238//6318 3262//6318 3239//6318
f 3239//6319 3262//6319 2659//6319
f 3243//6320 3262//6320 3259//6320
f 3240//6321 3262//6321 3243//6321
f 2659//6322 3262//6322 3240//6322
f 2550//6323 2900//6323 2548//6323
f 3145//6324 2900//6324 2550//6324
f 2555//6325 3145//6325 2550//6325
f 3139//6326 3145//6326 2555//6326
f 2561//6327 3139//6327 2555//6327
f 3130//6328 3139//6328 2561//6328
f 2569//6329 3130//6329 2561//6329
f 3122//6330 3130//6330 2569//6330
f 2575//6331 3122//6331 2569//6331
f 3114//6332 3122//6332 2575//6332
f 3104//6333 2575//6333 2593//6333
f 3104//6334 3114//6334 2575//6334
f 3097//6335 2593//6335 2596//6335
f 3097//6336 3104//6336 2593//6336
f 3091//6337 2596//6337 2611//6337
f 3091//6338 3097//6338 2596//6338
f 3083//6339 2611//6339 2625//6339
f 3083//6340 3091//6340 2611//6340
f 3080//6341 2625//6341 2635//6341
f 3080//6342 3083//6342 2625//6342
f 3077//6343 2635//6343 2651//6343
f 3077//6344 3080//6344 2635//6344
f 3069//6345 2651//6345 2671//6345
f 3069//6346 3077//6346 2651//6346
f 3066//6347 2671//6347 2684//6347
f 3066//6348 3069//6348 2671//6348
f 3061//6349 2684//6349 2707//6349
f 3061//6350 3066//6350 2684//6350
f 3054//6351 2707//6351 2731//6351
f 3054//6352 3061//6352 2707//6352
f 3052//6353 3054//6353 2731//6353
f 3052//6354 2731//6354 90//6354
f 89//6355 3052//6355 90//6355
f 87//6356 3052//6356 89//6356
f 86//6357 3052//6357 87//6357
f 3263//6358 3264//6358 3265//6358
f 4723//6359 3266//6359 3267//6359
f 3264//6360 3268//6360 3265//6360
f 3265//6361 3269//6361 3270//6361
f 3268//6362 3269//6362 3265//6362
f 3271//6363 3272//6363 3264//6363
f 3264//6364 3272//6364 3268//6364
f 3268//6365 3273//6365 3269//6365
f 3272//6366 3274//6366 3268//6366
f 3268//6367 3274//6367 3273//6367
f 3270//6368 3275//6368 3276//6368
f 3269//6369 3275//6369 3270//6369
f 3273//6370 3277//6370 3269//6370
f 3269//6371 3277//6371 3275//6371
f 3278//6372 3279//6372 3271//6372
f 3271//6373 3279//6373 3272//6373
f 3272//6374 3280//6374 3274//6374
f 3279//6375 3280//6375 3272//6375
f 3277//6376 3281//6376 3275//6376
f 3279//6377 3282//6377 3280//6377
f 3276//6378 3283//6378 3284//6378
f 3275//6379 3283//6379 3276//6379
f 3281//6380 3283//6380 3275//6380
f 3281//6381 3285//6381 3283//6381
f 3281//6382 3286//6382 3285//6382
f 3287//6383 3286//6383 3288//6383
f 3284//6384 3289//6384 3290//6384
f 3283//6385 3289//6385 3284//6385
f 3285//6386 3289//6386 3283//6386
f 3286//6387 3289//6387 3285//6387
f 3287//6388 3289//6388 3286//6388
f 3282//6389 3291//6389 3292//6389
f 3293//6390 3294//6390 3291//6390
f 3295//6391 3296//6391 3297//6391
f 3297//6392 3296//6392 3293//6392
f 3293//6393 3296//6393 3294//6393
f 3292//6394 3298//6394 3288//6394
f 3299//6395 3300//6395 3287//6395
f 3289//6396 3300//6396 3290//6396
f 3287//6397 3300//6397 3289//6397
f 3296//6398 3301//6398 3294//6398
f 3298//6399 3302//6399 3288//6399
f 3288//6400 3302//6400 3287//6400
f 3298//6401 3303//6401 3302//6401
f 3304//6402 3305//6402 3306//6402
f 3298//6403 3305//6403 3303//6403
f 3290//6404 3307//6404 3308//6404
f 3300//6405 3307//6405 3290//6405
f 3299//6406 3307//6406 3300//6406
f 3302//6407 3309//6407 3287//6407
f 3303//6408 3309//6408 3302//6408
f 3305//6409 3309//6409 3303//6409
f 3304//6410 3309//6410 3305//6410
f 3308//6411 3310//6411 3311//6411
f 3307//6412 3310//6412 3308//6412
f 3307//6413 3312//6413 3310//6413
f 3301//6414 3313//6414 3314//6414
f 3312//6415 3315//6415 3310//6415
f 3314//6416 3316//6416 3306//6416
f 3317//6417 3318//6417 3313//6417
f 3319//6418 3320//6418 3321//6418
f 3321//6419 3320//6419 3317//6419
f 3317//6420 3320//6420 3318//6420
f 3310//6421 3322//6421 3311//6421
f 3311//6422 3322//6422 3323//6422
f 3315//6423 3322//6423 3310//6423
f 3315//6424 3324//6424 3322//6424
f 3325//6425 3326//6425 3304//6425
f 3304//6426 3326//6426 3309//6426
f 3316//6427 3327//6427 3306//6427
f 3306//6428 3327//6428 3304//6428
f 3315//6429 3328//6429 3324//6429
f 3329//6430 3328//6430 3330//6430
f 3320//6431 3331//6431 3318//6431
f 3316//6432 3332//6432 3327//6432
f 3333//6433 3334//6433 3335//6433
f 3316//6434 3334//6434 3332//6434
f 3323//6435 3336//6435 3337//6435
f 3324//6436 3336//6436 3322//6436
f 3328//6437 3336//6437 3324//6437
f 3329//6438 3336//6438 3328//6438
f 3322//6439 3336//6439 3323//6439
f 3326//6440 3338//6440 3299//6440
f 3299//6441 3338//6441 3330//6441
f 3326//6442 3339//6442 3338//6442
f 3325//6443 3340//6443 3326//6443
f 3341//6444 3340//6444 3325//6444
f 3326//6445 3340//6445 3339//6445
f 3327//6446 3342//6446 3304//6446
f 3332//6447 3342//6447 3327//6447
f 3333//6448 3342//6448 3334//6448
f 3334//6449 3342//6449 3332//6449
f 3331//6450 3343//6450 3344//6450
f 3338//6451 3345//6451 3330//6451
f 3339//6452 3345//6452 3338//6452
f 3341//6453 3345//6453 3340//6453
f 3340//6454 3345//6454 3339//6454
f 3304//6455 3346//6455 3325//6455
f 3342//6456 3346//6456 3304//6456
f 3342//6457 3347//6457 3346//6457
f 3337//6458 3348//6458 3349//6458
f 3329//6459 3348//6459 3336//6459
f 3350//6460 3348//6460 3329//6460
f 3336//6461 3348//6461 3337//6461
f 3342//6462 3351//6462 3347//6462
f 3352//6463 3351//6463 3333//6463
f 3333//6464 3351//6464 3342//6464
f 3353//6465 3354//6465 3343//6465
f 3345//6466 3355//6466 3330//6466
f 3330//6467 3355//6467 3329//6467
f 3345//6468 3356//6468 3355//6468
f 3345//6469 3357//6469 3356//6469
f 3341//6470 3357//6470 3345//6470
f 3347//6471 3358//6471 3346//6471
f 3351//6472 3358//6472 3347//6472
f 3352//6473 3358//6473 3351//6473
f 3346//6474 3358//6474 3325//6474
f 3359//6475 3360//6475 3335//6475
f 3335//6476 3360//6476 3333//6476
f 3359//6477 3361//6477 3360//6477
f 3359//6478 3362//6478 3361//6478
f 3363//6479 3362//6479 3364//6479
f 3355//6480 3365//6480 3329//6480
f 3366//6481 3365//6481 3357//6481
f 3356//6482 3365//6482 3355//6482
f 3357//6483 3365//6483 3356//6483
f 3358//6484 3367//6484 3325//6484
f 3325//6485 3367//6485 3341//6485
f 3350//6486 3368//6486 3348//6486
f 3349//6487 3368//6487 3369//6487
f 3348//6488 3368//6488 3349//6488
f 3370//6489 3368//6489 3350//6489
f 3358//6490 3371//6490 3367//6490
f 3354//6491 3372//6491 3373//6491
f 3352//6492 3374//6492 3358//6492
f 3358//6493 3374//6493 3371//6493
f 3375//6494 3374//6494 3352//6494
f 3361//6495 3376//6495 3360//6495
f 3333//6496 3376//6496 3352//6496
f 3360//6497 3376//6497 3333//6497
f 3362//6498 3376//6498 3361//6498
f 3363//6499 3376//6499 3362//6499
f 3329//6500 3377//6500 3350//6500
f 3365//6501 3377//6501 3329//6501
f 3365//6502 3378//6502 3377//6502
f 3379//6503 3380//6503 3381//6503
f 3381//6504 3380//6504 3382//6504
f 3383//6505 3384//6505 3366//6505
f 3365//6506 3384//6506 3378//6506
f 3366//6507 3384//6507 3365//6507
f 3382//6508 3385//6508 3372//6508
f 3380//6509 3385//6509 3382//6509
f 3367//6510 3386//6510 3341//6510
f 3371//6511 3386//6511 3367//6511
f 3374//6512 3386//6512 3371//6512
f 3375//6513 3386//6513 3374//6513
f 3369//6514 3387//6514 3388//6514
f 3373//6515 3389//6515 3364//6515
f 3377//6516 3390//6516 3350//6516
f 3383//6517 3390//6517 3384//6517
f 3378//6518 3390//6518 3377//6518
f 3384//6519 3390//6519 3378//6519
f 3391//6520 3392//6520 3370//6520
f 3368//6521 3392//6521 3369//6521
f 3370//6522 3392//6522 3368//6522
f 3369//6523 3392//6523 3387//6523
f 3380//6524 3393//6524 3385//6524
f 3394//6525 3395//6525 3379//6525
f 3396//6526 3397//6526 3363//6526
f 3363//6527 3397//6527 3376//6527
f 3376//6528 3397//6528 3352//6528
f 3364//6529 3398//6529 3363//6529
f 3389//6530 3398//6530 3364//6530
f 3388//6531 3399//6531 3400//6531
f 3387//6532 3399//6532 3388//6532
f 3391//6533 3399//6533 3392//6533
f 3392//6534 3399//6534 3387//6534
f 3390//6535 3401//6535 3350//6535
f 3350//6536 3401//6536 3370//6536
f 3389//6537 3402//6537 3398//6537
f 3380//6538 3403//6538 3393//6538
f 3395//6539 3403//6539 3379//6539
f 3379//6540 3403//6540 3380//6540
f 3390//6541 3404//6541 3401//6541
f 3405//6542 3406//6542 3394//6542
f 4708//6543 3406//6543 3405//6543
f 3394//6544 3406//6544 3395//6544
f 3395//6545 3406//6545 4708//6545
f 3407//6546 3408//6546 3409//6546
f 3389//6547 3408//6547 3402//6547
f 3390//6548 3410//6548 3404//6548
f 3383//6549 3410//6549 3390//6549
f 3411//6550 3410//6550 3383//6550
f 3412//6551 3413//6551 3375//6551
f 3375//6552 3413//6552 3386//6552
f 3352//6553 3414//6553 3375//6553
f 3397//6554 3414//6554 3352//6554
f 3397//6555 3415//6555 3414//6555
f 3396//6556 3416//6556 3397//6556
f 3397//6557 3416//6557 3415//6557
f 3417//6558 3416//6558 3396//6558
f 3407//6559 3418//6559 3408//6559
f 3398//6560 3418//6560 3363//6560
f 3408//6561 3418//6561 3402//6561
f 3402//6562 3418//6562 3398//6562
f 3410//6563 3419//6563 3404//6563
f 3411//6564 3419//6564 3410//6564
f 3404//6565 3419//6565 3401//6565
f 3401//6566 3419//6566 3370//6566
f 3366//6567 3420//6567 3383//6567
f 3413//6568 3420//6568 3366//6568
f 3413//6569 3421//6569 3420//6569
f 3422//6570 3423//6570 3412//6570
f 3412//6571 3423//6571 3413//6571
f 3413//6572 3423//6572 3421//6572
f 3391//6573 3424//6573 3399//6573
f 3400//6574 3424//6574 3425//6574
f 3426//6575 3424//6575 3391//6575
f 3399//6576 3424//6576 3400//6576
f 3414//6577 3427//6577 3375//6577
f 3415//6578 3427//6578 3414//6578
f 3416//6579 3427//6579 3415//6579
f 3417//6580 3427//6580 3416//6580
f 3370//6581 3428//6581 3391//6581
f 3419//6582 3428//6582 3370//6582
f 3419//6583 3429//6583 3428//6583
f 3411//6584 3430//6584 3419//6584
f 3419//6585 3430//6585 3429//6585
f 3431//6586 3430//6586 3411//6586
f 3422//6587 3432//6587 3423//6587
f 3421//6588 3432//6588 3420//6588
f 3423//6589 3432//6589 3421//6589
f 3420//6590 3432//6590 3383//6590
f 3427//6591 3433//6591 3375//6591
f 3375//6592 3433//6592 3412//6592
f 3434//6593 3435//6593 3409//6593
f 3409//6594 3436//6594 3407//6594
f 3435//6595 3436//6595 3409//6595
f 3427//6596 3437//6596 3433//6596
f 3438//6597 3439//6597 3440//6597
f 3435//6598 3439//6598 3438//6598
f 3434//6599 3439//6599 3435//6599
f 3417//6600 3441//6600 3427//6600
f 3427//6601 3441//6601 3437//6601
f 3442//6602 3441//6602 3417//6602
f 3443//6603 3444//6603 3407//6603
f 3407//6604 3444//6604 3418//6604
f 3429//6605 3445//6605 3428//6605
f 3430//6606 3445//6606 3429//6606
f 3431//6607 3445//6607 3430//6607
f 3383//6608 3446//6608 3411//6608
f 3432//6609 3446//6609 3383//6609
f 3432//6610 3447//6610 3446//6610
f 3425//6611 3448//6611 3449//6611
f 3432//6612 3450//6612 3447//6612
f 3422//6613 3450//6613 3432//6613
f 3451//6614 3450//6614 3422//6614
f 3437//6615 3452//6615 3433//6615
f 3441//6616 3452//6616 3437//6616
f 3442//6617 3452//6617 3441//6617
f 3433//6618 3452//6618 3412//6618
f 3424//6619 3453//6619 3425//6619
f 3426//6620 3453//6620 3424//6620
f 3425//6621 3453//6621 3448//6621
f 3444//6622 3454//6622 3396//6622
f 3396//6623 3454//6623 3417//6623
f 3453//6624 3455//6624 3448//6624
f 3444//6625 3456//6625 3454//6625
f 3444//6626 3457//6626 3456//6626
f 3443//6627 3457//6627 3444//6627
f 3458//6628 3457//6628 3443//6628
f 3459//6629 3460//6629 3438//6629
f 3438//6630 3460//6630 3435//6630
f 3436//6631 3460//6631 3407//6631
f 3435//6632 3460//6632 3436//6632
f 3450//6633 3461//6633 3447//6633
f 3451//6634 3461//6634 3450//6634
f 3447//6635 3461//6635 3446//6635
f 3411//6636 3461//6636 3431//6636
f 3446//6637 3461//6637 3411//6637
f 3412//6638 3462//6638 3422//6638
f 3452//6639 3462//6639 3412//6639
f 3448//6640 3463//6640 3449//6640
f 125//6641 3463//6641 3455//6641
f 3455//6642 3463//6642 3448//6642
f 3449//6643 3463//6643 121//6643
f 121//6644 3463//6644 125//6644
f 3452//6645 3464//6645 3462//6645
f 3465//6646 3466//6646 3442//6646
f 3452//6647 3466//6647 3464//6647
f 3442//6648 3466//6648 3452//6648
f 3407//6649 3467//6649 3443//6649
f 3460//6650 3467//6650 3407//6650
f 3455//6651 3468//6651 125//6651
f 3453//6652 3468//6652 3455//6652
f 3454//6653 3469//6653 3417//6653
f 3456//6654 3469//6654 3454//6654
f 3457//6655 3469//6655 3456//6655
f 3458//6656 3469//6656 3457//6656
f 3460//6657 3470//6657 3467//6657
f 3471//6658 3472//6658 3459//6658
f 3460//6659 3472//6659 3470//6659
f 3459//6660 3472//6660 3460//6660
f 3462//6661 3473//6661 3422//6661
f 3465//6662 3473//6662 3466//6662
f 3466//6663 3473//6663 3464//6663
f 3422//6664 3473//6664 3451//6664
f 3464//6665 3473//6665 3462//6665
f 3469//6666 3474//6666 3417//6666
f 3417//6667 3474//6667 3442//6667
f 3469//6668 3475//6668 3474//6668
f 3467//6669 3476//6669 3443//6669
f 3470//6670 3476//6670 3467//6670
f 3472//6671 3476//6671 3470//6671
f 3477//6672 3478//6672 3458//6672
f 3458//6673 3478//6673 3469//6673
f 3469//6674 3478//6674 3475//6674
f 3468//6675 3479//6675 125//6675
f 3480//6676 3479//6676 3468//6676
f 3481//6677 3482//6677 3451//6677
f 3461//6678 3482//6678 3431//6678
f 3451//6679 3482//6679 3461//6679
f 3443//6680 3483//6680 3458//6680
f 3476//6681 3484//6681 3443//6681
f 3443//6682 3484//6682 3483//6682
f 3474//6683 3485//6683 3442//6683
f 3477//6684 3485//6684 3478//6684
f 3475//6685 3485//6685 3474//6685
f 3478//6686 3485//6686 3475//6686
f 4712//6687 3486//6687 3471//6687
f 3471//6688 3486//6688 3472//6688
f 3472//6689 3486//6689 3476//6689
f 3476//6690 3486//6690 3484//6690
f 3482//6691 3487//6691 3431//6691
f 3487//6692 3488//6692 3489//6692
f 3482//6693 3488//6693 3487//6693
f 3488//6694 3490//6694 3489//6694
f 3482//6695 3490//6695 3488//6695
f 3481//6696 3490//6696 3482//6696
f 3489//6697 3490//6697 3481//6697
f 3465//6698 3491//6698 3473//6698
f 3492//6699 3491//6699 3465//6699
f 3473//6700 3491//6700 3451//6700
f 3442//6701 3493//6701 3465//6701
f 3485//6702 3493//6702 3442//6702
f 3494//6703 3495//6703 3496//6703
f 3496//6704 3495//6704 3480//6704
f 4712//6705 3497//6705 3486//6705
f 4713//6706 3497//6706 4712//6706
f 3483//6707 3497//6707 3458//6707
f 3484//6708 3497//6708 3483//6708
f 3486//6709 3497//6709 3484//6709
f 3485//6710 3498//6710 3493//6710
f 3485//6711 3499//6711 3498//6711
f 3477//6712 3499//6712 3485//6712
f 3500//6713 3499//6713 3477//6713
f 3458//6714 3501//6714 3477//6714
f 4713//6715 3501//6715 3497//6715
f 3497//6716 3501//6716 3458//6716
f 116//6717 3502//6717 114//6717
f 3495//6718 3503//6718 3502//6718
f 3494//6719 3503//6719 3495//6719
f 3502//6720 3503//6720 114//6720
f 3499//6721 3504//6721 3498//6721
f 3500//6722 3504//6722 3499//6722
f 3493//6723 3504//6723 3465//6723
f 3498//6724 3504//6724 3493//6724
f 3489//6725 3505//6725 3487//6725
f 3487//6726 3505//6726 3494//6726
f 3494//6727 3505//6727 3503//6727
f 3506//6728 3507//6728 3492//6728
f 3492//6729 3507//6729 3491//6729
f 3465//6730 3508//6730 3492//6730
f 3504//6731 3508//6731 3465//6731
f 3504//6732 3509//6732 3508//6732
f 3500//6733 3510//6733 3504//6733
f 3504//6734 3510//6734 3509//6734
f 3511//6735 3510//6735 3500//6735
f 3501//6736 3512//6736 3477//6736
f 4713//6737 3512//6737 3501//6737
f 4714//6738 3512//6738 4713//6738
f 3507//6739 3513//6739 3481//6739
f 3481//6740 3513//6740 3489//6740
f 3507//6741 3514//6741 3513//6741
f 3506//6742 3515//6742 3507//6742
f 3507//6743 3515//6743 3514//6743
f 3512//6744 3516//6744 3477//6744
f 3477//6745 3516//6745 3500//6745
f 3508//6746 3517//6746 3492//6746
f 3509//6747 3517//6747 3508//6747
f 3510//6748 3517//6748 3509//6748
f 3511//6749 3517//6749 3510//6749
f 3512//6750 3518//6750 3516//6750
f 3519//6751 3520//6751 4714//6751
f 4714//6752 3520//6752 3512//6752
f 3512//6753 3520//6753 3518//6753
f 114//6754 3521//6754 109//6754
f 3503//6755 3521//6755 114//6755
f 3505//6756 3521//6756 3503//6756
f 3492//6757 3522//6757 3506//6757
f 3517//6758 3522//6758 3492//6758
f 3489//6759 3523//6759 3505//6759
f 3505//6760 3523//6760 3521//6760
f 3517//6761 3524//6761 3522//6761
f 3516//6762 3525//6762 3500//6762
f 3519//6763 3525//6763 3520//6763
f 3518//6764 3525//6764 3516//6764
f 3520//6765 3525//6765 3518//6765
f 3526//6766 3527//6766 3511//6766
f 3511//6767 3527//6767 3517//6767
f 3517//6768 3527//6768 3524//6768
f 3500//6769 3528//6769 3511//6769
f 4716//6770 3529//6770 3519//6770
f 3525//6771 3529//6771 3500//6771
f 3519//6772 3529//6772 3525//6772
f 3500//6773 3529//6773 3528//6773
f 3527//6774 3530//6774 3524//6774
f 3524//6775 3530//6775 3522//6775
f 3526//6776 3530//6776 3527//6776
f 3531//6777 3532//6777 3523//6777
f 3521//6778 3532//6778 109//6778
f 3523//6779 3532//6779 3521//6779
f 3533//6780 3534//6780 3531//6780
f 3535//6781 3534//6781 3533//6781
f 3529//6782 3536//6782 3528//6782
f 4716//6783 3536//6783 3529//6783
f 3511//6784 3536//6784 3526//6784
f 3537//6785 3536//6785 4716//6785
f 3528//6786 3536//6786 3511//6786
f 3538//6787 3539//6787 3534//6787
f 164//6788 3539//6788 102//6788
f 3536//6789 3540//6789 3526//6789
f 3537//6790 3540//6790 3536//6790
f 4718//6791 3540//6791 3537//6791
f 3541//6792 3542//6792 3538//6792
f 3538//6793 3542//6793 3539//6793
f 3539//6794 3542//6794 102//6794
f 102//6795 3542//6795 3543//6795
f 3540//6796 3544//6796 3526//6796
f 3540//6797 3545//6797 3544//6797
f 4718//6798 3546//6798 3540//6798
f 3540//6799 3546//6799 3545//6799
f 3545//6800 3546//6800 4720//6800
f 4720//6801 3546//6801 4718//6801
f 3541//6802 3547//6802 3542//6802
f 3542//6803 3547//6803 3543//6803
f 3548//6804 3547//6804 3541//6804
f 3544//6805 3549//6805 3550//6805
f 3545//6806 3549//6806 3544//6806
f 4720//6807 3549//6807 3545//6807
f 3551//6808 3549//6808 4720//6808
f 3547//6809 3552//6809 3543//6809
f 3553//6810 3552//6810 3547//6810
f 3551//6811 3554//6811 3549//6811
f 4723//6812 3554//6812 3551//6812
f 3277//6813 3555//6813 3281//6813
f 3286//6814 3555//6814 3288//6814
f 3281//6815 3555//6815 3286//6815
f 3273//6816 3555//6816 3277//6816
f 3555//6817 3556//6817 3288//6817
f 3274//6818 3556//6818 3273//6818
f 3280//6819 3556//6819 3274//6819
f 3273//6820 3556//6820 3555//6820
f 3288//6821 3556//6821 3292//6821
f 3282//6822 3556//6822 3280//6822
f 3292//6823 3556//6823 3282//6823
f 3297//6824 3557//6824 3278//6824
f 3278//6825 3557//6825 3279//6825
f 3279//6826 3557//6826 3282//6826
f 3293//6827 3557//6827 3297//6827
f 3291//6828 3557//6828 3293//6828
f 3282//6829 3557//6829 3291//6829
f 3305//6830 3558//6830 3306//6830
f 3298//6831 3558//6831 3305//6831
f 3292//6832 3558//6832 3298//6832
f 3301//6833 3559//6833 3294//6833
f 3306//6834 3559//6834 3314//6834
f 3314//6835 3559//6835 3301//6835
f 3292//6836 3559//6836 3558//6836
f 3558//6837 3559//6837 3306//6837
f 3291//6838 3559//6838 3292//6838
f 3294//6839 3559//6839 3291//6839
f 3296//6840 3560//6840 3301//6840
f 3321//6841 3560//6841 3295//6841
f 3317//6842 3560//6842 3321//6842
f 3301//6843 3560//6843 3313//6843
f 3313//6844 3560//6844 3317//6844
f 3295//6845 3560//6845 3296//6845
f 3309//6846 3561//6846 3287//6846
f 3326//6847 3561//6847 3309//6847
f 3299//6848 3562//6848 3326//6848
f 3287//6849 3562//6849 3299//6849
f 3561//6850 3562//6850 3287//6850
f 3326//6851 3562//6851 3561//6851
f 3299//6852 3563//6852 3307//6852
f 3307//6853 3563//6853 3312//6853
f 3312//6854 3563//6854 3315//6854
f 3328//6855 3563//6855 3330//6855
f 3330//6856 3563//6856 3299//6856
f 3315//6857 3563//6857 3328//6857
f 3314//6858 3564//6858 3316//6858
f 3334//6859 3564//6859 3335//6859
f 3316//6860 3564//6860 3334//6860
f 3314//6861 3565//6861 3564//6861
f 3313//6862 3565//6862 3314//6862
f 3564//6863 3565//6863 3335//6863
f 3318//6864 3565//6864 3313//6864
f 3566//6865 3567//6865 3319//6865
f 3331//6866 3567//6866 3343//6866
f 3319//6867 3567//6867 3320//6867
f 3320//6868 3567//6868 3331//6868
f 3353//6869 3567//6869 3566//6869
f 3343//6870 3567//6870 3353//6870
f 3381//6871 3568//6871 3566//6871
f 3353//6872 3568//6872 3354//6872
f 3372//6873 3568//6873 3382//6873
f 3354//6874 3568//6874 3372//6874
f 3566//6875 3568//6875 3353//6875
f 3382//6876 3568//6876 3381//6876
f 3344//6877 3569//6877 3359//6877
f 3362//6878 3569//6878 3364//6878
f 3359//6879 3569//6879 3362//6879
f 3344//6880 3570//6880 3569//6880
f 3354//6881 3570//6881 3343//6881
f 3364//6882 3570//6882 3373//6882
f 3373//6883 3570//6883 3354//6883
f 3343//6884 3570//6884 3344//6884
f 3569//6885 3570//6885 3364//6885
f 3372//6886 3571//6886 3373//6886
f 3385//6887 3571//6887 3372//6887
f 3357//6888 3572//6888 3366//6888
f 3341//6889 3572//6889 3357//6889
f 3413//6890 3572//6890 3386//6890
f 3386//6891 3572//6891 3341//6891
f 3366//6892 3572//6892 3413//6892
f 3408//6893 3573//6893 3409//6893
f 3389//6894 3573//6894 3408//6894
f 3571//6895 3573//6895 3373//6895
f 3373//6896 3573//6896 3389//6896
f 3571//6897 3574//6897 3573//6897
f 3385//6898 3574//6898 3571//6898
f 3573//6899 3574//6899 3409//6899
f 3385//6900 3575//6900 3574//6900
f 3574//6901 3575//6901 3409//6901
f 3393//6902 3575//6902 3385//6902
f 3575//6903 3576//6903 3409//6903
f 3393//6904 3576//6904 3575//6904
f 3409//6905 3576//6905 3434//6905
f 3403//6906 3576//6906 3393//6906
f 3418//6907 3577//6907 3363//6907
f 3444//6908 3577//6908 3418//6908
f 3577//6909 3578//6909 3363//6909
f 3363//6910 3578//6910 3396//6910
f 3444//6911 3578//6911 3577//6911
f 3396//6912 3578//6912 3444//6912
f 3576//6913 3579//6913 3434//6913
f 3403//6914 3579//6914 3576//6914
f 3440//6915 3579//6915 4708//6915
f 3439//6916 3579//6916 3440//6916
f 3434//6917 3579//6917 3439//6917
f 3395//6918 3579//6918 3403//6918
f 4708//6919 3579//6919 3395//6919
f 3426//6920 3580//6920 3453//6920
f 3453//6921 3580//6921 3468//6921
f 3468//6922 3580//6922 3480//6922
f 3480//6923 3580//6923 3496//6923
f 3581//6924 3582//6924 3583//6924
f 3583//6925 3582//6925 3426//6925
f 3580//6926 3582//6926 3496//6926
f 3426//6927 3582//6927 3580//6927
f 3496//6928 3582//6928 3581//6928
f 3487//6929 3584//6929 3431//6929
f 3494//6930 3584//6930 3487//6930
f 3445//6931 3584//6931 3581//6931
f 3431//6932 3584//6932 3445//6932
f 3494//6933 3585//6933 3584//6933
f 3584//6934 3585//6934 3581//6934
f 3496//6935 3585//6935 3494//6935
f 3581//6936 3585//6936 3496//6936
f 3502//6937 3586//6937 3495//6937
f 3495//6938 3586//6938 3480//6938
f 125//6939 3586//6939 116//6939
f 116//6940 3586//6940 3502//6940
f 3479//6941 3586//6941 125//6941
f 3480//6942 3586//6942 3479//6942
f 3491//6943 3587//6943 3451//6943
f 3481//6944 3587//6944 3507//6944
f 3507//6945 3587//6945 3491//6945
f 3451//6946 3587//6946 3481//6946
f 3531//6947 3588//6947 3533//6947
f 3489//6948 3588//6948 3523//6948
f 3523//6949 3588//6949 3531//6949
f 3513//6950 3589//6950 3489//6950
f 3489//6951 3589//6951 3588//6951
f 3588//6952 3589//6952 3533//6952
f 3589//6953 3590//6953 3533//6953
f 3513//6954 3590//6954 3589//6954
f 3590//6955 3591//6955 3533//6955
f 3533//6956 3591//6956 3535//6956
f 3514//6957 3591//6957 3513//6957
f 3513//6958 3591//6958 3590//6958
f 3535//6959 3591//6959 3515//6959
f 3515//6960 3591//6960 3514//6960
f 3532//6961 3592//6961 109//6961
f 3539//6962 3592//6962 3534//6962
f 3531//6963 3592//6963 3532//6963
f 164//6964 3592//6964 3539//6964
f 109//6965 3592//6965 164//6965
f 3534//6966 3592//6966 3531//6966
f 3526//6967 3593//6967 3530//6967
f 3544//6968 3593//6968 3526//6968
f 3550//6969 3593//6969 3544//6969
f 3530//6970 3593//6970 3594//6970
f 3534//6971 3595//6971 3538//6971
f 3538//6972 3595//6972 3541//6972
f 3535//6973 3595//6973 3534//6973
f 3541//6974 3595//6974 3548//6974
f 3596//6975 3597//6975 3535//6975
f 3548//6976 3597//6976 3594//6976
f 3594//6977 3597//6977 3596//6977
f 3535//6978 3597//6978 3595//6978
f 3595//6979 3597//6979 3548//6979
f 3548//6980 3598//6980 3550//6980
f 3594//6981 3598//6981 3548//6981
f 3550//6982 3598//6982 3593//6982
f 3593//6983 3598//6983 3594//6983
f 3550//6984 3599//6984 3548//6984
f 3548//6985 3599//6985 3547//6985
f 3549//6986 3599//6986 3550//6986
f 3554//6987 3599//6987 3549//6987
f 3547//6988 3599//6988 3553//6988
f 3553//6989 3599//6989 3554//6989
f 3543//6990 3600//6990 3267//6990
f 3552//6991 3600//6991 3543//6991
f 3553//6992 3600//6992 3552//6992
f 4723//6993 3600//6993 3554//6993
f 3554//6994 3600//6994 3553//6994
f 3267//6995 3600//6995 4723//6995
f 3335//6996 3601//6996 3359//6996
f 3359//6997 3601//6997 3344//6997
f 3565//6998 3601//6998 3335//6998
f 3331//6999 3601//6999 3318//6999
f 3344//7000 3601//7000 3331//7000
f 3318//7001 3601//7001 3565//7001
f 3583//7002 3602//7002 3581//7002
f 3426//7003 3602//7003 3583//7003
f 3581//7004 3602//7004 3445//7004
f 3428//7005 3602//7005 3391//7005
f 3445//7006 3602//7006 3428//7006
f 3391//7007 3602//7007 3426//7007
f 3530//7008 3603//7008 3522//7008
f 3522//7009 3603//7009 3506//7009
f 3535//7010 3603//7010 3596//7010
f 3506//7011 3603//7011 3515//7011
f 3515//7012 3603//7012 3535//7012
f 3596//7013 3603//7013 3594//7013
f 3594//7014 3603//7014 3530//7014
f 165//7015 3604//7015 110//7015
f 165//7016 3605//7016 3604//7016
f 165//7017 167//7017 3605//7017
f 105//7018 3606//7018 167//7018
f 167//7019 3606//7019 3605//7019
f 105//7020 102//7020 3606//7020
f 102//7021 3607//7021 3606//7021
f 102//7022 3543//7022 3607//7022
f 3543//7023 3608//7023 3607//7023
f 3543//7024 3267//7024 3608//7024
f 3267//7025 3609//7025 3608//7025
f 3267//7026 3266//7026 3609//7026
f 3266//7027 3610//7027 3609//7027
f 3611//7028 3264//7028 3263//7028
f 3612//7029 3613//7029 3614//7029
f 3615//7030 3613//7030 3612//7030
f 3614//7031 3613//7031 3616//7031
f 3613//7032 3617//7032 3616//7032
f 3616//7033 3617//7033 3618//7033
f 3619//7034 3620//7034 3615//7034
f 3615//7035 3620//7035 3613//7035
f 3618//7036 3621//7036 3622//7036
f 3617//7037 3621//7037 3618//7037
f 3619//7038 3623//7038 3620//7038
f 3613//7039 3624//7039 3617//7039
f 3620//7040 3624//7040 3613//7040
f 3621//7041 3625//7041 3622//7041
f 3620//7042 3626//7042 3624//7042
f 3623//7043 3626//7043 3620//7043
f 3621//7044 3627//7044 3625//7044
f 3624//7045 3627//7045 3617//7045
f 3617//7046 3627//7046 3621//7046
f 3622//7047 3628//7047 3629//7047
f 3625//7048 3628//7048 3622//7048
f 3626//7049 3630//7049 3624//7049
f 3627//7050 3631//7050 3625//7050
f 3623//7051 3632//7051 3626//7051
f 3633//7052 3632//7052 3623//7052
f 3628//7053 3634//7053 3629//7053
f 3635//7054 3634//7054 3636//7054
f 3629//7055 3634//7055 3635//7055
f 3624//7056 3637//7056 3627//7056
f 3630//7057 3637//7057 3624//7057
f 3625//7058 3638//7058 3628//7058
f 3631//7059 3638//7059 3625//7059
f 3626//7060 3639//7060 3630//7060
f 3632//7061 3639//7061 3626//7061
f 3630//7062 3639//7062 3637//7062
f 3634//7063 3640//7063 3636//7063
f 3637//7064 3641//7064 3627//7064
f 3627//7065 3641//7065 3631//7065
f 3631//7066 3641//7066 3638//7066
f 3632//7067 3642//7067 3639//7067
f 3643//7068 3642//7068 3633//7068
f 3633//7069 3642//7069 3632//7069
f 3638//7070 3644//7070 3628//7070
f 3628//7071 3644//7071 3634//7071
f 3639//7072 3645//7072 3637//7072
f 3640//7073 3646//7073 3636//7073
f 3636//7074 3646//7074 3647//7074
f 3641//7075 3648//7075 3638//7075
f 3642//7076 3649//7076 3639//7076
f 3634//7077 3650//7077 3640//7077
f 3644//7078 3650//7078 3634//7078
f 3637//7079 3651//7079 3641//7079
f 3641//7080 3651//7080 3648//7080
f 3645//7081 3651//7081 3637//7081
f 3643//7082 3652//7082 3642//7082
f 3653//7083 3652//7083 3643//7083
f 3646//7084 3654//7084 3647//7084
f 3647//7085 3654//7085 3655//7085
f 3638//7086 3656//7086 3644//7086
f 3648//7087 3656//7087 3638//7087
f 3639//7088 3657//7088 3645//7088
f 3649//7089 3657//7089 3639//7089
f 3653//7090 3658//7090 3652//7090
f 3650//7091 3659//7091 3640//7091
f 3640//7092 3659//7092 3646//7092
f 3651//7093 3660//7093 3648//7093
f 3642//7094 3661//7094 3649//7094
f 3652//7095 3661//7095 3642//7095
f 3656//7096 3662//7096 3644//7096
f 3644//7097 3662//7097 3650//7097
f 3650//7098 3662//7098 3659//7098
f 3657//7099 3663//7099 3645//7099
f 3645//7100 3663//7100 3651//7100
f 3658//7101 3664//7101 3652//7101
f 3659//7102 3665//7102 3646//7102
f 3646//7103 3665//7103 3654//7103
f 3660//7104 3666//7104 3648//7104
f 3648//7105 3666//7105 3656//7105
f 3649//7106 3667//7106 3657//7106
f 3661//7107 3667//7107 3649//7107
f 3662//7108 3668//7108 3659//7108
f 3651//7109 3669//7109 3660//7109
f 3663//7110 3669//7110 3651//7110
f 3660//7111 3669//7111 3666//7111
f 3652//7112 3670//7112 3661//7112
f 3664//7113 3670//7113 3652//7113
f 3656//7114 3671//7114 3662//7114
f 3666//7115 3671//7115 3656//7115
f 3657//7116 3672//7116 3663//7116
f 3667//7117 3672//7117 3657//7117
f 3663//7118 3672//7118 3669//7118
f 3673//7119 3674//7119 3675//7119
f 3676//7120 3674//7120 3673//7120
f 3658//7121 3677//7121 3664//7121
f 3678//7122 3677//7122 3658//7122
f 3659//7123 3679//7123 3665//7123
f 3668//7124 3679//7124 3659//7124
f 3669//7125 3680//7125 3666//7125
f 3670//7126 3681//7126 3661//7126
f 3661//7127 3681//7127 3667//7127
f 3682//7128 3683//7128 3676//7128
f 3684//7129 3683//7129 3682//7129
f 3671//7130 3685//7130 3662//7130
f 3662//7131 3685//7131 3668//7131
f 3672//7132 3686//7132 3669//7132
f 3675//7133 3687//7133 3688//7133
f 3674//7134 3687//7134 3675//7134
f 3677//7135 3689//7135 3664//7135
f 3664//7136 3689//7136 3670//7136
f 3671//7137 3690//7137 3685//7137
f 3680//7138 3690//7138 3666//7138
f 3666//7139 3690//7139 3671//7139
f 3681//7140 3691//7140 3667//7140
f 3667//7141 3691//7141 3672//7141
f 3676//7142 3692//7142 3674//7142
f 3683//7143 3692//7143 3676//7143
f 3686//7144 3693//7144 3669//7144
f 3680//7145 3693//7145 3690//7145
f 3669//7146 3693//7146 3680//7146
f 3688//7147 3694//7147 3695//7147
f 3687//7148 3694//7148 3688//7148
f 3689//7149 3696//7149 3670//7149
f 3670//7150 3696//7150 3681//7150
f 3684//7151 3697//7151 3683//7151
f 3698//7152 3697//7152 3684//7152
f 3690//7153 3699//7153 3685//7153
f 3691//7154 3700//7154 3672//7154
f 3672//7155 3700//7155 3686//7155
f 3692//7156 3701//7156 3674//7156
f 3674//7157 3701//7157 3687//7157
f 3693//7158 3702//7158 3690//7158
f 3695//7159 3703//7159 3704//7159
f 3694//7160 3703//7160 3695//7160
f 3681//7161 3705//7161 3691//7161
f 3696//7162 3705//7162 3681//7162
f 3683//7163 3706//7163 3692//7163
f 3697//7164 3706//7164 3683//7164
f 3685//7165 3707//7165 3708//7165
f 3699//7166 3707//7166 3685//7166
f 3686//7167 3709//7167 3693//7167
f 3700//7168 3709//7168 3686//7168
f 3687//7169 3710//7169 3694//7169
f 3701//7170 3710//7170 3687//7170
f 3698//7171 3711//7171 3697//7171
f 3712//7172 3711//7172 3698//7172
f 3690//7173 3713//7173 3699//7173
f 3702//7174 3713//7174 3690//7174
f 3703//7175 3714//7175 3704//7175
f 3704//7176 3714//7176 3715//7176
f 3705//7177 3716//7177 3691//7177
f 3691//7178 3716//7178 3700//7178
f 3706//7179 3717//7179 3692//7179
f 3692//7180 3717//7180 3701//7180
f 3709//7181 3718//7181 3693//7181
f 3702//7182 3718//7182 3713//7182
f 3693//7183 3718//7183 3702//7183
f 3710//7184 3719//7184 3694//7184
f 3694//7185 3719//7185 3703//7185
f 3699//7186 3720//7186 3707//7186
f 3713//7187 3720//7187 3699//7187
f 3700//7188 3721//7188 3709//7188
f 3716//7189 3721//7189 3700//7189
f 3701//7190 3722//7190 3710//7190
f 3717//7191 3722//7191 3701//7191
f 3723//7192 3724//7192 3712//7192
f 3712//7193 3724//7193 3711//7193
f 3718//7194 3725//7194 3713//7194
f 3719//7195 3726//7195 3703//7195
f 3703//7196 3726//7196 3714//7196
f 3727//7197 3728//7197 3706//7197
f 3706//7198 3728//7198 3717//7198
f 3707//7199 3729//7199 3723//7199
f 3720//7200 3729//7200 3707//7200
f 3709//7201 3730//7201 3718//7201
f 3718//7202 3730//7202 3725//7202
f 3721//7203 3730//7203 3709//7203
f 3711//7204 3731//7204 3727//7204
f 3724//7205 3731//7205 3711//7205
f 3725//7206 3732//7206 3713//7206
f 3713//7207 3732//7207 3720//7207
f 3717//7208 3733//7208 3722//7208
f 3728//7209 3733//7209 3717//7209
f 3723//7210 3734//7210 3724//7210
f 3729//7211 3734//7211 3723//7211
f 3730//7212 3735//7212 3725//7212
f 3719//7213 3736//7213 3726//7213
f 3737//7214 3736//7214 3719//7214
f 3727//7215 3738//7215 3728//7215
f 3731//7216 3738//7216 3727//7216
f 3722//7217 3739//7217 3737//7217
f 3733//7218 3739//7218 3722//7218
f 3724//7219 3740//7219 3731//7219
f 3734//7220 3740//7220 3724//7220
f 3725//7221 3741//7221 3732//7221
f 3735//7222 3741//7222 3725//7222
f 3738//7223 3742//7223 3728//7223
f 3728//7224 3742//7224 3733//7224
f 3743//7225 3744//7225 3729//7225
f 3729//7226 3744//7226 3734//7226
f 3737//7227 3745//7227 3736//7227
f 3739//7228 3745//7228 3737//7228
f 3731//7229 3746//7229 3738//7229
f 3740//7230 3746//7230 3731//7230
f 3741//7231 3747//7231 3732//7231
f 3732//7232 3747//7232 3743//7232
f 3744//7233 3748//7233 3734//7233
f 3734//7234 3748//7234 3740//7234
f 3746//7235 3749//7235 3738//7235
f 3738//7236 3749//7236 3742//7236
f 3747//7237 3750//7237 3743//7237
f 3743//7238 3750//7238 3744//7238
f 3751//7239 3752//7239 3739//7239
f 3739//7240 3752//7240 3745//7240
f 3749//7241 3753//7241 3742//7241
f 3742//7242 3753//7242 3751//7242
f 3744//7243 3754//7243 3748//7243
f 3750//7244 3754//7244 3744//7244
f 3755//7245 3756//7245 3746//7245
f 3746//7246 3756//7246 3749//7246
f 3751//7247 3757//7247 3752//7247
f 3753//7248 3757//7248 3751//7248
f 3754//7249 3758//7249 3748//7249
f 3748//7250 3758//7250 3755//7250
f 3758//7251 3759//7251 3755//7251
f 3755//7252 3759//7252 3756//7252
f 3760//7253 3761//7253 3753//7253
f 3753//7254 3761//7254 3757//7254
f 3760//7255 3762//7255 3761//7255
f 3763//7256 3762//7256 3760//7256
f 113//7257 3764//7257 119//7257
f 119//7258 3764//7258 3765//7258
f 3765//7259 3766//7259 3767//7259
f 3764//7260 3766//7260 3765//7260
f 113//7261 3768//7261 3764//7261
f 3764//7262 3768//7262 3766//7262
f 3766//7263 3769//7263 3767//7263
f 3768//7264 3769//7264 3766//7264
f 110//7265 3770//7265 113//7265
f 113//7266 3770//7266 3768//7266
f 3769//7267 3771//7267 3612//7267
f 3768//7268 3771//7268 3769//7268
f 3770//7269 3771//7269 3768//7269
f 3770//7270 3772//7270 3771//7270
f 3767//7271 3773//7271 3774//7271
f 3614//7272 3773//7272 3612//7272
f 3769//7273 3773//7273 3767//7273
f 3612//7274 3773//7274 3769//7274
f 110//7275 3775//7275 3770//7275
f 3770//7276 3775//7276 3772//7276
f 110//7277 3776//7277 3775//7277
f 3612//7278 3777//7278 3615//7278
f 3771//7279 3777//7279 3612//7279
f 3772//7280 3777//7280 3771//7280
f 3775//7281 3777//7281 3772//7281
f 3774//7282 3778//7282 3779//7282
f 3614//7283 3778//7283 3773//7283
f 3773//7284 3778//7284 3774//7284
f 3616//7285 3778//7285 3614//7285
f 3776//7286 3780//7286 3775//7286
f 3616//7287 3781//7287 3778//7287
f 3779//7288 3781//7288 3782//7288
f 3778//7289 3781//7289 3779//7289
f 3618//7290 3781//7290 3616//7290
f 3622//7291 3783//7291 3618//7291
f 3781//7292 3783//7292 3782//7292
f 3618//7293 3783//7293 3781//7293
f 3615//7294 3784//7294 3619//7294
f 3780//7295 3784//7295 3775//7295
f 3785//7296 3784//7296 3780//7296
f 3777//7297 3784//7297 3615//7297
f 3775//7298 3784//7298 3777//7298
f 3605//7299 3786//7299 3604//7299
f 3785//7300 3787//7300 3784//7300
f 3788//7301 3787//7301 3785//7301
f 3619//7302 3787//7302 3623//7302
f 3784//7303 3787//7303 3619//7303
f 3622//7304 3789//7304 3783//7304
f 3782//7305 3789//7305 3790//7305
f 3783//7306 3789//7306 3782//7306
f 3629//7307 3789//7307 3622//7307
f 3786//7308 3791//7308 3788//7308
f 3788//7309 3791//7309 3787//7309
f 3790//7310 3792//7310 3793//7310
f 3629//7311 3792//7311 3789//7311
f 3789//7312 3792//7312 3790//7312
f 3635//7313 3792//7313 3629//7313
f 3786//7314 3794//7314 3791//7314
f 3605//7315 3794//7315 3786//7315
f 3793//7316 3795//7316 3796//7316
f 3792//7317 3795//7317 3793//7317
f 3605//7318 3797//7318 3794//7318
f 3635//7319 3798//7319 3792//7319
f 3792//7320 3798//7320 3795//7320
f 3787//7321 3799//7321 3623//7321
f 3794//7322 3799//7322 3791//7322
f 3623//7323 3799//7323 3633//7323
f 3791//7324 3799//7324 3787//7324
f 3635//7325 3800//7325 3798//7325
f 3798//7326 3800//7326 3795//7326
f 3636//7327 3800//7327 3635//7327
f 3797//7328 3801//7328 3794//7328
f 3800//7329 3802//7329 3795//7329
f 3636//7330 3802//7330 3800//7330
f 3795//7331 3802//7331 3796//7331
f 3796//7332 3803//7332 3804//7332
f 3802//7333 3803//7333 3796//7333
f 3636//7334 3803//7334 3802//7334
f 3647//7335 3803//7335 3636//7335
f 3801//7336 3805//7336 3794//7336
f 3794//7337 3805//7337 3799//7337
f 3799//7338 3805//7338 3633//7338
f 3806//7339 3805//7339 3801//7339
f 3633//7340 3805//7340 3643//7340
f 3803//7341 3807//7341 3804//7341
f 3647//7342 3807//7342 3803//7342
f 3607//7343 3808//7343 3606//7343
f 3804//7344 3809//7344 3810//7344
f 3807//7345 3809//7345 3804//7345
f 3647//7346 3811//7346 3807//7346
f 3807//7347 3811//7347 3809//7347
f 3655//7348 3811//7348 3647//7348
f 3812//7349 3813//7349 3806//7349
f 3806//7350 3813//7350 3805//7350
f 3805//7351 3813//7351 3643//7351
f 3643//7352 3813//7352 3653//7352
f 3814//7353 3815//7353 3655//7353
f 3655//7354 3815//7354 3811//7354
f 3811//7355 3815//7355 3809//7355
f 3808//7356 3816//7356 3812//7356
f 3810//7357 3817//7357 3818//7357
f 3809//7358 3817//7358 3810//7358
f 3814//7359 3819//7359 3815//7359
f 3809//7360 3819//7360 3817//7360
f 3815//7361 3819//7361 3809//7361
f 3607//7362 3820//7362 3808//7362
f 3808//7363 3820//7363 3816//7363
f 3819//7364 3821//7364 3817//7364
f 3653//7365 3822//7365 3658//7365
f 3812//7366 3822//7366 3813//7366
f 3813//7367 3822//7367 3653//7367
f 3816//7368 3822//7368 3812//7368
f 3820//7369 3822//7369 3816//7369
f 3608//7370 3823//7370 3607//7370
f 3607//7371 3823//7371 3820//7371
f 3821//7372 3824//7372 3817//7372
f 3817//7373 3824//7373 3818//7373
f 3819//7374 3825//7374 3821//7374
f 3821//7375 3825//7375 3824//7375
f 3673//7376 3825//7376 3814//7376
f 3675//7377 3825//7377 3673//7377
f 3814//7378 3825//7378 3819//7378
f 3823//7379 3826//7379 3820//7379
f 3824//7380 3827//7380 3818//7380
f 3818//7381 3827//7381 3828//7381
f 3675//7382 3829//7382 3825//7382
f 3824//7383 3829//7383 3827//7383
f 3825//7384 3829//7384 3824//7384
f 3820//7385 3830//7385 3822//7385
f 3826//7386 3830//7386 3820//7386
f 3822//7387 3830//7387 3658//7387
f 3658//7388 3830//7388 3678//7388
f 3655//7389 3831//7389 3814//7389
f 3654//7390 3831//7390 3655//7390
f 3682//7391 3831//7391 3654//7391
f 3688//7392 3832//7392 3675//7392
f 3829//7393 3832//7393 3827//7393
f 3675//7394 3832//7394 3829//7394
f 3608//7395 3833//7395 3823//7395
f 3823//7396 3834//7396 3826//7396
f 3833//7397 3834//7397 3823//7397
f 3828//7398 3835//7398 3836//7398
f 3827//7399 3835//7399 3828//7399
f 3688//7400 3837//7400 3832//7400
f 3832//7401 3837//7401 3827//7401
f 3827//7402 3837//7402 3835//7402
f 3676//7403 3838//7403 3682//7403
f 3831//7404 3838//7404 3814//7404
f 3682//7405 3838//7405 3831//7405
f 3814//7406 3838//7406 3673//7406
f 3673//7407 3838//7407 3676//7407
f 3833//7408 3839//7408 3834//7408
f 3684//7409 3840//7409 3665//7409
f 3682//7410 3840//7410 3684//7410
f 3654//7411 3840//7411 3682//7411
f 3665//7412 3840//7412 3654//7412
f 3837//7413 3841//7413 3835//7413
f 3835//7414 3842//7414 3836//7414
f 3841//7415 3842//7415 3835//7415
f 4722//7416 3843//7416 3844//7416
f 3688//7417 3845//7417 3837//7417
f 3695//7418 3845//7418 3688//7418
f 3837//7419 3845//7419 3841//7419
f 3841//7420 3845//7420 3842//7420
f 3836//7421 3846//7421 3847//7421
f 3842//7422 3846//7422 3836//7422
f 3704//7423 3848//7423 3695//7423
f 3842//7424 3848//7424 3846//7424
f 3695//7425 3848//7425 3845//7425
f 3845//7426 3848//7426 3842//7426
f 3665//7427 3849//7427 3684//7427
f 3679//7428 3849//7428 3665//7428
f 3698//7429 3849//7429 3679//7429
f 3684//7430 3849//7430 3698//7430
f 3704//7431 3850//7431 3848//7431
f 3848//7432 3850//7432 3846//7432
f 4721//7433 3851//7433 4722//7433
f 4722//7434 3851//7434 3843//7434
f 3847//7435 3852//7435 3853//7435
f 3846//7436 3852//7436 3847//7436
f 3850//7437 3852//7437 3846//7437
f 3685//7438 3854//7438 3668//7438
f 3668//7439 3854//7439 3679//7439
f 3708//7440 3854//7440 3685//7440
f 3704//7441 3855//7441 3850//7441
f 3850//7442 3855//7442 3852//7442
f 3715//7443 3855//7443 3704//7443
f 3855//7444 3856//7444 3852//7444
f 3853//7445 3857//7445 3858//7445
f 3852//7446 3857//7446 3853//7446
f 3856//7447 3857//7447 3852//7447
f 3678//7448 3859//7448 3677//7448
f 4719//7449 3859//7449 4721//7449
f 3851//7450 3859//7450 3678//7450
f 4721//7451 3859//7451 3851//7451
f 3679//7452 3860//7452 3698//7452
f 3854//7453 3860//7453 3679//7453
f 3708//7454 3860//7454 3854//7454
f 3712//7455 3860//7455 3708//7455
f 3698//7456 3860//7456 3712//7456
f 3856//7457 3861//7457 3857//7457
f 3677//7458 3862//7458 3689//7458
f 4717//7459 3862//7459 4719//7459
f 4719//7460 3862//7460 3859//7460
f 3859//7461 3862//7461 3677//7461
f 3861//7462 3863//7462 3857//7462
f 3712//7463 3864//7463 3723//7463
f 3723//7464 3864//7464 3707//7464
f 3707//7465 3864//7465 3708//7465
f 3708//7466 3864//7466 3712//7466
f 3696//7467 3865//7467 3705//7467
f 3689//7468 3865//7468 3696//7468
f 3711//7469 3866//7469 3697//7469
f 3697//7470 3866//7470 3706//7470
f 3727//7471 3866//7471 3711//7471
f 3706//7472 3866//7472 3727//7472
f 3689//7473 3867//7473 3865//7473
f 4717//7474 3867//7474 3862//7474
f 3862//7475 3867//7475 3689//7475
f 3861//7476 3868//7476 3863//7476
f 3867//7477 3869//7477 3865//7477
f 4717//7478 3869//7478 3867//7478
f 3870//7479 3869//7479 4717//7479
f 3714//7480 3871//7480 3715//7480
f 3872//7481 3873//7481 3868//7481
f 3868//7482 3873//7482 3863//7482
f 3865//7483 3874//7483 3705//7483
f 3869//7484 3874//7484 3865//7484
f 3870//7485 3874//7485 3869//7485
f 3710//7486 3875//7486 3719//7486
f 3722//7487 3875//7487 3710//7487
f 3737//7488 3875//7488 3722//7488
f 3719//7489 3875//7489 3737//7489
f 3871//7490 3876//7490 3872//7490
f 3874//7491 3877//7491 3705//7491
f 3870//7492 3877//7492 3874//7492
f 3878//7493 3877//7493 3870//7493
f 3705//7494 3877//7494 3716//7494
f 3714//7495 3879//7495 3871//7495
f 3726//7496 3879//7496 3714//7496
f 3879//7497 3880//7497 3871//7497
f 3871//7498 3880//7498 3876//7498
f 3720//7499 3881//7499 3729//7499
f 3732//7500 3881//7500 3720//7500
f 3743//7501 3881//7501 3732//7501
f 3729//7502 3881//7502 3743//7502
f 3880//7503 3882//7503 3876//7503
f 3876//7504 3882//7504 3872//7504
f 4715//7505 3883//7505 3878//7505
f 3878//7506 3883//7506 3877//7506
f 3716//7507 3883//7507 3721//7507
f 3877//7508 3883//7508 3716//7508
f 3879//7509 3884//7509 3880//7509
f 3883//7510 3885//7510 3721//7510
f 3721//7511 3885//7511 3730//7511
f 3730//7512 3885//7512 3735//7512
f 3726//7513 3886//7513 3879//7513
f 3736//7514 3886//7514 3726//7514
f 4715//7515 3887//7515 3883//7515
f 3883//7516 3887//7516 3885//7516
f 3879//7517 3888//7517 3884//7517
f 3886//7518 3888//7518 3879//7518
f 3888//7519 3889//7519 3884//7519
f 3742//7520 3890//7520 3733//7520
f 3739//7521 3890//7521 3751//7521
f 3751//7522 3890//7522 3742//7522
f 3733//7523 3890//7523 3739//7523
f 3891//7524 3892//7524 4715//7524
f 4715//7525 3892//7525 3887//7525
f 3887//7526 3892//7526 3885//7526
f 3886//7527 3893//7527 3888//7527
f 3891//7528 3894//7528 3892//7528
f 3885//7529 3894//7529 3735//7529
f 3892//7530 3894//7530 3885//7530
f 3745//7531 3895//7531 3736//7531
f 3736//7532 3895//7532 3886//7532
f 3740//7533 3896//7533 3746//7533
f 3746//7534 3896//7534 3755//7534
f 3755//7535 3896//7535 3748//7535
f 3748//7536 3896//7536 3740//7536
f 3735//7537 3897//7537 3741//7537
f 3894//7538 3897//7538 3735//7538
f 3891//7539 3897//7539 3894//7539
f 3886//7540 3898//7540 3893//7540
f 3895//7541 3898//7541 3886//7541
f 3898//7542 3899//7542 3893//7542
f 3297//7543 3899//7543 3295//7543
f 3889//7544 3899//7544 3297//7544
f 3888//7545 3899//7545 3889//7545
f 3893//7546 3899//7546 3888//7546
f 3900//7547 3901//7547 3891//7547
f 3741//7548 3901//7548 3747//7548
f 3897//7549 3901//7549 3741//7549
f 3891//7550 3901//7550 3897//7550
f 3895//7551 3902//7551 3898//7551
f 3903//7552 3904//7552 3900//7552
f 3900//7553 3904//7553 3901//7553
f 3901//7554 3904//7554 3747//7554
f 3752//7555 3905//7555 3745//7555
f 3745//7556 3905//7556 3895//7556
f 3905//7557 3906//7557 3895//7557
f 3895//7558 3906//7558 3902//7558
f 3753//7559 3907//7559 3760//7559
f 3749//7560 3907//7560 3753//7560
f 3760//7561 3907//7561 3756//7561
f 3756//7562 3907//7562 3749//7562
f 3899//7563 3908//7563 3295//7563
f 3906//7564 3908//7564 3902//7564
f 3295//7565 3908//7565 3321//7565
f 3898//7566 3908//7566 3899//7566
f 3902//7567 3908//7567 3898//7567
f 3747//7568 3909//7568 3750//7568
f 3750//7569 3909//7569 3754//7569
f 3904//7570 3909//7570 3747//7570
f 3903//7571 3910//7571 3904//7571
f 3904//7572 3910//7572 3909//7572
f 3905//7573 3911//7573 3906//7573
f 3910//7574 3912//7574 3909//7574
f 3752//7575 3913//7575 3905//7575
f 3757//7576 3913//7576 3752//7576
f 3909//7577 3914//7577 3754//7577
f 3754//7578 3914//7578 3758//7578
f 3905//7579 3915//7579 3911//7579
f 3913//7580 3915//7580 3905//7580
f 3756//7581 3916//7581 3760//7581
f 3759//7582 3916//7582 3756//7582
f 3760//7583 3916//7583 3763//7583
f 3763//7584 3916//7584 3759//7584
f 3912//7585 3917//7585 3909//7585
f 3909//7586 3917//7586 3914//7586
f 3911//7587 3918//7587 3906//7587
f 3906//7588 3918//7588 3908//7588
f 3321//7589 3918//7589 3319//7589
f 3915//7590 3918//7590 3911//7590
f 3908//7591 3918//7591 3321//7591
f 3903//7592 3919//7592 3910//7592
f 3920//7593 3919//7593 3903//7593
f 3910//7594 3919//7594 3912//7594
f 3912//7595 3919//7595 3917//7595
f 3917//7596 3921//7596 3914//7596
f 3920//7597 3921//7597 3919//7597
f 3919//7598 3921//7598 3917//7598
f 3913//7599 3922//7599 3915//7599
f 3915//7600 3922//7600 3918//7600
f 3757//7601 3923//7601 3913//7601
f 3913//7602 3923//7602 3922//7602
f 3761//7603 3923//7603 3757//7603
f 3914//7604 3924//7604 3758//7604
f 3925//7605 3924//7605 3920//7605
f 3758//7606 3924//7606 3759//7606
f 3921//7607 3924//7607 3914//7607
f 3920//7608 3924//7608 3921//7608
f 3923//7609 3926//7609 3922//7609
f 3759//7610 3927//7610 3763//7610
f 3924//7611 3927//7611 3759//7611
f 3319//7612 3928//7612 3566//7612
f 3918//7613 3928//7613 3319//7613
f 3922//7614 3928//7614 3918//7614
f 3926//7615 3928//7615 3922//7615
f 3925//7616 3929//7616 3924//7616
f 3924//7617 3929//7617 3927//7617
f 3929//7618 3930//7618 3927//7618
f 3923//7619 3931//7619 3926//7619
f 3926//7620 3931//7620 3928//7620
f 3763//7621 3932//7621 3762//7621
f 3927//7622 3932//7622 3763//7622
f 3762//7623 3933//7623 3761//7623
f 3761//7624 3933//7624 3923//7624
f 3923//7625 3933//7625 3931//7625
f 3930//7626 3934//7626 3927//7626
f 3927//7627 3934//7627 3932//7627
f 4711//7628 3935//7628 3925//7628
f 3925//7629 3935//7629 3929//7629
f 3929//7630 3935//7630 3930//7630
f 3930//7631 3935//7631 3934//7631
f 3933//7632 3936//7632 3931//7632
f 3936//7633 3937//7633 3931//7633
f 3566//7634 3937//7634 3381//7634
f 3931//7635 3937//7635 3928//7635
f 3928//7636 3937//7636 3566//7636
f 3934//7637 3938//7637 3932//7637
f 3933//7638 3939//7638 3936//7638
f 3936//7639 3939//7639 3937//7639
f 3938//7640 3940//7640 3932//7640
f 3932//7641 3940//7641 3762//7641
f 3935//7642 3941//7642 3934//7642
f 3938//7643 3941//7643 3940//7643
f 4710//7644 3941//7644 4711//7644
f 4711//7645 3941//7645 3935//7645
f 3934//7646 3941//7646 3938//7646
f 3933//7647 3942//7647 3939//7647
f 3937//7648 3943//7648 3381//7648
f 3942//7649 3943//7649 3939//7649
f 3381//7650 3943//7650 3379//7650
f 3939//7651 3943//7651 3937//7651
f 3379//7652 3944//7652 3394//7652
f 3394//7653 3944//7653 3405//7653
f 3945//7654 3946//7654 3944//7654
f 3944//7655 3946//7655 3405//7655
f 3947//7656 3946//7656 4709//7656
f 3405//7657 3946//7657 3947//7657
f 4709//7658 3946//7658 3945//7658
f 3776//7659 3948//7659 3780//7659
f 110//7660 3948//7660 3776//7660
f 3604//7661 3948//7661 110//7661
f 3948//7662 3949//7662 3780//7662
f 3785//7663 3949//7663 3788//7663
f 3788//7664 3949//7664 3786//7664
f 3604//7665 3949//7665 3948//7665
f 3780//7666 3949//7666 3785//7666
f 3786//7667 3949//7667 3604//7667
f 3797//7668 3950//7668 3801//7668
f 3605//7669 3950//7669 3797//7669
f 3606//7670 3950//7670 3605//7670
f 3950//7671 3951//7671 3801//7671
f 3812//7672 3951//7672 3808//7672
f 3806//7673 3951//7673 3812//7673
f 3606//7674 3951//7674 3950//7674
f 3801//7675 3951//7675 3806//7675
f 3808//7676 3951//7676 3606//7676
f 3608//7677 3952//7677 3833//7677
f 3844//7678 3952//7678 3610//7678
f 3833//7679 3952//7679 3839//7679
f 3609//7680 3952//7680 3608//7680
f 3610//7681 3952//7681 3609//7681
f 3839//7682 3952//7682 3843//7682
f 3843//7683 3952//7683 3844//7683
f 3830//7684 3953//7684 3678//7684
f 3826//7685 3953//7685 3830//7685
f 3834//7686 3953//7686 3826//7686
f 3839//7687 3954//7687 3834//7687
f 3953//7688 3954//7688 3678//7688
f 3834//7689 3954//7689 3953//7689
f 3843//7690 3954//7690 3839//7690
f 3678//7691 3954//7691 3851//7691
f 3851//7692 3954//7692 3843//7692
f 3856//7693 3955//7693 3861//7693
f 3715//7694 3955//7694 3855//7694
f 3855//7695 3955//7695 3856//7695
f 3863//7696 3956//7696 3857//7696
f 3611//7697 3956//7697 3264//7697
f 3858//7698 3956//7698 3611//7698
f 3857//7699 3956//7699 3858//7699
f 3955//7700 3957//7700 3861//7700
f 3861//7701 3957//7701 3868//7701
f 3871//7702 3958//7702 3715//7702
f 3872//7703 3958//7703 3871//7703
f 3868//7704 3958//7704 3872//7704
f 3955//7705 3958//7705 3957//7705
f 3957//7706 3958//7706 3868//7706
f 3715//7707 3958//7707 3955//7707
f 3956//7708 3959//7708 3264//7708
f 3863//7709 3959//7709 3956//7709
f 3873//7710 3959//7710 3863//7710
f 3264//7711 3959//7711 3271//7711
f 3271//7712 3959//7712 3873//7712
f 3271//7713 3960//7713 3278//7713
f 3278//7714 3960//7714 3882//7714
f 3873//7715 3960//7715 3271//7715
f 3872//7716 3960//7716 3873//7716
f 3882//7717 3960//7717 3872//7717
f 3278//7718 3961//7718 3297//7718
f 3882//7719 3961//7719 3278//7719
f 3297//7720 3961//7720 3889//7720
f 3880//7721 3961//7721 3882//7721
f 3884//7722 3961//7722 3880//7722
f 3889//7723 3961//7723 3884//7723
f 3942//7724 3962//7724 3963//7724
f 3933//7725 3962//7725 3942//7725
f 3940//7726 3962//7726 3762//7726
f 3762//7727 3962//7727 3933//7727
f 3962//7728 3964//7728 3963//7728
f 3941//7729 3964//7729 3940//7729
f 4710//7730 3964//7730 3941//7730
f 3940//7731 3964//7731 3962//7731
f 3964//7732 3965//7732 3963//7732
f 3963//7733 3965//7733 3945//7733
f 4709//7734 3965//7734 4710//7734
f 3945//7735 3965//7735 4709//7735
f 4710//7736 3965//7736 3964//7736
f 3963//7737 3966//7737 3942//7737
f 3942//7738 3966//7738 3943//7738
f 3943//7739 3966//7739 3379//7739
f 3945//7740 3966//7740 3963//7740
f 3944//7741 3966//7741 3945//7741
f 3379//7742 3966//7742 3944//7742
f 3265//7743 3611//7743 3263//7743
f 3858//7744 3611//7744 3265//7744
f 3270//7745 3858//7745 3265//7745
f 3853//7746 3858//7746 3270//7746
f 3276//7747 3853//7747 3270//7747
f 3847//7748 3853//7748 3276//7748
f 3284//7749 3847//7749 3276//7749
f 3836//7750 3847//7750 3284//7750
f 3290//7751 3836//7751 3284//7751
f 3828//7752 3836//7752 3290//7752
f 3818//7753 3290//7753 3308//7753
f 3818//7754 3828//7754 3290//7754
f 3810//7755 3308//7755 3311//7755
f 3810//7756 3818//7756 3308//7756
f 3804//7757 3311//7757 3323//7757
f 3804//7758 3810//7758 3311//7758
f 3796//7759 3323//7759 3337//7759
f 3796//7760 3804//7760 3323//7760
f 3793//7761 3337//7761 3349//7761
f 3793//7762 3796//7762 3337//7762
f 3790//7763 3349//7763 3369//7763
f 3790//7764 3793//7764 3349//7764
f 3782//7765 3369//7765 3388//7765
f 3782//7766 3790//7766 3369//7766
f 3779//7767 3388//7767 3400//7767
f 3779//7768 3782//7768 3388//7768
f 3774//7769 3400//7769 3425//7769
f 3774//7770 3779//7770 3400//7770
f 3767//7771 3425//7771 3449//7771
f 3767//7772 3774//7772 3425//7772
f 3765//7773 3767//7773 3449//7773
f 3765//7774 3449//7774 121//7774
f 120//7775 3765//7775 121//7775
f 117//7776 3765//7776 120//7776
f 119//7777 3765//7777 117//7777
f 3967//7778 3968//7778 3969//7778
f 3970//7779 3971//7779 3972//7779
f 3968//7780 3973//7780 3969//7780
f 3969//7781 3974//7781 3975//7781
f 3973//7782 3974//7782 3969//7782
f 3976//7783 3977//7783 3968//7783
f 3968//7784 3977//7784 3973//7784
f 3973//7785 3978//7785 3974//7785
f 3977//7786 3979//7786 3973//7786
f 3973//7787 3979//7787 3978//7787
f 3975//7788 3980//7788 3981//7788
f 3974//7789 3980//7789 3975//7789
f 3978//7790 3982//7790 3974//7790
f 3974//7791 3982//7791 3980//7791
f 3983//7792 3984//7792 3976//7792
f 3976//7793 3984//7793 3977//7793
f 3977//7794 3985//7794 3979//7794
f 3984//7795 3985//7795 3977//7795
f 3982//7796 3986//7796 3980//7796
f 3984//7797 3987//7797 3985//7797
f 3981//7798 3988//7798 3989//7798
f 3980//7799 3988//7799 3981//7799
f 3986//7800 3988//7800 3980//7800
f 3986//7801 3990//7801 3988//7801
f 3986//7802 3991//7802 3990//7802
f 3992//7803 3991//7803 3993//7803
f 3989//7804 3994//7804 3995//7804
f 3988//7805 3994//7805 3989//7805
f 3990//7806 3994//7806 3988//7806
f 3991//7807 3994//7807 3990//7807
f 3992//7808 3994//7808 3991//7808
f 3987//7809 3996//7809 3997//7809
f 3998//7810 3999//7810 3996//7810
f 4000//7811 4001//7811 4002//7811
f 4002//7812 4001//7812 3998//7812
f 3998//7813 4001//7813 3999//7813
f 3997//7814 4003//7814 3993//7814
f 4004//7815 4005//7815 3992//7815
f 3994//7816 4005//7816 3995//7816
f 3992//7817 4005//7817 3994//7817
f 4001//7818 4006//7818 3999//7818
f 4003//7819 4007//7819 3993//7819
f 3993//7820 4007//7820 3992//7820
f 4003//7821 4008//7821 4007//7821
f 4003//7822 4009//7822 4008//7822
f 3995//7823 4010//7823 4011//7823
f 4005//7824 4010//7824 3995//7824
f 4004//7825 4010//7825 4005//7825
f 4007//7826 4012//7826 3992//7826
f 4008//7827 4012//7827 4007//7827
f 4009//7828 4012//7828 4008//7828
f 4013//7829 4012//7829 4009//7829
f 3992//7830 4012//7830 4004//7830
f 4011//7831 4014//7831 4015//7831
f 4010//7832 4014//7832 4011//7832
f 4010//7833 4016//7833 4014//7833
f 4006//7834 4017//7834 4018//7834
f 4016//7835 4019//7835 4014//7835
f 4018//7836 4020//7836 4021//7836
f 4022//7837 4023//7837 4017//7837
f 4024//7838 4025//7838 4026//7838
f 4026//7839 4025//7839 4022//7839
f 4022//7840 4025//7840 4023//7840
f 4014//7841 4027//7841 4015//7841
f 4015//7842 4027//7842 4028//7842
f 4019//7843 4027//7843 4014//7843
f 4019//7844 4029//7844 4027//7844
f 4012//7845 4030//7845 4004//7845
f 4019//7846 4031//7846 4029//7846
f 4032//7847 4031//7847 4033//7847
f 4025//7848 4034//7848 4023//7848
f 4028//7849 4035//7849 4036//7849
f 4029//7850 4035//7850 4027//7850
f 4031//7851 4035//7851 4029//7851
f 4032//7852 4035//7852 4031//7852
f 4027//7853 4035//7853 4028//7853
f 4030//7854 4037//7854 4004//7854
f 4004//7855 4037//7855 4033//7855
f 4030//7856 4038//7856 4037//7856
f 4039//7857 4040//7857 4041//7857
f 4030//7858 4040//7858 4038//7858
f 4013//7859 4042//7859 4041//7859
f 4043//7860 4042//7860 4020//7860
f 4044//7861 4042//7861 4043//7861
f 4034//7862 4045//7862 4046//7862
f 4037//7863 4047//7863 4033//7863
f 4039//7864 4047//7864 4040//7864
f 4038//7865 4047//7865 4037//7865
f 4040//7866 4047//7866 4038//7866
f 4036//7867 4048//7867 4049//7867
f 4050//7868 4048//7868 4032//7868
f 4032//7869 4048//7869 4035//7869
f 4035//7870 4048//7870 4036//7870
f 4051//7871 4052//7871 4045//7871
f 4033//7872 4053//7872 4032//7872
f 4047//7873 4053//7873 4033//7873
f 4047//7874 4054//7874 4053//7874
f 4047//7875 4055//7875 4054//7875
f 4056//7876 4055//7876 4039//7876
f 4039//7877 4055//7877 4047//7877
f 4042//7878 4057//7878 4041//7878
f 4044//7879 4057//7879 4042//7879
f 4058//7880 4057//7880 4044//7880
f 4043//7881 4059//7881 4044//7881
f 4060//7882 4059//7882 4043//7882
f 4060//7883 4061//7883 4059//7883
f 4060//7884 4062//7884 4061//7884
f 4063//7885 4062//7885 4064//7885
f 4054//7886 4065//7886 4053//7886
f 4055//7887 4065//7887 4054//7887
f 4056//7888 4065//7888 4055//7888
f 4053//7889 4065//7889 4032//7889
f 4041//7890 4066//7890 4039//7890
f 4057//7891 4066//7891 4041//7891
f 4049//7892 4067//7892 4068//7892
f 4050//7893 4067//7893 4048//7893
f 4048//7894 4067//7894 4049//7894
f 4069//7895 4067//7895 4050//7895
f 4057//7896 4070//7896 4066//7896
f 4052//7897 4071//7897 4072//7897
f 4058//7898 4073//7898 4057//7898
f 4057//7899 4073//7899 4070//7899
f 4074//7900 4073//7900 4058//7900
f 4061//7901 4075//7901 4059//7901
f 4062//7902 4075//7902 4061//7902
f 4063//7903 4075//7903 4062//7903
f 4059//7904 4075//7904 4044//7904
f 4065//7905 4076//7905 4032//7905
f 4032//7906 4076//7906 4050//7906
f 4065//7907 4077//7907 4076//7907
f 4078//7908 4079//7908 4080//7908
f 4080//7909 4079//7909 4081//7909
f 4065//7910 4082//7910 4077//7910
f 4083//7911 4082//7911 4056//7911
f 4056//7912 4082//7912 4065//7912
f 4079//7913 4084//7913 4081//7913
f 4081//7914 4084//7914 4071//7914
f 4070//7915 4085//7915 4066//7915
f 4066//7916 4085//7916 4039//7916
f 4073//7917 4085//7917 4070//7917
f 4074//7918 4085//7918 4073//7918
f 4068//7919 4086//7919 4087//7919
f 4072//7920 4088//7920 4064//7920
f 4076//7921 4089//7921 4050//7921
f 4077//7922 4089//7922 4076//7922
f 4082//7923 4089//7923 4077//7923
f 4083//7924 4089//7924 4082//7924
f 4068//7925 4090//7925 4086//7925
f 4069//7926 4090//7926 4067//7926
f 4091//7927 4090//7927 4069//7927
f 4067//7928 4090//7928 4068//7928
f 4085//7929 4092//7929 4039//7929
f 4039//7930 4092//7930 4056//7930
f 4079//7931 4093//7931 4084//7931
f 4085//7932 4094//7932 4092//7932
f 4074//7933 4095//7933 4085//7933
f 4085//7934 4095//7934 4094//7934
f 4096//7935 4095//7935 4074//7935
f 4097//7936 4098//7936 4078//7936
f 4063//7937 4099//7937 4075//7937
f 4100//7938 4099//7938 4063//7938
f 4064//7939 4101//7939 4063//7939
f 4088//7940 4101//7940 4064//7940
f 4087//7941 4102//7941 4103//7941
f 4086//7942 4102//7942 4087//7942
f 4090//7943 4102//7943 4086//7943
f 4091//7944 4102//7944 4090//7944
f 4089//7945 4104//7945 4050//7945
f 4050//7946 4104//7946 4069//7946
f 4088//7947 4105//7947 4101//7947
f 4098//7948 4106//7948 4078//7948
f 4079//7949 4106//7949 4093//7949
f 4078//7950 4106//7950 4079//7950
f 4089//7951 4107//7951 4104//7951
f 4108//7952 4109//7952 4097//7952
f 4725//7953 4109//7953 4108//7953
f 4097//7954 4109//7954 4098//7954
f 4098//7955 4109//7955 4725//7955
f 4088//7956 4110//7956 4105//7956
f 4111//7957 4110//7957 4112//7957
f 4089//7958 4113//7958 4107//7958
f 4114//7959 4113//7959 4083//7959
f 4083//7960 4113//7960 4089//7960
f 4092//7961 4115//7961 4056//7961
f 4094//7962 4115//7962 4092//7962
f 4095//7963 4115//7963 4094//7963
f 4096//7964 4115//7964 4095//7964
f 4058//7965 4116//7965 4074//7965
f 4099//7966 4116//7966 4058//7966
f 4099//7967 4117//7967 4116//7967
f 4118//7968 4119//7968 4100//7968
f 4099//7969 4119//7969 4117//7969
f 4100//7970 4119//7970 4099//7970
f 4105//7971 4120//7971 4101//7971
f 4110//7972 4120//7972 4105//7972
f 4111//7973 4120//7973 4110//7973
f 4101//7974 4120//7974 4063//7974
f 4113//7975 4121//7975 4107//7975
f 4114//7976 4121//7976 4113//7976
f 4107//7977 4121//7977 4104//7977
f 4104//7978 4121//7978 4069//7978
f 4056//7979 4122//7979 4083//7979
f 4115//7980 4122//7980 4056//7980
f 4115//7981 4123//7981 4122//7981
f 4096//7982 4124//7982 4115//7982
f 4115//7983 4124//7983 4123//7983
f 4125//7984 4124//7984 4096//7984
f 4102//7985 4126//7985 4103//7985
f 4103//7986 4126//7986 4127//7986
f 4128//7987 4126//7987 4091//7987
f 4091//7988 4126//7988 4102//7988
f 4116//7989 4129//7989 4074//7989
f 4118//7990 4129//7990 4119//7990
f 4117//7991 4129//7991 4116//7991
f 4119//7992 4129//7992 4117//7992
f 4120//7993 4130//7993 4063//7993
f 4063//7994 4130//7994 4100//7994
f 4120//7995 4131//7995 4130//7995
f 4111//7996 4132//7996 4120//7996
f 4120//7997 4132//7997 4131//7997
f 4133//7998 4132//7998 4111//7998
f 4123//7999 4134//7999 4122//7999
f 4124//8000 4134//8000 4123//8000
f 4125//8001 4134//8001 4124//8001
f 4122//8002 4134//8002 4083//8002
f 4129//8003 4135//8003 4074//8003
f 4074//8004 4135//8004 4096//8004
f 4136//8005 4137//8005 4112//8005
f 4112//8006 4138//8006 4111//8006
f 4137//8007 4138//8007 4112//8007
f 4129//8008 4139//8008 4135//8008
f 4140//8009 4141//8009 4142//8009
f 4137//8010 4141//8010 4140//8010
f 4136//8011 4141//8011 4137//8011
f 4143//8012 4144//8012 4118//8012
f 4129//8013 4144//8013 4139//8013
f 4118//8014 4144//8014 4129//8014
f 4100//8015 4145//8015 4118//8015
f 4132//8016 4145//8016 4131//8016
f 4133//8017 4145//8017 4132//8017
f 4130//8018 4145//8018 4100//8018
f 4131//8019 4145//8019 4130//8019
f 4114//8020 4146//8020 4121//8020
f 4147//8021 4146//8021 4114//8021
f 4083//8022 4148//8022 4114//8022
f 4134//8023 4148//8023 4083//8023
f 4134//8024 4149//8024 4148//8024
f 4127//8025 4150//8025 4151//8025
f 4125//8026 4152//8026 4134//8026
f 4134//8027 4152//8027 4149//8027
f 4153//8028 4152//8028 4125//8028
f 4139//8029 4154//8029 4135//8029
f 4135//8030 4154//8030 4096//8030
f 4143//8031 4154//8031 4144//8031
f 4144//8032 4154//8032 4139//8032
f 4126//8033 4155//8033 4127//8033
f 4128//8034 4155//8034 4126//8034
f 4127//8035 4155//8035 4150//8035
f 4155//8036 4156//8036 4150//8036
f 4157//8037 4158//8037 4140//8037
f 4140//8038 4158//8038 4137//8038
f 4138//8039 4158//8039 4111//8039
f 4137//8040 4158//8040 4138//8040
f 4152//8041 4159//8041 4149//8041
f 4153//8042 4159//8042 4152//8042
f 4149//8043 4159//8043 4148//8043
f 4148//8044 4159//8044 4114//8044
f 4154//8045 4160//8045 4096//8045
f 4096//8046 4160//8046 4125//8046
f 4156//8047 4161//8047 4150//8047
f 168//8048 4161//8048 4156//8048
f 4151//8049 4161//8049 149//8049
f 149//8050 4161//8050 168//8050
f 4150//8051 4161//8051 4151//8051
f 4154//8052 4162//8052 4160//8052
f 4163//8053 4164//8053 4143//8053
f 4154//8054 4164//8054 4162//8054
f 4143//8055 4164//8055 4154//8055
f 4158//8056 4165//8056 4111//8056
f 4111//8057 4165//8057 4133//8057
f 4156//8058 4166//8058 168//8058
f 4155//8059 4166//8059 4156//8059
f 4145//8060 4167//8060 4118//8060
f 4118//8061 4167//8061 4143//8061
f 4158//8062 4168//8062 4165//8062
f 4159//8063 4169//8063 4114//8063
f 4114//8064 4169//8064 4147//8064
f 4159//8065 4170//8065 4169//8065
f 4158//8066 4171//8066 4168//8066
f 4172//8067 4171//8067 4157//8067
f 4157//8068 4171//8068 4158//8068
f 4173//8069 4174//8069 4153//8069
f 4159//8070 4174//8070 4170//8070
f 4153//8071 4174//8071 4159//8071
f 4160//8072 4175//8072 4125//8072
f 4162//8073 4175//8073 4160//8073
f 4163//8074 4175//8074 4164//8074
f 4164//8075 4175//8075 4162//8075
f 4165//8076 4176//8076 4133//8076
f 4171//8077 4176//8077 4168//8077
f 4168//8078 4176//8078 4165//8078
f 4166//8079 4177//8079 168//8079
f 4178//8080 4177//8080 4166//8080
f 4169//8081 4179//8081 4147//8081
f 4170//8082 4179//8082 4169//8082
f 4173//8083 4179//8083 4174//8083
f 4174//8084 4179//8084 4170//8084
f 4175//8085 4180//8085 4125//8085
f 4125//8086 4180//8086 4153//8086
f 4175//8087 4181//8087 4180//8087
f 4176//8088 4182//8088 4133//8088
f 4133//8089 4182//8089 4183//8089
f 4163//8090 4184//8090 4175//8090
f 4185//8091 4184//8091 4163//8091
f 4175//8092 4184//8092 4181//8092
f 4167//8093 4186//8093 4143//8093
f 4187//8094 4188//8094 4172//8094
f 4172//8095 4188//8095 4171//8095
f 4171//8096 4188//8096 4176//8096
f 4176//8097 4188//8097 4182//8097
f 4179//8098 4189//8098 4147//8098
f 4189//8099 4190//8099 4191//8099
f 4179//8100 4190//8100 4189//8100
f 4173//8101 4192//8101 4179//8101
f 4191//8102 4192//8102 4173//8102
f 4179//8103 4192//8103 4190//8103
f 4190//8104 4192//8104 4191//8104
f 4153//8105 4193//8105 4173//8105
f 4180//8106 4193//8106 4153//8106
f 4181//8107 4193//8107 4180//8107
f 4185//8108 4193//8108 4184//8108
f 4184//8109 4193//8109 4181//8109
f 4143//8110 4194//8110 4163//8110
f 4186//8111 4194//8111 4143//8111
f 4195//8112 4196//8112 4178//8112
f 4197//8113 4196//8113 4195//8113
f 4183//8114 4198//8114 4199//8114
f 4200//8115 4198//8115 4187//8115
f 4182//8116 4198//8116 4183//8116
f 4187//8117 4198//8117 4188//8117
f 4188//8118 4198//8118 4182//8118
f 4186//8119 4201//8119 4194//8119
f 4202//8120 4203//8120 4204//8120
f 4186//8121 4203//8121 4201//8121
f 4199//8122 4205//8122 4204//8122
f 4200//8123 4205//8123 4198//8123
f 4198//8124 4205//8124 4199//8124
f 146//8125 4206//8125 145//8125
f 4197//8126 4207//8126 4196//8126
f 4196//8127 4207//8127 4206//8127
f 4206//8128 4207//8128 145//8128
f 4202//8129 4208//8129 4203//8129
f 4203//8130 4208//8130 4201//8130
f 4194//8131 4208//8131 4163//8131
f 4201//8132 4208//8132 4194//8132
f 4197//8133 4209//8133 4207//8133
f 4189//8134 4209//8134 4197//8134
f 4191//8135 4209//8135 4189//8135
f 4210//8136 4211//8136 4185//8136
f 4193//8137 4211//8137 4173//8137
f 4185//8138 4211//8138 4193//8138
f 4208//8139 4212//8139 4163//8139
f 4163//8140 4212//8140 4185//8140
f 4208//8141 4213//8141 4212//8141
f 4202//8142 4214//8142 4208//8142
f 4208//8143 4214//8143 4213//8143
f 4215//8144 4214//8144 4202//8144
f 4200//8145 4216//8145 4205//8145
f 4217//8146 4216//8146 4200//8146
f 4205//8147 4216//8147 4204//8147
f 4211//8148 4218//8148 4173//8148
f 4173//8149 4218//8149 4191//8149
f 4211//8150 4219//8150 4218//8150
f 4210//8151 4220//8151 4211//8151
f 4221//8152 4220//8152 4210//8152
f 4211//8153 4220//8153 4219//8153
f 4204//8154 4222//8154 4202//8154
f 4216//8155 4222//8155 4204//8155
f 4212//8156 4223//8156 4185//8156
f 4213//8157 4223//8157 4212//8157
f 4214//8158 4223//8158 4213//8158
f 4215//8159 4223//8159 4214//8159
f 4216//8160 4224//8160 4222//8160
f 4216//8161 4225//8161 4224//8161
f 4728//8162 4225//8162 4217//8162
f 4217//8163 4225//8163 4216//8163
f 4209//8164 4226//8164 4207//8164
f 4207//8165 4226//8165 145//8165
f 145//8166 4226//8166 139//8166
f 4209//8167 4227//8167 4226//8167
f 4191//8168 4227//8168 4209//8168
f 4222//8169 4228//8169 4202//8169
f 4224//8170 4228//8170 4222//8170
f 4225//8171 4228//8171 4224//8171
f 4728//8172 4228//8172 4225//8172
f 4202//8173 4229//8173 4215//8173
f 4728//8174 4230//8174 4228//8174
f 4231//8175 4230//8175 4728//8175
f 4228//8176 4230//8176 4202//8176
f 4202//8177 4230//8177 4229//8177
f 4227//8178 4232//8178 4226//8178
f 4226//8179 4232//8179 139//8179
f 4233//8180 4232//8180 4227//8180
f 4210//8181 4234//8181 4221//8181
f 4235//8182 4234//8182 4210//8182
f 4235//8183 4236//8183 4234//8183
f 4237//8184 4238//8184 4239//8184
f 4239//8185 4238//8185 4235//8185
f 4235//8186 4238//8186 4236//8186
f 4221//8187 4240//8187 4241//8187
f 4241//8188 4240//8188 4233//8188
f 4215//8189 4242//8189 4239//8189
f 4729//8190 4242//8190 4231//8190
f 4229//8191 4242//8191 4215//8191
f 4231//8192 4242//8192 4230//8192
f 4230//8193 4242//8193 4229//8193
f 169//8194 4243//8194 133//8194
f 4244//8195 4243//8195 4240//8195
f 4245//8196 4246//8196 4729//8196
f 4242//8197 4246//8197 4239//8197
f 4729//8198 4246//8198 4242//8198
f 4243//8199 4247//8199 133//8199
f 4248//8200 4247//8200 4244//8200
f 4244//8201 4247//8201 4243//8201
f 133//8202 4247//8202 4249//8202
f 4239//8203 4250//8203 4237//8203
f 4246//8204 4250//8204 4239//8204
f 4246//8205 4251//8205 4250//8205
f 4245//8206 4252//8206 4246//8206
f 4246//8207 4252//8207 4251//8207
f 4251//8208 4252//8208 4731//8208
f 4731//8209 4252//8209 4245//8209
f 4248//8210 4253//8210 4247//8210
f 4254//8211 4253//8211 4248//8211
f 4247//8212 4253//8212 4249//8212
f 4251//8213 4255//8213 4250//8213
f 4731//8214 4255//8214 4251//8214
f 4250//8215 4255//8215 4237//8215
f 4732//8216 4255//8216 4731//8216
f 4256//8217 4257//8217 4253//8217
f 4253//8218 4257//8218 4249//8218
f 4732//8219 4258//8219 4255//8219
f 3970//8220 4258//8220 4732//8220
f 3982//8221 4259//8221 3986//8221
f 3991//8222 4259//8222 3993//8222
f 3986//8223 4259//8223 3991//8223
f 3978//8224 4259//8224 3982//8224
f 4259//8225 4260//8225 3993//8225
f 3979//8226 4260//8226 3978//8226
f 3985//8227 4260//8227 3979//8227
f 3978//8228 4260//8228 4259//8228
f 3993//8229 4260//8229 3997//8229
f 3987//8230 4260//8230 3985//8230
f 3997//8231 4260//8231 3987//8231
f 4002//8232 4261//8232 3983//8232
f 3983//8233 4261//8233 3984//8233
f 3984//8234 4261//8234 3987//8234
f 3998//8235 4261//8235 4002//8235
f 3996//8236 4261//8236 3998//8236
f 3987//8237 4261//8237 3996//8237
f 4009//8238 4262//8238 4021//8238
f 4003//8239 4262//8239 4009//8239
f 3997//8240 4262//8240 4003//8240
f 4006//8241 4263//8241 3999//8241
f 4021//8242 4263//8242 4018//8242
f 4018//8243 4263//8243 4006//8243
f 3997//8244 4263//8244 4262//8244
f 4262//8245 4263//8245 4021//8245
f 3996//8246 4263//8246 3997//8246
f 3999//8247 4263//8247 3996//8247
f 4001//8248 4264//8248 4006//8248
f 4026//8249 4264//8249 4000//8249
f 4022//8250 4264//8250 4026//8250
f 4017//8251 4264//8251 4022//8251
f 4000//8252 4264//8252 4001//8252
f 4006//8253 4264//8253 4017//8253
f 4004//8254 4265//8254 4010//8254
f 4010//8255 4265//8255 4016//8255
f 4016//8256 4265//8256 4019//8256
f 4031//8257 4265//8257 4033//8257
f 4019//8258 4265//8258 4031//8258
f 4033//8259 4265//8259 4004//8259
f 4020//8260 4266//8260 4021//8260
f 4042//8261 4266//8261 4020//8261
f 4009//8262 4267//8262 4013//8262
f 4021//8263 4267//8263 4009//8263
f 4013//8264 4267//8264 4042//8264
f 4266//8265 4267//8265 4021//8265
f 4042//8266 4267//8266 4266//8266
f 4018//8267 4268//8267 4020//8267
f 4020//8268 4268//8268 4043//8268
f 4017//8269 4269//8269 4018//8269
f 4018//8270 4269//8270 4268//8270
f 4023//8271 4269//8271 4017//8271
f 4268//8272 4269//8272 4043//8272
f 4041//8273 4270//8273 4013//8273
f 4013//8274 4270//8274 4012//8274
f 4041//8275 4271//8275 4270//8275
f 4012//8276 4271//8276 4030//8276
f 4040//8277 4271//8277 4041//8277
f 4030//8278 4271//8278 4040//8278
f 4270//8279 4271//8279 4012//8279
f 4272//8280 4273//8280 4024//8280
f 4024//8281 4273//8281 4025//8281
f 4025//8282 4273//8282 4034//8282
f 4051//8283 4273//8283 4272//8283
f 4045//8284 4273//8284 4051//8284
f 4034//8285 4273//8285 4045//8285
f 4080//8286 4274//8286 4272//8286
f 4052//8287 4274//8287 4071//8287
f 4081//8288 4274//8288 4080//8288
f 4272//8289 4274//8289 4051//8289
f 4071//8290 4274//8290 4081//8290
f 4051//8291 4274//8291 4052//8291
f 4060//8292 4275//8292 4062//8292
f 4062//8293 4275//8293 4064//8293
f 4046//8294 4275//8294 4060//8294
f 4045//8295 4276//8295 4046//8295
f 4046//8296 4276//8296 4275//8296
f 4072//8297 4276//8297 4052//8297
f 4064//8298 4276//8298 4072//8298
f 4052//8299 4276//8299 4045//8299
f 4275//8300 4276//8300 4064//8300
f 4099//8301 4277//8301 4075//8301
f 4075//8302 4277//8302 4044//8302
f 4277//8303 4278//8303 4044//8303
f 4044//8304 4278//8304 4058//8304
f 4099//8305 4278//8305 4277//8305
f 4058//8306 4278//8306 4099//8306
f 4071//8307 4279//8307 4072//8307
f 4084//8308 4279//8308 4071//8308
f 4088//8309 4280//8309 4110//8309
f 4110//8310 4280//8310 4112//8310
f 4279//8311 4280//8311 4072//8311
f 4072//8312 4280//8312 4088//8312
f 4084//8313 4281//8313 4279//8313
f 4279//8314 4281//8314 4280//8314
f 4280//8315 4281//8315 4112//8315
f 4281//8316 4282//8316 4112//8316
f 4084//8317 4282//8317 4281//8317
f 4093//8318 4282//8318 4084//8318
f 4282//8319 4283//8319 4112//8319
f 4093//8320 4283//8320 4282//8320
f 4112//8321 4283//8321 4136//8321
f 4106//8322 4283//8322 4093//8322
f 4146//8323 4284//8323 4121//8323
f 4091//8324 4284//8324 4146//8324
f 4121//8325 4284//8325 4069//8325
f 4069//8326 4284//8326 4091//8326
f 4098//8327 4285//8327 4106//8327
f 4283//8328 4285//8328 4136//8328
f 4106//8329 4285//8329 4283//8329
f 4142//8330 4285//8330 4725//8330
f 4141//8331 4285//8331 4142//8331
f 4136//8332 4285//8332 4141//8332
f 4725//8333 4285//8333 4098//8333
f 4128//8334 4286//8334 4155//8334
f 4166//8335 4286//8335 4178//8335
f 4178//8336 4286//8336 4195//8336
f 4155//8337 4286//8337 4166//8337
f 4199//8338 4287//8338 4183//8338
f 4183//8339 4287//8339 4133//8339
f 4133//8340 4287//8340 4145//8340
f 4199//8341 4288//8341 4287//8341
f 4145//8342 4288//8342 4167//8342
f 4287//8343 4288//8343 4145//8343
f 4167//8344 4288//8344 4199//8344
f 4289//8345 4290//8345 4128//8345
f 4195//8346 4290//8346 4291//8346
f 4286//8347 4290//8347 4195//8347
f 4291//8348 4290//8348 4289//8348
f 4128//8349 4290//8349 4286//8349
f 4146//8350 4292//8350 4291//8350
f 4197//8351 4292//8351 4189//8351
f 4147//8352 4292//8352 4146//8352
f 4189//8353 4292//8353 4147//8353
f 4291//8354 4293//8354 4195//8354
f 4197//8355 4293//8355 4292//8355
f 4195//8356 4293//8356 4197//8356
f 4292//8357 4293//8357 4291//8357
f 4204//8358 4294//8358 4199//8358
f 4199//8359 4294//8359 4167//8359
f 4203//8360 4295//8360 4204//8360
f 4186//8361 4295//8361 4203//8361
f 4294//8362 4295//8362 4167//8362
f 4167//8363 4295//8363 4186//8363
f 4204//8364 4295//8364 4294//8364
f 4196//8365 4296//8365 4178//8365
f 4206//8366 4296//8366 4196//8366
f 146//8367 4296//8367 4206//8367
f 168//8368 4296//8368 146//8368
f 4178//8369 4296//8369 4177//8369
f 4177//8370 4296//8370 168//8370
f 4185//8371 4297//8371 4210//8371
f 4223//8372 4297//8372 4185//8372
f 4210//8373 4297//8373 4235//8373
f 4191//8374 4298//8374 4227//8374
f 4227//8375 4298//8375 4233//8375
f 4233//8376 4298//8376 4241//8376
f 4218//8377 4299//8377 4191//8377
f 4298//8378 4299//8378 4241//8378
f 4191//8379 4299//8379 4298//8379
f 4218//8380 4300//8380 4299//8380
f 4299//8381 4300//8381 4241//8381
f 4219//8382 4301//8382 4218//8382
f 4221//8383 4301//8383 4220//8383
f 4220//8384 4301//8384 4219//8384
f 4218//8385 4301//8385 4300//8385
f 4300//8386 4301//8386 4241//8386
f 4241//8387 4301//8387 4221//8387
f 4235//8388 4302//8388 4239//8388
f 4239//8389 4302//8389 4215//8389
f 4215//8390 4302//8390 4223//8390
f 4223//8391 4302//8391 4297//8391
f 4297//8392 4302//8392 4235//8392
f 4240//8393 4303//8393 4233//8393
f 169//8394 4303//8394 4243//8394
f 4243//8395 4303//8395 4240//8395
f 139//8396 4303//8396 169//8396
f 4232//8397 4303//8397 139//8397
f 4233//8398 4303//8398 4232//8398
f 4244//8399 4304//8399 4248//8399
f 4248//8400 4304//8400 4254//8400
f 4221//8401 4304//8401 4240//8401
f 4240//8402 4304//8402 4244//8402
f 4304//8403 4305//8403 4254//8403
f 4221//8404 4305//8404 4304//8404
f 4234//8405 4305//8405 4221//8405
f 4234//8406 4306//8406 4305//8406
f 4305//8407 4306//8407 4254//8407
f 4236//8408 4307//8408 4234//8408
f 4238//8409 4307//8409 4236//8409
f 4234//8410 4307//8410 4306//8410
f 4254//8411 4307//8411 4237//8411
f 4306//8412 4307//8412 4254//8412
f 4237//8413 4307//8413 4238//8413
f 4254//8414 4308//8414 4253//8414
f 4237//8415 4308//8415 4254//8415
f 4255//8416 4308//8416 4237//8416
f 4253//8417 4308//8417 4256//8417
f 4258//8418 4308//8418 4255//8418
f 4256//8419 4308//8419 4258//8419
f 4249//8420 4309//8420 3972//8420
f 4257//8421 4309//8421 4249//8421
f 4256//8422 4309//8422 4257//8422
f 4258//8423 4309//8423 4256//8423
f 3970//8424 4309//8424 4258//8424
f 3972//8425 4309//8425 3970//8425
f 4023//8426 4310//8426 4269//8426
f 4034//8427 4310//8427 4023//8427
f 4046//8428 4310//8428 4034//8428
f 4269//8429 4310//8429 4043//8429
f 4043//8430 4310//8430 4060//8430
f 4060//8431 4310//8431 4046//8431
f 4146//8432 4311//8432 4091//8432
f 4091//8433 4311//8433 4128//8433
f 4128//8434 4311//8434 4289//8434
f 4291//8435 4311//8435 4146//8435
f 4289//8436 4311//8436 4291//8436
f 170//8437 4312//8437 140//8437
f 170//8438 4313//8438 4312//8438
f 170//8439 172//8439 4313//8439
f 135//8440 4314//8440 172//8440
f 172//8441 4314//8441 4313//8441
f 135//8442 133//8442 4314//8442
f 133//8443 4315//8443 4314//8443
f 133//8444 4249//8444 4315//8444
f 4249//8445 4316//8445 4315//8445
f 4249//8446 3972//8446 4316//8446
f 3972//8447 4317//8447 4316//8447
f 3972//8448 3971//8448 4317//8448
f 3971//8449 4733//8449 4317//8449
f 4318//8450 3968//8450 3967//8450
f 4319//8451 4320//8451 4321//8451
f 4320//8452 4322//8452 4321//8452
f 4320//8453 4323//8453 4322//8453
f 4321//8454 4324//8454 4325//8454
f 4325//8455 4324//8455 4326//8455
f 4322//8456 4324//8456 4321//8456
f 4323//8457 4327//8457 4322//8457
f 4324//8458 4328//8458 4326//8458
f 4322//8459 4329//8459 4324//8459
f 4327//8460 4329//8460 4322//8460
f 4326//8461 4330//8461 4331//8461
f 4328//8462 4330//8462 4326//8462
f 4332//8463 4333//8463 4323//8463
f 4323//8464 4333//8464 4327//8464
f 4324//8465 4334//8465 4328//8465
f 4329//8466 4334//8466 4324//8466
f 4331//8467 4335//8467 4336//8467
f 4330//8468 4335//8468 4331//8468
f 4327//8469 4337//8469 4329//8469
f 4333//8470 4337//8470 4327//8470
f 4329//8471 4337//8471 4334//8471
f 4334//8472 4338//8472 4328//8472
f 4330//8473 4338//8473 4335//8473
f 4328//8474 4338//8474 4330//8474
f 4332//8475 4339//8475 4333//8475
f 4340//8476 4339//8476 4332//8476
f 4336//8477 4341//8477 4342//8477
f 4335//8478 4341//8478 4336//8478
f 4337//8479 4343//8479 4334//8479
f 4340//8480 4344//8480 4339//8480
f 4338//8481 4345//8481 4335//8481
f 4333//8482 4346//8482 4337//8482
f 4339//8483 4346//8483 4333//8483
f 4342//8484 4347//8484 4348//8484
f 4341//8485 4347//8485 4342//8485
f 4343//8486 4349//8486 4334//8486
f 4334//8487 4349//8487 4338//8487
f 4338//8488 4349//8488 4345//8488
f 4344//8489 4350//8489 4339//8489
f 4335//8490 4351//8490 4341//8490
f 4345//8491 4351//8491 4335//8491
f 4346//8492 4352//8492 4337//8492
f 4337//8493 4352//8493 4343//8493
f 4343//8494 4352//8494 4349//8494
f 4344//8495 4353//8495 4350//8495
f 4347//8496 4354//8496 4348//8496
f 4348//8497 4354//8497 4355//8497
f 4345//8498 4356//8498 4351//8498
f 4349//8499 4356//8499 4345//8499
f 4350//8500 4357//8500 4339//8500
f 4339//8501 4357//8501 4346//8501
f 4341//8502 4358//8502 4347//8502
f 4351//8503 4358//8503 4341//8503
f 4349//8504 4359//8504 4356//8504
f 4352//8505 4359//8505 4349//8505
f 4353//8506 4360//8506 4350//8506
f 4355//8507 4361//8507 4362//8507
f 4354//8508 4361//8508 4355//8508
f 4356//8509 4363//8509 4351//8509
f 4357//8510 4364//8510 4346//8510
f 4346//8511 4364//8511 4352//8511
f 4353//8512 4365//8512 4360//8512
f 4358//8513 4366//8513 4347//8513
f 4347//8514 4366//8514 4354//8514
f 4359//8515 4367//8515 4356//8515
f 4360//8516 4368//8516 4350//8516
f 4350//8517 4368//8517 4357//8517
f 4362//8518 4369//8518 4370//8518
f 4361//8519 4369//8519 4362//8519
f 4363//8520 4371//8520 4351//8520
f 4351//8521 4371//8521 4358//8521
f 4364//8522 4372//8522 4352//8522
f 4352//8523 4372//8523 4359//8523
f 4360//8524 4373//8524 4368//8524
f 4365//8525 4373//8525 4360//8525
f 4354//8526 4374//8526 4361//8526
f 4366//8527 4374//8527 4354//8527
f 4356//8528 4375//8528 4363//8528
f 4367//8529 4375//8529 4356//8529
f 4368//8530 4376//8530 4357//8530
f 4357//8531 4376//8531 4364//8531
f 4370//8532 4377//8532 4378//8532
f 4369//8533 4377//8533 4370//8533
f 4365//8534 4379//8534 4373//8534
f 4366//8535 4380//8535 4374//8535
f 4358//8536 4380//8536 4366//8536
f 4371//8537 4380//8537 4358//8537
f 4359//8538 4381//8538 4367//8538
f 4372//8539 4381//8539 4359//8539
f 4373//8540 4382//8540 4368//8540
f 4361//8541 4383//8541 4369//8541
f 4374//8542 4383//8542 4361//8542
f 4363//8543 4384//8543 4371//8543
f 4375//8544 4384//8544 4363//8544
f 4371//8545 4384//8545 4380//8545
f 4376//8546 4385//8546 4364//8546
f 4364//8547 4385//8547 4372//8547
f 4378//8548 4386//8548 4387//8548
f 4377//8549 4386//8549 4378//8549
f 4379//8550 4388//8550 4373//8550
f 4380//8551 4389//8551 4374//8551
f 4367//8552 4390//8552 4375//8552
f 4381//8553 4390//8553 4367//8553
f 4382//8554 4391//8554 4368//8554
f 4368//8555 4391//8555 4376//8555
f 4383//8556 4392//8556 4369//8556
f 4369//8557 4392//8557 4377//8557
f 4384//8558 4393//8558 4380//8558
f 4385//8559 4394//8559 4372//8559
f 4372//8560 4394//8560 4381//8560
f 4373//8561 4395//8561 4382//8561
f 4388//8562 4395//8562 4373//8562
f 4374//8563 4396//8563 4383//8563
f 4389//8564 4396//8564 4374//8564
f 4390//8565 4397//8565 4375//8565
f 4375//8566 4397//8566 4384//8566
f 4384//8567 4397//8567 4393//8567
f 4385//8568 4398//8568 4394//8568
f 4391//8569 4398//8569 4376//8569
f 4376//8570 4398//8570 4385//8570
f 4393//8571 4399//8571 4380//8571
f 4380//8572 4399//8572 4389//8572
f 4394//8573 4400//8573 4381//8573
f 4381//8574 4400//8574 4390//8574
f 4401//8575 4402//8575 4403//8575
f 4404//8576 4402//8576 4401//8576
f 4395//8577 4405//8577 4382//8577
f 4391//8578 4405//8578 4398//8578
f 4382//8579 4405//8579 4391//8579
f 4383//8580 4406//8580 4392//8580
f 4396//8581 4406//8581 4383//8581
f 4397//8582 4407//8582 4393//8582
f 4398//8583 4408//8583 4394//8583
f 4386//8584 4409//8584 4404//8584
f 4410//8585 4409//8585 4386//8585
f 4390//8586 4411//8586 4397//8586
f 4400//8587 4411//8587 4390//8587
f 4403//8588 4412//8588 4413//8588
f 4402//8589 4412//8589 4403//8589
f 4405//8590 4414//8590 4398//8590
f 4392//8591 4415//8591 4410//8591
f 4406//8592 4415//8592 4392//8592
f 4407//8593 4416//8593 4393//8593
f 4393//8594 4416//8594 4399//8594
f 4394//8595 4417//8595 4400//8595
f 4408//8596 4417//8596 4394//8596
f 4404//8597 4418//8597 4402//8597
f 4409//8598 4418//8598 4404//8598
f 4397//8599 4419//8599 4407//8599
f 4411//8600 4419//8600 4397//8600
f 4412//8601 4420//8601 4413//8601
f 4413//8602 4420//8602 4421//8602
f 4414//8603 4422//8603 4398//8603
f 4398//8604 4422//8604 4408//8604
f 4415//8605 4423//8605 4410//8605
f 4410//8606 4423//8606 4409//8606
f 4416//8607 4424//8607 4399//8607
f 4399//8608 4424//8608 4425//8608
f 4417//8609 4426//8609 4400//8609
f 4411//8610 4426//8610 4419//8610
f 4400//8611 4426//8611 4411//8611
f 4418//8612 4427//8612 4402//8612
f 4402//8613 4427//8613 4412//8613
f 4408//8614 4428//8614 4417//8614
f 4417//8615 4428//8615 4426//8615
f 4422//8616 4428//8616 4408//8616
f 4409//8617 4429//8617 4418//8617
f 4423//8618 4429//8618 4409//8618
f 4424//8619 4430//8619 4425//8619
f 4425//8620 4430//8620 4431//8620
f 4426//8621 4432//8621 4419//8621
f 4427//8622 4433//8622 4412//8622
f 4412//8623 4433//8623 4420//8623
f 4434//8624 4435//8624 4416//8624
f 4416//8625 4435//8625 4424//8625
f 4428//8626 4436//8626 4426//8626
f 4429//8627 4437//8627 4418//8627
f 4418//8628 4437//8628 4427//8628
f 4431//8629 4438//8629 4439//8629
f 4430//8630 4438//8630 4431//8630
f 4432//8631 4440//8631 4419//8631
f 4419//8632 4440//8632 4434//8632
f 4423//8633 4441//8633 4429//8633
f 4442//8634 4441//8634 4423//8634
f 4426//8635 4443//8635 4432//8635
f 4436//8636 4443//8636 4426//8636
f 4427//8637 4444//8637 4433//8637
f 4437//8638 4444//8638 4427//8638
f 4434//8639 4445//8639 4435//8639
f 4440//8640 4445//8640 4434//8640
f 4429//8641 4446//8641 4437//8641
f 4441//8642 4446//8642 4429//8642
f 4442//8643 4447//8643 4441//8643
f 4448//8644 4447//8644 4442//8644
f 4437//8645 4449//8645 4444//8645
f 4446//8646 4449//8646 4437//8646
f 4438//8647 4450//8647 4448//8647
f 4451//8648 4450//8648 4438//8648
f 4452//8649 4453//8649 4440//8649
f 4440//8650 4453//8650 4445//8650
f 4454//8651 4455//8651 4456//8651
f 4456//8652 4455//8652 4451//8652
f 4446//8653 4457//8653 4449//8653
f 4458//8654 4457//8654 4446//8654
f 4455//8655 4459//8655 4451//8655
f 4451//8656 4459//8656 4450//8656
f 4460//8657 4461//8657 4447//8657
f 4447//8658 4461//8658 4458//8658
f 4462//8659 4463//8659 4454//8659
f 4454//8660 4463//8660 4455//8660
f 4459//8661 4464//8661 4450//8661
f 4450//8662 4464//8662 4460//8662
f 4458//8663 4465//8663 4457//8663
f 4461//8664 4465//8664 4458//8664
f 4455//8665 4466//8665 4459//8665
f 4463//8666 4466//8666 4455//8666
f 4467//8667 4468//8667 4461//8667
f 4461//8668 4468//8668 4465//8668
f 4464//8669 4469//8669 4467//8669
f 4470//8670 4469//8670 4464//8670
f 4467//8671 4471//8671 4468//8671
f 4469//8672 4471//8672 4467//8672
f 141//8673 4472//8673 147//8673
f 147//8674 4472//8674 4473//8674
f 4473//8675 4474//8675 4475//8675
f 4472//8676 4474//8676 4473//8676
f 141//8677 4476//8677 4472//8677
f 4472//8678 4476//8678 4474//8678
f 4474//8679 4477//8679 4475//8679
f 4476//8680 4477//8680 4474//8680
f 140//8681 4478//8681 141//8681
f 141//8682 4478//8682 4476//8682
f 4477//8683 4479//8683 4319//8683
f 4476//8684 4479//8684 4477//8684
f 4478//8685 4479//8685 4476//8685
f 4478//8686 4480//8686 4479//8686
f 4475//8687 4481//8687 4482//8687
f 4321//8688 4481//8688 4319//8688
f 4477//8689 4481//8689 4475//8689
f 4319//8690 4481//8690 4477//8690
f 140//8691 4483//8691 4478//8691
f 4478//8692 4483//8692 4480//8692
f 140//8693 4484//8693 4483//8693
f 4319//8694 4485//8694 4320//8694
f 4479//8695 4485//8695 4319//8695
f 4480//8696 4485//8696 4479//8696
f 4483//8697 4485//8697 4480//8697
f 4482//8698 4486//8698 4487//8698
f 4321//8699 4486//8699 4481//8699
f 4481//8700 4486//8700 4482//8700
f 4325//8701 4486//8701 4321//8701
f 4484//8702 4488//8702 4483//8702
f 4325//8703 4489//8703 4486//8703
f 4487//8704 4489//8704 4490//8704
f 4486//8705 4489//8705 4487//8705
f 4326//8706 4489//8706 4325//8706
f 4326//8707 4491//8707 4489//8707
f 4489//8708 4491//8708 4490//8708
f 4331//8709 4491//8709 4326//8709
f 4488//8710 4492//8710 4483//8710
f 4320//8711 4492//8711 4323//8711
f 4493//8712 4492//8712 4488//8712
f 4485//8713 4492//8713 4320//8713
f 4483//8714 4492//8714 4485//8714
f 4313//8715 4494//8715 4312//8715
f 4495//8716 4496//8716 4493//8716
f 4492//8717 4496//8717 4323//8717
f 4493//8718 4496//8718 4492//8718
f 4323//8719 4496//8719 4332//8719
f 4490//8720 4497//8720 4498//8720
f 4331//8721 4497//8721 4491//8721
f 4491//8722 4497//8722 4490//8722
f 4336//8723 4497//8723 4331//8723
f 4495//8724 4499//8724 4496//8724
f 4494//8725 4499//8725 4495//8725
f 4498//8726 4500//8726 4501//8726
f 4497//8727 4500//8727 4498//8727
f 4336//8728 4500//8728 4497//8728
f 4342//8729 4500//8729 4336//8729
f 4313//8730 4502//8730 4494//8730
f 4494//8731 4502//8731 4499//8731
f 4501//8732 4503//8732 4504//8732
f 4500//8733 4503//8733 4501//8733
f 4313//8734 4505//8734 4502//8734
f 4342//8735 4506//8735 4500//8735
f 4500//8736 4506//8736 4503//8736
f 4502//8737 4507//8737 4499//8737
f 4496//8738 4507//8738 4332//8738
f 4499//8739 4507//8739 4496//8739
f 4332//8740 4507//8740 4340//8740
f 4506//8741 4508//8741 4503//8741
f 4342//8742 4508//8742 4506//8742
f 4348//8743 4508//8743 4342//8743
f 4505//8744 4509//8744 4502//8744
f 4503//8745 4510//8745 4504//8745
f 4508//8746 4510//8746 4503//8746
f 4348//8747 4510//8747 4508//8747
f 4504//8748 4511//8748 4512//8748
f 4510//8749 4511//8749 4504//8749
f 4348//8750 4511//8750 4510//8750
f 4355//8751 4511//8751 4348//8751
f 4502//8752 4513//8752 4507//8752
f 4340//8753 4513//8753 4344//8753
f 4509//8754 4513//8754 4502//8754
f 4507//8755 4513//8755 4340//8755
f 4514//8756 4513//8756 4509//8756
f 4355//8757 4515//8757 4511//8757
f 4511//8758 4515//8758 4512//8758
f 4315//8759 4516//8759 4314//8759
f 4512//8760 4517//8760 4518//8760
f 4515//8761 4517//8761 4512//8761
f 4362//8762 4519//8762 4355//8762
f 4355//8763 4519//8763 4515//8763
f 4515//8764 4519//8764 4517//8764
f 4344//8765 4520//8765 4353//8765
f 4513//8766 4520//8766 4344//8766
f 4514//8767 4520//8767 4513//8767
f 4521//8768 4520//8768 4514//8768
f 4370//8769 4522//8769 4362//8769
f 4362//8770 4522//8770 4519//8770
f 4519//8771 4522//8771 4517//8771
f 4516//8772 4523//8772 4521//8772
f 4518//8773 4524//8773 4525//8773
f 4517//8774 4524//8774 4518//8774
f 4370//8775 4526//8775 4522//8775
f 4522//8776 4526//8776 4517//8776
f 4517//8777 4526//8777 4524//8777
f 4315//8778 4527//8778 4516//8778
f 4516//8779 4527//8779 4523//8779
f 4526//8780 4528//8780 4524//8780
f 4520//8781 4529//8781 4353//8781
f 4353//8782 4529//8782 4365//8782
f 4521//8783 4529//8783 4520//8783
f 4523//8784 4529//8784 4521//8784
f 4527//8785 4529//8785 4523//8785
f 4316//8786 4530//8786 4315//8786
f 4315//8787 4530//8787 4527//8787
f 4528//8788 4531//8788 4524//8788
f 4524//8789 4531//8789 4525//8789
f 4526//8790 4532//8790 4528//8790
f 4378//8791 4532//8791 4370//8791
f 4387//8792 4532//8792 4378//8792
f 4370//8793 4532//8793 4526//8793
f 4528//8794 4532//8794 4531//8794
f 4530//8795 4533//8795 4527//8795
f 4531//8796 4534//8796 4525//8796
f 4525//8797 4534//8797 4535//8797
f 4387//8798 4536//8798 4532//8798
f 4531//8799 4536//8799 4534//8799
f 4532//8800 4536//8800 4531//8800
f 4527//8801 4537//8801 4529//8801
f 4529//8802 4537//8802 4365//8802
f 4365//8803 4537//8803 4379//8803
f 4533//8804 4537//8804 4527//8804
f 4401//8805 4538//8805 4387//8805
f 4536//8806 4538//8806 4534//8806
f 4387//8807 4538//8807 4536//8807
f 4316//8808 4539//8808 4530//8808
f 4530//8809 4540//8809 4533//8809
f 4539//8810 4540//8810 4530//8810
f 4535//8811 4541//8811 4542//8811
f 4534//8812 4541//8812 4535//8812
f 4401//8813 4543//8813 4538//8813
f 4538//8814 4543//8814 4534//8814
f 4534//8815 4543//8815 4541//8815
f 4539//8816 4544//8816 4540//8816
f 4543//8817 4545//8817 4541//8817
f 4541//8818 4546//8818 4542//8818
f 4545//8819 4546//8819 4541//8819
f 4547//8820 4548//8820 4549//8820
f 4403//8821 4550//8821 4401//8821
f 4401//8822 4550//8822 4543//8822
f 4543//8823 4550//8823 4545//8823
f 4545//8824 4550//8824 4546//8824
f 4542//8825 4551//8825 4552//8825
f 4546//8826 4551//8826 4542//8826
f 4413//8827 4553//8827 4403//8827
f 4403//8828 4553//8828 4550//8828
f 4550//8829 4553//8829 4546//8829
f 4546//8830 4553//8830 4551//8830
f 4387//8831 4554//8831 4401//8831
f 4404//8832 4554//8832 4386//8832
f 4401//8833 4554//8833 4404//8833
f 4386//8834 4554//8834 4387//8834
f 4413//8835 4555//8835 4553//8835
f 4553//8836 4555//8836 4551//8836
f 4556//8837 4557//8837 4547//8837
f 4547//8838 4557//8838 4548//8838
f 4377//8839 4558//8839 4386//8839
f 4410//8840 4558//8840 4392//8840
f 4392//8841 4558//8841 4377//8841
f 4386//8842 4558//8842 4410//8842
f 4555//8843 4559//8843 4551//8843
f 4552//8844 4559//8844 4560//8844
f 4551//8845 4559//8845 4552//8845
f 4555//8846 4561//8846 4559//8846
f 4413//8847 4561//8847 4555//8847
f 4421//8848 4561//8848 4413//8848
f 4561//8849 4562//8849 4559//8849
f 4560//8850 4563//8850 4564//8850
f 4559//8851 4563//8851 4560//8851
f 4562//8852 4563//8852 4559//8852
f 4379//8853 4565//8853 4388//8853
f 4566//8854 4565//8854 4556//8854
f 4557//8855 4565//8855 4379//8855
f 4556//8856 4565//8856 4557//8856
f 4389//8857 4567//8857 4396//8857
f 4425//8858 4567//8858 4399//8858
f 4399//8859 4567//8859 4389//8859
f 4562//8860 4568//8860 4563//8860
f 4388//8861 4569//8861 4395//8861
f 4730//8862 4569//8862 4566//8862
f 4565//8863 4569//8863 4388//8863
f 4566//8864 4569//8864 4565//8864
f 4396//8865 4570//8865 4406//8865
f 4567//8866 4570//8866 4396//8866
f 4425//8867 4570//8867 4567//8867
f 4431//8868 4570//8868 4425//8868
f 4568//8869 4571//8869 4563//8869
f 4405//8870 4572//8870 4414//8870
f 4395//8871 4572//8871 4405//8871
f 4439//8872 4573//8872 4431//8872
f 4406//8873 4573//8873 4415//8873
f 4570//8874 4573//8874 4406//8874
f 4431//8875 4573//8875 4570//8875
f 4419//8876 4574//8876 4407//8876
f 4416//8877 4574//8877 4434//8877
f 4434//8878 4574//8878 4419//8878
f 4407//8879 4574//8879 4416//8879
f 4395//8880 4575//8880 4572//8880
f 4730//8881 4575//8881 4569//8881
f 4569//8882 4575//8882 4395//8882
f 4568//8883 4576//8883 4571//8883
f 4575//8884 4577//8884 4572//8884
f 4730//8885 4577//8885 4575//8885
f 4578//8886 4577//8886 4730//8886
f 4420//8887 4579//8887 4421//8887
f 4573//8888 4580//8888 4415//8888
f 4415//8889 4580//8889 4423//8889
f 4439//8890 4580//8890 4573//8890
f 4442//8891 4580//8891 4439//8891
f 4423//8892 4580//8892 4442//8892
f 4581//8893 4582//8893 4576//8893
f 4576//8894 4582//8894 4571//8894
f 4578//8895 4583//8895 4577//8895
f 4577//8896 4583//8896 4572//8896
f 4572//8897 4583//8897 4414//8897
f 4579//8898 4584//8898 4581//8898
f 4414//8899 4585//8899 4422//8899
f 4583//8900 4585//8900 4414//8900
f 4586//8901 4585//8901 4578//8901
f 4578//8902 4585//8902 4583//8902
f 4424//8903 4587//8903 4430//8903
f 4435//8904 4587//8904 4424//8904
f 4456//8905 4587//8905 4435//8905
f 4433//8906 4588//8906 4420//8906
f 4420//8907 4588//8907 4579//8907
f 4438//8908 4589//8908 4439//8908
f 4439//8909 4589//8909 4442//8909
f 4448//8910 4589//8910 4438//8910
f 4442//8911 4589//8911 4448//8911
f 4579//8912 4590//8912 4584//8912
f 4588//8913 4590//8913 4579//8913
f 4584//8914 4591//8914 4581//8914
f 4590//8915 4591//8915 4584//8915
f 4585//8916 4592//8916 4422//8916
f 4593//8917 4592//8917 4586//8917
f 4586//8918 4592//8918 4585//8918
f 4422//8919 4592//8919 4428//8919
f 4587//8920 4594//8920 4430//8920
f 4456//8921 4594//8921 4587//8921
f 4430//8922 4594//8922 4438//8922
f 4438//8923 4594//8923 4451//8923
f 4451//8924 4594//8924 4456//8924
f 4452//8925 4595//8925 4443//8925
f 4440//8926 4595//8926 4452//8926
f 4443//8927 4595//8927 4432//8927
f 4432//8928 4595//8928 4440//8928
f 4588//8929 4596//8929 4590//8929
f 4456//8930 4597//8930 4454//8930
f 4435//8931 4597//8931 4456//8931
f 4454//8932 4597//8932 4445//8932
f 4445//8933 4597//8933 4435//8933
f 4592//8934 4598//8934 4428//8934
f 4428//8935 4598//8935 4436//8935
f 4436//8936 4598//8936 4443//8936
f 4433//8937 4599//8937 4588//8937
f 4444//8938 4599//8938 4433//8938
f 4593//8939 4600//8939 4592//8939
f 4592//8940 4600//8940 4598//8940
f 4588//8941 4601//8941 4596//8941
f 4599//8942 4601//8942 4588//8942
f 4601//8943 4602//8943 4596//8943
f 4447//8944 4603//8944 4441//8944
f 4458//8945 4603//8945 4447//8945
f 4446//8946 4603//8946 4458//8946
f 4441//8947 4603//8947 4446//8947
f 4727//8948 4604//8948 4593//8948
f 4593//8949 4604//8949 4600//8949
f 4600//8950 4604//8950 4598//8950
f 4599//8951 4605//8951 4601//8951
f 4450//8952 4606//8952 4448//8952
f 4448//8953 4606//8953 4447//8953
f 4447//8954 4606//8954 4460//8954
f 4460//8955 4606//8955 4450//8955
f 4454//8956 4607//8956 4462//8956
f 4453//8957 4607//8957 4445//8957
f 4462//8958 4607//8958 4453//8958
f 4445//8959 4607//8959 4454//8959
f 4598//8960 4608//8960 4443//8960
f 4727//8961 4608//8961 4604//8961
f 4604//8962 4608//8962 4598//8962
f 4449//8963 4609//8963 4444//8963
f 4444//8964 4609//8964 4599//8964
f 4443//8965 4610//8965 4452//8965
f 4608//8966 4610//8966 4443//8966
f 4727//8967 4610//8967 4608//8967
f 4609//8968 4611//8968 4599//8968
f 4599//8969 4611//8969 4605//8969
f 4602//8970 4612//8970 4002//8970
f 4611//8971 4612//8971 4605//8971
f 4002//8972 4612//8972 4000//8972
f 4601//8973 4612//8973 4602//8973
f 4605//8974 4612//8974 4601//8974
f 4727//8975 4613//8975 4610//8975
f 4614//8976 4613//8976 4727//8976
f 4610//8977 4613//8977 4452//8977
f 4452//8978 4613//8978 4453//8978
f 4609//8979 4615//8979 4611//8979
f 4614//8980 4616//8980 4613//8980
f 4617//8981 4616//8981 4614//8981
f 4613//8982 4616//8982 4453//8982
f 4457//8983 4618//8983 4449//8983
f 4449//8984 4618//8984 4609//8984
f 4618//8985 4619//8985 4609//8985
f 4609//8986 4619//8986 4615//8986
f 4460//8987 4620//8987 4461//8987
f 4464//8988 4620//8988 4460//8988
f 4461//8989 4620//8989 4467//8989
f 4467//8990 4620//8990 4464//8990
f 4615//8991 4621//8991 4611//8991
f 4619//8992 4621//8992 4615//8992
f 4611//8993 4621//8993 4612//8993
f 4000//8994 4621//8994 4026//8994
f 4612//8995 4621//8995 4000//8995
f 4453//8996 4622//8996 4462//8996
f 4462//8997 4622//8997 4463//8997
f 4616//8998 4622//8998 4453//8998
f 4617//8999 4623//8999 4616//8999
f 4616//9000 4623//9000 4622//9000
f 4466//9001 4624//9001 4459//9001
f 4459//9002 4624//9002 4464//9002
f 4464//9003 4624//9003 4470//9003
f 4470//9004 4624//9004 4466//9004
f 4618//9005 4625//9005 4619//9005
f 4623//9006 4626//9006 4622//9006
f 4457//9007 4627//9007 4618//9007
f 4465//9008 4627//9008 4457//9008
f 4622//9009 4628//9009 4463//9009
f 4463//9010 4628//9010 4466//9010
f 4618//9011 4629//9011 4625//9011
f 4627//9012 4629//9012 4618//9012
f 4626//9013 4630//9013 4622//9013
f 4622//9014 4630//9014 4628//9014
f 4026//9015 4631//9015 4024//9015
f 4621//9016 4631//9016 4026//9016
f 4625//9017 4631//9017 4619//9017
f 4629//9018 4631//9018 4625//9018
f 4619//9019 4631//9019 4621//9019
f 4623//9020 4632//9020 4626//9020
f 4617//9021 4632//9021 4623//9021
f 4633//9022 4632//9022 4617//9022
f 4626//9023 4632//9023 4630//9023
f 4630//9024 4634//9024 4628//9024
f 4633//9025 4634//9025 4632//9025
f 4632//9026 4634//9026 4630//9026
f 4627//9027 4635//9027 4629//9027
f 4629//9028 4635//9028 4631//9028
f 4465//9029 4636//9029 4627//9029
f 4468//9030 4636//9030 4465//9030
f 4627//9031 4636//9031 4635//9031
f 4637//9032 4638//9032 4633//9032
f 4628//9033 4638//9033 4466//9033
f 4466//9034 4638//9034 4470//9034
f 4633//9035 4638//9035 4634//9035
f 4634//9036 4638//9036 4628//9036
f 4636//9037 4639//9037 4635//9037
f 4470//9038 4640//9038 4469//9038
f 4638//9039 4640//9039 4470//9039
f 4631//9040 4641//9040 4024//9040
f 4024//9041 4641//9041 4272//9041
f 4635//9042 4641//9042 4631//9042
f 4639//9043 4641//9043 4635//9043
f 4637//9044 4642//9044 4638//9044
f 4638//9045 4642//9045 4640//9045
f 4642//9046 4643//9046 4640//9046
f 4636//9047 4644//9047 4639//9047
f 4639//9048 4644//9048 4641//9048
f 4469//9049 4645//9049 4471//9049
f 4640//9050 4645//9050 4469//9050
f 4471//9051 4646//9051 4468//9051
f 4468//9052 4646//9052 4636//9052
f 4636//9053 4646//9053 4644//9053
f 4640//9054 4647//9054 4645//9054
f 4643//9055 4647//9055 4640//9055
f 4643//9056 4648//9056 4647//9056
f 4649//9057 4648//9057 4637//9057
f 4637//9058 4648//9058 4642//9058
f 4642//9059 4648//9059 4643//9059
f 4646//9060 4650//9060 4644//9060
f 4650//9061 4651//9061 4644//9061
f 4272//9062 4651//9062 4080//9062
f 4641//9063 4651//9063 4272//9063
f 4644//9064 4651//9064 4641//9064
f 4647//9065 4652//9065 4645//9065
f 4646//9066 4653//9066 4650//9066
f 4650//9067 4653//9067 4651//9067
f 4645//9068 4654//9068 4471//9068
f 4652//9069 4654//9069 4645//9069
f 4647//9070 4655//9070 4652//9070
f 4656//9071 4655//9071 4649//9071
f 4648//9072 4655//9072 4647//9072
f 4652//9073 4655//9073 4654//9073
f 4649//9074 4655//9074 4648//9074
f 4646//9075 4657//9075 4653//9075
f 4657//9076 4658//9076 4653//9076
f 4651//9077 4658//9077 4080//9077
f 4653//9078 4658//9078 4651//9078
f 4080//9079 4658//9079 4078//9079
f 4078//9080 4659//9080 4097//9080
f 4097//9081 4659//9081 4108//9081
f 4726//9082 4660//9082 4661//9082
f 4659//9083 4660//9083 4108//9083
f 4661//9084 4660//9084 4659//9084
f 4724//9085 4660//9085 4726//9085
f 4108//9086 4660//9086 4724//9086
f 4484//9087 4662//9087 4488//9087
f 4312//9088 4662//9088 140//9088
f 140//9089 4662//9089 4484//9089
f 4493//9090 4663//9090 4495//9090
f 4662//9091 4663//9091 4488//9091
f 4494//9092 4663//9092 4312//9092
f 4312//9093 4663//9093 4662//9093
f 4495//9094 4663//9094 4494//9094
f 4488//9095 4663//9095 4493//9095
f 4313//9096 4664//9096 4505//9096
f 4314//9097 4664//9097 4313//9097
f 4505//9098 4664//9098 4509//9098
f 4664//9099 4665//9099 4509//9099
f 4509//9100 4665//9100 4514//9100
f 4314//9101 4665//9101 4664//9101
f 4516//9102 4665//9102 4314//9102
f 4514//9103 4665//9103 4521//9103
f 4521//9104 4665//9104 4516//9104
f 4549//9105 4666//9105 4733//9105
f 4548//9106 4666//9106 4549//9106
f 4539//9107 4666//9107 4544//9107
f 4544//9108 4666//9108 4548//9108
f 4317//9109 4666//9109 4316//9109
f 4733//9110 4666//9110 4317//9110
f 4316//9111 4666//9111 4539//9111
f 4537//9112 4667//9112 4379//9112
f 4533//9113 4667//9113 4537//9113
f 4540//9114 4667//9114 4533//9114
f 4544//9115 4668//9115 4540//9115
f 4548//9116 4668//9116 4544//9116
f 4379//9117 4668//9117 4557//9117
f 4667//9118 4668//9118 4379//9118
f 4540//9119 4668//9119 4667//9119
f 4557//9120 4668//9120 4548//9120
f 4421//9121 4669//9121 4561//9121
f 4561//9122 4669//9122 4562//9122
f 4562//9123 4669//9123 4568//9123
f 4571//9124 4670//9124 4563//9124
f 4318//9125 4670//9125 3968//9125
f 4564//9126 4670//9126 4318//9126
f 4563//9127 4670//9127 4564//9127
f 4669//9128 4671//9128 4568//9128
f 4568//9129 4671//9129 4576//9129
f 4576//9130 4672//9130 4581//9130
f 4579//9131 4672//9131 4421//9131
f 4671//9132 4672//9132 4576//9132
f 4581//9133 4672//9133 4579//9133
f 4669//9134 4672//9134 4671//9134
f 4421//9135 4672//9135 4669//9135
f 4571//9136 4673//9136 4670//9136
f 3968//9137 4673//9137 3976//9137
f 4582//9138 4673//9138 4571//9138
f 3976//9139 4673//9139 4582//9139
f 4670//9140 4673//9140 3968//9140
f 4581//9141 4674//9141 4582//9141
f 3976//9142 4674//9142 3983//9142
f 4582//9143 4674//9143 3976//9143
f 4591//9144 4674//9144 4581//9144
f 3983//9145 4674//9145 4591//9145
f 4002//9146 4675//9146 4602//9146
f 3983//9147 4675//9147 4002//9147
f 4591//9148 4675//9148 3983//9148
f 4590//9149 4675//9149 4591//9149
f 4596//9150 4675//9150 4590//9150
f 4602//9151 4675//9151 4596//9151
f 4646//9152 4676//9152 4657//9152
f 4471//9153 4676//9153 4646//9153
f 4654//9154 4676//9154 4471//9154
f 4657//9155 4676//9155 4677//9155
f 4655//9156 4678//9156 4654//9156
f 4656//9157 4678//9157 4655//9157
f 4676//9158 4678//9158 4677//9158
f 4654//9159 4678//9159 4676//9159
f 4656//9160 4679//9160 4678//9160
f 4677//9161 4679//9161 4661//9161
f 4661//9162 4679//9162 4726//9162
f 4726//9163 4679//9163 4656//9163
f 4678//9164 4679//9164 4677//9164
f 4657//9165 4680//9165 4658//9165
f 4658//9166 4680//9166 4078//9166
f 4661//9167 4680//9167 4677//9167
f 4659//9168 4680//9168 4661//9168
f 4078//9169 4680//9169 4659//9169
f 4677//9170 4680//9170 4657//9170
f 3969//9171 4318//9171 3967//9171
f 4564//9172 4318//9172 3969//9172
f 3975//9173 4564//9173 3969//9173
f 4560//9174 4564//9174 3975//9174
f 3981//9175 4560//9175 3975//9175
f 4552//9176 4560//9176 3981//9176
f 3989//9177 4552//9177 3981//9177
f 4542//9178 4552//9178 3989//9178
f 3995//9179 4542//9179 3989//9179
f 4535//9180 4542//9180 3995//9180
f 4525//9181 3995//9181 4011//9181
f 4525//9182 4535//9182 3995//9182
f 4518//9183 4011//9183 4015//9183
f 4518//9184 4525//9184 4011//9184
f 4512//9185 4015//9185 4028//9185
f 4512//9186 4518//9186 4015//9186
f 4504//9187 4028//9187 4036//9187
f 4504//9188 4512//9188 4028//9188
f 4501//9189 4036//9189 4049//9189
f 4501//9190 4504//9190 4036//9190
f 4498//9191 4049//9191 4068//9191
f 4498//9192 4501//9192 4049//9192
f 4490//9193 4068//9193 4087//9193
f 4490//9194 4498//9194 4068//9194
f 4487//9195 4087//9195 4103//9195
f 4487//9196 4490//9196 4087//9196
f 4482//9197 4103//9197 4127//9197
f 4482//9198 4487//9198 4103//9198
f 4475//9199 4127//9199 4151//9199
f 4475//9200 4482//9200 4127//9200
f 4473//9201 4475//9201 4151//9201
f 4473//9202 4151//9202 149//9202
f 150//9203 4473//9203 149//9203
f 151//9204 4473//9204 150//9204
f 147//9205 4473//9205 151//9205
f 500//9206 487//9206 513//9206
f 474//9207 461//9207 487//9207
f 461//9208 448//9208 487//9208
f 526//9209 565//9209 539//9209
f 539//9210 565//9210 552//9210
f 513//9211 578//9211 526//9211
f 487//9212 578//9212 513//9212
f 526//9213 578//9213 565//9213
f 422//9214 409//9214 435//9214
f 435//9215 409//9215 448//9215
f 448//9216 409//9216 487//9216
f 578//9217 607//9217 590//9217
f 590//9218 607//9218 595//9218
f 595//9219 607//9219 601//9219
f 487//9220 607//9220 578//9220
f 384//9221 371//9221 396//9221
f 345//9222 333//9222 358//9222
f 358//9223 333//9223 371//9223
f 371//9224 333//9224 396//9224
f 607//9225 633//9225 613//9225
f 613//9226 633//9226 619//9226
f 619//9227 633//9227 626//9227
f 607//9228 640//9228 633//9228
f 333//9229 180//9229 396//9229
f 320//9230 180//9230 333//9230
f 396//9231 180//9231 409//9231
f 640//9232 180//9232 182//9232
f 409//9233 180//9233 487//9233
f 487//9234 180//9234 607//9234
f 607//9235 180//9235 640//9235
f 294//9236 281//9236 307//9236
f 307//9237 281//9237 320//9237
f 180//9238 195//9238 183//9238
f 269//9239 262//9239 281//9239
f 281//9240 255//9240 320//9240
f 262//9241 255//9241 281//9241
f 249//9242 242//9242 255//9242
f 255//9243 242//9243 320//9243
f 320//9244 242//9244 180//9244
f 195//9245 215//9245 202//9245
f 202//9246 215//9246 208//9246
f 180//9247 215//9247 195//9247
f 180//9248 222//9248 215//9248
f 235//9249 228//9249 242//9249
f 242//9250 228//9250 180//9250
f 180//9251 228//9251 222//9251
f 961//9252 974//9252 987//9252
f 935//9253 948//9253 961//9253
f 922//9254 935//9254 961//9254
f 1039//9255 1000//9255 1013//9255
f 1039//9256 1013//9256 1026//9256
f 1052//9257 987//9257 1000//9257
f 1052//9258 961//9258 987//9258
f 1052//9259 1000//9259 1039//9259
f 883//9260 896//9260 909//9260
f 883//9261 909//9261 922//9261
f 883//9262 922//9262 961//9262
f 1082//9263 1052//9263 1064//9263
f 1082//9264 1064//9264 1070//9264
f 1082//9265 1070//9265 1076//9265
f 1082//9266 961//9266 1052//9266
f 845//9267 858//9267 870//9267
f 807//9268 819//9268 832//9268
f 807//9269 832//9269 845//9269
f 807//9270 845//9270 870//9270
f 1108//9271 1082//9271 1088//9271
f 1108//9272 1088//9272 1094//9272
f 1108//9273 1094//9273 1101//9273
f 1115//9274 1082//9274 1108//9274
f 655//9275 807//9275 870//9275
f 655//9276 794//9276 807//9276
f 655//9277 870//9277 883//9277
f 655//9278 1115//9278 656//9278
f 655//9279 883//9279 961//9279
f 655//9280 961//9280 1082//9280
f 655//9281 1082//9281 1115//9281
f 755//9282 768//9282 781//9282
f 755//9283 781//9283 794//9283
f 669//9284 655//9284 657//9284
f 736//9285 743//9285 755//9285
f 729//9286 755//9286 794//9286
f 729//9287 736//9287 755//9287
f 716//9288 723//9288 729//9288
f 716//9289 729//9289 794//9289
f 716//9290 794//9290 655//9290
f 689//9291 669//9291 676//9291
f 689//9292 676//9292 682//9292
f 689//9293 655//9293 669//9293
f 696//9294 655//9294 689//9294
f 702//9295 709//9295 716//9295
f 702//9296 716//9296 655//9296
f 702//9297 655//9297 696//9297
f 4681//9298 4682//9298 4683//9298
f 4681//9299 1806//9299 4682//9299
f 1806//9300 1294//9300 4682//9300
f 1806//9301 1802//9301 1294//9301
f 1802//9302 1292//9302 1294//9302
f 1802//9303 4684//9303 1292//9303
f 4684//9304 4685//9304 1292//9304
f 4684//9305 4686//9305 4685//9305
f 4686//9306 4687//9306 4685//9306
f 4686//9307 1779//9307 4687//9307
f 4687//9308 1760//9308 4688//9308
f 1779//9309 1760//9309 4687//9309
f 4688//9310 1757//9310 4689//9310
f 1760//9311 1757//9311 4688//9311
f 4689//9312 1745//9312 1361//9312
f 1757//9313 1745//9313 4689//9313
f 1361//9314 4690//9314 1367//9314
f 1745//9315 4690//9315 1361//9315
f 1367//9316 1729//9316 1374//9316
f 4690//9317 1729//9317 1367//9317
f 1374//9318 4691//9318 1387//9318
f 1729//9319 4691//9319 1374//9319
f 1387//9320 4692//9320 1390//9320
f 4691//9321 4692//9321 1387//9321
f 1390//9322 4693//9322 1398//9322
f 4692//9323 4693//9323 1390//9323
f 1398//9324 1701//9324 1402//9324
f 4693//9325 1701//9325 1398//9325
f 1402//9326 1692//9326 1125//9326
f 1701//9327 1692//9327 1402//9327
f 1692//9328 1694//9328 1125//9328
f 1125//9329 1694//9329 4694//9329
f 1694//9330 1465//9330 4694//9330
f 2528//9331 1971//9331 1969//9331
f 2528//9332 2525//9332 1971//9332
f 2525//9333 2004//9333 1971//9333
f 2525//9334 2521//9334 2004//9334
f 2521//9335 2002//9335 2004//9335
f 2521//9336 2513//9336 2002//9336
f 2513//9337 2028//9337 2002//9337
f 2513//9338 2503//9338 2028//9338
f 2503//9339 2041//9339 2028//9339
f 2503//9340 2496//9340 2041//9340
f 2041//9341 2481//9341 2058//9341
f 2496//9342 2481//9342 2041//9342
f 2058//9343 2477//9343 2068//9343
f 2481//9344 2477//9344 2058//9344
f 2068//9345 2468//9345 2085//9345
f 2477//9346 2468//9346 2068//9346
f 2085//9347 2459//9347 2089//9347
f 2468//9348 2459//9348 2085//9348
f 2089//9349 2453//9349 2100//9349
f 2459//9350 2453//9350 2089//9350
f 2100//9351 2445//9351 2108//9351
f 2453//9352 2445//9352 2100//9352
f 2108//9353 2439//9353 2112//9353
f 2445//9354 2439//9354 2108//9354
f 2112//9355 2435//9355 2119//9355
f 2439//9356 2435//9356 2112//9356
f 2119//9357 2428//9357 2124//9357
f 2435//9358 2428//9358 2119//9358
f 2124//9359 2419//9359 1831//9359
f 2428//9360 2419//9360 2124//9360
f 2419//9361 2421//9361 1831//9361
f 1831//9362 2421//9362 1832//9362
f 2421//9363 2202//9363 1832//9363
f 4695//9364 4696//9364 2688//9364
f 4695//9365 3241//9365 4696//9365
f 3241//9366 2722//9366 4696//9366
f 3241//9367 3237//9367 2722//9367
f 3237//9368 2720//9368 2722//9368
f 3237//9369 4697//9369 2720//9369
f 4697//9370 2746//9370 2720//9370
f 4697//9371 3220//9371 2746//9371
f 3220//9372 2759//9372 2746//9372
f 3220//9373 3215//9373 2759//9373
f 2759//9374 4698//9374 2776//9374
f 3215//9375 4698//9375 2759//9375
f 2776//9376 3195//9376 4699//9376
f 4698//9377 3195//9377 2776//9377
f 4699//9378 3184//9378 2802//9378
f 3195//9379 3184//9379 4699//9379
f 2802//9380 4700//9380 4701//9380
f 3184//9381 4700//9381 2802//9381
f 4701//9382 3166//9382 2816//9382
f 4700//9383 3166//9383 4701//9383
f 2816//9384 3157//9384 2824//9384
f 3166//9385 3157//9385 2816//9385
f 2824//9386 4702//9386 2828//9386
f 3157//9387 4702//9387 2824//9387
f 2828//9388 3147//9388 4703//9388
f 4702//9389 3147//9389 2828//9389
f 4703//9390 3136//9390 2839//9390
f 3147//9391 3136//9391 4703//9391
f 2839//9392 4704//9392 4705//9392
f 3136//9393 4704//9393 2839//9393
f 4704//9394 4706//9394 4705//9394
f 4705//9395 4706//9395 2551//9395
f 4706//9396 4707//9396 2551//9396
f 3947//9397 4708//9397 3405//9397
f 3947//9398 4709//9398 4708//9398
f 4709//9399 3440//9399 4708//9399
f 4709//9400 4710//9400 3440//9400
f 4710//9401 3438//9401 3440//9401
f 4710//9402 4711//9402 3438//9402
f 4711//9403 3459//9403 3438//9403
f 4711//9404 3925//9404 3459//9404
f 3925//9405 3471//9405 3459//9405
f 3925//9406 3920//9406 3471//9406
f 3471//9407 3903//9407 4712//9407
f 3920//9408 3903//9408 3471//9408
f 4712//9409 3900//9409 4713//9409
f 3903//9410 3900//9410 4712//9410
f 4713//9411 3891//9411 4714//9411
f 3900//9412 3891//9412 4713//9412
f 4714//9413 4715//9413 3519//9413
f 3891//9414 4715//9414 4714//9414
f 3519//9415 3878//9415 4716//9415
f 4715//9416 3878//9416 3519//9416
f 4716//9417 3870//9417 3537//9417
f 3878//9418 3870//9418 4716//9418
f 3537//9419 4717//9419 4718//9419
f 3870//9420 4717//9420 3537//9420
f 4718//9421 4719//9421 4720//9421
f 4717//9422 4719//9422 4718//9422
f 4720//9423 4721//9423 3551//9423
f 4719//9424 4721//9424 4720//9424
f 3551//9425 4722//9425 4723//9425
f 4721//9426 4722//9426 3551//9426
f 4722//9427 3844//9427 4723//9427
f 4723//9428 3844//9428 3266//9428
f 3844//9429 3610//9429 3266//9429
f 4724//9430 4725//9430 4108//9430
f 4724//9431 4726//9431 4725//9431
f 4726//9432 4142//9432 4725//9432
f 4726//9433 4656//9433 4142//9433
f 4656//9434 4140//9434 4142//9434
f 4656//9435 4649//9435 4140//9435
f 4649//9436 4157//9436 4140//9436
f 4649//9437 4637//9437 4157//9437
f 4637//9438 4172//9438 4157//9438
f 4637//9439 4633//9439 4172//9439
f 4172//9440 4617//9440 4187//9440
f 4633//9441 4617//9441 4172//9441
f 4187//9442 4614//9442 4200//9442
f 4617//9443 4614//9443 4187//9443
f 4200//9444 4727//9444 4217//9444
f 4614//9445 4727//9445 4200//9445
f 4217//9446 4593//9446 4728//9446
f 4727//9447 4593//9447 4217//9447
f 4728//9448 4586//9448 4231//9448
f 4593//9449 4586//9449 4728//9449
f 4231//9450 4578//9450 4729//9450
f 4586//9451 4578//9451 4231//9451
f 4729//9452 4730//9452 4245//9452
f 4578//9453 4730//9453 4729//9453
f 4245//9454 4566//9454 4731//9454
f 4730//9455 4566//9455 4245//9455
f 4731//9456 4556//9456 4732//9456
f 4566//9457 4556//9457 4731//9457
f 4732//9458 4547//9458 3970//9458
f 4556//9459 4547//9459 4732//9459
f 4547//9460 4549//9460 3970//9460
f 3970//9461 4549//9461 3971//9461
f 4549//9462 4733//9462 3971//9462
